UNESCO ID,Site Name,Country,Stone Mentioned,Category,Mention Context
252,Taj Mahal,India,Coal,General Rock,"Taj Mahal  An immense mausoleum of white marble, built in Agra between 1631 and 1648 by order of the Mughal emperor Shah Jahan in memory of his favourite wife, the Taj Mahal is the jewel of Muslim art in India and one of the universally admired masterpieces of the world's heritage. The relief work in marble and inlay with precious and semi precious stones make it a monument apart. The exquisite octagonal marble lattice screen encircling both cenotaphs is a piece of superb workmanship. The building material used is brick-in-lime mortar veneered with red sandstone and marble and inlay work of precious/semi precious stones. The mosque and the guest house in the Taj Mahal complex are built of red sandstone in contrast to the marble tomb in the centre. The frame of the portal arches and the spandrels are veneered in white marble. The Supreme Court of India in December, 1996, delivered a ruling banning use of coal/coke in industries located in the Taj Trapezium Zone (TTZ) and switching over to natural gas or relocating them outside the TTZ."
252,Taj Mahal,India,Marble,General Rock,"Taj Mahal  An immense mausoleum of white marble, built in Agra between 1631 and 1648 by order of the Mughal emperor Shah Jahan in memory of his favourite wife, the Taj Mahal is the jewel of Muslim art in India and one of the universally admired masterpieces of the world's heritage. The relief work in marble and inlay with precious and semi precious stones make it a monument apart. The exquisite octagonal marble lattice screen encircling both cenotaphs is a piece of superb workmanship. The building material used is brick-in-lime mortar veneered with red sandstone and marble and inlay work of precious/semi precious stones. The mosque and the guest house in the Taj Mahal complex are built of red sandstone in contrast to the marble tomb in the centre. The frame of the portal arches and the spandrels are veneered in white marble. The Supreme Court of India in December, 1996, delivered a ruling banning use of coal/coke in industries located in the Taj Trapezium Zone (TTZ) and switching over to natural gas or relocating them outside the TTZ."
252,Taj Mahal,India,Red Sandstone,General Rock,"Taj Mahal  An immense mausoleum of white marble, built in Agra between 1631 and 1648 by order of the Mughal emperor Shah Jahan in memory of his favourite wife, the Taj Mahal is the jewel of Muslim art in India and one of the universally admired masterpieces of the world's heritage. The relief work in marble and inlay with precious and semi precious stones make it a monument apart. The exquisite octagonal marble lattice screen encircling both cenotaphs is a piece of superb workmanship. The building material used is brick-in-lime mortar veneered with red sandstone and marble and inlay work of precious/semi precious stones. The mosque and the guest house in the Taj Mahal complex are built of red sandstone in contrast to the marble tomb in the centre. The frame of the portal arches and the spandrels are veneered in white marble. The Supreme Court of India in December, 1996, delivered a ruling banning use of coal/coke in industries located in the Taj Trapezium Zone (TTZ) and switching over to natural gas or relocating them outside the TTZ."
252,Taj Mahal,India,Sandstone,General Rock,"Taj Mahal  An immense mausoleum of white marble, built in Agra between 1631 and 1648 by order of the Mughal emperor Shah Jahan in memory of his favourite wife, the Taj Mahal is the jewel of Muslim art in India and one of the universally admired masterpieces of the world's heritage. The relief work in marble and inlay with precious and semi precious stones make it a monument apart. The exquisite octagonal marble lattice screen encircling both cenotaphs is a piece of superb workmanship. The building material used is brick-in-lime mortar veneered with red sandstone and marble and inlay work of precious/semi precious stones. The mosque and the guest house in the Taj Mahal complex are built of red sandstone in contrast to the marble tomb in the centre. The frame of the portal arches and the spandrels are veneered in white marble. The Supreme Court of India in December, 1996, delivered a ruling banning use of coal/coke in industries located in the Taj Trapezium Zone (TTZ) and switching over to natural gas or relocating them outside the TTZ."
252,Taj Mahal,India,White Marble,General Rock,"Taj Mahal  An immense mausoleum of white marble, built in Agra between 1631 and 1648 by order of the Mughal emperor Shah Jahan in memory of his favourite wife, the Taj Mahal is the jewel of Muslim art in India and one of the universally admired masterpieces of the world's heritage. The relief work in marble and inlay with precious and semi precious stones make it a monument apart. The exquisite octagonal marble lattice screen encircling both cenotaphs is a piece of superb workmanship. The building material used is brick-in-lime mortar veneered with red sandstone and marble and inlay work of precious/semi precious stones. The mosque and the guest house in the Taj Mahal complex are built of red sandstone in contrast to the marble tomb in the centre. The frame of the portal arches and the spandrels are veneered in white marble. The Supreme Court of India in December, 1996, delivered a ruling banning use of coal/coke in industries located in the Taj Trapezium Zone (TTZ) and switching over to natural gas or relocating them outside the TTZ."
945,Chhatrapati Shivaji Terminus (formerly Victoria Terminus),India,Granite,General Rock,It has carvings made in local yellow malad stones blended with Italian marble and polished granite in a few places. The architectural detailing is achieved through white limestone.
945,Chhatrapati Shivaji Terminus (formerly Victoria Terminus),India,Limestone,General Rock,It has carvings made in local yellow malad stones blended with Italian marble and polished granite in a few places. The architectural detailing is achieved through white limestone.
945,Chhatrapati Shivaji Terminus (formerly Victoria Terminus),India,Marble,General Rock,It has carvings made in local yellow malad stones blended with Italian marble and polished granite in a few places. The architectural detailing is achieved through white limestone.
344,Pont du Gard (Roman Aqueduct),France,Flagstone,General Rock,
907,Villa Adriana (Tivoli),Italy,Cipollino,General Rock,"The ‘Golden Square’ is one of the most impressive buildings in the complex, comprising a vast peristyle surrounded by a two-aisled  portico  with alternate columns of cipollino marble and Egyptian granite. The circular structure of the ‘Maritime Theatre’ comprises an ionic marble peristyle that surrounds an artificial circular island with a miniature villa."
907,Villa Adriana (Tivoli),Italy,Cipollino Marble,General Rock,"The ‘Golden Square’ is one of the most impressive buildings in the complex, comprising a vast peristyle surrounded by a two-aisled  portico  with alternate columns of cipollino marble and Egyptian granite. The circular structure of the ‘Maritime Theatre’ comprises an ionic marble peristyle that surrounds an artificial circular island with a miniature villa."
907,Villa Adriana (Tivoli),Italy,Granite,General Rock,"The ‘Golden Square’ is one of the most impressive buildings in the complex, comprising a vast peristyle surrounded by a two-aisled  portico  with alternate columns of cipollino marble and Egyptian granite. The circular structure of the ‘Maritime Theatre’ comprises an ionic marble peristyle that surrounds an artificial circular island with a miniature villa."
907,Villa Adriana (Tivoli),Italy,Marble,General Rock,"The ‘Golden Square’ is one of the most impressive buildings in the complex, comprising a vast peristyle surrounded by a two-aisled  portico  with alternate columns of cipollino marble and Egyptian granite. The circular structure of the ‘Maritime Theatre’ comprises an ionic marble peristyle that surrounds an artificial circular island with a miniature villa."
907,Villa Adriana (Tivoli),Italy,Cipollino Marble,Named Trade Stone,"The ‘Golden Square’ is one of the most impressive buildings in the complex, comprising a vast peristyle surrounded by a two-aisled  portico  with alternate columns of cipollino marble and Egyptian granite. The circular structure of the ‘Maritime Theatre’ comprises an ionic marble peristyle that surrounds an artificial circular island with a miniature villa."
788,Early Christian Monuments of Ravenna,Italy,Istrian Stone,General Rock,"These religious monuments, decorated with precious marble, stuccos and mosaics, reflect the major historical, political and religious events that took place in Ravenna, which became the capital of the Western Roman Empire in 402 AD, and remained prominent first Ostrogothic and then Byzantine capital in Italy through the fifth and sixth centuries. The Neonian Baptistery, ornate with its inlaid marble, stuccos and multi-coloured mosaics in the cupola, is the finest and most complete surviving example of an Early Christian baptistery. The Mausoleum of Theodoric is a unique and singular architectural work, constructed out of large blocks of Istrian stone around a central space, and is the only surviving example of a tomb of a barbarian king of this period."
788,Early Christian Monuments of Ravenna,Italy,Marble,General Rock,"These religious monuments, decorated with precious marble, stuccos and mosaics, reflect the major historical, political and religious events that took place in Ravenna, which became the capital of the Western Roman Empire in 402 AD, and remained prominent first Ostrogothic and then Byzantine capital in Italy through the fifth and sixth centuries. The Neonian Baptistery, ornate with its inlaid marble, stuccos and multi-coloured mosaics in the cupola, is the finest and most complete surviving example of an Early Christian baptistery. The Mausoleum of Theodoric is a unique and singular architectural work, constructed out of large blocks of Istrian stone around a central space, and is the only surviving example of a tomb of a barbarian king of this period."
788,Early Christian Monuments of Ravenna,Italy,Istrian Stone,Named Trade Stone,"These religious monuments, decorated with precious marble, stuccos and mosaics, reflect the major historical, political and religious events that took place in Ravenna, which became the capital of the Western Roman Empire in 402 AD, and remained prominent first Ostrogothic and then Byzantine capital in Italy through the fifth and sixth centuries. The Neonian Baptistery, ornate with its inlaid marble, stuccos and multi-coloured mosaics in the cupola, is the finest and most complete surviving example of an Early Christian baptistery. The Mausoleum of Theodoric is a unique and singular architectural work, constructed out of large blocks of Istrian stone around a central space, and is the only surviving example of a tomb of a barbarian king of this period."
1056,Mahabodhi Temple Complex at Bodh Gaya,India,Sandstone,General Rock,"Next to the Bodhi Tree there is a platform attached to the main temple made of polished sandstone known as Vajrasana (the Diamond Throne), originally installed by Emperor Asoka to mark the spot where Buddha sat and meditated. A sandstone balustrade once encircled this site under the Bodhi Tree, but only a few of the original pillars of the balustrade are still in situ; they contain carvings of sculpted human faces, animals, and decorative details."
3,Aachen Cathedral,Germany,Marble,General Rock,"The Cathedral Treasury in Aachen is regarded as one of the most important ecclesiastical treasuries in northern Europe; the most prominent inventory items are the cross of Lothar (about 1000 AD), made from gold and inlaid with precious stones, the dark-blue velvet chasuble with embroidered pearls, a reliquary-bust of Charlemagne made from silver and gold, and a marble sarcophagus decorated with a relief of the Abduction of Proserpine, which once contained the body of Charlemagne. Criterion (i):  With its columns of Greek and Italian marble, its bronze doors, the largest mosaic of its dome (now destroyed), the Palatine Chapel of Aachen, from its inception, has been perceived as an exceptional artistic creation."
288,Castles of Augustusburg and Falkenlust at Brühl,Germany,Jasper,General Rock,"At Augustusburg, the staircase of Balthasar Neumann – considered a work of creative genius – is a rapturous structure which unites a lively movement of marble and stucco, jasper columns and caryatids, and culminates in the astonishing frescoed ceiling of Carlo Carlone."
288,Castles of Augustusburg and Falkenlust at Brühl,Germany,Marble,General Rock,"At Augustusburg, the staircase of Balthasar Neumann – considered a work of creative genius – is a rapturous structure which unites a lively movement of marble and stucco, jasper columns and caryatids, and culminates in the astonishing frescoed ceiling of Carlo Carlone."
292,Cologne Cathedral,Germany,Limestone,General Rock,"These include the high altar with an enormous monolithic slab of black limestone, believed to be the largest in any Christian church, the carved oak choir stalls (1308-11), the painted choir screens (1332-40), the fourteen statues on the pillars in the choir (c."
241,Group of Monuments at Hampi,India,Granite,General Rock,"In addition to the typical spaces present in contemporary temples, it boasts of a Garuda shrine fashioned as a granite  ratha  and a grand bazaar street. Most of the structures at Hampi are constructed from local granite, burnt bricks and lime mortar. The roofs have been laid with the heavy thick granite slabs covered with a water proof course of brick jelly and lime mortar."
173,Stone Town of Zanzibar,United Republic of Tanzania,Coral Stone,General Rock,"The buildings of the Stone Town, executed principally in coralline ragstone and mangrove timber, set in a thick lime mortar and then plastered and lime-washed, reflect a complex fusion of Swahili, Indian, Arab and European influences in building traditions and town planning. The local artisans are competent in both the traditional building techniques and the skills needed to produce quality construction materials, namely laterite-sand, lime and coral stone."
173,Stone Town of Zanzibar,United Republic of Tanzania,Coralline,General Rock,"The buildings of the Stone Town, executed principally in coralline ragstone and mangrove timber, set in a thick lime mortar and then plastered and lime-washed, reflect a complex fusion of Swahili, Indian, Arab and European influences in building traditions and town planning. The local artisans are competent in both the traditional building techniques and the skills needed to produce quality construction materials, namely laterite-sand, lime and coral stone."
173,Stone Town of Zanzibar,United Republic of Tanzania,Laterite,General Rock,"The buildings of the Stone Town, executed principally in coralline ragstone and mangrove timber, set in a thick lime mortar and then plastered and lime-washed, reflect a complex fusion of Swahili, Indian, Arab and European influences in building traditions and town planning. The local artisans are competent in both the traditional building techniques and the skills needed to produce quality construction materials, namely laterite-sand, lime and coral stone."
173,Stone Town of Zanzibar,United Republic of Tanzania,Ragstone,General Rock,"The buildings of the Stone Town, executed principally in coralline ragstone and mangrove timber, set in a thick lime mortar and then plastered and lime-washed, reflect a complex fusion of Swahili, Indian, Arab and European influences in building traditions and town planning. The local artisans are competent in both the traditional building techniques and the skills needed to produce quality construction materials, namely laterite-sand, lime and coral stone."
174,Historic Centre of Florence,Italy,Pietra Forte,General Rock,"Florentines, aware of their own architectural past, have been able to preserve original building techniques with traditional building materials such as “pietra forte”, “pietra serena”, plasterwork, and frescoes."
174,Historic Centre of Florence,Italy,Pietra Serena,General Rock,"Florentines, aware of their own architectural past, have been able to preserve original building techniques with traditional building materials such as “pietra forte”, “pietra serena”, plasterwork, and frescoes."
174,Historic Centre of Florence,Italy,Pietra Forte,Named Trade Stone,"Florentines, aware of their own architectural past, have been able to preserve original building techniques with traditional building materials such as “pietra forte”, “pietra serena”, plasterwork, and frescoes."
174,Historic Centre of Florence,Italy,Pietra Serena,Named Trade Stone,"Florentines, aware of their own architectural past, have been able to preserve original building techniques with traditional building materials such as “pietra forte”, “pietra serena”, plasterwork, and frescoes."
987,Roman Walls of Lugo,Spain,Conglomerate,General Rock,"The Walls are built of internal and external stone facings of slate with some granite, with a core filling of a conglomerate of slate slabs and worked stone pieces from Roman buildings, interlocked with lime mortar. The use of local materials such as slate, granite and other stones that were re-used in the construction process gives the late imperial walls an original appearance, further enhanced by the fact that their perimeter and upper walkway are completely intact."
987,Roman Walls of Lugo,Spain,Granite,General Rock,"The Walls are built of internal and external stone facings of slate with some granite, with a core filling of a conglomerate of slate slabs and worked stone pieces from Roman buildings, interlocked with lime mortar. The use of local materials such as slate, granite and other stones that were re-used in the construction process gives the late imperial walls an original appearance, further enhanced by the fact that their perimeter and upper walkway are completely intact."
987,Roman Walls of Lugo,Spain,Slate,General Rock,"The Walls are built of internal and external stone facings of slate with some granite, with a core filling of a conglomerate of slate slabs and worked stone pieces from Roman buildings, interlocked with lime mortar. The use of local materials such as slate, granite and other stones that were re-used in the construction process gives the late imperial walls an original appearance, further enhanced by the fact that their perimeter and upper walkway are completely intact."
1645,Dholavira: a Harappan City,India,Agate,General Rock,"Unlike other Harappan antecedent towns normally located near to rivers and perennial sources of water, the location of Dholavira in the island of Khadir was strategic to harness different mineral and raw material sources (copper, shell, agate-carnelian, steatite, lead, banded limestone, among others) and to facilitate internal as well as external trade to the Magan (modern Oman peninsula) and Mesopotamian regions."
1645,Dholavira: a Harappan City,India,Carnelian,General Rock,"Unlike other Harappan antecedent towns normally located near to rivers and perennial sources of water, the location of Dholavira in the island of Khadir was strategic to harness different mineral and raw material sources (copper, shell, agate-carnelian, steatite, lead, banded limestone, among others) and to facilitate internal as well as external trade to the Magan (modern Oman peninsula) and Mesopotamian regions."
1645,Dholavira: a Harappan City,India,Limestone,General Rock,"Unlike other Harappan antecedent towns normally located near to rivers and perennial sources of water, the location of Dholavira in the island of Khadir was strategic to harness different mineral and raw material sources (copper, shell, agate-carnelian, steatite, lead, banded limestone, among others) and to facilitate internal as well as external trade to the Magan (modern Oman peninsula) and Mesopotamian regions."
1645,Dholavira: a Harappan City,India,Steatite,General Rock,"Unlike other Harappan antecedent towns normally located near to rivers and perennial sources of water, the location of Dholavira in the island of Khadir was strategic to harness different mineral and raw material sources (copper, shell, agate-carnelian, steatite, lead, banded limestone, among others) and to facilitate internal as well as external trade to the Magan (modern Oman peninsula) and Mesopotamian regions."
758,Millenary Benedictine Abbey of Pannonhalma and its Natural Environment,Hungary,Limestone,General Rock,"The main south door, known as the Porta Speciosa, is faced with red marble and flanked by five pairs of columns. Sculptured stones from the Romanesque cloister were found during studies carried out in the 1960s, when the door leading into the medieval refectory, with small red marble columns, also came to light. It consists of a single block, constructed in brick and limestone."
758,Millenary Benedictine Abbey of Pannonhalma and its Natural Environment,Hungary,Marble,General Rock,"The main south door, known as the Porta Speciosa, is faced with red marble and flanked by five pairs of columns. Sculptured stones from the Romanesque cloister were found during studies carried out in the 1960s, when the door leading into the medieval refectory, with small red marble columns, also came to light. It consists of a single block, constructed in brick and limestone."
758,Millenary Benedictine Abbey of Pannonhalma and its Natural Environment,Hungary,Red Marble,General Rock,"The main south door, known as the Porta Speciosa, is faced with red marble and flanked by five pairs of columns. Sculptured stones from the Romanesque cloister were found during studies carried out in the 1960s, when the door leading into the medieval refectory, with small red marble columns, also came to light. It consists of a single block, constructed in brick and limestone."
567,Tiwanaku: Spiritual and Political Centre of the Tiwanaku Culture,Bolivia (Plurinational State of),Adobe,General Rock,"Most of the ancient city, which was largely built from adobe, has been overlaid by the modern town. Investigations have shown that it was originally clad in sandstone and andisite and surmounted by a temple. The walls of the small semi-subterranean temple (Templete) are made up of 48 pillars in red sandstone. It was made from a single slab of andesite cut to form a large doorway with niches (Hornacinas) on either side."
567,Tiwanaku: Spiritual and Political Centre of the Tiwanaku Culture,Bolivia (Plurinational State of),Andesite,General Rock,"Most of the ancient city, which was largely built from adobe, has been overlaid by the modern town. Investigations have shown that it was originally clad in sandstone and andisite and surmounted by a temple. The walls of the small semi-subterranean temple (Templete) are made up of 48 pillars in red sandstone. It was made from a single slab of andesite cut to form a large doorway with niches (Hornacinas) on either side."
567,Tiwanaku: Spiritual and Political Centre of the Tiwanaku Culture,Bolivia (Plurinational State of),Red Sandstone,General Rock,"Most of the ancient city, which was largely built from adobe, has been overlaid by the modern town. Investigations have shown that it was originally clad in sandstone and andisite and surmounted by a temple. The walls of the small semi-subterranean temple (Templete) are made up of 48 pillars in red sandstone. It was made from a single slab of andesite cut to form a large doorway with niches (Hornacinas) on either side."
567,Tiwanaku: Spiritual and Political Centre of the Tiwanaku Culture,Bolivia (Plurinational State of),Sandstone,General Rock,"Most of the ancient city, which was largely built from adobe, has been overlaid by the modern town. Investigations have shown that it was originally clad in sandstone and andisite and surmounted by a temple. The walls of the small semi-subterranean temple (Templete) are made up of 48 pillars in red sandstone. It was made from a single slab of andesite cut to form a large doorway with niches (Hornacinas) on either side."
389,Studenica Monastery,Serbia,Marble,General Rock,"Its two principal monuments, the Church of the Virgin and the Church of the King, both built of white marble, enshrine priceless collections of 13th- and 14th-century Byzantine painting. Churches and hermitages are located in the area surrounding the monastery, as well as the quarries and vestiges of a settlement for the workers who mined and shaped the marble used to build the Church of the Virgin. In the protected zone there is a host of churches and hermitages, the marble quarries from which the blocks for the Church of the Virgin Mary were drawn and the remains of a medieval settlement for the quarry workers and stonecutters."
389,Studenica Monastery,Serbia,White Marble,General Rock,"Its two principal monuments, the Church of the Virgin and the Church of the King, both built of white marble, enshrine priceless collections of 13th- and 14th-century Byzantine painting. Churches and hermitages are located in the area surrounding the monastery, as well as the quarries and vestiges of a settlement for the workers who mined and shaped the marble used to build the Church of the Virgin. In the protected zone there is a host of churches and hermitages, the marble quarries from which the blocks for the Church of the Virgin Mary were drawn and the remains of a medieval settlement for the quarry workers and stonecutters."
149,Archaeological Park and Ruins of Quirigua,Guatemala,Sandstone,General Rock,"The artful production of monolithic stone monuments, carved in sandstone without the use of metal tools, is outstanding. Authenticity  The monuments that make up Quirigua include stelae, altars and zoomorphic sculptures (animal-shaped sculpture), carved in sandstone and used to honour the Mayan rulers of Quirigua.   Each monument captures the rulers’ image and is accompanied by hieroglyphic text with dates as well as mythical, historical and political events."
130,Ħal Saflieni Hypogeum,Malta,Chert,General Rock,"2500 B.C., using cyclopean rigging to lift huge blocks of coralline limestone. The plan of the Hypogeum itself is a series of three superimposed levels of chambers cut into soft globigerina limestone, using only chert, flint and obsidian tools and antlers."
130,Ħal Saflieni Hypogeum,Malta,Coralline,General Rock,"2500 B.C., using cyclopean rigging to lift huge blocks of coralline limestone. The plan of the Hypogeum itself is a series of three superimposed levels of chambers cut into soft globigerina limestone, using only chert, flint and obsidian tools and antlers."
130,Ħal Saflieni Hypogeum,Malta,Coralline Limestone,General Rock,"2500 B.C., using cyclopean rigging to lift huge blocks of coralline limestone. The plan of the Hypogeum itself is a series of three superimposed levels of chambers cut into soft globigerina limestone, using only chert, flint and obsidian tools and antlers."
130,Ħal Saflieni Hypogeum,Malta,Flint,General Rock,"2500 B.C., using cyclopean rigging to lift huge blocks of coralline limestone. The plan of the Hypogeum itself is a series of three superimposed levels of chambers cut into soft globigerina limestone, using only chert, flint and obsidian tools and antlers."
130,Ħal Saflieni Hypogeum,Malta,Limestone,General Rock,"2500 B.C., using cyclopean rigging to lift huge blocks of coralline limestone. The plan of the Hypogeum itself is a series of three superimposed levels of chambers cut into soft globigerina limestone, using only chert, flint and obsidian tools and antlers."
130,Ħal Saflieni Hypogeum,Malta,Obsidian,General Rock,"2500 B.C., using cyclopean rigging to lift huge blocks of coralline limestone. The plan of the Hypogeum itself is a series of three superimposed levels of chambers cut into soft globigerina limestone, using only chert, flint and obsidian tools and antlers."
1361,"Historic Jeddah, the Gate to Makkah",Saudi Arabia,Coral Stone,General Rock,"The style is characterized by the imposing tower houses decorated by large wooden Roshan built in the late 19th century by the city`s mercantile elites, and also by lower coral stone houses, mosques, ribat-s, suqs and small public squares that together compose a vibrant space."
736,Seokguram Grotto and Bulguksa Temple,Republic of Korea,Granite,General Rock,"Seokguram is an artificial grotto constructed of granite that comprises an antechamber, a corridor and a main rotunda. Criterion (i):  The Seokguram Grotto, with its statue of Buddha surrounded by Bodhisattvas, the Ten Disciples, Eight Divine Guardians, two Devas, and two Vajrapanis all carved from white granite, is a masterpiece of East Asian Buddhist Art."
736,Seokguram Grotto and Bulguksa Temple,Republic of Korea,White Granite,General Rock,"Seokguram is an artificial grotto constructed of granite that comprises an antechamber, a corridor and a main rotunda. Criterion (i):  The Seokguram Grotto, with its statue of Buddha surrounded by Bodhisattvas, the Ten Disciples, Eight Divine Guardians, two Devas, and two Vajrapanis all carved from white granite, is a masterpiece of East Asian Buddhist Art."
442,Monticello and the University of Virginia in Charlottesville,United States of America,Coal,General Rock,"The Thomas Jefferson Foundation is addressing development issues, and the University is addressing continuing humidity issues, has installed scrubbers on its coal power plant to reduce emissions, and is inoculating trees against the Emerald Ash Borer."
726,Historic Centre of Naples,Italy,Marble,General Rock,"There is remarkable continuity in the use of materials, all derived locally, and distinctive visual and material features, such as the basic yellow tufa, white marble, and the grey  piperno  ."
726,Historic Centre of Naples,Italy,Piperno,General Rock,"There is remarkable continuity in the use of materials, all derived locally, and distinctive visual and material features, such as the basic yellow tufa, white marble, and the grey  piperno  ."
726,Historic Centre of Naples,Italy,Tufa,General Rock,"There is remarkable continuity in the use of materials, all derived locally, and distinctive visual and material features, such as the basic yellow tufa, white marble, and the grey  piperno  ."
726,Historic Centre of Naples,Italy,White Marble,General Rock,"There is remarkable continuity in the use of materials, all derived locally, and distinctive visual and material features, such as the basic yellow tufa, white marble, and the grey  piperno  ."
1463,Aqueduct of Padre Tembleque Hydraulic System,Mexico,Adobe,General Rock,"Initiated by the Franciscan friar, Padre Tembleque, and built with support from the local indigenous communities, this hydraulic system is an example of the exchange of influences between the European tradition of Roman hydraulics and traditional Mesoamerican construction techniques, including the use of adobe. Criterion (i):  The aqueduct bridge of Tepeyahualco is an architectural masterpiece integrating the highest single-level arcade ever built in aqueducts from Roman times until the middle of the 16th century, achieved as a result of the ingenious use of an adobe formwork as an alternative to scaffolding. Although the use of adobe brick instead of wood was applied elsewhere in Mexico, it was not often and certainly not with the same dramatic effect as in the aqueduct, which bridges the Tepeyahualco Ravine and the Papalote River. Criterion (ii):  The hydraulic system of Padre Tembleque exhibits an important interchange of European tradition in terms of the conjunction of the Roman heritage of masonry aqueducts, hydraulic management techniques inspired by Arab-Andalusian know-how, and pre-Hispanic indigenous tradition as well as Mesoamerican culture, represented by the use of the traditional social organization of collective working, the utilization and adaptation of local methods of adobe construction as well as the presence of glyphs illustrating symbols and cosmology in several arcade structures."
434,"Archaeological Sites of Bat, Al-Khutm and Al-Ayn",Oman,Flint,General Rock,"2200-2000).  All of the stone-built towers show dressed blocks of local limestone laid carefully with simple mud mortar.  While conclusive evidence of their function is still missing, they seem to be platforms on which superstructures (now missing) were built – either houses, or temples, or something else entirely. The continuous and systematic survey activities constantly increase the types and number of monuments and sites to be documented and protected, which include villages and multiple towers, quarries associated with the Bronze Age stone-masonry workshops, Bronze Age necropolises, an Iron Age fort, Iron Age tombs, and two Neolithic flint mines connected with workshop areas for stone tool-making."
434,"Archaeological Sites of Bat, Al-Khutm and Al-Ayn",Oman,Limestone,General Rock,"2200-2000).  All of the stone-built towers show dressed blocks of local limestone laid carefully with simple mud mortar.  While conclusive evidence of their function is still missing, they seem to be platforms on which superstructures (now missing) were built – either houses, or temples, or something else entirely. The continuous and systematic survey activities constantly increase the types and number of monuments and sites to be documented and protected, which include villages and multiple towers, quarries associated with the Bronze Age stone-masonry workshops, Bronze Age necropolises, an Iron Age fort, Iron Age tombs, and two Neolithic flint mines connected with workshop areas for stone tool-making."
910,Brimstone Hill Fortress National Park,Saint Kitts and Nevis,Basalt,General Rock,The principal structures of the fortress are situated on different levels of the upper third of the hill and were constructed in dressed stone (basalt) blocks with a rubble core. Local limestone was used as a decorative element for quoins and for facing round doorways and embrasures.
910,Brimstone Hill Fortress National Park,Saint Kitts and Nevis,Limestone,General Rock,The principal structures of the fortress are situated on different levels of the upper third of the hill and were constructed in dressed stone (basalt) blocks with a rubble core. Local limestone was used as a decorative element for quoins and for facing round doorways and embrasures.
537,"Monasteries of Daphni, Hosios Loukas and Nea Moni of Chios",Greece,Marble,General Rock,"In the 11th and 12th centuries they were decorated with superb marble works as well as mosaics on a gold background, all characteristic of the 'second golden age of Byzantine art'. In the 11th and 12th centuries they were decorated with superb marble works as well as mosaics on a gold background, all characteristic of the second golden age of Byzantine art. This  includes architectural and decorative elements  , namely the mosaics, frescoes, architectural  sculptures  ,  marble revetment  and pavements. These are expressed in the construction of the Katholikon (main church), with courses of stone enclosed by bricks, the wealth of decorative brickwork surrounding the windows and the interior decoration consisting of wall mosaics and decorative marble, which have been enhanced after the restoration and conservation work. The Katholikon (main church) of Nea Moni has preserved its authentic mosaic decoration and the marble revetment of the lower parts, even its initial pavement."
364,Great Zimbabwe National Monument,Zimbabwe,Granite,General Rock,"The Hill Ruins, forming a huge granite mass atop a spur facing north-east/south-west, were continuously inhabited from the 11th to 15th centuries, and there are numerous layers of traces of human settlements. Rough granite rubble-stone blocks form distinct enclosures, accessed by narrow, partly covered, passageways. This acropolis is generally considered a 'royal city'; the west enclosure is thought to have been the residence of successive chiefs and the east enclosure, where six steatite upright posts topped with birds were found, considered to serve a ritual purpose. It was built of cut granite blocks, laid in regular courses, and contains a series of daga-hut living quarters, a community area, and a narrow passage leading to a high conical tower. The bricks (daga) were made from a mixture of granitic sand and clay. A monumental granite cross, located at a traditionally revered and sacred spiritual site, also illustrates community contact with missionaries. Criterion (vi):  The entire Zimbabwe nation has identified with this historically symbolic ensemble and has adopted as its emblem the steatite bird, which may have been a royal totem. The divine soapstone figurines, the Zimbabwe Birds, found within the ruins are testimony to the use of the site as place of worship spanning from the ancient past to the present day."
364,Great Zimbabwe National Monument,Zimbabwe,Granitic,General Rock,"The Hill Ruins, forming a huge granite mass atop a spur facing north-east/south-west, were continuously inhabited from the 11th to 15th centuries, and there are numerous layers of traces of human settlements. Rough granite rubble-stone blocks form distinct enclosures, accessed by narrow, partly covered, passageways. This acropolis is generally considered a 'royal city'; the west enclosure is thought to have been the residence of successive chiefs and the east enclosure, where six steatite upright posts topped with birds were found, considered to serve a ritual purpose. It was built of cut granite blocks, laid in regular courses, and contains a series of daga-hut living quarters, a community area, and a narrow passage leading to a high conical tower. The bricks (daga) were made from a mixture of granitic sand and clay. A monumental granite cross, located at a traditionally revered and sacred spiritual site, also illustrates community contact with missionaries. Criterion (vi):  The entire Zimbabwe nation has identified with this historically symbolic ensemble and has adopted as its emblem the steatite bird, which may have been a royal totem. The divine soapstone figurines, the Zimbabwe Birds, found within the ruins are testimony to the use of the site as place of worship spanning from the ancient past to the present day."
364,Great Zimbabwe National Monument,Zimbabwe,Soapstone,General Rock,"The Hill Ruins, forming a huge granite mass atop a spur facing north-east/south-west, were continuously inhabited from the 11th to 15th centuries, and there are numerous layers of traces of human settlements. Rough granite rubble-stone blocks form distinct enclosures, accessed by narrow, partly covered, passageways. This acropolis is generally considered a 'royal city'; the west enclosure is thought to have been the residence of successive chiefs and the east enclosure, where six steatite upright posts topped with birds were found, considered to serve a ritual purpose. It was built of cut granite blocks, laid in regular courses, and contains a series of daga-hut living quarters, a community area, and a narrow passage leading to a high conical tower. The bricks (daga) were made from a mixture of granitic sand and clay. A monumental granite cross, located at a traditionally revered and sacred spiritual site, also illustrates community contact with missionaries. Criterion (vi):  The entire Zimbabwe nation has identified with this historically symbolic ensemble and has adopted as its emblem the steatite bird, which may have been a royal totem. The divine soapstone figurines, the Zimbabwe Birds, found within the ruins are testimony to the use of the site as place of worship spanning from the ancient past to the present day."
364,Great Zimbabwe National Monument,Zimbabwe,Steatite,General Rock,"The Hill Ruins, forming a huge granite mass atop a spur facing north-east/south-west, were continuously inhabited from the 11th to 15th centuries, and there are numerous layers of traces of human settlements. Rough granite rubble-stone blocks form distinct enclosures, accessed by narrow, partly covered, passageways. This acropolis is generally considered a 'royal city'; the west enclosure is thought to have been the residence of successive chiefs and the east enclosure, where six steatite upright posts topped with birds were found, considered to serve a ritual purpose. It was built of cut granite blocks, laid in regular courses, and contains a series of daga-hut living quarters, a community area, and a narrow passage leading to a high conical tower. The bricks (daga) were made from a mixture of granitic sand and clay. A monumental granite cross, located at a traditionally revered and sacred spiritual site, also illustrates community contact with missionaries. Criterion (vi):  The entire Zimbabwe nation has identified with this historically symbolic ensemble and has adopted as its emblem the steatite bird, which may have been a royal totem. The divine soapstone figurines, the Zimbabwe Birds, found within the ruins are testimony to the use of the site as place of worship spanning from the ancient past to the present day."
677,Baroque Churches of the Philippines,Philippines,Coralline,General Rock,"The churches are made either of stone (tuff or coralline limestone), or brick, and consolidated with lime.  They display specific features such as retablos (altars) of high Baroque style – (particularly seen in San Agustin Church, Intramuros), in the volutes of contrafuertes (buttresses) and in the pyramidal finials of wall facades – (particularly seen in Paoay Church), in wall buttresses separating criptocollateral chapels –(particularly seen in San Agustin Church, Intramuros) and in the iconography of the ornately decorated naïf/folk pediment expressing the local understanding of the life of Christ and demonstrated by the use of local elements (papaya, coconut and palm tree reliefs), and the depiction of  Catholic Patron Saints (St."
677,Baroque Churches of the Philippines,Philippines,Coralline Limestone,General Rock,"The churches are made either of stone (tuff or coralline limestone), or brick, and consolidated with lime.  They display specific features such as retablos (altars) of high Baroque style – (particularly seen in San Agustin Church, Intramuros), in the volutes of contrafuertes (buttresses) and in the pyramidal finials of wall facades – (particularly seen in Paoay Church), in wall buttresses separating criptocollateral chapels –(particularly seen in San Agustin Church, Intramuros) and in the iconography of the ornately decorated naïf/folk pediment expressing the local understanding of the life of Christ and demonstrated by the use of local elements (papaya, coconut and palm tree reliefs), and the depiction of  Catholic Patron Saints (St."
677,Baroque Churches of the Philippines,Philippines,Limestone,General Rock,"The churches are made either of stone (tuff or coralline limestone), or brick, and consolidated with lime.  They display specific features such as retablos (altars) of high Baroque style – (particularly seen in San Agustin Church, Intramuros), in the volutes of contrafuertes (buttresses) and in the pyramidal finials of wall facades – (particularly seen in Paoay Church), in wall buttresses separating criptocollateral chapels –(particularly seen in San Agustin Church, Intramuros) and in the iconography of the ornately decorated naïf/folk pediment expressing the local understanding of the life of Christ and demonstrated by the use of local elements (papaya, coconut and palm tree reliefs), and the depiction of  Catholic Patron Saints (St."
677,Baroque Churches of the Philippines,Philippines,Tuff,General Rock,"The churches are made either of stone (tuff or coralline limestone), or brick, and consolidated with lime.  They display specific features such as retablos (altars) of high Baroque style – (particularly seen in San Agustin Church, Intramuros), in the volutes of contrafuertes (buttresses) and in the pyramidal finials of wall facades – (particularly seen in Paoay Church), in wall buttresses separating criptocollateral chapels –(particularly seen in San Agustin Church, Intramuros) and in the iconography of the ornately decorated naïf/folk pediment expressing the local understanding of the life of Christ and demonstrated by the use of local elements (papaya, coconut and palm tree reliefs), and the depiction of  Catholic Patron Saints (St."
326,Petra,Jordan,Red Sandstone,General Rock,It is one of the world's richest and largest archaeological sites set in a dominating red sandstone landscape. Integrity  All the main freestanding and rock-cut monuments and extensive archaeological remains within the arid landscape of red sandstone cliffs and gorges lie within the boundaries of the property that coincide with the boundaries of the Petra National Park. The natural decay of the sandstone architecture threatens the authenticity of the property in the long-term.
326,Petra,Jordan,Sandstone,General Rock,It is one of the world's richest and largest archaeological sites set in a dominating red sandstone landscape. Integrity  All the main freestanding and rock-cut monuments and extensive archaeological remains within the arid landscape of red sandstone cliffs and gorges lie within the boundaries of the property that coincide with the boundaries of the Petra National Park. The natural decay of the sandstone architecture threatens the authenticity of the property in the long-term.
86,Memphis and its Necropolis – the Pyramid Fields from Giza to Dahshur,Egypt,Limestone,General Rock,"Criterion (iii):  The ensemble of structures and associated archaeological remains at Memphis, including the archaic necropolis at Saqqara, dating back to formation of Pharaonic civilization, the limestone step pyramid of Djoser, the oldest pyramid to be constructed, the tombs and pyramids that reflect the development of funerary monuments, and the remains of the city, together form an exceptional testimony to the power and organization of the ancient capital of Egypt."
428,City of Bath,United Kingdom of Great Britain and Northern Ireland,Limestone,General Rock,"Bath’s quality of architecture and urban design, its visual homogeneity and its beauty is largely testament to the skill and creativity of the architects and visionaries of the 18th and 19th centuries who applied and developed Palladianism in response to the specific opportunities offered by the spa town and its physical environment and natural resources (in particular the hot springs and the local Bath Oolitic limestone)."
428,City of Bath,United Kingdom of Great Britain and Northern Ireland,Oolitic,General Rock,"Bath’s quality of architecture and urban design, its visual homogeneity and its beauty is largely testament to the skill and creativity of the architects and visionaries of the 18th and 19th centuries who applied and developed Palladianism in response to the specific opportunities offered by the spa town and its physical environment and natural resources (in particular the hot springs and the local Bath Oolitic limestone)."
428,City of Bath,United Kingdom of Great Britain and Northern Ireland,Oolitic Limestone,General Rock,"Bath’s quality of architecture and urban design, its visual homogeneity and its beauty is largely testament to the skill and creativity of the architects and visionaries of the 18th and 19th centuries who applied and developed Palladianism in response to the specific opportunities offered by the spa town and its physical environment and natural resources (in particular the hot springs and the local Bath Oolitic limestone)."
232,"Humayun's Tomb, Delhi",India,Marble,General Rock,It is surmounted by a 42.5 m high double dome clad with marble flanked by pillared kiosks (chhatris) and the domes of the central chhatris are adorned with glazed ceramic tiles. The structure is of dressed stone clad in red sandstone with white and black inlaid marble borders.
232,"Humayun's Tomb, Delhi",India,Red Sandstone,General Rock,It is surmounted by a 42.5 m high double dome clad with marble flanked by pillared kiosks (chhatris) and the domes of the central chhatris are adorned with glazed ceramic tiles. The structure is of dressed stone clad in red sandstone with white and black inlaid marble borders.
232,"Humayun's Tomb, Delhi",India,Sandstone,General Rock,It is surmounted by a 42.5 m high double dome clad with marble flanked by pillared kiosks (chhatris) and the domes of the central chhatris are adorned with glazed ceramic tiles. The structure is of dressed stone clad in red sandstone with white and black inlaid marble borders.
233,"Qutb Minar and its Monuments, Delhi",India,Buff Sandstone,General Rock,"Qutb Minar and its Monuments, Delhi  Built in the early 13th century a few kilometres south of Delhi, the red sandstone tower of Qutb Minar is 72.5 m high, tapering from 2.75 m in diameter at its peak to 14.32 m at its base, and alternating angular and rounded flutings. Built of red and buff sandstone and eloquently carved with inscriptional bands, the Qutb Minar is the tallest masonry tower in India, measuring 72.5 metres high, with projecting balconies for calling all Muadhdhin to prayer."
233,"Qutb Minar and its Monuments, Delhi",India,Red Sandstone,General Rock,"Qutb Minar and its Monuments, Delhi  Built in the early 13th century a few kilometres south of Delhi, the red sandstone tower of Qutb Minar is 72.5 m high, tapering from 2.75 m in diameter at its peak to 14.32 m at its base, and alternating angular and rounded flutings. Built of red and buff sandstone and eloquently carved with inscriptional bands, the Qutb Minar is the tallest masonry tower in India, measuring 72.5 metres high, with projecting balconies for calling all Muadhdhin to prayer."
233,"Qutb Minar and its Monuments, Delhi",India,Sandstone,General Rock,"Qutb Minar and its Monuments, Delhi  Built in the early 13th century a few kilometres south of Delhi, the red sandstone tower of Qutb Minar is 72.5 m high, tapering from 2.75 m in diameter at its peak to 14.32 m at its base, and alternating angular and rounded flutings. Built of red and buff sandstone and eloquently carved with inscriptional bands, the Qutb Minar is the tallest masonry tower in India, measuring 72.5 metres high, with projecting balconies for calling all Muadhdhin to prayer."
277,Hatra,Iraq,Gypsum,General Rock,"Hatra has a distinctive architecture reflecting different styles and influences and different building techniques - mudbrick, brick, bitumen and gypsum, stone and gypsum, as the city relied for its building materials on the stone quarries near the site. The design and the built fabric of its Iwans and of its architecture reflect the Assyrian and Babylonian construction culture and the contribution of Hellenistic and Roman influences which have resulted in a distinctive architecture and construction know-how, through building methods, materials, design and decoration, particularly the use of carved stone and gypsum."
1370,Caves of Maresha and Bet-Guvrin in the Judean Lowlands as a Microcosm of the Land of the Caves,Israel,Chalk,General Rock,"Caves of Maresha and Bet-Guvrin in the Judean Lowlands as a Microcosm of the Land of the Caves  The archaeological site contains some 3,500 underground chambers distributed among distinct complexes carved in the thick and homogenous soft chalk of Lower Judea under the former towns of Maresha and Bet Guvrin. Description is available under license CC-BY-SA IGO 3.0 Brief synthesis  The presence in the Judean Lowlands of thick and homogeneous chalk sub-strata enabled numerous caves to be excavated and managed by Man. Criterion (v):  The underground archaeological site of Maresha–Bet Guvrin is an eminent example of traditional use of chalk subsurface strata, with the development of man-made caves and networks conducive to multiple economic, social and symbolic purposes, from the Iron Age to the Crusades."
1648,Sudanese style mosques in northern Côte d’Ivoire,Côte d'Ivoire,Adobe,General Rock,The building techniques which are the cob and the adobe are perpetuated by the training of traditional masons.
132,Megalithic Temples of Malta,Malta,Coralline,General Rock,They used hard coralline limestone for external walls and the softer globigerina limestone for the more sheltered interiors and decorated elements.
132,Megalithic Temples of Malta,Malta,Coralline Limestone,General Rock,They used hard coralline limestone for external walls and the softer globigerina limestone for the more sheltered interiors and decorated elements.
132,Megalithic Temples of Malta,Malta,Limestone,General Rock,They used hard coralline limestone for external walls and the softer globigerina limestone for the more sheltered interiors and decorated elements.
1720,The Historic Town and Archaeological Site of Gedi,Kenya,Coral Rag,General Rock,"It strongly represents the characteristics of Swahili architecture and town planning, utilising materials such as coral rag, coral and earth mortar and wood. Within the inner walls, the remains of domestic, civic and religious architecture, all constructed from local coral stone and lime mortar, are laid out around a grid street pattern, with the mosques and tombs embellished by carvings and inset with Chinese porcelain. The fusion of African and Islamic beliefs can be seen in the layout of the city, in the distinctive architectural forms of its coral stone buildings, in the decorative details of its mosques and tombs, and in the technical know-how of the wells and hydraulic systems that sustained a large urban settlement over centuries of occupation."
1720,The Historic Town and Archaeological Site of Gedi,Kenya,Coral Stone,General Rock,"It strongly represents the characteristics of Swahili architecture and town planning, utilising materials such as coral rag, coral and earth mortar and wood. Within the inner walls, the remains of domestic, civic and religious architecture, all constructed from local coral stone and lime mortar, are laid out around a grid street pattern, with the mosques and tombs embellished by carvings and inset with Chinese porcelain. The fusion of African and Islamic beliefs can be seen in the layout of the city, in the distinctive architectural forms of its coral stone buildings, in the decorative details of its mosques and tombs, and in the technical know-how of the wells and hydraulic systems that sustained a large urban settlement over centuries of occupation."
1720,The Historic Town and Archaeological Site of Gedi,Kenya,Rag,General Rock,"It strongly represents the characteristics of Swahili architecture and town planning, utilising materials such as coral rag, coral and earth mortar and wood. Within the inner walls, the remains of domestic, civic and religious architecture, all constructed from local coral stone and lime mortar, are laid out around a grid street pattern, with the mosques and tombs embellished by carvings and inset with Chinese porcelain. The fusion of African and Islamic beliefs can be seen in the layout of the city, in the distinctive architectural forms of its coral stone buildings, in the decorative details of its mosques and tombs, and in the technical know-how of the wells and hydraulic systems that sustained a large urban settlement over centuries of occupation."
1633,The Slate Landscape of Northwest Wales,United Kingdom of Great Britain and Northern Ireland,Roofing Slate,General Rock,"The Slate Landscape of Northwest Wales. The Slate Landscape of Northwest Wales  The Slate Landscape of Northwest Wales illustrates the transformation that industrial slate quarrying and mining brought about in the traditional rural environment of the mountains and valleys of the Snowdon massif. The territory, extending from mountain-top to sea-coast, presented opportunities and constraints that were used and challenged by the large-scale industrial processes undertaken by landowners and capital investors, which reshaped the agricultural landscape into an industrial centre for slate production during the Industrial Revolution (1780-1914). The serial property comprises six components each encompassing relict quarries and mines, archaeological sites related to slate industrial processing, historical settlements, both living and relict, historic gardens and grand country houses, ports, harbours and quays, and railway and road systems illustrating the functional and social linkages of the relict slate industrial landscape. It played a leading role in the field and constituted a model for other slate quarries in different parts of the world. It offers an important and remarkable example of interchange of materials, technology and human values.   Description is available under license CC-BY-SA IGO 3.0 Brief synthesis  The Slate Landscape of Northwest Wales is located in the United Kingdom, in the mountains of Snowdon massif. Six areas together represent an exceptional example of an industrial landscape which was profoundly shaped by quarrying and mining slate, and transporting it for national and international markets. These were diffused by specialists and by emigration of skilled Welsh quarrymen to the developing slate industries of the United States, continental Europe and Ireland. Criterion (ii)  : The Slate Landscape of Northwest Wales exhibits an important interchange, particularly in the period from 1780 to 1940, on developments in architecture and technology. Slate has been quarried in the mountains of Northwest Wales since Roman times, but sustained large-scale production from the late 18th to the early 20th centuries dominated the global market as a roofing element. Technology, skilled workers and knowledge transfer from this cultural landscape was fundamental to the development of the slate industry of continental Europe and the United States. Criterion (iv)  : The Slate Landscape of Northwest Wales is an outstanding example of a stone quarrying and mining landscape which illustrates the extent of transformation of an agricultural environment during the Industrial Revolution. Massive deposits of high-quality slate defined the principal geological resource of the challenging mountainous terrain of the Snowdon massif. Its boundaries capture the principal non-active slate-producing areas in Northwest Wales, together with their associated industrial heritage that includes the most significant processing facilities, settlements and transport routes. The serial property further embodies a vibrant cultural tradition, including slate-working skills and the continued widespread use of the Welsh language. Attributes of Outstanding Universal Value have been defined and articulated in The Slate Landscape of Northwest Wales Property Management Plan which establishes the over-arching strategies and mechanisms by which the serial property will be managed."
1633,The Slate Landscape of Northwest Wales,United Kingdom of Great Britain and Northern Ireland,Slate,General Rock,"The Slate Landscape of Northwest Wales. The Slate Landscape of Northwest Wales  The Slate Landscape of Northwest Wales illustrates the transformation that industrial slate quarrying and mining brought about in the traditional rural environment of the mountains and valleys of the Snowdon massif. The territory, extending from mountain-top to sea-coast, presented opportunities and constraints that were used and challenged by the large-scale industrial processes undertaken by landowners and capital investors, which reshaped the agricultural landscape into an industrial centre for slate production during the Industrial Revolution (1780-1914). The serial property comprises six components each encompassing relict quarries and mines, archaeological sites related to slate industrial processing, historical settlements, both living and relict, historic gardens and grand country houses, ports, harbours and quays, and railway and road systems illustrating the functional and social linkages of the relict slate industrial landscape. It played a leading role in the field and constituted a model for other slate quarries in different parts of the world. It offers an important and remarkable example of interchange of materials, technology and human values.   Description is available under license CC-BY-SA IGO 3.0 Brief synthesis  The Slate Landscape of Northwest Wales is located in the United Kingdom, in the mountains of Snowdon massif. Six areas together represent an exceptional example of an industrial landscape which was profoundly shaped by quarrying and mining slate, and transporting it for national and international markets. These were diffused by specialists and by emigration of skilled Welsh quarrymen to the developing slate industries of the United States, continental Europe and Ireland. Criterion (ii)  : The Slate Landscape of Northwest Wales exhibits an important interchange, particularly in the period from 1780 to 1940, on developments in architecture and technology. Slate has been quarried in the mountains of Northwest Wales since Roman times, but sustained large-scale production from the late 18th to the early 20th centuries dominated the global market as a roofing element. Technology, skilled workers and knowledge transfer from this cultural landscape was fundamental to the development of the slate industry of continental Europe and the United States. Criterion (iv)  : The Slate Landscape of Northwest Wales is an outstanding example of a stone quarrying and mining landscape which illustrates the extent of transformation of an agricultural environment during the Industrial Revolution. Massive deposits of high-quality slate defined the principal geological resource of the challenging mountainous terrain of the Snowdon massif. Its boundaries capture the principal non-active slate-producing areas in Northwest Wales, together with their associated industrial heritage that includes the most significant processing facilities, settlements and transport routes. The serial property further embodies a vibrant cultural tradition, including slate-working skills and the continued widespread use of the Welsh language. Attributes of Outstanding Universal Value have been defined and articulated in The Slate Landscape of Northwest Wales Property Management Plan which establishes the over-arching strategies and mechanisms by which the serial property will be managed."
857,"La Grand-Place, Brussels",Belgium,Calcareous Sandstone,General Rock,"Stone façades of Gobertange calcareous sandstone (or Bruxellian) or Euville stone, sculpted ornaments, and woodwork, were generally reproduced in this context, taking into account the original materials and shapes."
857,"La Grand-Place, Brussels",Belgium,Sandstone,General Rock,"Stone façades of Gobertange calcareous sandstone (or Bruxellian) or Euville stone, sculpted ornaments, and woodwork, were generally reproduced in this context, taking into account the original materials and shapes."
367,"Roman Monuments, Cathedral of St Peter and Church of Our Lady in Trier",Germany,Marble,General Rock,"The Romanesque parclose, the renaissance pulpit and some of the Baroque marble altars belong to the major works of sculpture of their respective periods."
1503,Nan Madol: Ceremonial Centre of Eastern Micronesia,Micronesia (Federated States of),Basalt,General Rock,"Nan Madol: Ceremonial Centre of Eastern Micronesia  Nan Madol is a series of more than 100 islets off the south-east coast of Pohnpei that were constructed with walls of basalt and coral boulders. Description is available under license CC-BY-SA IGO 3.0 Brief synthesis  The megalithic basalt stone structures of the more than 100 islets that form Nan Madol off the shore of Pohnpei Island comprise the remains of stone palaces, temples, mortuaries and residential domains. Criterion (i)  : The outstanding monumental megalithic architecture of Nan Madol is demonstrated by the wall construction using massive columnar basalt stones, transported from quarries elsewhere on the island, and laid using a distinctive ‘header-stretcher technique’."
1503,Nan Madol: Ceremonial Centre of Eastern Micronesia,Micronesia (Federated States of),Columnar Basalt,General Rock,"Nan Madol: Ceremonial Centre of Eastern Micronesia  Nan Madol is a series of more than 100 islets off the south-east coast of Pohnpei that were constructed with walls of basalt and coral boulders. Description is available under license CC-BY-SA IGO 3.0 Brief synthesis  The megalithic basalt stone structures of the more than 100 islets that form Nan Madol off the shore of Pohnpei Island comprise the remains of stone palaces, temples, mortuaries and residential domains. Criterion (i)  : The outstanding monumental megalithic architecture of Nan Madol is demonstrated by the wall construction using massive columnar basalt stones, transported from quarries elsewhere on the island, and laid using a distinctive ‘header-stretcher technique’."
392,Temple of Apollo Epicurius at Bassae,Greece,Limestone,General Rock,"The temple’s restoration and conservation works have been conducted according to the international restoration principles, and where necessary, additions to the site are made using the local limestone (a material similar to that used in the monument)."
1106,Pasargadae,Iran (Islamic Republic of),Limestone,General Rock,"It includes, among other monuments, the compact limestone tomb on the Morgab plain that once held Cyrus the Great’s gilded sarcophagus; Tall-e Takht (“Solomon’s Throne”), a great fortified platform built on a hill and later incorporated into a sprawling citadel with substantial mud-brick defences; and the royal ensemble, which consists of several palaces originally located within a garden layout (the so-called “Four Gardens”)."
1605,"Jaipur City, Rajasthan",India,Amber,General Rock,The site selected within the valley that lay to the south of the Amber hills was comparatively flat and undeveloped.
400,"Budapest, including the Banks of the Danube, the Buda Castle Quarter and Andrássy Avenue",Hungary,Limestone,General Rock,"Other challenges are the insurance of heritage-friendly traffic management and the mitigation of climate change impact on the natural and built environment (for example extreme water-levels of the Danube, air-pollution and deterioration of limestone structures)."
373,"Stonehenge, Avebury and Associated Sites",United Kingdom of Great Britain and Northern Ireland,Chalk,General Rock,"Stonehenge is one of the most impressive prehistoric megalithic monuments in the world on account of the sheer size of its megaliths, the sophistication of its concentric plan and architectural design, the shaping of the stones - uniquely using both Wiltshire Sarsen sandstone and Pembroke Bluestone - and the precision with which it was built. Built around 2400 BC, it stands 39.5 m high and comprises half a million tonnes of chalk."
373,"Stonehenge, Avebury and Associated Sites",United Kingdom of Great Britain and Northern Ireland,Sandstone,General Rock,"Stonehenge is one of the most impressive prehistoric megalithic monuments in the world on account of the sheer size of its megaliths, the sophistication of its concentric plan and architectural design, the shaping of the stones - uniquely using both Wiltshire Sarsen sandstone and Pembroke Bluestone - and the precision with which it was built. Built around 2400 BC, it stands 39.5 m high and comprises half a million tonnes of chalk."
787,The <I>Trulli</I> of Alberobello,Italy,Limestone,General Rock,"The Trulli of Alberobello  The trulli , limestone dwellings found in the southern region of Puglia, are remarkable examples of drywall (mortarless) construction, a prehistoric building technique still in use in this region. The trulli are made of roughly worked limestone boulders collected from neighbouring fields. Characteristically, they feature pyramidal, domed or conical roofs built up of corbelled limestone slabs. Description is available under license CC-BY-SA IGO 3.0 Brief synthesis  The  trulli  , typical limestone dwellings of Alberobello in the southern Italian region of Puglia, are remarkable examples of corbelled dry-stone construction, a prehistoric building technique still in use in this region. These structures, dating from as early as the mid-14th century, characteristically feature pyramidal, domed, or conical roofs built up of corbelled limestone slabs. Trulli  were constructed from roughly worked limestone excavated on-site in the process of creating sub-floor cisterns and from boulders collected from nearby fields and rock outcrops. The whitewashed walls of the  trulli  are built directly onto limestone bedrock and constructed using a dry-stone wall technique (that is, without use of mortar or cement). The roofs are also double-skinned, comprising a domed inner skin of wedge-shaped stone (used in building an arch or vault) capped by a closing stone; and a watertight outer cone built up of corbelled limestone slabs, known as  chianche  or  chiancarelle  . The limestone from which the  trulli  are constructed, and the lime whitewash used to paint the walls, reflect the local geology and landscape setting."
395,"Piazza del Duomo, Pisa",Italy,Marble,General Rock,"A striking quality pervades the site, emanating from the interplay of marble and mosaics, the usual alliance of bare walls and arched galleries, triangular frontons and heavy cupolas with the whole effect heightened by the breath-taking slant of the bell tower."
1016,Historical Centre of the City of Arequipa,Peru,Volcanic Rock,General Rock,"With its buildings built mostly in white or pink volcanic rock (  sillar),  the historical centre of Arequipa has a distinct character resulting from natural causes and historical context. Likewise, the construction techniques -using volcanic stone and the facade engraving works and others- help preserve original and untouched examples that have survived since the 17th century. The construction techniques using volcanic stone and the fine sculptural work of porticos and other structures engraved in  sillar  also witness of the technological development and local mixed Baroque art preserving authentic and unaltered examples that have survived since the 17th century."
1016,Historical Centre of the City of Arequipa,Peru,Volcanic Stone,General Rock,"With its buildings built mostly in white or pink volcanic rock (  sillar),  the historical centre of Arequipa has a distinct character resulting from natural causes and historical context. Likewise, the construction techniques -using volcanic stone and the facade engraving works and others- help preserve original and untouched examples that have survived since the 17th century. The construction techniques using volcanic stone and the fine sculptural work of porticos and other structures engraved in  sillar  also witness of the technological development and local mixed Baroque art preserving authentic and unaltered examples that have survived since the 17th century."
116,Old Towns of Djenné,Mali,Millstone,General Rock,"They have brought to light an archaeological ensemble which bears witness to a pre-Islamic urban structure with a wealth of circular or rectangular constructions in djenné ferey and numerous archaeological remains(funerary jars, pottery, millstones, grinders, metal scoria etc.). Integrity  The vestiges of the four inscribed archaeological sites remain intact (pottery shards, funerary jars, remains of walls and circular or rectangular dwellings of traditional round mud bricks (djénné ferey), statuettes and mud bricks, metal scoria, millstones, grinders and Islamic burial grounds).  The marshes where the small islands are located ensure a relative physical integrity."
116,Old Towns of Djenné,Mali,Scoria,General Rock,"They have brought to light an archaeological ensemble which bears witness to a pre-Islamic urban structure with a wealth of circular or rectangular constructions in djenné ferey and numerous archaeological remains(funerary jars, pottery, millstones, grinders, metal scoria etc.). Integrity  The vestiges of the four inscribed archaeological sites remain intact (pottery shards, funerary jars, remains of walls and circular or rectangular dwellings of traditional round mud bricks (djénné ferey), statuettes and mud bricks, metal scoria, millstones, grinders and Islamic burial grounds).  The marshes where the small islands are located ensure a relative physical integrity."
171,Fort and Shalamar Gardens in Lahore,Pakistan,Marble,General Rock,"The fort contains marble palaces and mosques decorated with mosaics and gilt. The 21 monuments which survive within its boundaries comprise an outstanding repertory of the forms of Mughal architecture from the reign of Akbar (1542-1605), characterized by standardized masonry of baked brick and red sandstone courses relieved by Hindu motifs including zooomorphic corbels, through that of Shah Jahan (1627-58), characterized by the use of luxurious marbles, inlays of precious materials and mosaics, set within exuberant decorative motifs of Persian origins. Shah Jahan added a fairy tale-like complex of buildings surrounding the Court of Shah Jahan (Diwan-e-Kas, Lal Burj, Khwabgah-e-Jahangiri, and the Shish Mahal, 1631-32, one of the most beautiful palaces in the world, sparkling with mosaics of glass, gilt, semi-precious stones and marble screening). The regular plan, enclosed by a crenellated wall of red sandstone, disposes square beds on the upper and lower terraces and elongated blocks on the narrower, intermediate terrace; within, elegant pavilions balance harmoniously arranged poplar and cypress trees, reflected in the vast basins of water."
171,Fort and Shalamar Gardens in Lahore,Pakistan,Red Sandstone,General Rock,"The fort contains marble palaces and mosques decorated with mosaics and gilt. The 21 monuments which survive within its boundaries comprise an outstanding repertory of the forms of Mughal architecture from the reign of Akbar (1542-1605), characterized by standardized masonry of baked brick and red sandstone courses relieved by Hindu motifs including zooomorphic corbels, through that of Shah Jahan (1627-58), characterized by the use of luxurious marbles, inlays of precious materials and mosaics, set within exuberant decorative motifs of Persian origins. Shah Jahan added a fairy tale-like complex of buildings surrounding the Court of Shah Jahan (Diwan-e-Kas, Lal Burj, Khwabgah-e-Jahangiri, and the Shish Mahal, 1631-32, one of the most beautiful palaces in the world, sparkling with mosaics of glass, gilt, semi-precious stones and marble screening). The regular plan, enclosed by a crenellated wall of red sandstone, disposes square beds on the upper and lower terraces and elongated blocks on the narrower, intermediate terrace; within, elegant pavilions balance harmoniously arranged poplar and cypress trees, reflected in the vast basins of water."
171,Fort and Shalamar Gardens in Lahore,Pakistan,Sandstone,General Rock,"The fort contains marble palaces and mosques decorated with mosaics and gilt. The 21 monuments which survive within its boundaries comprise an outstanding repertory of the forms of Mughal architecture from the reign of Akbar (1542-1605), characterized by standardized masonry of baked brick and red sandstone courses relieved by Hindu motifs including zooomorphic corbels, through that of Shah Jahan (1627-58), characterized by the use of luxurious marbles, inlays of precious materials and mosaics, set within exuberant decorative motifs of Persian origins. Shah Jahan added a fairy tale-like complex of buildings surrounding the Court of Shah Jahan (Diwan-e-Kas, Lal Burj, Khwabgah-e-Jahangiri, and the Shish Mahal, 1631-32, one of the most beautiful palaces in the world, sparkling with mosaics of glass, gilt, semi-precious stones and marble screening). The regular plan, enclosed by a crenellated wall of red sandstone, disposes square beds on the upper and lower terraces and elongated blocks on the narrower, intermediate terrace; within, elegant pavilions balance harmoniously arranged poplar and cypress trees, reflected in the vast basins of water."
1025,"Villa d'Este, Tivoli",Italy,Jet,General Rock,"This fountain is in the shape of a serrated chalice, from which a high jet of water falls into a conch shell."
1625,Cordouan Lighthouse,France,Limestone,General Rock,"Built in white limestone dressed blocks at the turn of the 16th and 17th centuries, it was designed by engineer Louis de Foix and remodelled by engineer Joseph Teulère in the late 18th century. Its monumental tower in limestone dressed blocks, decorated with pilasters, columns and sculptures, has 8 levels that rise to a height of 67 metres above sea level."
633,White Monuments of Vladimir and Suzdal,Russian Federation,Limestone,General Rock,"It is of great architectural importance, since it was the first church in Russia to be built in white limestone, the style that came to characterize above all else the 12th-century architecture of Vladimir. The architecture of Vladimir-Suzdal is characterized by stonework faced in regular blocks of white limestone, refined proportions, fine stone carving, apparent lightness of buildings, and the skill of the ancient church architects in harmonizing their buildings with the surrounding natural landscape."
90,Abu Mena,Egypt,Limestone,General Rock,"The main buildings were constructed with ashlar masonry of limestone set in lime mortar, the columns were usually made of marble and evidence exists of mosaic decoration. These include limestone, bricks, mortars, marble, the unique overall design, the planning of the Christian Centre, and its completely preserved holy marble settlement."
90,Abu Mena,Egypt,Marble,General Rock,"The main buildings were constructed with ashlar masonry of limestone set in lime mortar, the columns were usually made of marble and evidence exists of mosaic decoration. These include limestone, bricks, mortars, marble, the unique overall design, the planning of the Christian Centre, and its completely preserved holy marble settlement."
129,Maya Site of Copan,Honduras,Obsidian,General Rock,On its western side is a stairway sculptured with figures of jaguars originally inlaid with black obsidian.
731,Hanseatic Town of Visby,Sweden,Limestone,General Rock,"Some of the limestone used as building material was quarried from here. Urban archaeology gives evidence to widespread building structures, streets paved with large limestone slabs and a sophisticated water and sewage system. the ruins of St George and Solberga monastery, the medieval gallows hill, limestone quarries and entry roads into the medieval town. From its heyday as a Hanseatic trading centre, the limestone warehouses have maintained their dominance along three main streets parallel to the shoreline."
247,Hill Forts of Rajasthan,India,Amber,General Rock,"Amber Palace is representative of a key phase (17th century) in the development of a common Rajput-Mughal court style, embodied in the buildings and gardens added to Amber by Mirza Raja Jai Singh I.  Jaisalmer is an example a hill fort in desert terrain. The original exterior plaster at Amber Fort and Gagron Fort has been replaced, which has caused a loss of historic material and patina. Gagron and Amber Forts are designated as State Protected Monuments of Rajasthan under the Rajasthan Monuments, Archaeological Sites and Antiquities Act of 1968. In the case of Amber Palace an additional notification for the protection of a 50 metre buffer zone around the property has been issued. To implement the recommendations of the Apex Advisory Committee, the Amber Development and Management Authority, acts as an overarching authority for management implementation."
1226,Stone Circles of Senegambia,"Gambia,Senegal",Laterite,General Rock,"Together the stone circles of laterite pillars and their associated burial mounds present a vast sacred landscape created over more than 1,500 years. The stones forming the circles were extracted from nearby laterite quarries using iron tools and skilfully shaped into almost identical pillars, either cylindrical or polygonal, on average around 2 m in height and weighing up to 7 tons."
1103,Mausoleum of Khoja Ahmed Yasawi,Kazakhstan,Alabaster,General Rock,"Other notable attributes include fragments of original wall paintings in the mosque, alabaster stalactites (muqarnas) in the intrados of the domes, glazed tiles featuring geometric patterns with epigraphic ornaments on the exterior and interior walls, fine  Kufic  and  Suls  inscriptions on the walls, and texts from the Qu’ran on the drums of the domes."
1103,Mausoleum of Khoja Ahmed Yasawi,Kazakhstan,Stalactite,General Rock,"Other notable attributes include fragments of original wall paintings in the mosque, alabaster stalactites (muqarnas) in the intrados of the domes, glazed tiles featuring geometric patterns with epigraphic ornaments on the exterior and interior walls, fine  Kufic  and  Suls  inscriptions on the walls, and texts from the Qu’ran on the drums of the domes."
1093,Um er-Rasas (Kastrom Mefa'a),Jordan,Limestone,General Rock,"The limestone structures, some bearing remnants of painted plaster, and the excavated mosaic floors are vulnerable to general weathering processes and poor drainage."
696,Kronborg Castle,Denmark,Sandstone,General Rock,"The bright sandstone facades are characterized by horizontal bands and the front walls are balanced by towers and spires. The castle is extensively and richly decorated with sandstone ornaments in unique and imaginative designs. Continual restoration of the castle’s facades is carried out, including the carving of replicas of the unique sandstone ornaments."
1570,"Kakatiya Rudreshwara (Ramappa) Temple, Telangana",India,Dolerite,General Rock,"Construction of the sandstone temple began in 1213 CE and is believed to have continued over some 40 years. The building features decorated beams and pillars of carved granite and dolerite with a distinctive and pyramidal Vimana (horizontally stepped tower) made of lightweight porous bricks, so-called ‘floating bricks’, which reduced the weight of the roof structures. The temple is built of sandstone with decorated beams and pillars of carved granite and dolerite with a distinctive and pyramidal Vimana made of lightweight porous bricks, also known as “floating bricks”. The sculptures of the Kakatiya Rudreshwara (Ramappa) Temple, especially its bracket figures, are unique artistic works carved out of the hard dolerite stone giving it a metal like finish with intact lustre. The indigenous value held by the innovative construction techniques of building structures using sand-box technology  , light weight porous  floating bricks and other traditional methods, and the commendable sculptural efforts in chiselling the very hard dolerite rocks to get the everlasting metallic polishes are very well displayed and are intact at Rudreshwara (Ramappa) Temple, Palampet. The temple was erected using ﬁve types of local material, like sand for foundation, clay for bricks, dolerite and sandstone for sculptures, granite for columns and beams, which are all retained in their original composition."
1570,"Kakatiya Rudreshwara (Ramappa) Temple, Telangana",India,Granite,General Rock,"Construction of the sandstone temple began in 1213 CE and is believed to have continued over some 40 years. The building features decorated beams and pillars of carved granite and dolerite with a distinctive and pyramidal Vimana (horizontally stepped tower) made of lightweight porous bricks, so-called ‘floating bricks’, which reduced the weight of the roof structures. The temple is built of sandstone with decorated beams and pillars of carved granite and dolerite with a distinctive and pyramidal Vimana made of lightweight porous bricks, also known as “floating bricks”. The sculptures of the Kakatiya Rudreshwara (Ramappa) Temple, especially its bracket figures, are unique artistic works carved out of the hard dolerite stone giving it a metal like finish with intact lustre. The indigenous value held by the innovative construction techniques of building structures using sand-box technology  , light weight porous  floating bricks and other traditional methods, and the commendable sculptural efforts in chiselling the very hard dolerite rocks to get the everlasting metallic polishes are very well displayed and are intact at Rudreshwara (Ramappa) Temple, Palampet. The temple was erected using ﬁve types of local material, like sand for foundation, clay for bricks, dolerite and sandstone for sculptures, granite for columns and beams, which are all retained in their original composition."
1570,"Kakatiya Rudreshwara (Ramappa) Temple, Telangana",India,Sandstone,General Rock,"Construction of the sandstone temple began in 1213 CE and is believed to have continued over some 40 years. The building features decorated beams and pillars of carved granite and dolerite with a distinctive and pyramidal Vimana (horizontally stepped tower) made of lightweight porous bricks, so-called ‘floating bricks’, which reduced the weight of the roof structures. The temple is built of sandstone with decorated beams and pillars of carved granite and dolerite with a distinctive and pyramidal Vimana made of lightweight porous bricks, also known as “floating bricks”. The sculptures of the Kakatiya Rudreshwara (Ramappa) Temple, especially its bracket figures, are unique artistic works carved out of the hard dolerite stone giving it a metal like finish with intact lustre. The indigenous value held by the innovative construction techniques of building structures using sand-box technology  , light weight porous  floating bricks and other traditional methods, and the commendable sculptural efforts in chiselling the very hard dolerite rocks to get the everlasting metallic polishes are very well displayed and are intact at Rudreshwara (Ramappa) Temple, Palampet. The temple was erected using ﬁve types of local material, like sand for foundation, clay for bricks, dolerite and sandstone for sculptures, granite for columns and beams, which are all retained in their original composition."
1011,Cathedral and Churches of Echmiatsin and the Archaeological Site of Zvartnots,Armenia,Marble,General Rock,"From 1712 to 1721 Naghash Hovnatan worked there (the paintings on the upper part of the dome and the Holy Mother of God painted on the internal marble of the main apse are preserved). It is a four-column domed basilica with harmonious proportions, a central nave and two sacristies built of well-processed tuff (a stone of volcanic origin). The present-day church was built of brown well-processed tuff and is distinguished by its unique architecture."
1011,Cathedral and Churches of Echmiatsin and the Archaeological Site of Zvartnots,Armenia,Tuff,General Rock,"From 1712 to 1721 Naghash Hovnatan worked there (the paintings on the upper part of the dome and the Holy Mother of God painted on the internal marble of the main apse are preserved). It is a four-column domed basilica with harmonious proportions, a central nave and two sacristies built of well-processed tuff (a stone of volcanic origin). The present-day church was built of brown well-processed tuff and is distinguished by its unique architecture."
255,Fatehpur Sikri,India,Coal,General Rock,"The buildings are constructed in red sandstone with little use of marble. The Supreme Court of India in December 1996 delivered a ruling that banned the use of coal/coke in industries located in this “Taj Trapezium Zone” (TTZ), and required these industries to switch over to natural gas or relocate outside the TTZ."
255,Fatehpur Sikri,India,Marble,General Rock,"The buildings are constructed in red sandstone with little use of marble. The Supreme Court of India in December 1996 delivered a ruling that banned the use of coal/coke in industries located in this “Taj Trapezium Zone” (TTZ), and required these industries to switch over to natural gas or relocate outside the TTZ."
255,Fatehpur Sikri,India,Red Sandstone,General Rock,"The buildings are constructed in red sandstone with little use of marble. The Supreme Court of India in December 1996 delivered a ruling that banned the use of coal/coke in industries located in this “Taj Trapezium Zone” (TTZ), and required these industries to switch over to natural gas or relocate outside the TTZ."
255,Fatehpur Sikri,India,Sandstone,General Rock,"The buildings are constructed in red sandstone with little use of marble. The Supreme Court of India in December 1996 delivered a ruling that banned the use of coal/coke in industries located in this “Taj Trapezium Zone” (TTZ), and required these industries to switch over to natural gas or relocate outside the TTZ."
1670,Sacred Ensembles of the Hoysalas,India,Schist,General Rock,"The three component parts are built with chloritic schist and reflect the features such as stellate plans, horizontal friezes of the adhisthana, artists' signatures, sculptural panels and carvings that became the hallmark of this period."
782,La Lonja de la Seda de Valencia,Spain,Freestone,General Rock,"The floor is paved with Alcublas marble of different colours. In addition to being a very representative example of medieval places of commerce, the building incorporates elements of the new architectonic language that developed in Europe at the end of the 15  th  century incorporating the most daring progress in the field of construction techniques (admirable twisted columns and vaults of remarkable complexity, all in freestone of the highest quality)."
782,La Lonja de la Seda de Valencia,Spain,Marble,General Rock,"The floor is paved with Alcublas marble of different colours. In addition to being a very representative example of medieval places of commerce, the building incorporates elements of the new architectonic language that developed in Europe at the end of the 15  th  century incorporating the most daring progress in the field of construction techniques (admirable twisted columns and vaults of remarkable complexity, all in freestone of the highest quality)."
1055,Lamu Old Town,Kenya,Coral Stone,General Rock,"Built in coral stone and mangrove timber, the town is characterized by the simplicity of structural forms enriched by such features as inner courtyards, verandas, and elaborately carved wooden doors."
890,Historic Centre of the Town of Diamantina,Brazil,Flagstone,General Rock,"The regularly aligned 18th and 19th century semi-detached houses with one or two floors are painted in bright colours on a white ground, and contrast with the grey flagstone paving of the streets."
365,Khami Ruins National Monument,Zimbabwe,Granite,General Rock,"The population lived in daga huts of cobwork, surrounded by a series of granite walls. There is also a monumental granite cross which illustrates the contact with missionaries at a traditionally revered and sacred spiritual site. Acknowledging huts made of cobwork (daga) enhanced by decorative friezes, and surrounded by a series of granite walls, and with a great number of passage ways and uncovered perambulatory galleries, the current population maintains the historic traditions of the site."
1295,"Fort Jesus, Mombasa",Kenya,Coral Rock,General Rock,"Description is available under license CC-BY-SA IGO 3.0 Brief synthesis  Built by the Portuguese at the end of the 16th century at the southern edge of the town of Mombasa, over a spur of coral rock, and kept under their control for one century, Fort Jesus, Mombasa, bears testimony to the first successful attempt by Western civilization to rule the Indian ocean trade routes, which, until then had remained under Eastern influence. Authenticity  In regard to authenticity, Fort Jesus, Mombasa, hasretained its form, design and materials, with coral stone and lime mortar still being used in the traditional way, where necessary, for repair and conservation work."
1295,"Fort Jesus, Mombasa",Kenya,Coral Stone,General Rock,"Description is available under license CC-BY-SA IGO 3.0 Brief synthesis  Built by the Portuguese at the end of the 16th century at the southern edge of the town of Mombasa, over a spur of coral rock, and kept under their control for one century, Fort Jesus, Mombasa, bears testimony to the first successful attempt by Western civilization to rule the Indian ocean trade routes, which, until then had remained under Eastern influence. Authenticity  In regard to authenticity, Fort Jesus, Mombasa, hasretained its form, design and materials, with coral stone and lime mortar still being used in the traditional way, where necessary, for repair and conservation work."
634,"Church of the Ascension, Kolomenskoye",Russian Federation,Limestone,General Rock,"In the first half of the 20th century, restoration works based on scientific elaborations were carried out as follows: white-stone of the porches and parapets were renewed; facades were renovated by replacing damaged areas and coating them with white limestone; wood structures of the galleries' roofs were reconstructed; and the cross, the sphere and chains underneath were restored and gilded."
194,Timgad,Algeria,Limestone,General Rock,"The streets were paved with large rectangular limestone slabs and, as attested by the 14 baths which still may be seen today, particular attention was paid to the disposition of public conveniences."
194,Timgad,Algeria,Marble,General Rock,"The streets were paved with large rectangular limestone slabs and, as attested by the 14 baths which still may be seen today, particular attention was paid to the disposition of public conveniences."
1131,Royal Exhibition Building and Carlton Gardens,Australia,Slate,General Rock,"The building is constructed of brick and timber, steel and slate."
557,Rock Carvings in Tanum,Sweden,Granite,General Rock,"Northern  Bohuslän  is a land of granite bedrock, parts of which were scraped clean about 14,000 years ago as the  Scandinavian Ice Sheet  slowly moved northward, leaving gently curved rock faces exposed. In Tanum, as in the rest of Scandinavia, figures at selected rock carving sites have been repeatedly painted over the past five or six decades, since their granitic environment can make them difficult to distinguish."
557,Rock Carvings in Tanum,Sweden,Granitic,General Rock,"Northern  Bohuslän  is a land of granite bedrock, parts of which were scraped clean about 14,000 years ago as the  Scandinavian Ice Sheet  slowly moved northward, leaving gently curved rock faces exposed. In Tanum, as in the rest of Scandinavia, figures at selected rock carving sites have been repeatedly painted over the past five or six decades, since their granitic environment can make them difficult to distinguish."
1211,Genoa: <i>Le Strade Nuove</i> and the system of the<i> Palazzi dei Rolli</i>,Italy,Marble,General Rock,"As a sea power, the city of Genoa has always been closely associated with its port, which nonetheless was separated from the city for centuries by partitions of different nature such as the walls from the 17th century, the “marble terraces” in the 19th century  and other service facilities."
404,"Acropolis, Athens",Greece,Marble,General Rock,"Moreover, the techniques and the tools used for the restoration works are similar to those of the ancient craftspeople, while the white marble used for completing the eroded architectural elements is quarried from the same mountain as in antiquity (Mt."
404,"Acropolis, Athens",Greece,White Marble,General Rock,"Moreover, the techniques and the tools used for the restoration works are similar to those of the ancient craftspeople, while the white marble used for completing the eroded architectural elements is quarried from the same mountain as in antiquity (Mt."
586,Rohtas Fort,Pakistan,Marble,General Rock,"Most noteworthy are the sophistication and high artistic value of its decorative elements, notably its high- and low-relief carvings, its calligraphic inscriptions in marble and sandstone, its plaster decoration, and its glazed tiles."
586,Rohtas Fort,Pakistan,Sandstone,General Rock,"Most noteworthy are the sophistication and high artistic value of its decorative elements, notably its high- and low-relief carvings, its calligraphic inscriptions in marble and sandstone, its plaster decoration, and its glazed tiles."
1532,"Temple Zone of Sambor Prei Kuk, Archaeological Site of Ancient Ishanapura",Cambodia,Laterite,General Rock,"Decorated sandstone elements in the site are characteristic of the pre-Angkor decorative idiom, known as the Sambor Prei Kuk Style. Within the Temple Zone, an outstanding ensemble of 186 fired brick temples with sandstone detailing reflects the introduction of technical and spiritual ideas of the Hindu Hariharan and Sakabrahmana cults from India and Persia respectively and the resulting convergence of these with animist and Buddhist elements that produced the unique Sambor Prei Kuk artistic style, which later heralded the Khmer style developed in Angkor. Each has a central tower on a raised platform surrounded by smaller towers and other structures, and are enclosed by square brick and/or laterite walls, two for the central and south groups but three for the Prasat Sambor complex with each outer wall extending to 389 metres. Criterion (ii):  The Sambor Prei Kuk architectural and artistic style of the Temple Zone of Ishanapura, as exemplified in the layout, architectural forms and sculptured reflects on 186 fired bricks temples with sandstone detailing, presents a vivid convergence of spiritual and technical influences between Hindu cults  predominantly  from India and Persia and elements of animism and Buddhism, which became a model that spread to other parts of the region and eventually led to the crystallization of the unique Khmer style of the Angkorian  period."
1532,"Temple Zone of Sambor Prei Kuk, Archaeological Site of Ancient Ishanapura",Cambodia,Sandstone,General Rock,"Decorated sandstone elements in the site are characteristic of the pre-Angkor decorative idiom, known as the Sambor Prei Kuk Style. Within the Temple Zone, an outstanding ensemble of 186 fired brick temples with sandstone detailing reflects the introduction of technical and spiritual ideas of the Hindu Hariharan and Sakabrahmana cults from India and Persia respectively and the resulting convergence of these with animist and Buddhist elements that produced the unique Sambor Prei Kuk artistic style, which later heralded the Khmer style developed in Angkor. Each has a central tower on a raised platform surrounded by smaller towers and other structures, and are enclosed by square brick and/or laterite walls, two for the central and south groups but three for the Prasat Sambor complex with each outer wall extending to 389 metres. Criterion (ii):  The Sambor Prei Kuk architectural and artistic style of the Temple Zone of Ishanapura, as exemplified in the layout, architectural forms and sculptured reflects on 186 fired bricks temples with sandstone detailing, presents a vivid convergence of spiritual and technical influences between Hindu cults  predominantly  from India and Persia and elements of animism and Buddhism, which became a model that spread to other parts of the region and eventually led to the crystallization of the unique Khmer style of the Angkorian  period."
1426,"Decorated Cave of Pont d’Arc, known as Grotte Chauvet-Pont d’Arc, Ardèche",France,Limestone,General Rock,"Decorated Cave of Pont d’Arc, known as Grotte Chauvet-Pont d’Arc, Ardèche  Located in a limestone plateau of the Ardèche River in southern France, the property contains the earliest-known and best-preserved figurative drawings in the world, dating back as early as the Aurignacian period (30,000–32,000 BP), making it an exceptional testimony of prehistoric art. Description is available under license CC-BY-SA IGO 3.0 Brief synthesis  The decorated cave of Pont d’Arc, known as Grotte Chauvet-Pont d’Arc is located in a limestone plateau of the meandering Ardèche River in southern France, and extends to an area of approximately 8,500 square meters. Integrity  The nominated property comprises the entire subterranean space of the cave of approximately 8,500 square meters and all structurally relevant parts of the limestone plateau above the cave as well as its entrance situation and immediate surroundings."
1073,Gebel Barkal and the Sites of the Napatan Region,Sudan,Sandstone,General Rock,"Today, the mountain is locally named (Gebel Wad el-Karsani) after a Muslim sheikh (saint) buried near the 100m high, flat-topped sandstone rock."
990,"Assisi, the Basilica of San Francesco and Other Franciscan Sites",Italy,Limestone,General Rock,"Much of the construction, from ancient times to the present, has been in limestone creating a distinctive Assisi type of stone construction giving unity throughout the various development periods as well as building types."
1376,Historic Bridgetown and its Garrison,Barbados,Serpentine,General Rock,"With its serpentine urban lay-out the property testifies to a different approach to colonial town-planning compared to the Spanish and Dutch colonial cities of the region which were built along a grid plan. Historic Bridgetown’s irregular settlement patterns and 17th Century street layout of an English medieval type, in particular the organic serpentine streets, supported the development and transformation of creolized forms of architecture, including Caribbean Georgian. The historic town has retained its original footprint, based on its English medieval serpentine street layout, for almost 400 years, which bears exceptional testimony to British town layouts in foreign soil. Authenticity  Bridgetown’s early serpentine street and alley configuration and also the roads in the Garrison retain their authentic networks."
789,Historic Centre of the City of Pienza,Italy,Travertine,General Rock,"It is still possible to easily read the medieval urban structure as well as the Renaissance intervention of Rossellino, as they have been preserved in the street plan, architecture and details, such as the central square’s herringbone paving edged with travertine."
795,Maritime Greenwich,United Kingdom of Great Britain and Northern Ireland,Slate,General Rock,The stuccoed slate roofed terraces of the town that form the approach to the formal buildings and the Park retain their function as a commercial and residential centre.
933,The Loire Valley between Sully-sur-Loire and Chalonnes,France,Slate,General Rock,"The tufa and slate architecture, the troglodyte dwellings, the urban fabric, all reflect this."
933,The Loire Valley between Sully-sur-Loire and Chalonnes,France,Tufa,General Rock,"The tufa and slate architecture, the troglodyte dwellings, the urban fabric, all reflect this."
1052,Tugendhat Villa in Brno,Czechia,Onyx,General Rock,"Subtle divisions  made of rosewood and onyx separate spaces of this same floor, such as the reception hall  , the music corner and the library."
295,Byblos,Lebanon,Sandstone,General Rock,Description is available under license CC-BY-SA IGO 3.0 Brief synthesis  The coastal town of Byblos is located on a cliff of sandstone 40 km North of Beirut.
664,Archaeological Ensemble of Mérida,Spain,Marble,General Rock,"In the 17th century, during the Spanish Empire, two Christian monuments were built with Roman marble that show the main signs of the city’s historical identity: the Obelisk of Santa Eulalia and the small temple also devoted to this martyr, built with pagan altars and the remains of the Temple of Marte, respectively."
984,Blaenavon Industrial Landscape,United Kingdom of Great Britain and Northern Ireland,Coal,General Rock,"Blaenavon Industrial Landscape  The area around Blaenavon is evidence of the pre-eminence of South Wales as the world's major producer of iron and coal in the 19th century. All the necessary elements can still be seen - coal and ore mines, quarries, a primitive railway system, furnaces, workers' homes, and the social infrastructure of their community. Description is available under license CC-BY-SA IGO 3.0 Brief synthesis  The landscape of Blaenavon, at the upper end of the Avon Llwyd valley in South Wales, provides exceptional testimony to the area’s international importance in iron making and coal mining in the late 18th and the early 19th century. The major preserved sites of Blaenavon Ironworks and Big Pit, together with the outstanding relict landscape of mineral exploitation, manufacturing, transport, and settlement which surrounds them, provide an extraordinarily comprehensive picture of all the crucial elements of the industrialisation process: coal and ore mines, quarries, a primitive railway system and canal, furnaces, workers’ homes, and the social infrastructure of the early industrial community. The area reflects the pre-eminence of South Wales in the production of iron, steel and coal in the 19th century. The Big Pit was the last deep coal mine to work in the Blaenavon area, and the surface buildings, including the winding gear, remain almost exactly as they were when coal production ceased in 1980. The landscape includes coal, iron ore, fireclay and limestone workings and transport systems including a primitive iron-railed railway, leading to the canal and later steam railway tracks which were used for the import and export of materials. Overall the town reflects powerfully the distinctive culture that had developed in ironworking and coal-mining areas of the South Wales Valleys and provides a complete picture of patronage and the social structure of the community. Taking all these elements together, the property provides one of the prime areas in the world where the full social, economic and technological process of industrialisation through iron and coal production can be studied and understood. Integrity  The boundary of the World Heritage property encompasses the major monuments, the mining settlement as well as the surrounding valley landscape with its extensive remains of coal and ore mining, quarrying, primitive iron railways, and canals and thus includes all the key attributes of this early industrial period during the formative years of the Industrial Revolution. These substantial and interrelated remains provide opportunities to comprehend the complex process of industrialisation through iron and coal production and the development of industrial society during the early formative years of the Industrial Revolution."
984,Blaenavon Industrial Landscape,United Kingdom of Great Britain and Northern Ireland,Limestone,General Rock,"Blaenavon Industrial Landscape  The area around Blaenavon is evidence of the pre-eminence of South Wales as the world's major producer of iron and coal in the 19th century. All the necessary elements can still be seen - coal and ore mines, quarries, a primitive railway system, furnaces, workers' homes, and the social infrastructure of their community. Description is available under license CC-BY-SA IGO 3.0 Brief synthesis  The landscape of Blaenavon, at the upper end of the Avon Llwyd valley in South Wales, provides exceptional testimony to the area’s international importance in iron making and coal mining in the late 18th and the early 19th century. The major preserved sites of Blaenavon Ironworks and Big Pit, together with the outstanding relict landscape of mineral exploitation, manufacturing, transport, and settlement which surrounds them, provide an extraordinarily comprehensive picture of all the crucial elements of the industrialisation process: coal and ore mines, quarries, a primitive railway system and canal, furnaces, workers’ homes, and the social infrastructure of the early industrial community. The area reflects the pre-eminence of South Wales in the production of iron, steel and coal in the 19th century. The Big Pit was the last deep coal mine to work in the Blaenavon area, and the surface buildings, including the winding gear, remain almost exactly as they were when coal production ceased in 1980. The landscape includes coal, iron ore, fireclay and limestone workings and transport systems including a primitive iron-railed railway, leading to the canal and later steam railway tracks which were used for the import and export of materials. Overall the town reflects powerfully the distinctive culture that had developed in ironworking and coal-mining areas of the South Wales Valleys and provides a complete picture of patronage and the social structure of the community. Taking all these elements together, the property provides one of the prime areas in the world where the full social, economic and technological process of industrialisation through iron and coal production can be studied and understood. Integrity  The boundary of the World Heritage property encompasses the major monuments, the mining settlement as well as the surrounding valley landscape with its extensive remains of coal and ore mining, quarrying, primitive iron railways, and canals and thus includes all the key attributes of this early industrial period during the formative years of the Industrial Revolution. These substantial and interrelated remains provide opportunities to comprehend the complex process of industrialisation through iron and coal production and the development of industrial society during the early formative years of the Industrial Revolution."
1006,Neolithic Flint Mines at Spiennes (Mons),Belgium,Chalk,General Rock,"Neolithic Flint Mines at Spiennes (Mons). Neolithic Flint Mines at Spiennes (Mons)  The Neolithic flint mines at Spiennes, covering more than 100 ha, are the largest and earliest concentration of ancient mines in Europe. Description is available under license CC-BY-SA IGO 3.0 Brief synthesis  The Neolithic Flint Mines of Spiennes occupy two chalk plateaux located to the south-east of the city of Mons. The site appears on the surface as a large area of meadows and fields strewn with millions of scraps of worked flint. The Neolithic Flint Mines of Spiennes are the largest and earliest concentration of ancient mines of north-west Europe.  The mines were in operation for many centuries and the remains vividly illustrate the development and adaptation of mining techniques employed by prehistoric populations in order to exploit large deposits of a material that was essential for the production of tools and cultural evolution generally. In the Neolithic period, (from the last third of the 5th millennium until the first half of the 3rd millennium), the site was the centre of intensive flint mining present underground. Neolithic populations could thus pass below levels made up of large blocks of flint (up to 2m in length) that they extracted using a particular technique called ‘striking’ (freeing from below with support of a central chalk wall, shoring up of the block, removal of the wall, removal of the props and lowering of the block). Stone-working workshops were associated with these mining shafts as is witnessed by numerous fragments of flint still present on the surface and which give its name to a part of the site, Camp à Cayaux (Stone Field). The standardisation of the production bears witness to the highly skilled craftsmanship of the stone-cutters of the flint of Spiennes. Criterion (i):  The Neolithic Flint Mines at Spiennes provide exceptional testimony to early human inventiveness and application. Criterion (iii):  The arrival of the Neolithic cultures marked a major milestone in human cultural and technological development, which is vividly illustrated by the vast complex of ancient flint mines at Spiennes. Criterion (iv):  The flint mines at Spiennes are outstanding examples of the Neolithic mining of flint, which marked a seminal stage of human technological and cultural progress. Ancient maps show it as agricultural land, lying fallow in the areas where an abundance of flint made it unsuitable for crops. In the 19th century flint was once again exploited, mainly on the surface for the manufacture of gun flints. Authenticity  The Neolithic Flint Mines of Spiennes are fully authentic."
1006,Neolithic Flint Mines at Spiennes (Mons),Belgium,Flint,General Rock,"Neolithic Flint Mines at Spiennes (Mons). Neolithic Flint Mines at Spiennes (Mons)  The Neolithic flint mines at Spiennes, covering more than 100 ha, are the largest and earliest concentration of ancient mines in Europe. Description is available under license CC-BY-SA IGO 3.0 Brief synthesis  The Neolithic Flint Mines of Spiennes occupy two chalk plateaux located to the south-east of the city of Mons. The site appears on the surface as a large area of meadows and fields strewn with millions of scraps of worked flint. The Neolithic Flint Mines of Spiennes are the largest and earliest concentration of ancient mines of north-west Europe.  The mines were in operation for many centuries and the remains vividly illustrate the development and adaptation of mining techniques employed by prehistoric populations in order to exploit large deposits of a material that was essential for the production of tools and cultural evolution generally. In the Neolithic period, (from the last third of the 5th millennium until the first half of the 3rd millennium), the site was the centre of intensive flint mining present underground. Neolithic populations could thus pass below levels made up of large blocks of flint (up to 2m in length) that they extracted using a particular technique called ‘striking’ (freeing from below with support of a central chalk wall, shoring up of the block, removal of the wall, removal of the props and lowering of the block). Stone-working workshops were associated with these mining shafts as is witnessed by numerous fragments of flint still present on the surface and which give its name to a part of the site, Camp à Cayaux (Stone Field). The standardisation of the production bears witness to the highly skilled craftsmanship of the stone-cutters of the flint of Spiennes. Criterion (i):  The Neolithic Flint Mines at Spiennes provide exceptional testimony to early human inventiveness and application. Criterion (iii):  The arrival of the Neolithic cultures marked a major milestone in human cultural and technological development, which is vividly illustrated by the vast complex of ancient flint mines at Spiennes. Criterion (iv):  The flint mines at Spiennes are outstanding examples of the Neolithic mining of flint, which marked a seminal stage of human technological and cultural progress. Ancient maps show it as agricultural land, lying fallow in the areas where an abundance of flint made it unsuitable for crops. In the 19th century flint was once again exploited, mainly on the surface for the manufacture of gun flints. Authenticity  The Neolithic Flint Mines of Spiennes are fully authentic."
1217,Vizcaya Bridge,Spain,Jet,General Rock,"Having made an exhaustive analysis of the Bridge structure, it was found that the jet-black colour absorbed excessive radiation, which generated structural fatigue in the steel of the towers and crossbeam."
243,Ellora Caves,India,Basalt,General Rock,"Ellora Caves  These 34 monasteries and temples, extending over more than 2 km, were dug side by side in the wall of a high basalt cliff, not far from Aurangabad, in Maharashtra."
1379,Margravial Opera House Bayreuth,Germany,Sandstone,General Rock,The sandstone façade designed by court architect Joseph Saint Pierre provides a focal point within the urban public space that was particularly planned for the building.
451,Old Town of Galle and its Fortifications,Sri Lanka,Granite,General Rock,"In the structure of the ramparts, coral is frequently used along with granite."
518,Poblet Monastery,Spain,Alabaster,General Rock,"The abbey contains masterpieces from every period such as the great alabaster altarpiece by Damià Forment (1529). Furthermore, the church preserves the group of royal tombs, and, amongst other remarkable artefacts, the Renaissance alabaster retable of the high altar, and the work of Damià Forment."
88,Nubian Monuments from Abu Simbel to Philae,Egypt,Granite,General Rock,"To these must be added the astonishing granite quarries of Aswan, exploited by the pharaohs from early antiquity, with unfinished monuments, colossi and obelisks. First to be addressed was the granite quarries of the Cataract area with its unfinished obelisk, then the management of Elephantine Island with the assistance of the Swiss Institute, both with Management Plans now complete and in effect."
139,Taxila,Pakistan,Limestone,General Rock,"Exposure of the archaeological remains to the extremes of a tropical climate, uncontrolled growth of vegetation, and earthquakes represents a risk to the overall integrity of the property, as do expansions of the industrial estates located within the Taxila valley (despite their location outside the buffer zone), limestone blasting and quarrying activities in the valley, and illegal excavations by looters in the Buddhist monastery sites."
829,"Archaeological Areas of Pompei, Herculaneum and Torre Annunziata",Italy,Lapilli,General Rock,Pompeii was buried largely by a thick layer of volcanic ash and lapilli and Herculaneum disappeared under pyroclastic surges and flows.
829,"Archaeological Areas of Pompei, Herculaneum and Torre Annunziata",Italy,Volcanic Ash,General Rock,Pompeii was buried largely by a thick layer of volcanic ash and lapilli and Herculaneum disappeared under pyroclastic surges and flows.
385,Old City of Sana'a,Yemen,Gypsum,General Rock,"Description is available under license CC-BY-SA IGO 3.0 Brief synthesis  Situated in a mountain valley at an altitude of 2,200 m, the Old City of Sana'a is defined by an extraordinary density of rammed earth and burnt brick towers rising several stories above stone-built ground floors, strikingly decorated with geometric patterns of fired bricks and white gypsum."
826,"Portovenere, Cinque Terre, and the Islands (Palmaria, Tino and Tinetto)",Italy,Sandstone,General Rock,"The drystone walls are most often carefully constructed of sandstone rough blocks, bonded together with pebbles removed from the ground."
334,Sanctuary of Bom Jesus do Congonhas,Brazil,Soapstone,General Rock,"Description is available under license CC-BY-SA IGO 3.0 Brief synthesis  Standing high  on a platform reached by a slightly  curved, divided staircase carrying on its parapets statues of the twelve prophets in soapstone (  pedra sabão  ), the Sanctuary of Bom Jesus de Congonhas  is approached via a ramped forecourt between six chapels marking Stations of the Cross (  the  Passos  )  . The soapstone statues together with the polychrome wooden sculptures depicting scenes of Christ’s Passion housed in the chapels stand as a crowning achievement of the creative genius of Francisco Antônio Lisboa, Aleijadinho, who bequeathed to humanity a truly impressive body of work. Authenticity  The architectural and sculptural complex of the Sanctuary of Bom Jesus do Matozinhos in Congonhas has maintained its intrinsic values thanks to the effective conservation of its constituent elements including: the church of Bom Jesus, completed in 1772; the staircase, decorated with soapstone sculptures of the prophets; and the chapels marking the stations of the Cross with expressive sculptural groups representing the Passion of Christ.  Despite the changes brought on by Congonhas’ urban growth, the Sanctuary remains intact and continues to stand  as a focus for pilgrimage  throughout the region."
183,Archaeological Site of Leptis Magna,Libya,Marble,General Rock,Aegean craftsmanship can be seen in the magnificent marble decorations on the pillars in the Severan Basilica and those on the Arch of Severus.
500,Historic Centre of Lima,Peru,Adobe,General Rock,"Therefore, buildings were stabilized with adobe and bricks on the first floor and quincha (used during pre-Hispanic times) on the second, thus improving structural behaviour during earthquakes."
1130,Ashur (Qal'at Sherqat),Iraq,Gypsum,General Rock,Gypsum and as little concrete as possible served as mortars.
1003,Longmen Grottoes,China,Limestone,General Rock,"Description is available under license CC-BY-SA IGO 3.0 Brief synthesis  The Longmen Grottoes, located on bothsides of the Yi River to the south of the ancient capital of Luoyang, Henan province, comprise more than 2,300 caves and niches carved into the steep limestone cliffs over a 1km long stretch."
1442,Silk Roads: the Routes Network of Chang'an-Tianshan Corridor,"China,Kazakhstan,Kyrgyzstan",Loess,General Rock,"Starting on the Loess plateau at Chang’an, the central capital of China in the Han and Tang Dynasties, the routes of the Tian-shan corridor passed westwards through the Hosi Corridor across the Qin and Qilian Mountains to the Yumen Pass of Dunhuang."
836,Archaeological Site of Volubilis,Morocco,Marble,General Rock,"The site has produced a substantial amount of artistic material, including mosaics, marble and bronze statuary, and hundreds of inscriptions."
1565,Hebron/Al-Khalil Old Town,State of Palestine,Limestone,General Rock,Hebron/Al-Khalil Old Town  The use of a local limestone shaped the construction of the old town of Hebron/Al-Khalil during the Mamluk period between 1250 and 1517.
822,Historic Centre (Old Town) of Tallinn,Estonia,Limestone,General Rock,The combination of the upper town on the high limestone hill and the lower town at its foot with many church spires forms an expressive skyline that is visible from a great distance both from land and sea.
1358,Citadel of the Ho Dynasty,Viet Nam,Limestone,General Rock,The Inner Citadel constructed of large limestone blocks represents a new development of architectural technology and adaptation of geomantic city planning in an East Asian and South-east Asian context.
848,Choirokoitia,Cyprus,Flint,General Rock,"Among the finds such as flint tools, bone tools, stone vessels, vegetal and animal remains, noteworthy are the anthropomorphic figurines in stone (one in clay), which point, together with funerary rituals, to the existence of elaborate beliefs."
810,Historic City of Trogir,Croatia,Limestone,General Rock,"Its homogeneity is stressed by the predominant local limestone, now mellowed by time with a golden patina."
144,Ruins of Kilwa Kisiwani and Ruins of Songo Mnara,United Republic of Tanzania,Carnelian,General Rock,"Authenticity  The ability of the islands to continue to express truthfully their values has been maintained in terms of design and materials due to limited consolidation of the structures using coral stone and other appropriate materials, but is vulnerable, particularly on Kilwa Kisiwani to urban encroachment and coastal damage as these threaten the ability to understand the overall layout of the mediaeval port city."
144,Ruins of Kilwa Kisiwani and Ruins of Songo Mnara,United Republic of Tanzania,Coral Stone,General Rock,"Authenticity  The ability of the islands to continue to express truthfully their values has been maintained in terms of design and materials due to limited consolidation of the structures using coral stone and other appropriate materials, but is vulnerable, particularly on Kilwa Kisiwani to urban encroachment and coastal damage as these threaten the ability to understand the overall layout of the mediaeval port city."
875,Archaeological Ensemble of Tarraco,Spain,Marble,General Rock,
1031,Historic Centre of Guimarães and Couros Zone,Portugal,Granite,General Rock,"There was developed a particular type of construction in the Middle Ages featuring a ground floor in granite with a half-timbered structure above. Integrity  The boundaries of the Historic Centre of Guimarães and Couros Zone encompass all the elements necessary to express its Outstanding Universal Value, including a particular type of construction developed in the Middle Ages using granite combined with a timber-framed structure, and a well-preserved historic building stock that represents the evolution of building typologies from the Middle Ages to the 19th  century."
1433,"Birthplace of Jesus: Church of the Nativity and the Pilgrimage Route, Bethlehem",State of Palestine,Limestone,General Rock,"Description is available under license CC-BY-SA IGO 3.0 Brief synthesis  Bethlehem lies 10 kilometres south of the city of Jerusalem, in the fertile limestone hill country of the Holy Land. The traditional 19  th  and 20  th  yellow limestone buildings either side of this route incorporate traditional design and appearance, with living accommodation above and workshops at street level opening out on to the street."
530,Delos,Greece,Marble,General Rock,"Because of potential damage by the north wind, fragile marble sculptures, such as the Naxian Lions, were transported to the Museum and have been replaced with exact replicas."
883,Fuerte de Samaipata,Bolivia (Plurinational State of),Red Sandstone,General Rock,"The Ceremonial Centre consists of a huge monolithic rock of red sandstone composition of dimensions 220 m long, by approximately 60 m wide, fully carved with a variety of representations of animals, geometric shapes, niches, canals, vessels of great religious significance, which was done by specialist craftsmen, sculptors, with great skill and mastery of the stone."
883,Fuerte de Samaipata,Bolivia (Plurinational State of),Sandstone,General Rock,"The Ceremonial Centre consists of a huge monolithic rock of red sandstone composition of dimensions 220 m long, by approximately 60 m wide, fully carved with a variety of representations of animals, geometric shapes, niches, canals, vessels of great religious significance, which was done by specialist craftsmen, sculptors, with great skill and mastery of the stone."
757,Sceilg Mhichíl,Ireland,Sandstone,General Rock,"Faulting of Devonian sandstone has created a U-shaped depression known today as “Christ’s Valley” or “Christ’s Saddle” 130 m above sea level in the centre of the island, and this is flanked by two peaks, that to the north-east rising to 185 m and that to the west-south-west, 218 m."
124,Historic Town of Ouro Preto,Brazil,Gneiss,General Rock,"Although the architecture, paintings, and sculptures are based on underlying models introduced by Portuguese immigrants, the works vary significantly from the contemporary European art, not only with respect to their spatial conception, but in their decorative treatment, in particular the stone sculptures carved on the facades, distinctive for their originality and design and in the combined use of two materials, gneiss and soapstone."
124,Historic Town of Ouro Preto,Brazil,Soapstone,General Rock,"Although the architecture, paintings, and sculptures are based on underlying models introduced by Portuguese immigrants, the works vary significantly from the contemporary European art, not only with respect to their spatial conception, but in their decorative treatment, in particular the stone sculptures carved on the facades, distinctive for their originality and design and in the combined use of two materials, gneiss and soapstone."
89,Historic Cairo,Egypt,Stalactite,General Rock,
1066,Upper Middle Rhine Valley,Germany,Sandstone,General Rock,"The river breaks through the Rhenish Slate Mountains, connecting the broad floodplain of the Oberrheingraben with the lowland basin of the Lower Rhine. The property extends from the Bingen Gate (Binger Pforte), where the River Rhine flows into the deeply gorged, canyon section of the Rhine Valley, through the 15km long Bacharach valley, with smaller V-shaped side valleys, to Oberwesel where the transition from soft clay-slates to hard sandstone, results."
1066,Upper Middle Rhine Valley,Germany,Slate,General Rock,"The river breaks through the Rhenish Slate Mountains, connecting the broad floodplain of the Oberrheingraben with the lowland basin of the Lower Rhine. The property extends from the Bingen Gate (Binger Pforte), where the River Rhine flows into the deeply gorged, canyon section of the Rhine Valley, through the 15km long Bacharach valley, with smaller V-shaped side valleys, to Oberwesel where the transition from soft clay-slates to hard sandstone, results."
540,Historic Centre of Saint Petersburg and Related Groups of Monuments,Russian Federation,Marble,General Rock,"Its architectural heritage reconciles the very different Baroque and pure neoclassical styles, as can be seen in the Admiralty, the Winter Palace, the Marble Palace and the Hermitage. From 1703 to 1725, Peter the Great lifted from a landscape of marshes, peat bogs and rocks, architectural styles in stone and marble for a capital, Saint Petersburg, which he wished to be the most beautiful city in all of Europe."
540,Historic Centre of Saint Petersburg and Related Groups of Monuments,Russian Federation,Peat,General Rock,"Its architectural heritage reconciles the very different Baroque and pure neoclassical styles, as can be seen in the Admiralty, the Winter Palace, the Marble Palace and the Hermitage. From 1703 to 1725, Peter the Great lifted from a landscape of marshes, peat bogs and rocks, architectural styles in stone and marble for a capital, Saint Petersburg, which he wished to be the most beautiful city in all of Europe."
202,Ancient City of Sigiriya,Sri Lanka,Granite,General Rock,"Ancient City of Sigiriya  The ruins of the capital built by the parricidal King Kassapa I (477–95) lie on the steep slopes and at the summit of a granite peak standing some 180m high (the 'Lion's Rock', which dominates the jungle from all sides)."
1599,Krzemionki Prehistoric Striped Flint Mining Region,Poland,Flint,General Rock,"Krzemionki Prehistoric Striped Flint Mining Region. Krzemionki Prehistoric Striped Flint Mining Region Located in the mountain region of Świętokrzyskie, Krzemionki is an ensemble of four mining sites, dating from the Neolithic to the Bronze Age (about 3900 to 1600 BCE), dedicated to the extraction and processing of striped flint, which was mainly used for axe-making. With its underground mining structures, flint workshops and some 4,000 shafts and pits, the property features one of the most comprehensive prehistoric underground flint extraction and processing systems identified to date. It is an exceptional testimony of the importance of the prehistoric period and of flint mining for tool production in human history. Description is available under license CC-BY-SA IGO 3.0 Brief synthesis  Krzemionki Prehistoric Striped Flint Mining Region (in short: Krzemionki) is located in the north-eastern fringe of the Świętokrzyskie (Holy Cross) Mountains in central Poland on both sides of Kamienna River. It is a serial property comprised of four component parts: the principal Krzemionki Opatowskie Mining Field; two smaller mining fields, Borownia and Korycizna, aligned on the same geological structure; and the Gawroniec prehistoric miners’ permanent settlement that received semi products of flint axes from the mines for finishing and polishing prior to distribution. It is also the most completely preserved and wholly readable socio-technical system of prehistoric underground flint mining and processing and illustrates the greatest range of prehistoric flint mining techniques known in a single property. At the property, a unique type of flint – striped flint banded in exceptional zebra-like patterns of alternating shades of grey – was mined and fashioned into axes and distributed in a verifiable radius of 650 km from the complex, in present-day Germany, Czech Republic, Slovakia, Ukraine, Belarus and Lithuania. A diverse range of mine types are also identified with different surface expressions in a remarkably intact anthropogenic surface that presents a rare prehistoric industrial landscape of shaft depressions and up-cast waste, remnants of flint workshops, miners’ camps and communication routes. Criterion (iii):  Krzemionki Prehistoric Striped Flint Mining Region is illustrative of the living and working patterns of settled prehistoric communities that distinguish the Neolithic period from that which preceded it. The serial property bears witness to the economic and social organisation of segments of the Neolithic society, which were linked to the extraction of flint and its use for the production of polished axes. The attributes of the property, including the integral Gawroniec Settlement are further enhanced by the proven distribution of striped-flint axes that have been identified in a radius of over 650 km from the complex – the largest recorded range for prehistoric flint axes which act as significant indicators for prehistoric movements. Criterion (iv):  Krzemionki Prehistoric Striped Flint Mining Region represents an exceptional type of Neolithic mining landscape, bearing witness both to a complex technical and social system and to human adaptation to the conditions of natural resource exploitation that is a landmark in the history of mining. It provides evidence that the prehistoric period brought flint mining to produce tools in the largest known example for the prehistoric exploitation of flint. Integrity  Krzemionki Prehistoric Striped Flint Mining Region, as a whole, comprises the best preserved, most technically diverse and complete prehistoric flint mining assemblage known in a European context. All attributes necessary to express the Outstanding Universal Value are included in the serial property that represents the exploitation of the only known deposit of striped flint to be mined in prehistory. Authenticity  Krzemionki Prehistoric Striped Flint Mining Region is authentic in all its attributes, expressed by information sources, that include: the well preserved form and structure of the underground structures, such as shafts, chambers, communication galleries, transport corridors, supporting pillars or waste heaps of mining and processing, as well as the aboveground industrial mining landscape consisting of shaft depressions and waste tips, remnants of flint workshops, miners’ camps and communication routes. Archaeological excavations were conducted between 1947 and 1961 and apart from plentiful waste from flint processing, dateable evidence included pottery (large storage vessels, funnel-shaped flasks and vases, ceramic pipes, and ceramic weaving spindles) and organic remains which were radiocarbon-dated to between 3,500 and 3,200 BCE. The management system for Krzemionki Prehistoric Striped Flint Mining Region is implemented by the ‘Krzemionki’ Archaeological Museum and Reserve (Muzeum Archeologiczne i Rezerwat „Krzemionki”), a local museum which takes the lead role in the management and protection of Krzemionki."
1375,Santiniketan,India,Coal,General Rock,"Despite changes in uses and new artworks in some areas, the buildings and other attributes retain their eclectic forms based on experimentation with techniques and materials ranging from brick, mud, coal tar, living tree, sandstone, glass, cast iron, thatch, timber, bamboo, laterite, precast concrete, and reinforced concrete."
1375,Santiniketan,India,Laterite,General Rock,"Despite changes in uses and new artworks in some areas, the buildings and other attributes retain their eclectic forms based on experimentation with techniques and materials ranging from brick, mud, coal tar, living tree, sandstone, glass, cast iron, thatch, timber, bamboo, laterite, precast concrete, and reinforced concrete."
1375,Santiniketan,India,Sandstone,General Rock,"Despite changes in uses and new artworks in some areas, the buildings and other attributes retain their eclectic forms based on experimentation with techniques and materials ranging from brick, mud, coal tar, living tree, sandstone, glass, cast iron, thatch, timber, bamboo, laterite, precast concrete, and reinforced concrete."
818,Mill Network at Kinderdijk-Elshout,Netherlands (Kingdom of the),Peat,General Rock,Criterion (iv):  The Mill Network at Kinderdijk-Elshout is an extremely ingenious hydraulic system which still functions today and which throughout the ages made it possible to settle and cultivate a large area of peat land.
723,Cultural Landscape of Sintra,Portugal,Granite,General Rock,"Seen from a distance, it gives the impression of an essentially natural landscape that is distinct from its surroundings: a small chain of forested granite mountains rising over the hilly rural landscape. Criterion (v):  The cultural landscape, with its local and exotic vegetation - such as Mexican cypress, Australian acacias and eucalyptus, and pine trees -, its crests and piles of granite rocks covering the archaeological remains, palaces and parks, as well as the historic centre of Sintra and other fine dwellings, built along the same lines in the surrounding Serra, forms a continuing and organically evolved landscape, which has been sustained by painstaking restoration and preservation projects."
1099,Mapungubwe Cultural Landscape,South Africa,Coal,General Rock,"With mining rights being recently returned to the State, better future control was anticipated but the granting of a mining licence for coal 5 km from the boundary of the property, in a highly sensitive area adjacent to the Limpopo river and in the proposed buffer zone that was submitted at the time of the inscription, is a considerable threat."
803,Las Médulas,Spain,Conglomerate,General Rock,"They were cut into the sterile strata, many metres deep, over the layers of auriferous conglomerate. The layers of the auriferous conglomerate were broken up in the same way, but the friable conglomerate was run through washing channels, the heavy gold particles falling to the bottom of the channels."
715,Rapa Nui National Park,Chile,Basalt,General Rock,"Rapa Nui National Park most prominent attributes are the archaeological sites.  It is estimated that there are about 900 statues, more than 300 ceremonial platforms and thousands of structures related to agriculture, funeral rites, housing and production, and other types of activities.  Prominent among the archaeological pieces are the  moai  that range in height from 2 m to 20 m and are for the most part carved from the yellow–brown lava tuff, using simple picks (  toki  ) made from hard basalt and then lowered down the slopes into previously dug holes. The management and conservation efforts, still insufficient, focus on addressing anthropic factors and the effects of weathering, both on the material -volcanic lava and tuff- and on the stability of structures."
715,Rapa Nui National Park,Chile,Lava,General Rock,"Rapa Nui National Park most prominent attributes are the archaeological sites.  It is estimated that there are about 900 statues, more than 300 ceremonial platforms and thousands of structures related to agriculture, funeral rites, housing and production, and other types of activities.  Prominent among the archaeological pieces are the  moai  that range in height from 2 m to 20 m and are for the most part carved from the yellow–brown lava tuff, using simple picks (  toki  ) made from hard basalt and then lowered down the slopes into previously dug holes. The management and conservation efforts, still insufficient, focus on addressing anthropic factors and the effects of weathering, both on the material -volcanic lava and tuff- and on the stability of structures."
715,Rapa Nui National Park,Chile,Tuff,General Rock,"Rapa Nui National Park most prominent attributes are the archaeological sites.  It is estimated that there are about 900 statues, more than 300 ceremonial platforms and thousands of structures related to agriculture, funeral rites, housing and production, and other types of activities.  Prominent among the archaeological pieces are the  moai  that range in height from 2 m to 20 m and are for the most part carved from the yellow–brown lava tuff, using simple picks (  toki  ) made from hard basalt and then lowered down the slopes into previously dug holes. The management and conservation efforts, still insufficient, focus on addressing anthropic factors and the effects of weathering, both on the material -volcanic lava and tuff- and on the stability of structures."
323,Royal Palaces of Abomey,Benin,Laterite,General Rock,"Laterite, water, wood, straw and traditional building techniques remain references for any intervention that should enable good transmission of this heritage to future generations."
1343,"Cultural Sites of Al Ain (Hafit, Hili, Bidaa Bint Saud and Oases Areas)",United Arab Emirates,Adobe,General Rock,"Remarkable vestiges in the property include circular stone tombs (ca 2500 B.C.), wells and a wide range of adobe constructions: residential buildings, towers, palaces and administrative buildings."
983,"Historic Town of St George and Related Fortifications, Bermuda",United Kingdom of Great Britain and Northern Ireland,Limestone,General Rock,"Because of the nature of the soft limestone that continues to be used for construction, walls, including roofs, are white-washed."
1590,Sanctuary of Bom Jesus do Monte in Braga,Portugal,Granite,General Rock,"The granite buildings have whitewashed plaster façades, framed by exposed stonework. The result is a high quality and solid construction, with a concentration of artistic and technical expressions, a landscape where, together with water, granite is celebrated, sculpted within a luxurious “nature”, perfectly integrated into the landscape. The unity of the architectural ensemble and its high artistic quality result from its overall design and organization, structure and composition, as well as from the predominant use of granite, which endows the sanctuary with a significant sculptural and plastic dimension. Retaining and dividing walls, stairways, buildings, fountains, pavements, ornaments and an impressive and unprecedented set of statues are all made of granite, resulting in a work of high construction quality. The contrast between the whitewashed granite, on the one hand, and the surrounding lush green park and wood, on the other, decisively contributes to the sanctuary’s baroque character. The attributes of the structural and ornamental materials: granite walls, stairways, patios, gardens, chapels, church, fountains and statues, associated with the presence of water and of decisive importance for the property’s artistic and symbolic dimension and for interpretation of the overall narrative of the property, as well as the surrounding woodlands and park have remained intact, and guarantee the completeness of the narrative and integrity of the ensemble."
658,Coro and its Port,Venezuela (Bolivarian Republic of),Adobe,General Rock,"Criterion (iv)  Unlike other cities on the Caribbean Coast, the buildings of Coro and its Port are constructed with earthen architecture and domestic buildings show unique examples of traditional mud building techniques including  bahareque (a system using mud, timber and bamboo)  , adobe and  tapia (rammed earth  )."
1087,Town Hall and Roland on the Marketplace of Bremen,Germany,Sandstone,General Rock,"An elaborate sculptural decoration in sandstone was added to the façade, representing allegorical and emblematic depictions."
1485,The Forth Bridge,United Kingdom of Great Britain and Northern Ireland,Granite,General Rock,"The superstructure of the bridge takes the form of three double-cantilever towers rising 110 m above their granite pier foundations, with cantilever arms to each side. Integrity  The property contains all the elements necessary to express the Outstanding Universal Value of The Forth Bridge, including granite piers and steel superstructure."
1026,Val d'Orcia,Italy,Chalk,General Rock,"The landscape’s distinctive aesthetics, flat chalk plains out of which rise almost conical hills with fortified settlements on top, inspired many artists."
579,Bronze Age Burial Site of Sammallahdenmäki,Finland,Granite,General Rock,"Bronze Age Burial Site of Sammallahdenmäki  This Bronze Age burial site features more than 30 granite burial cairns, providing a unique insight into the funerary practices and social and religious structures of northern Europe more than three millennia ago. These cairns were usually constructed of granite boulders quarried from the cliff face below the crest of the ridge or collected from the site itself."
474,Hortobágy National Park - the <i>Puszta</i>,Hungary,Adobe,General Rock,"Integrity  The Puszta, represented by the Hortobágy National Park, is a complex mosaic of natural grasslands, loess ridges, alkaline pastures, meadows and smaller and larger wetlands (mostly marshes), which has presented ideal conditions for pastoralism since prehistoric times and which existed before the appearance of large animal-breeding cultures in this area. adobe and reed), in their forms, in their structural construction (or the characteristic absence of certain elements, such as fences), and in the ways of their usage."
474,Hortobágy National Park - the <i>Puszta</i>,Hungary,Loess,General Rock,"Integrity  The Puszta, represented by the Hortobágy National Park, is a complex mosaic of natural grasslands, loess ridges, alkaline pastures, meadows and smaller and larger wetlands (mostly marshes), which has presented ideal conditions for pastoralism since prehistoric times and which existed before the appearance of large animal-breeding cultures in this area. adobe and reed), in their forms, in their structural construction (or the characteristic absence of certain elements, such as fences), and in the ways of their usage."
371,Ironbridge Gorge,United Kingdom of Great Britain and Northern Ireland,Coal,General Rock,"The small community of Jackfield on the south bank of the River Severn was important for navigation, coal mining, clay production, and the manufacture of decorative tiles."
273,City of Cuzco,Peru,Andesite,General Rock,"Of the first, it preserves impressive vestiges, especially its plan: walls of meticulously cut granite or andesite, rectilinear streets running within the walls, and the ruins of the Sun Temple."
273,City of Cuzco,Peru,Granite,General Rock,"Of the first, it preserves impressive vestiges, especially its plan: walls of meticulously cut granite or andesite, rectilinear streets running within the walls, and the ruins of the Sun Temple."
885,Historic Centre of Shakhrisyabz,Uzbekistan,Marble,General Rock,"The main façade was faced with white marble. The tomb of Temur, also of white marble, is a masterpiece of the architecture of this period and it is also one of the finest memorials to be found in Central Asia."
885,Historic Centre of Shakhrisyabz,Uzbekistan,White Marble,General Rock,"The main façade was faced with white marble. The tomb of Temur, also of white marble, is a masterpiece of the architecture of this period and it is also one of the finest memorials to be found in Central Asia."
1270,Historic Centre of Camagüey,Cuba,Serpentine,General Rock,"Settled in its current location in 1528, the town developed on the basis of an irregular urban pattern that contains a system of large and minor squares, serpentine streets, alleys and irregular urban blocks, highly exceptional for Latin American colonial towns located in plain territories. Once settled in its current location in 1528, the town developed on the basis on an irregular urban pattern that contains a system of squares, minor squares, serpentine streets, alleys and irregular urban blocks, highly exceptional for Latin American colonial towns located in plain territories. Criterion (iv):  The Historic Centre of Camagüey constitutes an outstanding urban architectural type in Latin America, featured by its irregular urban layout that produced an unusual system of squares, minor squares, serpentine streets, alleys, urban blocks and plots system."
1743,Rock Paintings of Shulgan-Tash Cave,Russian Federation,Speleothem,General Rock,
240,Khajuraho Group of Monuments,India,Sandstone,General Rock,"Built in sandstone, each temple is elevated from its environs by a highly ornate terraced platform, or jagati, on which stands the body, or jangha, whose sanctum is topped by a tower, or shikhara, of a type unique to Nagara, where the verticality of the principal spire atop the sanctum is accentuated by a series of miniature spires flanking it, each symbolizing Mount Kailasa, the abode of the Gods."
266,La Fortaleza and San Juan National Historic Site in Puerto Rico,United States of America,Sandstone,General Rock,"The site is fundamentally in a good state of preservation, despite conservation challenges posed by susceptible materials such as sandstone, brick, and plaster in the presence of the erosive action of the sea and heavy traffic in the area."
80,Mont-Saint-Michel and its Bay,France,Granite,General Rock,"The older part of the present abbey, the small pre-Romanesque church with a double nave, Notre-Dame-sous-terre, in granite masonry and flat bricks, dates back undoubtedly to the 10th century."
1519,Aphrodisias,Türkiye,Marble,General Rock,"Aphrodisias  Located in southwestern Turkey, in the upper valley of the Morsynus River, the site consists of two components: the archaeological site of Aphrodisias and the marble quarries northeast of the city. The wealth of Aphrodisias came from the marble quarries and the art produced by its sculptors."
1622,Arslantepe Mound,Türkiye,Adobe,General Rock,"The earliest layers belong to the Late Chalcolithic 1-2 periods, contemporary to Early Uruk in Southern Mesopotamia (4300-3900 BCE) and are characterized by adobe houses. Considerable evidence also testifies other phases of occupation, such as the earlier Late Chalcolithic period characterized by adobe houses dating to the first half of the 4th millennium BCE and the Early Bronze Age period, most prominently identified by a Royal Tomb complex. The adobe remains of the Late Chalcolithic period, which is comparatively fragile, is protected under two roof shelters."
1111,Cultural Landscape of Honghe Hani Rice Terraces,China,Adobe,General Rock,"Clefts in the rocks channel the rain, and sandstone beneath the granite mountains traps the water and then later releases it as springs. The traditional vernacular buildings have walls built of rammed earth, of adobe bricks or of earth and stone under a tall, hipped, roof thatched with straw that gives the houses a distinctive ‘mushroom’ shape. New materials in houses – such as concrete bricks that replace adobe or tiles that replace thatched roofs to– are beginning to have a marked impact on the overall image of villages in the landscape as the colour as well as the forms of the buildings are subject to change."
1111,Cultural Landscape of Honghe Hani Rice Terraces,China,Granite,General Rock,"Clefts in the rocks channel the rain, and sandstone beneath the granite mountains traps the water and then later releases it as springs. The traditional vernacular buildings have walls built of rammed earth, of adobe bricks or of earth and stone under a tall, hipped, roof thatched with straw that gives the houses a distinctive ‘mushroom’ shape. New materials in houses – such as concrete bricks that replace adobe or tiles that replace thatched roofs to– are beginning to have a marked impact on the overall image of villages in the landscape as the colour as well as the forms of the buildings are subject to change."
1111,Cultural Landscape of Honghe Hani Rice Terraces,China,Sandstone,General Rock,"Clefts in the rocks channel the rain, and sandstone beneath the granite mountains traps the water and then later releases it as springs. The traditional vernacular buildings have walls built of rammed earth, of adobe bricks or of earth and stone under a tall, hipped, roof thatched with straw that gives the houses a distinctive ‘mushroom’ shape. New materials in houses – such as concrete bricks that replace adobe or tiles that replace thatched roofs to– are beginning to have a marked impact on the overall image of villages in the landscape as the colour as well as the forms of the buildings are subject to change."
1713,Royal Court of Tiébélé,Burkina Faso,Adobe,General Rock,"Lastly, hut construction techniques are changing, particularly with the use of the adobe technique, the making of cement brick foundations and the use of tar-based paint coatings; if these practices become widespread, they could adversely affect the integrity of the property."
1363,Prehistoric Pile Dwellings around the Alps,"Austria,France,Germany,Italy,Slovenia,Switzerland",Amber,General Rock,"They also reveal details of trade routes for flint, shells, gold, amber, and pottery across the Alps and within the plains, transport evidence from dugout canoes and wooden wheels, some complete with axles for two wheeled carts dating from around 3,400BC, some of the earliest preserved in the world, and the oldest textiles in Europe dating to 3,000 BC."
1363,Prehistoric Pile Dwellings around the Alps,"Austria,France,Germany,Italy,Slovenia,Switzerland",Flint,General Rock,"They also reveal details of trade routes for flint, shells, gold, amber, and pottery across the Alps and within the plains, transport evidence from dugout canoes and wooden wheels, some complete with axles for two wheeled carts dating from around 3,400BC, some of the earliest preserved in the world, and the oldest textiles in Europe dating to 3,000 BC."
743,National Archeological Park of Tierradentro,Colombia,Tuff,General Rock,"The area holds the largest concentration of pre-Columbian monumental shaft tombs with side chambers--known as hypogea—which were carved in the volcanic tuff below hilltops and mountain ridges. The degree of complexity achieved by the architecture of these tombs with chambers that resemble the interior of large houses is evident in the admirable carving in tuff of the stairs that give access to a lobby and the chamber, as well as in the skilful placement of core and perimeter columns that required very careful planning."
743,National Archeological Park of Tierradentro,Colombia,Volcanic Tuff,General Rock,"The area holds the largest concentration of pre-Columbian monumental shaft tombs with side chambers--known as hypogea—which were carved in the volcanic tuff below hilltops and mountain ridges. The degree of complexity achieved by the architecture of these tombs with chambers that resemble the interior of large houses is evident in the admirable carving in tuff of the stairs that give access to a lobby and the chamber, as well as in the skilful placement of core and perimeter columns that required very careful planning."
1597,Writing-on-Stone / Áísínai’pi,Canada,Sandstone,General Rock,"The Blackfoot Confederacy (Siksikáíítsitapi) left engravings and paintings on the sandstone walls of the Milk River Valley, bearing testimony to messages from Sacred Beings. The Blackfoot Confederacy (Siksikáítsitapi) has left engravings and paintings on the sandstone walls and landscape features, which bear witness to spirit messages."
398,Castel del Monte,Italy,Limestone,General Rock,"Marble and mosaic interior decorative elements, however, have deteriorated and in many cases been removed. In terms of construction materials, the exterior limestone block construction is intact while the interior has been degraded by the removal or decay of its marble and mosaic decoration."
398,Castel del Monte,Italy,Marble,General Rock,"Marble and mosaic interior decorative elements, however, have deteriorated and in many cases been removed. In terms of construction materials, the exterior limestone block construction is intact while the interior has been degraded by the removal or decay of its marble and mosaic decoration."
1348,Ancient Villages of Northern Syria,Syrian Arab Republic,Limestone,General Rock,"Description is available under license CC-BY-SA IGO 3.0 Brief synthesis  Located in a vast Limestone Massif, in the northwest of Syria, some forty ancient villages provide a coherent and exceptionally broad insight into rural and village lifestyles in late Antiquity and the Byzantine Period. Criterion (iii):  The Ancient Villages of Northern Syria and their relict landscapes provide exceptional testimony to the lifestyles and cultural traditions of the rural civilisations that developed in the Middle East, in the context of a Mediterranean climate in mid-altitude limestone mountains from the 1st to the 7th centuries. Criterion (v):  The Ancient Villages of Northern Syria and their relict landscapes provide an eminent example of a sustainable rural settlement from the 1st to the 7th centuries, based on the careful use of the soil, water and limestone, and the mastery of production of valuable agricultural crops. Nonetheless, the recent trend of an agricultural re-settlement of the Limestone Massif could affect the built integrity of certain villages and the associated landscapes."
384,Old Town of Cáceres,Spain,Granite,General Rock,"Authenticity  The authenticity of the property is largely maintained in the Gothic-Renaissance city, with a large amount and quality of nobility constructions (fortress-houses) from the 15th century and palace-houses from the 16th century, with a significant amount of granite masonry still preserved."
352,Rock Art of Alta,Norway,Red Slate,General Rock,"Here the carvings have been chiselled into very hard quartz-rich sandstone. But even in Kåfjord, where the red slate has more cracks than in the other areas, most of the figures have been preserved under turf, and the chisel marks from their production thousands of years ago can be studied."
352,Rock Art of Alta,Norway,Sandstone,General Rock,"Here the carvings have been chiselled into very hard quartz-rich sandstone. But even in Kåfjord, where the red slate has more cracks than in the other areas, most of the figures have been preserved under turf, and the chisel marks from their production thousands of years ago can be studied."
352,Rock Art of Alta,Norway,Slate,General Rock,"Here the carvings have been chiselled into very hard quartz-rich sandstone. But even in Kåfjord, where the red slate has more cracks than in the other areas, most of the figures have been preserved under turf, and the chisel marks from their production thousands of years ago can be studied."
231,Red Fort Complex,India,Red Sandstone,General Rock,"Named for its massive enclosing walls of red sandstone, it is adjacent to an older fort, the Salimgarh, built by Islam Shah Suri in 1546, with which it forms the Red Fort Complex."
231,Red Fort Complex,India,Sandstone,General Rock,"Named for its massive enclosing walls of red sandstone, it is adjacent to an older fort, the Salimgarh, built by Islam Shah Suri in 1546, with which it forms the Red Fort Complex."
1484,"Sites of Japan’s Meiji Industrial Revolution: Iron and Steel, Shipbuilding and Coal Mining",Japan,Coal,General Rock,"Sites of Japan’s Meiji Industrial Revolution: Iron and Steel, Shipbuilding and Coal Mining. Sites of Japan’s Meiji Industrial Revolution: Iron and Steel, Shipbuilding and Coal Mining  The site encompasses a series of twenty three component parts, mainly located in the southwest of Japan. It bears testimony to the rapid industrialization of the country from the middle of the 19th century to the early 20th century, through the development of the iron and steel industry, shipbuilding and coal mining. The rapid industrialization that Japan achieved from the middle of the 19th century to the early 20th century was founded on iron and steel, shipbuilding and coal mining, particularly to meet defence needs. Criterion (iv):  The technological ensemble of key industrial sites of iron and steel, shipbuilding and coal mining is testimony to Japan’s unique achievement in world history as the first non-Western country to successfully industrialize. The Hashima Coal Mine is in a state of deterioration and presents substantial conservation challenges. At the Miike Coal Mine and Miike Port some of the physical fabric is in poor condition. The visual integrity of the Takashima Coal Mine is compromised by small scale domestic and commercial development, while at Shuseikan, the Foreign Engineer’s Residence has been relocated twice and is now located in the proximity of its original location."
310,Cave of Altamira and Paleolithic Cave Art of Northern Spain,Spain,Flint,General Rock,"In most of the caves, original materials related to the execution of the art have been found, such as flint chisels, charcoal pencils, fragments of iron and manganese oxides and even blow pipes made from bird bones to “airbrush” paint."
744,San Agustín Archaeological Park,Colombia,Tuff,General Rock,"These hieratic guards, some more than 4 m high weighing several tonnes, are carved in blocks of tuff and volcanic rock."
744,San Agustín Archaeological Park,Colombia,Volcanic Rock,General Rock,"These hieratic guards, some more than 4 m high weighing several tonnes, are carved in blocks of tuff and volcanic rock."
499,Kairouan,Tunisia,Marble,General Rock,"Its rich architectural heritage includes the Great Mosque, with its marble and porphyry columns, and the 9th-century Mosque of the Three Gates."
499,Kairouan,Tunisia,Porphyry,General Rock,"Its rich architectural heritage includes the Great Mosque, with its marble and porphyry columns, and the 9th-century Mosque of the Three Gates."
867,Ir.D.F. Woudagemaal (D.F. Wouda Steam Pumping Station),Netherlands (Kingdom of the),Coal,General Rock,"Woudagemaal  , consisting of the pumping station with boiler house, chimney and coal storage depot, the inlet sluice at the Teroelsterkolk, the drainage canal (  Afwateringskanaal  ), the outlet in front of the pumping station and at the inlet sluice, the sea dykes along the IJsselmeer with the pumping station itself functioning as a sea barrier, and the surrounding wide expanse of pasture lands has an outstanding value as a whole and is of high visual quality with respect to the landscape. The only significant change has been the replacement of the eight original boilers by four larger-capacity installations in 1955 and their subsequent conversion from coal to fuel-oil firing twelve years later. Protection and management requirements  The pumping station with boiler house, chimney and coal storage depot is designated as a monument under the 1988 Monuments and Historic Buildings Act."
492,Taos Pueblo,United States of America,Adobe,General Rock,"Taos Pueblo  Situated in the valley of a small tributary of the Rio Grande, this adobe settlement – consisting of dwellings and ceremonial buildings – represents the culture of the Pueblo Indians of Arizona and New Mexico. Description is available under license CC-BY-SA IGO 3.0 Brief synthesis  This Pueblo Indian settlement in northern New Mexico, consisting of ceremonial buildings and facilities, and multi-storey adobe dwellings built in terraced tiers, exemplifies the living culture of a group of present-day Pueblo Indian people at Taos Pueblo. The property includes the walled village with two multi-storey adobe structures, seven kivas (underground ceremonial chambers), the ruins of a previous pueblo, four middens, a track for traditional foot-races, the ruins of the first church built in the 1600s and the present-day San Geronimo Catholic Church. Integrity  Within the boundaries of Taos Pueblo are located all the elements necessary to understand and express the Outstanding Universal Value of the property, including the adobe-walled village with its important historic and prehistoric features inside and outside the walled area. The two main adobe complexes retain their traditional three-dimensional layout. Adobe requires regular maintenance through periodic replastering, which is undertaken as needed by tribal members using traditional materials and methods."
4,L’Anse aux Meadows National Historic Site,Canada,Peat,General Rock,"The excavated remains of wood-framed peat-turf buildings are similar to those found in Norse Greenland and Iceland. The buildings include three dwellings, one forge and four workshops, on a narrow terrace overlooking a peat bog and small brook near the shore of Epaves Bay in the Straight of Belle Isle  . Extensive archaeological research after the site’s discovery in 1960 revealed that the timber-framed structures were constructed with a particular type of gabled roof and covered with turf taken from the surrounding peat bog."
560,"Archaeological Zone of Paquimé, Casas Grandes",Mexico,Adobe,General Rock,"The predominant building material is unfired clay (adobe); stone is used for specific purposes, such as the lining of pits, a technique from central Mexico. Criterion (iv) :  The extensive remains of the archaeological site of Paquimé, Casas Grandes, provide exceptional evidence of the development of adobe architecture in North America, and in particular of the blending of this with the more advanced techniques of Mesoamerica."
1418,"Fujisan, sacred place and source of artistic inspiration",Japan,Lava,General Rock,"On the upper 1,500-metre tier of the 3,776m mountain, pilgrim routes and crater shrines have been inscribed alongside sites around the base of the mountain including Sengen-jinja shrines, Oshi lodging houses, and natural volcanic features such as lava tree moulds, lakes, springs and waterfalls, which are revered as sacred. Curious natural volcanic features at the foot of the mountain, created by lava flowing down after volcanic eruptions, came to be revered as sacred sites, while the lakes and springs  were used by pilgrims for cold ablutions, Mizugori, to purify their bodies prior to climbing the mountain. The serial property consists of the top zone of the mountain, and spread out around its lower slopes shrines, lodging houses and a group of revered natural phenomena consisting of springs, a waterfall lava tree moulds and a pine tree grove on the sand beach, which together form an exceptional testimony to the religious veneration of Fujisan, and encompass enough of its majestic form to reflect the way its beauty as depicted by artists had such a profound influence on the development of Western art. The overall landscape of the summit is protected as part of the Fuji-Hakone-Izu National Park and this includes the lava tree molds and Lakes Yamanakako and Lake Kawaguchiko."
666,"Lumbini, the Birthplace of the Lord Buddha",Nepal,Sandstone,General Rock,The complex of structures within the archaeological conservation area includes the Shakya Tank; the remains within the Maya Devi Temple consisting of brick structures in a cross-wall system dating from the 3rd century BC to the present century and the sandstone Ashoka pillar with its Pali inscription in Brahmi script.
13,Melka Kunture and Balchit: Archaeological and Palaeontological Sites in the Highland Area of Ethiopia,Ethiopia,Obsidian,General Rock,"With a relatively continuous stratigraphic sequence formed by the accumulation of fluvial/alluvial and volcano-derived deposits interposed with tuff, the property preserves an exceptionally long cultural sequence consisting of four consecutive phases of the Oldowan, Acheulean, Middle Stone Age and Late Stone Age techno-complexes, documented in a variety of archaeological contexts, testifying to the occupation of the area by hominin groups from two million years ago. Rich concentration of varied lithic assemblages made from volcanic rocks with different knapping techniques, and evidence of high-quality of standardised obsidian tools, suggest a level of planning and innovation. Evidence of the centuries-long tradition of procurement and use of obsidian starting with the Oldowan industry makes the property the earliest known example of obsidian utilisation and an outstanding witness of continuity of exploitation of this raw material. Criterion (v):  The cluster of Pleistocene archaeological and palaeontological sites of Melka Kunture and Balchit testifies in an exceptional way to the consistent exploitation of obsidian as a raw material and its extensive use for tool production that starts with the Oldowan industry. It is the earliest known example of obsidian utilisation, and the only known place in the world that holds an uninterrupted record of systematic procurement of this volcanic glass and its knapping since two million years ago. High-quality and quantity of standardised obsidian tools found in Acheulean contexts suggests possible introduction of specialised production sites."
13,Melka Kunture and Balchit: Archaeological and Palaeontological Sites in the Highland Area of Ethiopia,Ethiopia,Tuff,General Rock,"With a relatively continuous stratigraphic sequence formed by the accumulation of fluvial/alluvial and volcano-derived deposits interposed with tuff, the property preserves an exceptionally long cultural sequence consisting of four consecutive phases of the Oldowan, Acheulean, Middle Stone Age and Late Stone Age techno-complexes, documented in a variety of archaeological contexts, testifying to the occupation of the area by hominin groups from two million years ago. Rich concentration of varied lithic assemblages made from volcanic rocks with different knapping techniques, and evidence of high-quality of standardised obsidian tools, suggest a level of planning and innovation. Evidence of the centuries-long tradition of procurement and use of obsidian starting with the Oldowan industry makes the property the earliest known example of obsidian utilisation and an outstanding witness of continuity of exploitation of this raw material. Criterion (v):  The cluster of Pleistocene archaeological and palaeontological sites of Melka Kunture and Balchit testifies in an exceptional way to the consistent exploitation of obsidian as a raw material and its extensive use for tool production that starts with the Oldowan industry. It is the earliest known example of obsidian utilisation, and the only known place in the world that holds an uninterrupted record of systematic procurement of this volcanic glass and its knapping since two million years ago. High-quality and quantity of standardised obsidian tools found in Acheulean contexts suggests possible introduction of specialised production sites."
13,Melka Kunture and Balchit: Archaeological and Palaeontological Sites in the Highland Area of Ethiopia,Ethiopia,Volcanic Rock,General Rock,"With a relatively continuous stratigraphic sequence formed by the accumulation of fluvial/alluvial and volcano-derived deposits interposed with tuff, the property preserves an exceptionally long cultural sequence consisting of four consecutive phases of the Oldowan, Acheulean, Middle Stone Age and Late Stone Age techno-complexes, documented in a variety of archaeological contexts, testifying to the occupation of the area by hominin groups from two million years ago. Rich concentration of varied lithic assemblages made from volcanic rocks with different knapping techniques, and evidence of high-quality of standardised obsidian tools, suggest a level of planning and innovation. Evidence of the centuries-long tradition of procurement and use of obsidian starting with the Oldowan industry makes the property the earliest known example of obsidian utilisation and an outstanding witness of continuity of exploitation of this raw material. Criterion (v):  The cluster of Pleistocene archaeological and palaeontological sites of Melka Kunture and Balchit testifies in an exceptional way to the consistent exploitation of obsidian as a raw material and its extensive use for tool production that starts with the Oldowan industry. It is the earliest known example of obsidian utilisation, and the only known place in the world that holds an uninterrupted record of systematic procurement of this volcanic glass and its knapping since two million years ago. High-quality and quantity of standardised obsidian tools found in Acheulean contexts suggests possible introduction of specialised production sites."
13,Melka Kunture and Balchit: Archaeological and Palaeontological Sites in the Highland Area of Ethiopia,Ethiopia,Volcanic Tuff,General Rock,"With a relatively continuous stratigraphic sequence formed by the accumulation of fluvial/alluvial and volcano-derived deposits interposed with tuff, the property preserves an exceptionally long cultural sequence consisting of four consecutive phases of the Oldowan, Acheulean, Middle Stone Age and Late Stone Age techno-complexes, documented in a variety of archaeological contexts, testifying to the occupation of the area by hominin groups from two million years ago. Rich concentration of varied lithic assemblages made from volcanic rocks with different knapping techniques, and evidence of high-quality of standardised obsidian tools, suggest a level of planning and innovation. Evidence of the centuries-long tradition of procurement and use of obsidian starting with the Oldowan industry makes the property the earliest known example of obsidian utilisation and an outstanding witness of continuity of exploitation of this raw material. Criterion (v):  The cluster of Pleistocene archaeological and palaeontological sites of Melka Kunture and Balchit testifies in an exceptional way to the consistent exploitation of obsidian as a raw material and its extensive use for tool production that starts with the Oldowan industry. It is the earliest known example of obsidian utilisation, and the only known place in the world that holds an uninterrupted record of systematic procurement of this volcanic glass and its knapping since two million years ago. High-quality and quantity of standardised obsidian tools found in Acheulean contexts suggests possible introduction of specialised production sites."
675,Joya de Cerén Archaeological Site,El Salvador,Volcanic Ash,General Rock,"Around AD 500, the central and western parts of the territory of the modern Republic of El Salvador were buried beneath thick layers of volcanic ash from the Ilopango volcano. Underneath the layers of volcanic ash, the best preserved example of a pre-hispanic village in Mesoamerica can be found, with architectural remains, grouped into compounds that include civic, religious and household buildings."
1152,Þingvellir National Park,Iceland,Lava,General Rock,"The National Park is enclosed by a varied belt of mountains on three sides, featuring grass-covered lava fields, and Lake Þingvallavatn lies at its southern end."
1698,Sado Island Gold Mines,Japan,Volcanic Rock,General Rock,"In addition, the weathering of the volcanic rock exposed ore veins, which were mined underground at the land surface and deep underground in the Aikawa-Tsurushi Area, at the southern end of the Osado Mountains range."
1425,"The Climats, terroirs of Burgundy",France,Limestone,General Rock,"Description is available under license CC-BY-SA IGO 3.0 Brief synthesis  The Climats, terroirs of Burgundy, are small precisely delimited parcels of vineyard located on the slopes of the Côte de Nuits and the Côte de Beaune, natural hillsides with clay-limestone soils of extremely variable composition extending 50 km south of Dijon up to Maranges."
856,"The Four Lifts on the Canal du Centre and their Environs, La Louvière and Le Roeulx (Hainaut)",Belgium,Coal,General Rock,"The construction of the Canal du Centre to ensure the liaison between the Meuse and the Escaut basins was part of the opening-up programme of Hainaut, a rich industrial region, notably coal, but with very few natural navigable waterways for coal export."
267,Old City of Berne,Switzerland,Limestone,General Rock,"This development remains visible in its urban structure, mainly tributary to the medieval establishment and its clearly defined elements: well-defined wide streets, used for the market, a regular division of built sections, subdivided into narrow and deep parcels, an advanced infrastructure for water transportation, impressive buildings for the most part dating from the 18th century mainly built from sandy limestone, with their system of arcades and the facades of the houses supported by arches. In the 17th century, many patrician houses were built of sandy limestone, and towards the end of the 18th century, a large part of the constructed zones underwent transformation."
27,Mesa Verde National Park,United States of America,Sandstone,General Rock,"Some 600 cliff dwellings built of sandstone and mud mortar have been recorded within Mesa Verde National Park – including the famous multi-storey Cliff Palace, Balcony House, and Square Tower House – and an additional 4,300 archaeological sites have been discovered. Large portions of the sandstone and mud-mortar multi-storey buildings have survived intact in form and materials, a tribute to the engineering skills of these early peoples as well as the dry environment of the mesa’s alcoves."
306,Matobo Hills,Zimbabwe,Granite,General Rock,"Matobo Hills  The area exhibits a profusion of distinctive rock landforms rising above the granite shield that covers much of Zimbabwe. Description is available under license CC-BY-SA IGO 3.0 Brief synthesis  The Matobo Hills some 35 km south of Bulawayo are a profusion of distinctive granite landforms, densely packed into a comparatively tight area, that rise up to form a sea of hills. Their forms have resulted from the varied composition and alignment of the granite rocks, which responded differently to millions of years of weathering. These extraordinary granite rock formations have exerted a strong presence over the whole area – both in natural and cultural terms."
1310,"Cidade Velha, Historic Centre of Ribeira Grande",Cabo Verde,Marble,General Rock,"Located in the south of the island of Santiago, the town features some of the original street layout impressive remains including two churches, a royal fortress and Pillory Square with its ornate 16th century marble pillar."
1555,Colonies of Benevolence,"Belgium,Netherlands (Kingdom of the)",Peat,General Rock,The Colonies of Benevolence created a highly functional landscape out of isolated peat and heath wastelands through the domestic colonisation of paupers.
1344,Major Mining Sites of Wallonia,Belgium,Coal,General Rock,"Major Mining Sites of Wallonia  The four sites of the property form a strip 170 km long by 3–15 km wide, crossing Belgium from east to west, consisting of the best-preserved 19th- and 20th-century coal-mining sites of the country. Description is available under license CC-BY-SA IGO 3.0 Brief synthesis  The Grand-Hornu, Bois-du-Luc, Bois du Cazier and Blegny-Mine sites represent the best preserved places of coal mining in Belgium, from the early 19th to the second half of the 20th centuries. The Walloon Coal Basin is one of the oldest, and most emblematic of the industrial revolution, on the European continent. The four sites include numerous technical and industrial remains, relating to both the surface and the underground coal mining industry, the industrial architecture associated with the mines, worker housing, mining town urban planning and the social and human values associated with their history, in particular the memory of the Bois du Cazier disaster (1956)."
1360,Nord-Pas de Calais Mining Basin,France,Coal,General Rock,"Nord-Pas de Calais Mining Basin  Remarkable as a landscape shaped over three centuries of coal extraction from the 1700s to the 1900s, the site consists of 109 separate components over 120,000 ha. It features mining pits (the oldest of which dates from 1850) and lift infrastructure, slag heaps (some of which cover 90 ha and exceed 140 m in height), coal transport infrastructure, railway stations, workers’ estates and mining villages including social habitat, schools, religious buildings, health and community facilities, company premises, owners and managers’ houses, town halls and more. Description is available under license CC-BY-SA IGO 3.0 Brief synthesis  The Nord-Pas de Calais Mining Basin corresponds to the French part of the northwest European coal seam. It provides an important and well preserved example of coal mining and its associated urban planning throughout the two centuries of intensive coal extraction from the end of the 18th century to the last quarter of the 20th century, through industrial methods involving a great many workers. This succession of landscapes resulting from the virtually mono-industry of coal extraction includes: physical and geographic components (slag heaps, farmland, mining subsidence ponds and woods), a mining industrial heritage (pit heads, residual industrial buildings and headgear), vestiges of transport equipment, the so-called ’cavaliers’, (canals, railways, conveyors), worker housing and characteristic urban planning (mining villages, garden cities, detached housing estates and tenement buildings), monumental and architectural components testifying to community life (churches, schools, managers’ châteaux, company head offices, worker union premises, stations, town halls, hospitals and clinics, community halls and sports facilities), and finally places of remembrance and celebration of the Basin’s history and its miners. Criterion (ii)  : The Nord-Pas de Calais Mining Basin provides exceptional testimony to the exchange of ideas and influences regarding the extraction methods used for underground coal seams, the design of worker housing and urban planning, as well as the international human migration that accompanied the industrialization of Europe. Criterion (iv)  : The living and evolving mining landscapes of the Nord-Pas de Calais Basin provide an eminent example of the large-scale development of coal mining in the 19th and 20th centuries, by large industrial companies and their considerable workforce. This is a space structured by urban planning, specific industrial structures and the physical vestiges of coal extraction (slag heaps and subsidence). They are testimony to the evolution of the social and technical conditions of coal extraction. The integrity of the industrial testimony to coal extraction is, however, much weaker. In practice, the integrity can be satisfactorily read on three levels: the technical object or building, the intermediate level of the coal extraction pit, worker estate or local territory, and, lastly, the more expansive view of the landscapes and horizons that meet the visitor’s eye."
689,As-Salt - The Place of Tolerance and Urban Hospitality,Jordan,Limestone,General Rock,"This prosperity attracted skilled craftsmen from different parts of the region who worked on transforming the modest rural settlement into a thriving town with a distinctive layout and an architecture characterized by large public buildings and family residences constructed of local yellow limestone. The city features large public buildings and private residences characterised by a central hallway and three bays, constructed of yellow limestone."
925,Rock Shelters of Bhimbetka,India,Sandstone,General Rock,"Within massive sandstone outcrops, above comparatively dense forest, are five clusters of natural rock shelters, displaying paintings that appear to date from the Mesolithic Period right through to the historical period."
1527,Caves and Ice Age Art in the Swabian Jura,Germany,Limestone,General Rock,"The property includes sufficient consideration of the setting of the caves in relation to the topography and vegetation of the Lone and Ach valleys, including the limestone cliffs, valley floors and adjacent uplands."
687,Völklingen Ironworks,Germany,Coal,General Rock,"It contains installations covering every stage in the pig-iron production process, from raw materials handling and processing equipment for coal and iron ore to blast-furnace iron production, with all the ancillary equipment, such as gas purification and blowing equipment. Much of the original coking plant survives, despite the 1935 reconstruction, notably the coal tower of 1898."
1453,Precolumbian Chiefdom Settlements with Stone Spheres of the Diquís,Costa Rica,Limestone,General Rock,"Finca 6 is the only site retaining stone spheres in linear arrangements, Batambal is the only chiefdom settlement visible from a far distance, El Silencio contains the largest single stone sphere ever found, and Grijalba-2 site is unique for its use of limestone and its distinctive characteristics as a subordinate centre, as opposed to the Finca 6 site, which was likely a principal centre."
1610,Ombilin Coal Mining Heritage of Sawahlunto,Indonesia,Coal,General Rock,"Ombilin Coal Mining Heritage of Sawahlunto. Ombilin Coal Mining Heritage of Sawahlunto  Built for the extraction, processing and transport of high-quality coal in an inaccessible region of Sumatra, this industrial site was developed by the Netherlands East Indies’ government in the globally important period of industrialisation from the late 19th to the beginning of the 20th century. It comprises the mining site and company town, coal storage facilities at the port of Emmahaven and the railway network linking the mines to the coastal facilities. The Ombilin Coal Mining Heritage was built as an integrated system that enabled the efficient deep-bore extraction, processing, transport and shipment of coal. Description is available under license CC-BY-SA IGO 3.0 Brief synthesis  Ombilin Coal Mining Heritage of Sawahlunto is an outstanding example of a pioneering technological ensemble planned and built by European engineers in their colonies designed to extract strategic coal resources. Built to exploit the exceedingly rich Ombilin coal deposits, located in the inaccessible mountains of West Sumatra, the Ombilin Coal Mining Heritage of Sawahlunto is an extensive technological ensemble consisting of twelve components located in three functionally-related areas: Area A, consisting of open pit mines and labyrinthine underground mining tunnels together with on-site coal processing facilities, supported by a full-facility purpose-built mining town nearby at Sawahlunto; Area B, an ingeniously engineered rack mountain railway together with numerous rail bridges and tunnels, linking the mines to the coastal seaport, across 155 kilometres of rugged mountain terrain; and Area C, a dredged harbour and newly-constructed seaport at Emmahaven on Sumatra's Indian Ocean coast from where the coal was shipped throughout the Netherlands East Indies and to Europe. Criterion (ii):  Ombilin Coal Mining Heritage of Sawahlunto exhibits a significant interchange of mining technology between Europe and its colonies during the second half of the 19th century and early 20th century. This complex technological ensemble was planned and built as a fully-integrated system designed to enable efficient deep-bore extraction, processing, transport and shipment of industrial-quality coal. Criterion (iv):  Ombilin Coal Mining Heritage of Sawahlunto is an outstanding example of a technological ensemble designed for maximum efficiency in the extraction of a key, strategic natural resource – in this case industrial grade coal. The engineering technologies included deep bore vertical tunneling of mine shafts, mechanical ore washing and sorting, steam locomotion and rack railway, inclined and reverse-arc rail bridge construction, rock-blast railroad tunnels, deep-dredge harbours, and coal storage in climate-controlled silos. Integrity  Each of the three areas includes the necessary attributes to understand the integrated system of coal exploitation and transportation – with its systemic linkage of shaft and tunnel mines, a 155 km long mountain railway system, and seaport. Authenticity  Ombilin Coal Mining Heritage of Sawahlunto is a technological ensemble consisting of twelve components. The overall coordination for the management of property is undertaken by the Board of the Directors for the Ombilin Coal Mining Heritage of Sawahlunto which consists of relevant ministries and members from the relevant municipalities. Once fully established, the Site Management Office for the Conservation of the Ombilin Coal Mining Heritage of Sawahlunto will implement the management plan and maintenance plan; evaluate development proposals; provide guidance and support for owners; and coordinate the activities of all stakeholders and experts of the Advisory Board. In light of the decline in coal mining, Sawahlunto is developing heritage tourism as its main economic activity, and visitor numbers are expected to increase. There is a proposal to develop the silo at the Emmahaven Port coal storage facilities as a staging point for the presentation of the property and as an entry point for visitors from outside West Sumatra."
476,Chongoni Rock-Art Area,Malawi,Granite,General Rock,"Chongoni Rock-Art Area  Situated within a cluster of forested granite hills and covering an area of 126.4 km2, high up the plateau of central Malawi, the 127 sites of this area feature the richest concentration of rock art in Central Africa. Description is available under license CC-BY-SA IGO 3.0 Brief synthesis  Situated within a cluster of forested granite hills and covering an area of 126.4 km2, high up the plateau of central Malawi, the 127 sites of this property feature the richest concentration of rock art in Central Africa."
1500,Gorham's Cave Complex,United Kingdom of Great Britain and Northern Ireland,Limestone,General Rock,"Gorham's Cave Complex  The steep limestone cliffs on the eastern side of the Rock of Gibraltar contain four caves with archaeological and paleontological deposits that provide evidence of Neanderthal occupation over a span of more than 100,000 years. Scientific research on these sites has already contributed substantially to debates about Neanderthal and human evolution.   Description is available under license CC-BY-SA IGO 3.0 Brief Synthesis  Located on the eastern side of the Rock of Gibraltar, steep limestone cliffs contain four caves with extensive archaeological and palaeontological deposits that provide evidence of Neanderthal occupation over a span of 100,000 years. The sites are complemented by their steep limestone cliff settings, and the present-day flora and fauna of Gibraltar, much of which can be also identified in the rich palaeo-environmental evidence from the excavations. Integrity  The boundary includes all elements necessary to express the Outstanding Universal Value of this property, including the setting of the caves in relation to the topography and vegetation of Gibraltar (limestone cliffs, fossil sand dunes, fossil beaches, scree slopes, shorelines and flora and fauna)."
949,My Son Sanctuary,Viet Nam,Sandstone,General Rock,They are constructed in fired brick with stone pillars and decorated with sandstone bas-reliefs depicting scenes from Hindu mythology.
558,Skogskyrkogården,Sweden,Granite,General Rock,"Integrity  Within the boundaries of the 108.08 ha property are located all the elements necessary to express the Outstanding Universal Value of Skogskyrkogården, including the landscape dominated by a forest of tall pine trees, the Woodland Chapel (1920), the service building designed by Asplund (1923-24), the Chapel of Resurrection designed by Lewerentz (1925), the group of three chapels (Faith, Hope, and the Holy Cross) with common mortuary and crematorium facilities designed by Asplund (1937-1940), the granite cross on the lawn outside the chapels designed by Asplund, and the 4 km-long surrounding granite wall."
840,Viñales Valley,Cuba,Limestone,General Rock,Description is available under license CC-BY-SA IGO 3.0 Brief synthesis  The Viñales Valley in the  Sierra de los Organos  near the western end of the island of Cuba is an outstanding karst landscape encircled by mountains and dotted with spectacular dome-like limestone outcrops (  mogotes  ) that rise as high as 300 m.
1721,Umm Al-Jimāl,Jordan,Basalt,General Rock,"It preserves basaltic structures from the Byzantine and Early Islamic periods that represent the local architecture style of the Hauran region, with some earlier Roman military buildings re-purposed by later inhabitants. Its layout and distinctive basaltic architecture of mostly domestic and religious character reflect local Hauranian building styles and designs rooted in pragmatism, cost-effectiveness and durability. Criterion (iii):  As a typical rural Hauranian settlement that developed around agricultural and animal herding activities on the Hauran basaltic plateau, Umm Al-Jimāl is one of the most representative examples of the rural lifestyle of the Hauranian people, reflecting the key aspects of their cultural traditions and social values embodied in the well-preserved distinctive basalt architecture."
1721,Umm Al-Jimāl,Jordan,Basaltic,General Rock,"It preserves basaltic structures from the Byzantine and Early Islamic periods that represent the local architecture style of the Hauran region, with some earlier Roman military buildings re-purposed by later inhabitants. Its layout and distinctive basaltic architecture of mostly domestic and religious character reflect local Hauranian building styles and designs rooted in pragmatism, cost-effectiveness and durability. Criterion (iii):  As a typical rural Hauranian settlement that developed around agricultural and animal herding activities on the Hauran basaltic plateau, Umm Al-Jimāl is one of the most representative examples of the rural lifestyle of the Hauranian people, reflecting the key aspects of their cultural traditions and social values embodied in the well-preserved distinctive basalt architecture."
1695,Zagori Cultural Landscape,Greece,Limestone,General Rock,"Combining natural and cultural elements,  Zagorochoria  exhibit a traditional architecture of limestone masonry that persists but has become vulnerable due to socio-cultural and environmental pressures. These elements include traditional architecture of limestone masonry, a network of stone-arched bridges, stone cobbled paths, and stone staircases linking the villages, and associated rural mountain landscape features."
251,Agra Fort,India,Red Sandstone,General Rock,"This powerful fortress of red sandstone encompasses, within its 2.5-km-long enclosure walls, the imperial city of the Mughal rulers."
251,Agra Fort,India,Sandstone,General Rock,"This powerful fortress of red sandstone encompasses, within its 2.5-km-long enclosure walls, the imperial city of the Mughal rulers."
915,Fossil Hominid Sites of South Africa,South Africa,Breccia,General Rock,"Description is available under license CC-BY-SA IGO 3.0 Brief synthesis  The undulating landscape containing the fossil hominid sites of South Africa comprises dolomitic limestone ridges with rocky outcrops and valley grasslands, wooded along watercourses and in areas of natural springs. The Taung Skull, found in a limestone quarry at Dart Pinnacle amongst numerous archaeological and palaeontological sites south-west of the Sterkfontein Valley area, is a specimen of the species Australopithecus Africanus. Authenticity  As regards authenticity, the sites contain within their deposits all of the key interrelated and interdependent elements in their natural palaeontological relationships.  Thus, the breccia representing the cave fillings contains the fossilised remains of hominids, their lithicultural remains (from about 2.0 million years onwards), fossils of other animals, plants and pollen, as well as geochemical and sedimentological evidence of the conditions under which each member of the deposits was laid down.  They represent a succession of palaeo‑ecosystems.  The caves, breccias and strata from which quantities of fossils or tools have been extracted, together with the landscape are generally intact, but are vulnerable to development pressures, villagers’ use of the environment and tourism."
915,Fossil Hominid Sites of South Africa,South Africa,Dolomitic,General Rock,"Description is available under license CC-BY-SA IGO 3.0 Brief synthesis  The undulating landscape containing the fossil hominid sites of South Africa comprises dolomitic limestone ridges with rocky outcrops and valley grasslands, wooded along watercourses and in areas of natural springs. The Taung Skull, found in a limestone quarry at Dart Pinnacle amongst numerous archaeological and palaeontological sites south-west of the Sterkfontein Valley area, is a specimen of the species Australopithecus Africanus. Authenticity  As regards authenticity, the sites contain within their deposits all of the key interrelated and interdependent elements in their natural palaeontological relationships.  Thus, the breccia representing the cave fillings contains the fossilised remains of hominids, their lithicultural remains (from about 2.0 million years onwards), fossils of other animals, plants and pollen, as well as geochemical and sedimentological evidence of the conditions under which each member of the deposits was laid down.  They represent a succession of palaeo‑ecosystems.  The caves, breccias and strata from which quantities of fossils or tools have been extracted, together with the landscape are generally intact, but are vulnerable to development pressures, villagers’ use of the environment and tourism."
915,Fossil Hominid Sites of South Africa,South Africa,Dolomitic Limestone,General Rock,"Description is available under license CC-BY-SA IGO 3.0 Brief synthesis  The undulating landscape containing the fossil hominid sites of South Africa comprises dolomitic limestone ridges with rocky outcrops and valley grasslands, wooded along watercourses and in areas of natural springs. The Taung Skull, found in a limestone quarry at Dart Pinnacle amongst numerous archaeological and palaeontological sites south-west of the Sterkfontein Valley area, is a specimen of the species Australopithecus Africanus. Authenticity  As regards authenticity, the sites contain within their deposits all of the key interrelated and interdependent elements in their natural palaeontological relationships.  Thus, the breccia representing the cave fillings contains the fossilised remains of hominids, their lithicultural remains (from about 2.0 million years onwards), fossils of other animals, plants and pollen, as well as geochemical and sedimentological evidence of the conditions under which each member of the deposits was laid down.  They represent a succession of palaeo‑ecosystems.  The caves, breccias and strata from which quantities of fossils or tools have been extracted, together with the landscape are generally intact, but are vulnerable to development pressures, villagers’ use of the environment and tourism."
915,Fossil Hominid Sites of South Africa,South Africa,Limestone,General Rock,"Description is available under license CC-BY-SA IGO 3.0 Brief synthesis  The undulating landscape containing the fossil hominid sites of South Africa comprises dolomitic limestone ridges with rocky outcrops and valley grasslands, wooded along watercourses and in areas of natural springs. The Taung Skull, found in a limestone quarry at Dart Pinnacle amongst numerous archaeological and palaeontological sites south-west of the Sterkfontein Valley area, is a specimen of the species Australopithecus Africanus. Authenticity  As regards authenticity, the sites contain within their deposits all of the key interrelated and interdependent elements in their natural palaeontological relationships.  Thus, the breccia representing the cave fillings contains the fossilised remains of hominids, their lithicultural remains (from about 2.0 million years onwards), fossils of other animals, plants and pollen, as well as geochemical and sedimentological evidence of the conditions under which each member of the deposits was laid down.  They represent a succession of palaeo‑ecosystems.  The caves, breccias and strata from which quantities of fossils or tools have been extracted, together with the landscape are generally intact, but are vulnerable to development pressures, villagers’ use of the environment and tourism."
1465,"Champagne Hillsides, Houses and Cellars",France,Chalk,General Rock,"Description is available under license CC-BY-SA IGO 3.0 Brief synthesis  In north-east France, on cool, chalky land, the Champagne Hillsides, Houses and Cellars form a very specific agro-industrial landscape, with the vineyards as the supply basin and villages and urban districts concentrating the production and trading functions. Through the development of traditional know-how, the people of Champagne have overcome a number of obstacles, both in the vineyards (a harsh climate and rather infertile chalky soils), and in the wine-making process, through their mastery of sparkling wine production techniques, and in assembly and bottling. They are functionally intertwined and intrinsically linked to the chalky substratum where the vines grow, which is easy to hollow out and which is also found in the architecture. In Reims, the use of the former Gallo-Roman and medieval chalk quarries, and the digging of suitable cellars in Épernay or on the hillsides, led to the formation of an exceptional underground landscape – the hidden side of Champagne. The chalk quarries are still used in Champagne production and the network of cellars is well preserved and still perfectly operational."
1465,"Champagne Hillsides, Houses and Cellars",France,Chalky,General Rock,"Description is available under license CC-BY-SA IGO 3.0 Brief synthesis  In north-east France, on cool, chalky land, the Champagne Hillsides, Houses and Cellars form a very specific agro-industrial landscape, with the vineyards as the supply basin and villages and urban districts concentrating the production and trading functions. Through the development of traditional know-how, the people of Champagne have overcome a number of obstacles, both in the vineyards (a harsh climate and rather infertile chalky soils), and in the wine-making process, through their mastery of sparkling wine production techniques, and in assembly and bottling. They are functionally intertwined and intrinsically linked to the chalky substratum where the vines grow, which is easy to hollow out and which is also found in the architecture. In Reims, the use of the former Gallo-Roman and medieval chalk quarries, and the digging of suitable cellars in Épernay or on the hillsides, led to the formation of an exceptional underground landscape – the hidden side of Champagne. The chalk quarries are still used in Champagne production and the network of cellars is well preserved and still perfectly operational."
32,Wieliczka and Bochnia Royal Salt Mines,Poland,Rock Salt,General Rock,"Wieliczka and Bochnia Royal Salt Mines  The deposit of rock salt in Wieliczka and Bochnia has been mined since the 13th century. Description is available under license CC-BY-SA IGO 3.0 Brief synthesis  The Wieliczka and Bochnia salt mines are located on the same geological rock salt deposit in southern Poland. A substantial ensemble of statues and decorative elements sculpted into the rock salt has been preserved in both mines, along with an ensemble of tools and machinery. The galleries, the subterranean chambers arranged and decorated in ways that reflect the miners’ social and religious traditions, the tools and machinery, and the Saltworks Castle which administered the establishment for centuries, provide outstanding testimony about the socio-technical system involved in the underground mining of rock salt. Both mines present the diversity of the ensemble, in mining, technical and artistic terms, and the completeness of the evidence of the historically ancient working of rock salt in this region of what is today Southern Poland."
1504,Stećci Medieval Tombstone Graveyards,"Bosnia and Herzegovina,Croatia,Montenegro,Serbia",Limestone,General Rock,The stećci are mostly carved from limestone.
1329,At-Turaif District in ad-Dir'iyah,Saudi Arabia,Adobe,General Rock,"It comprises many palaces and is an outstanding example of the Najdi architectural and decorative style characteristic of the centre of the Arabian Peninsula.  It bears witness to a building method that is well adapted to its environment, to the use of adobe in major palatial complexes, along with a remarkable sense of geometrical decoration."
353,Chaco Culture,United States of America,Sandstone,General Rock,"Integrity  Within the boundaries of the property are located all the elements necessary to understand and express the Outstanding Universal Value of Chaco Culture, including walls built of sandstone and mud mortar standing more than five storeys tall, pine roof beams, and well-preserved archaeological remains that provide a comprehensive picture of the Chaco culture, all having survived due to high-quality craftsmanship and the dry, remote location."
1063,Tokaj Wine Region Historic Cultural Landscape,Hungary,Volcanic Rock,General Rock,
968,Agricultural Landscape of Southern Öland,Sweden,Limestone,General Rock,"Agricultural Landscape of Southern Öland  The southern part of the island of Öland in the Baltic Sea is dominated by a vast limestone plateau. Description is available under license CC-BY-SA IGO 3.0 Brief Synthesis  The southern part of Öland, an island in the Baltic Sea off the south-eastern coast of Sweden, is dominated by a vast limestone plateau. Limestone bedrock and a warm, dry climate have set limits for how the islanders can use their landscape."
1021,Tsodilo,Botswana,Quartzite,General Rock,"Description is available under license CC-BY-SA IGO 3.0 Brief synthesis  Located in north-west Botswana near the Namibian Border in Okavango Sub-District, the Tsodilo Hills are a small area of massive quartzite rock formations that rise from ancient sand dunes to the east and a dry fossil lake bed to the west in the Kalahari Desert. Three basic long-term facts have contributed to Tsodilo’s outstanding state of preservation: its remoteness, its low population density, and the high degree of resistance to erosion of its quartzitic rock."
1021,Tsodilo,Botswana,Quartzitic,General Rock,"Description is available under license CC-BY-SA IGO 3.0 Brief synthesis  Located in north-west Botswana near the Namibian Border in Okavango Sub-District, the Tsodilo Hills are a small area of massive quartzite rock formations that rise from ancient sand dunes to the east and a dry fossil lake bed to the west in the Kalahari Desert. Three basic long-term facts have contributed to Tsodilo’s outstanding state of preservation: its remoteness, its low population density, and the high degree of resistance to erosion of its quartzitic rock."
772,Fertö / Neusiedlersee Cultural Landscape,"Austria,Hungary",Limestone,General Rock,"Authenticity is also supported by the continued use of local building materials (limestone, reed and wood). The Leitha limestone, found near the lake and quarried from Roman times until the mid-20th century, provided building stone to Sopron and Vienna as well as to local settlements."
1471,Necropolis of Bet She’arim: A Landmark of Jewish Renewal,Israel,Limestone,General Rock,"Description is available under license CC-BY-SA IGO 3.0 Brief synthesis  Hewed into the limestone slopes of hills bordering the Vale of Jezre’el, a series of man-made catacombs was developed from the 2nd century AD as the necropolis of Bet She’arim."
975,Zollverein Coal Mine Industrial Complex in Essen,Germany,Coal,General Rock,"Zollverein Coal Mine Industrial Complex in Essen. Zollverein Coal Mine Industrial Complex in Essen  The Zollverein industrial complex in Land Nordrhein-Westfalen consists of the complete infrastructure of a historical coal-mining site, with some 20th-century buildings of outstanding architectural merit. Description is available under license CC-BY-SA IGO 3.0 Brief synthesis  The Zollverein XII Coal Mine Industrial Complex is an important example of a European primary industry of great economic significance in the 19th and 20th centuries. It consists of the complete installations of a historical coal-mining site: the pits, coking plants, railway lines, pit heaps, miner’s housing and consumer and welfare facilities. Criterion (ii):  The Zollverein XII Coal Mine Industrial Complex is an exceptional industrial monument by virtue of the fact that its buildings are outstanding examples of the application of the design concepts of the Modern Movement in architecture in a wholly industrial context. Integrity  The Zollverein Coal Mine Industrial Complex in Essen comprises all the elements of intensive 19th and 20th century industrial exploitation – the complete complex of buildings and equipment necessary for the extraction and treatment of coal and the production of coke, the required transportation network (in the case of railways) as well as the vast heaps of pit waste. Authenticity  The Zollverein XII Coal Mine Industrial Complex has a high level of authenticity. Protection and management requirements  The Zollverein XII Coal Mine Industrial Complex is a listed industrial monument according to paragraphs 2 and 3 of the Act on the Protection and Conservation of Monuments of the State of North Rhine-Westphalia, dated 11 March 1980 (Protection Law)."
1293,Hegra Archaeological Site (al-Hijr / Madā ͐ in Ṣāliḥ),Saudi Arabia,Sandstone,General Rock,"It includes a major ensemble of tombs and monuments, whose architecture and decorations are directly cut into the sandstone."
1222,Bisotun,Iran (Islamic Republic of),Limestone,General Rock,Description is available under license CC-BY-SA IGO 3.0 Brief Synthesis  On the sacred mountain of Bisotun in western Iran’s Kermanshah province is a remarkable multilingual inscription carved on a limestone cliff about 60 m above the plain.
1117,Landscape of the Pico Island Vineyard Culture,Portugal,Basalt,General Rock,"The material used to construct the  currais  and buildings is largely composed of local, irregular, weatherworn, black basalt rocks. Regional Act of Law 10 of 2002 provides four levels of protection that include two zones for stone wall-enclosed vineyards or  currais  – the small  lajidos  (or broad lava flow fields) of Criação Velha and Santa  Luzia, which are areas protected for their high-quality wine production."
1117,Landscape of the Pico Island Vineyard Culture,Portugal,Lava,General Rock,"The material used to construct the  currais  and buildings is largely composed of local, irregular, weatherworn, black basalt rocks. Regional Act of Law 10 of 2002 provides four levels of protection that include two zones for stone wall-enclosed vineyards or  currais  – the small  lajidos  (or broad lava flow fields) of Criação Velha and Santa  Luzia, which are areas protected for their high-quality wine production."
1014,The Archaeological Heritage of Niah National Park’s Caves Complex,Malaysia,Limestone,General Rock,"Within a complex of colossal interconnected caverns and caves located in a limestone massif, are archaeological sites, rock paintings, and boat-shaped coffins. Authenticity  The geo-morphological features of the massif and caves have not changed significantly despite the slow dissolution of the limestone over time as a result of natural processes."
1225,Ruins of Loropéni,Burkina Faso,Laterite,General Rock,"Description is available under license CC-BY-SA IGO 3.0 Brief synthesis  The dramatic and memorable Ruins of Loropéni consist of imposing, tall, laterite stone perimeter walls, up to six metres in height, surrounding a large abandoned settlement."
1225,Ruins of Loropéni,Burkina Faso,Laterite Stone,General Rock,"Description is available under license CC-BY-SA IGO 3.0 Brief synthesis  The dramatic and memorable Ruins of Loropéni consist of imposing, tall, laterite stone perimeter walls, up to six metres in height, surrounding a large abandoned settlement."
449,Peking Man Site at Zhoukoudian,China,Limestone,General Rock,Adequate water supplies and natural limestone caves in this area provided an optimal survival environment for early humans.
1712,The Cultural Landscape of Al-Faw Archaeological Area,Saudi Arabia,Flint,General Rock,"Description is available under license CC-BY-SA IGO 3.0 Brief synthesis  The Cultural Landscape of Al-Faw Archaeological Area is located at the junction of the Empty Quarter Desert and the Wajid sandstone outcrops of the Jabal Tuwayq Plateau and escarpment in the south of Saudi Arabia. The vast relict cultural landscape encapsulates extremely rich archaeological remains, including the flint tools of the Palaeolithic and Neolithic periods; a huge number of funerary “avenues” of stone structures dating from the second half of the 3rd millennium to the beginning of the 2nd millennium BCE and radiating out from the oasis; and numerous tumuli at the foothills of Jabal Tuwayq dating from 2000-1900 BCE."
1712,The Cultural Landscape of Al-Faw Archaeological Area,Saudi Arabia,Sandstone,General Rock,"Description is available under license CC-BY-SA IGO 3.0 Brief synthesis  The Cultural Landscape of Al-Faw Archaeological Area is located at the junction of the Empty Quarter Desert and the Wajid sandstone outcrops of the Jabal Tuwayq Plateau and escarpment in the south of Saudi Arabia. The vast relict cultural landscape encapsulates extremely rich archaeological remains, including the flint tools of the Palaeolithic and Neolithic periods; a huge number of funerary “avenues” of stone structures dating from the second half of the 3rd millennium to the beginning of the 2nd millennium BCE and radiating out from the oasis; and numerous tumuli at the foothills of Jabal Tuwayq dating from 2000-1900 BCE."
1577,Budj Bim Cultural Landscape,Australia,Lava,General Rock,"The Budj Bim lava flows provide the basis for the complex system of channels, weirs and dams developed by the Gunditjmara in order to trap, store and harvest kooyang (short-finned eel – Anguilla australis). The Budj Bim lava flows, which connect the three components, provides the basis for this complex aquaculture system developed by the Gunditjmara, based on deliberate redirection, modification and management of waterways and wetlands. They utilised the abundant local volcanic rock to construct channels, weirs and dams and manage water flows in order to systematically trap, store and harvest kooyang (short-finned eel – Anguilla australis) and support enhancement of other food resources. The Budj Bim Cultural Landscape was created by the Gunditjmara who purposefully harnessed the productive potential of the patchwork of wetlands on the Budj Bim lava flow. The key elements of this system are the interconnected clusters of constructed and modified water channels, weirs, dams, ponds and sinkholes in combination with the lava flow, water flow and ecology and life-cycle of kooyang. The property also includes Budj Bim, a Gunditjmara Ancestral Being and volcano that is the source of the lava flow on which the aquaculture system is constructed. The three serial components of the property are connected as a single landscape through the physical extent of the aquaculture system (adapted from the lava flow) and through the Gunditjmara Traditional Owner’s cultural practices and connection with the physical landscape. If future surveys and studies determine additional attributes located within the lava flow but outside the property boundaries these should become included by means of a boundary modification request. The Gunditjmara aquaculture system retains the form and functionality it had during the last six millennia in relation to the underlying lava flow, the continued functioning of the water flows and the presence of kooyang."
1577,Budj Bim Cultural Landscape,Australia,Volcanic Rock,General Rock,"The Budj Bim lava flows provide the basis for the complex system of channels, weirs and dams developed by the Gunditjmara in order to trap, store and harvest kooyang (short-finned eel – Anguilla australis). The Budj Bim lava flows, which connect the three components, provides the basis for this complex aquaculture system developed by the Gunditjmara, based on deliberate redirection, modification and management of waterways and wetlands. They utilised the abundant local volcanic rock to construct channels, weirs and dams and manage water flows in order to systematically trap, store and harvest kooyang (short-finned eel – Anguilla australis) and support enhancement of other food resources. The Budj Bim Cultural Landscape was created by the Gunditjmara who purposefully harnessed the productive potential of the patchwork of wetlands on the Budj Bim lava flow. The key elements of this system are the interconnected clusters of constructed and modified water channels, weirs, dams, ponds and sinkholes in combination with the lava flow, water flow and ecology and life-cycle of kooyang. The property also includes Budj Bim, a Gunditjmara Ancestral Being and volcano that is the source of the lava flow on which the aquaculture system is constructed. The three serial components of the property are connected as a single landscape through the physical extent of the aquaculture system (adapted from the lava flow) and through the Gunditjmara Traditional Owner’s cultural practices and connection with the physical landscape. If future surveys and studies determine additional attributes located within the lava flow but outside the property boundaries these should become included by means of a boundary modification request. The Gunditjmara aquaculture system retains the form and functionality it had during the last six millennia in relation to the underlying lava flow, the continued functioning of the water flows and the presence of kooyang."
