Site ID,Site Name,Country,Architecture Type,Architecture Type_Ref,Architecture Type_Ext,Construction Period,Construction Period_Ref,Construction Period_Ext,Civilization,Civilization_Ref,Civilization_Ext,UNESCO Criteria,UNESCO Criteria_Ref,UNESCO Criteria_Ext,Mentioned Major Stone(s),Mentioned Major Stone(s)_Ref,Mentioned Major Stone(s)_Ext,Rock Class,Rock Class_Ref,Rock Class_Ext,Secondary Stone,Secondary Stone_Ref,Secondary Stone_Ext,Local Stone Name,Local Stone Name_Ref,Local Stone Name_Ext,Lithology,Lithology_Ref,Lithology_Ext,Geological Age,Geological Age_Ref,Geological Age_Ext,Formation,Formation_Ref,Formation_Ext,Colour,Colour_Ref,Colour_Ext,Texture,Texture_Ref,Texture_Ext,Minerals,Minerals_Ref,Minerals_Ext,Quarry,Quarry_Ref,Quarry_Ext,Quarry Country,Quarry Country_Ref,Quarry Country_Ext,Local vs Imported,Local vs Imported_Ref,Local vs Imported_Ext,Transport Distance,Transport Distance_Ref,Transport Distance_Ext,Structural Use,Structural Use_Ref,Structural Use_Ext,Decorative Use,Decorative Use_Ref,Decorative Use_Ext,Masonry Technique,Masonry Technique_Ref,Masonry Technique_Ext,Weathering,Weathering_Ref,Weathering_Ext,Replacement Stone,Replacement Stone_Ref,Replacement Stone_Ext,Restoration,Restoration_Ref,Restoration_Ext,Condition,Condition_Ref,Condition_Ext,UNESCO Mention,Other references
252.0,Taj Mahal,India,Indo-Islamic sepulchral architecture,Internal (DS/OUV),,1632 AD - 1653 AD (Main mausoleum completed 1648 AD),Internal (DS/OUV),,Mughal Empire,Internal (DS/OUV),,(i) to represent a masterpiece of human creative genius;,Internal (DS/OUV),,White Marble,Internal (DS/OUV),,Sedimentary Rock,,,Red Sandstone,Internal (DS/OUV),,Makrana Marble (Sang-e-Marmar / Pure White Calcite Marble),External,https://iugs-geoheritage.org/geoheritage_stones/makrana-marble/,Metamorphic (Granoblastic Calcitic Marble with ~98–100% Calcite); Secondary stone is Sedimentary Quartzarenite Sandstone,External,https://iugs-geoheritage.org/geoheritage_stones/makrana-marble/,Proterozoic,External,https://iugs-geoheritage.org/geoheritage_stones/makrana-marble/,"Ajmer Formation, Kumbhalgarh Group, Delhi Supergroup",External,https://www.ijraset.com/best-journal/an-appraisal-of-hydrogeological-conditions-and-fluoride-problem-in-makrana-block-of-nagaur-district-in-rajasthan-india,Pure white with greyish veins,Internal (DS/OUV),,"Fine to medium-grained, crystalline granoblastic, interlocking texture",External,https://iugs-geoheritage.org/geoheritage_stones/makrana-marble/,"Calcite (>98%), with minor quartz, muscovite, and silicate impurities in grey streaks",External,https://iugs-geoheritage.org/geoheritage_stones/makrana-marble/,"Makrana (Nagaur District, Rajasthan) for marble; Tantpur/Dholpur for red sandstone",External,https://bgm.revistas.csic.es/index.php/bgm/article/view/773/749,india,Internal (DS/OUV),,"Imported (Transported from Nagaur, Rajasthan to Agra, Uttar Pradesh)",External,https://iugs-geoheritage.org/geoheritage_stones/makrana-marble/,"~300 km to 350 km (from Makrana, Rajasthan to Agra)",External,https://www.researchgate.net/publication/330155141_Makrana_Marble_a_Popular_Heritage_Stone_Resource_from_NW_India,"Main tomb structure, minarets, platforms, domes, and wall veneering.",Internal (DS/OUV),,"Exquisite octagonal marble lattice screens, pietra dura stone intarsia inlay (using precious/semi-precious stones), floral relief motifs, and Arabic calligraphic inscriptions.",Internal (DS/OUV),,Brick-in-lime mortar core veneered with dressed stone slices.,Internal (DS/OUV),,Atmospheric pollution-induced discolouration; micro-cracking and bio-deterioration,External,https://www.researchgate.net/publication/354053657_Role_of_air_pollutant_for_deterioration_of_Taj_Mahal_by_identifying_corrosion_products_on_surface_of_metals,,,,"Traditional clay pack treatments (Fuller's earth / multani mitti) for cleaning marble yellowing; air quality monitoring; banning coal/coke usage in the 10,400 $\text{km}^2$ Taj Trapezium Zone (TTZ)",Internal (DS/OUV),,Good,Internal (DS/OUV),,Yes,"Other References	
1. ICOMOS Advisory Body Evaluation (1983)


2. Kaur et al. (2019) – Makrana Marble: A Popular Heritage Stone Resource from NW India


3. ResearchGate: Role of Air Pollutants for Deterioration of Taj Mahal


4. GIA – Gemstones in the Era of the Taj Mahal and the Mughals"
726.0,Historic Centre of Naples,Italy,"Greek, Roman, Byzantine, Norman, French Gothic, Tuscan/Aragonese, Renaissance, Baroque, Neoclassical",Internal (DS/OUV),,9th Century B.C. (Parthenope/Palaepolis) – 18th Century A.D. (Bourbon era) & modern continuity,Internal (DS/OUV),,"Greek, Roman, Byzantine, Norman, Swabian, Angevin, Aragonese, Spanish, Bourbon",Internal (DS/OUV),,"(ii) to exhibit an important interchange of human values, over a span of time or within a cultural area of the world, on developments in architecture or technology, monumental arts, town-planning or landscape design; | (iv) to be an outstanding example of a type of building, architectural or technological ensemble or landscape which illustrates (a) significant stage(s) in human history;",Internal (DS/OUV),,"Yellow Tufa, Grey Piperno, White Marble",Internal (DS/OUV),,Igneous Rock,,,,,,,,,,,,,,,,,,"Yellow (Tufa), Grey (Piperno), White (Marble)",Internal (DS/OUV),,,,,,,,"Naples subsoil (Fontanelle, Capodimonte, Rione Sanità, Pizzofalcone) & western Campi Flegrei (Pianura, Soccavo)",External,https://virtualexplorer.com.au/article/2010/261/urban-geology-in-the-neapolitan-area/materials.html,Italy,Internal (DS/OUV),,Local (Yellow Tufa and Piperno derived locally from subsoil/Bay area); White Marble imported/regional,Internal (DS/OUV),,,,,"Load-bearing masonry walls, foundations, city wall fortifications (e.g., Castel Nuovo, Castel dell'Ovo)",Internal (DS/OUV),,"Facades, columns, capitals, lintels, bas-reliefs, ornamental details, sculptures",Internal (DS/OUV),,,,,,,,,,,,,,Moderate,Internal (DS/OUV),,Yes,"• Journal of the Virtual Explorer: Urban Geology in the Neapolitan Area


• ResearchGate: Piperno from Campi Flegrei


• CORE: Influence of Water on Neapolitan Yellow Tuff"
1016.0,Historical Centre of the City of Arequipa,Peru,"Colonial, Andean Baroque (Mestizo Baroque), Rococo, Neoclassical, Vernacular (Casonas), Historicist",Internal (DS/OUV),,16th to 20th Century A.D.,Internal (DS/OUV),,"Spanish Colonial, European integrated with Native / Indigenous (Pre-Hispanic / Inca influence)",Internal (DS/OUV),,,Internal (DS/OUV),,Sillar (Volcanic Stone / Volcanic Rock),Internal (DS/OUV),,Igneous Rock,External,"Bustamante, R., Vazquez, P., & Prendes, N. (2021). Properties of the Ignimbrites in the Architecture of the Historical Center of Arequipa, Peru. Applied Sciences, 11(22), 10571. https://doi.org/10.3390/app112210571

",Andesite (Lava rock / River boulders),Internal (DS/OUV),,Sillar (specifically Sillar de Arequipa),Internal (DS/OUV),,Dacitic to Rhyolitic Non-welded / Indurated Ignimbrite (Vitric Tuff / Pyroclastic Flow Deposit),External,"Bustamante, R., Vazquez, P., & Prendes, N. (2021). Properties of the Ignimbrites in the Architecture of the Historical Center of Arequipa, Peru. Applied Sciences, 11(22), 10571. https://doi.org/10.3390/app112210571
",,,,na,,,Predominantly White (also Pink/Reddish hues),Internal (DS/OUV),,,,,,,,"Canteras de Añashuayco (Añashuayco Ravine / Paccha Quarry), Airport Quarry",External,"1: https://idus.us.es/bitstreams/f94e9778-fdc8-489b-9d19-a0bab25d1fd7/download
 
2: https://meetingorganizer.copernicus.org/EGU21/EGU21-8355.html",Peru,Internal (DS/OUV),,Local (Extracted from nearby volcanic quarries surrounding the city),Internal (DS/OUV),,,,,"Robust load-bearing walls, foundations, semi-circular arches, porticos, thick vaults, pillars, bridges (Puente Real / Puente Grau)",Internal (DS/OUV),,"Intricate Baroque facade relief carvings, carved corbels, protruding pediments, cornices, decorative doorways, window flanking pillars",Internal (DS/OUV),,"Ashlar masonry (Sillar blocks, voussoirs, paving tiles cut to sizes such as 40x40x20 cubic cm), intricate hand carving by native masons",Internal (DS/OUV),,"Damage due to seismic activity (earthquakes), low-intensity volcanic activity, ENSO/flooding, high atmospheric pollution from vehicle emissions, and erosion",Internal (DS/OUV),,,,,Rebuilding and adaptive reuse following major earthquakes; ~20% of declared casonas/monuments are fully restored,Internal (DS/OUV),,Moderate,Internal (DS/OUV),,Yes,Advisory Body Evaluation (ICOMOS 2000); Peruvian National Law Nº 28296; Municipal Ordinance Nº 13-99; Peer-reviewed geological and architectural studies on Arequipa ignimbrites
173.0,Stone Town of Zanzibar,United Republic of Tanzania,"a complex fusion of Swahili, Arab, Indian, and European influences",Internal (DS/OUV),,18th and 19th centuries,Internal (DS/OUV),,Swahili / Coastal East African,Internal (DS/OUV),,"(ii) to exhibit an important interchange of human values, over a span of time or within a cultural area of the world, on developments in architecture or technology, monumental arts, town-planning or landscape design; | (iii) to bear a unique or at least exceptional testimony to a cultural tradition or to a civilization which is living or which has disappeared; | (vi) to be directly or tangibly associated with events or living traditions, with ideas, or with beliefs, with artistic and literary works of outstanding universal significance;",Internal (DS/OUV),,Coralline ragstone / Coral stone,Internal (DS/OUV),,Sedimentary Rock,,,Laterite,Internal (DS/OUV),,Coral rag / Nyumba za mawe material,External,"Salum, Salum & Chami, Maximilian. (2026). Reclaiming Darajani Creek: colonial sanitation, urban transformation, conservation and heritage memory in Stone Town of Zanzibar, a UNESCO World Heritage Site. Built Heritage. 10. 10.1186/s43238-026-00265-9. ",Na,,,,,,,,,,,,,,,,,,Local coastal coral reef exposures and shallow borrow pits / quarries across Unguja Island,External,"Salum, Salum & Chami, Maximilian. (2026). Reclaiming Darajani Creek: colonial sanitation, urban transformation, conservation and heritage memory in Stone Town of Zanzibar, a UNESCO World Heritage Site. Built Heritage. 10. 10.1186/s43238-026-00265-9. ",United Republic of Tanzania (Zanzibar / Unguja),Internal (DS/OUV),,Local,Internal (DS/OUV),,,,,"Primary load-bearing masonry walls for two-storey mansions, palaces, forts, and residential buildings",Internal (DS/OUV),,"Carved wooden doors, verandahs, and lime-plaster mouldings",Internal (DS/OUV),,"Coral ragstone set in thick lime mortar, encased in lime plaster and wash",Internal (DS/OUV),,"Salt aerosol attack, high atmospheric humidity, tropical moisture, and rainfall deterioration",Internal (DS/OUV),,Locally sourced coral ragstone and traditional lime mortars,Internal (DS/OUV),,Guided by the Stone Town Conservation and Development Authority (STCDA) Master Plan (1994) and Management Plan (2007) using traditional skills and materials,Internal (DS/OUV),,Moderate,,,Yes,"World Bank - Michenzani Green Corridor HIA Report

Limestone Resources of Tanzania: Geological Overview

Reclaiming Darajani Creek (Built Heritage / ResearchGate)"
174.0,Historic Centre of Florence,Italy,"Renaissance, Gothic, Romanesque, Medieval, Roman",Internal (DS/OUV),,13th–17th Century (with ancient Roman foundation from 59 BC),Internal (DS/OUV),,Florentine / Italian Renaissance & Etruscan/Roman,Internal (DS/OUV),,,Internal (DS/OUV),,"Pietra Forte, Pietra Serena",Internal (DS/OUV),,Sedimentary Rock,,,"Carrara Marble, Marmo di Corylo, Rosso di Cotto",Internal (DS/OUV),,"Pietra Forte, Pietra Serena",Internal (DS/OUV),,Turbiditic silicic-carbonate sandstone (Pietra Forte); Feldspathic greywacke sandstone (Pietra Serena),External,https://www.researchgate.net/publication/347198129_Pietraforte_the_Florentine_building_material_from_the_Middle_Ages_to_contemporary_architecture,Upper Cretaceous (Pietra Forte); Upper Oligocene–Lower Miocene (Pietra Serena),External,https://www.researchgate.net/publication/347198129_Pietraforte_the_Florentine_building_material_from_the_Middle_Ages_to_contemporary_architecture,Pietraforte Formation (Ligurian Domain); Macigno Formation (Tuscan Nappe),External,https://www.researchgate.net/publication/347198129_Pietraforte_the_Florentine_building_material_from_the_Middle_Ages_to_contemporary_architecture,Yellowish-brown/ochraceous (Pietra Forte); Cerulean/greyish-blue (Pietra Serena),External,https://www.researchgate.net/publication/347198129_Pietraforte_the_Florentine_building_material_from_the_Middle_Ages_to_contemporary_architecture,"Fine-to-medium grained, graded bedding",External,https://www.researchgate.net/publication/347198129_Pietraforte_the_Florentine_building_material_from_the_Middle_Ages_to_contemporary_architecture,"Quartz, Feldspars (Plagioclase), Micas, Calcite, Dolomite fragments",External,https://www.researchgate.net/publication/347198129_Pietraforte_the_Florentine_building_material_from_the_Middle_Ages_to_contemporary_architecture,"Boboli Hill Quarries, Costa San Giorgio (Pietra Forte); Fiesole & Monte Ceceri Quarries (Pietra Serena); Apuan Alps / Carrara (Marble)",External,https://www.isprambiente.gov.it/it/pubblicazioni/periodici-tecnici/memorie-descrittive-della-carta-geologica-ditalia/stones.pdf,Italy,Internal (DS/OUV),,Local (Pietra Forte & Pietra Serena); Regional Import (Carrara Marble),Internal (DS/OUV),,Local (< 5–10 km for sandstones); ~100 km (for Carrara Marble),External,https://www.isprambiente.gov.it/it/pubblicazioni/periodici-tecnici/memorie-descrittive-della-carta-geologica-ditalia/stones.pdf,"Fortified walls, palaces, bridges, structural pillars, foundations, exterior load-bearing masonry",Internal (DS/OUV),,"Interior pilasters, cornices, door/window frames, statues, facades, plasterwork, frescoes",Internal (DS/OUV),,"Rustication (ashlar), cobblestone paving, traditional Florentine stone masonry",Internal (DS/OUV),,"Exfoliation, atmospheric pollution degradation, humidity erosion, flood risk",Internal (DS/OUV),,,,,"Ongoing urban restoration, 2006 Management Plan, emergency flood risk measures",Internal (DS/OUV),,Good,Internal (DS/OUV),,Yes,"Webpage (Uploaded Document)	
1. UNESCO Official Dossier


2. Pietraforte Sandstone Research Study


3. ISPRA Geological Survey of Italian Stones"
907.0,Villa Adriana (Tivoli),Italy,"Imperial Roman Classical Architecture
",Internal (DS/OUV),,"2nd century A.D. (117 – 138 A.D., reign of Emperor Hadrian)",Internal (DS/OUV),,Ancient Roman / Early Roman Empire,Internal (DS/OUV),,"(i) to represent a masterpiece of human creative genius; | (ii) to exhibit an important interchange of human values, over a span of time or within a cultural area of the world, on developments in architecture or technology, monumental arts, town-planning or landscape design; | (iii) to bear a unique or at least exceptional testimony to a cultural tradition or to a civilization which is living or which has disappeared;",Internal (DS/OUV),,"Cipollino Marble (Marmor Carystium), Granite, Marble, Travertine (Lapis Tiburtinus), Tufa",Internal (DS/OUV),,Metamorphic Rock,,,"Pavonazzetto, Porfido Rosso (Red Porphyry), Proconnesian Marble",,,,,,,,,,,,,,,Greenish-white with dark green bands (Cipollino); Grey/Pink/Red (Granite); Light beige to cream (Travertine),Internal (DS/OUV),,,,,,,,Euboea/Carystos quarries (Cipollino); Aswan quarries (Egyptian Granite); Tivoli / Barco quarries (Travertine & Tufa),Internal (DS/OUV),,"Italy (Local Travertine/Tufa), Greece (Cipollino Marble), Egypt (Granite)",Internal (DS/OUV),,Both: Travertine and Tufa are Local; Cipollino Marble and Egyptian Granite are Imported,Internal (DS/OUV),,,,,"Structural piers, load-bearing walls, foundations, and vaults (Tufa and Travertine); load-bearing columns (Travertine & Granite)",Internal (DS/OUV),,"Peristyle column shafts (Cipollino marble and Egyptian granite), floor pavements (opus sectile), wall revetments, porticos, and decorative statues",Internal (DS/OUV),,"Opus reticulatum, opus mixtum, opus testaceum (brick-faced concrete core), and opus quadratum (travertine ashlar block masonry)",Internal (DS/OUV),,"Atmospheric weathering, carbonate dissolution, biological growth, and material degradation from past exposure/neglect",Internal (DS/OUV),,,,,"Partial anastylosis, continuous consolidation, and structural preservation carried out under the Restoration Charter and the Italian Codice dei beni culturali e del Paesaggio",Internal (DS/OUV),,Good,Internal (DS/OUV),,Yes,"• ICOMOS Advisory Body Evaluation - Villa Adriana (Tivoli)


• Scientific studies on Roman building stone provenance published via the Italian Journal of Geosciences."
1306.0,Australian Convict Sites,Australia,skipped,,,,,,,,,"(iv) to be an outstanding example of a type of building, architectural or technological ensemble or landscape which illustrates (a) significant stage(s) in human history; | (vi) to be directly or tangibly associated with events or living traditions, with ideas, or with beliefs, with artistic and literary works of outstanding universal significance;",,,,,,,,,,,,,,,,,,,,,,,,,,,,,,,,,,,,,,,,,,,,,,,,,,,,,,,,,,,,,,,,,,No,
1645.0,Dholavira: a Harappan City,India,"Fortified city, Water Reservoirs, and Cemetery",Internal (DS/OUV),,"ca. 3000–1500 BCE (Bronze Age / Early, Mature, and Late Harappan phases)",Internal (DS/OUV),,Harappan Civilization (Indus Valley Civilization),Internal (DS/OUV),,"(iii) to bear a unique or at least exceptional testimony to a cultural tradition or to a civilization which is living or which has disappeared; | (iv) to be an outstanding example of a type of building, architectural or technological ensemble or landscape which illustrates (a) significant stage(s) in human history;",Internal (DS/OUV),,"Sandstone, Limestone, Agate, Carnelian, Steatite",Internal (DS/OUV),,Sedimentary Rock,Internal (DS/OUV),,"Agate, Carnelian, Steatite, Banded Limestone",Internal (DS/OUV),,Khadir Sandstone / Calcareous Sandstone,Internal (DS/OUV),,"Calcareous Sandstone, Calcareous Mudstone, Fossiliferous Limestone",Internal (DS/OUV),,,,,Khadir Formation (Kachchh Basin),External,,"Yellowish-brown, reddish-brown, buff sandstone, white/banded limestone",Internal (DS/OUV),,,,,,,,Ancient stone quarry sites on Khadir Island (located in the buffer zone),Internal (DS/OUV),,India,Internal (DS/OUV),,"Local: Architectural Sandstone & Limestone from Khadir Island.

Imported/Traded: Raw minerals, metals, and semi-precious stones via regional trade.",Internal (DS/OUV),,Local: 1–5 km (Khadir Island for masonry stones).,,,"Fortification walls, Citadel, Castle, Bailey, Gateways, Water Reservoirs, Drains, and Mortuary structures.",Internal (DS/OUV),,"Polished stone column bases/rings, bead jewellery manufacturing (Agate, Carnelian, Steatite).",Internal (DS/OUV),,Cut/dressed stone masonry with mud-brick cores; mortise-and-tenon joints in stone pillars.,Internal (DS/OUV),,,,,,,,"Minimum intervention, in-situ consolidation, stabilization using scientific conservation principles by Archaeological Survey of India (ASI).",Internal (DS/OUV),,Good,Internal (DS/OUV),,Yes,"1. ICOMOS Evaluation Document


2. UNESCO Official Dossier Ref 1645


3. Kachchh Basin Geological Survey (Sharma et al., 2020)"
945.0,Chhatrapati Shivaji Terminus (formerly Victoria Terminus),India,Victorian Gothic Revival blended with traditional Indian architecture,Internal (DS/OUV),,10 years starting in 1878 (1878–1888),Internal (DS/OUV),,19th-Century British Commonwealth / Colonial India,Internal (DS/OUV),,"(ii) to exhibit an important interchange of human values, over a span of time or within a cultural area of the world, on developments in architecture or technology, monumental arts, town-planning or landscape design; | (iv) to be an outstanding example of a type of building, architectural or technological ensemble or landscape which illustrates (a) significant stage(s) in human history;",Internal (DS/OUV),,"Yellow Malad Stone, Italian Marble, Polished Granite, White Limestone",Internal (DS/OUV),,Igneous Rock,Internal (DS/OUV),,"Italian Marble, Polished Granite, White Limestone",Internal (DS/OUV),,Local Yellow Malad Stone (Yellow Basalt),Internal (DS/OUV),,"Trachytic/Basaltic tuff (Malad yellow stone), crystalline marble, fine-grained limestone",External,Maitri Dore (2014),,,,,,,"Yellow (Malad stone), White (Limestone/Marble)",Internal (DS/OUV),,,,,na,,,Malad Quarries (Mumbai); Carrara (Italy),Internal (DS/OUV),,India (Malad stone) and Italy (Marble),Internal (DS/OUV),,Mixed (Local yellow Malad stone; Imported Italian marble),Internal (DS/OUV),,Local (<25 km) for Malad stone; International long-distance sea route for Italian marble,Internal (DS/OUV),,"Octagonal ribbed masonry dome, drum, turrets, pointed arches, main entrance gates, columns, and exterior walls",Internal (DS/OUV),,"3D-stone carvings of local flora and fauna, gargoyles, allegorical grotesques, arched tympana, portrait roundels, relief busts, decorated rose windows, lion/tiger gate pillars",Internal (DS/OUV),,"Ashlar stone masonry, octagonal ribbed dome masonry, bas-relief and openwork stone carving",Internal (DS/OUV),,Atmospheric degradation from air pollution/traffic emissions and chemical weathering from coastal saline air,Internal (DS/OUV),,,,,"Phase II conservation works ongoing under the long-term management plan by the Architectural Conservation Cell (ACC, initiated 1997)",Internal (DS/OUV),,Good,Internal (DS/OUV),,Yes,"ICOMOS Advisory Body Evaluation, 
Official UNESCO Dossier, and 
Maitri Dore (2014)"
3.0,Aachen Cathedral,Germany,Palatine Chapel / Cathedral (Carolingian octagonal core with Gothic choir and additions),Internal (DS/OUV),,Began c. 790–800 (c. 793–813; consecrated 805),Internal (DS/OUV),,Carolingian (Frankish) Empire / Holy Roman Empire,Internal (DS/OUV),,,Internal (DS/OUV),,Marble,Internal (DS/OUV),,Metamorphic Rock,,,"Local quarry stone (Sandstone/Limestone), Granite (1840s replacement columns)",,,Aachen Bluestone / Aachener Blaustein (fossiliferous limestone),,,"Fossiliferous Limestone, Marble, Sandstone",,,Na,,,,,,Greek and Italian marble tones,Internal (DS/OUV),,,,,,,,"Local quarries (Aachen area); Ancient spolia sourced from Rome, Ravenna, and Cologne (St. Gereon)",External,https://en.wikipedia.org/wiki/Aachen_Cathedral,"Germany, Italy, Greece",External,https://en.wikipedia.org/wiki/Aachen_Cathedral,"Local (immediate vicinity) to Long-distance (>1,000 km from Rome and Ravenna)",External,https://en.wikipedia.org/wiki/Aachen_Cathedral,,,,"Eight main octagonal piers, vaulted arcades, load-bearing exterior walls, octagonal drum, and dome cupola",Internal (DS/OUV),,"Antique interior marble columns/facade lining, Carolingian stone throne, Proserpine relief sarcophagus",Internal (DS/OUV),,,,,,,,,,,,,,Good,,,Yes,"ICOMOS Advisory Body Evaluation, Wikipedia: Aachen Cathedral Entry, and Wikimedia Commons Stone Archives"
1056.0,Mahabodhi Temple Complex at Bodh Gaya,India,"Classical style of Indian temple architecture (featuring a 50m curvilinear shikhara/tower, chaitya niches, stupas, and shrines)",Internal (DS/OUV),,3rd century B.C.,Internal (DS/OUV),,Mauryan Period & Late Gupta Period (Indian Buddhist),Internal (DS/OUV),,,Internal (DS/OUV),,Sandstone ,Internal (DS/OUV),,Sedimentary Rock,,,Black stone,Internal (DS/OUV),,,,,"Sandstone, Black ston",Internal (DS/OUV),,,,,,,,Black (for footprint stone / Padas); NA for sandstone colour,Internal (DS/OUV),,Polished (for Vajrasana),Internal (DS/OUV),,,,,,,,,Internal (DS/OUV),,,,,,,,"Sandstone: Pillars of the balustrade, Vajrasana (Diamond Throne) platform.


Black Stone: Footprint slab (Padas).


(Bricks form the main body, walls, and tower)",Internal (DS/OUV),,"Sculpted human faces, animals, decorative honeysuckle and geese motifs, chaitya niches, carved Buddha footprints",Internal (DS/OUV),,Late Gupta period brick masonry; stone carving for balustrades and relics,Internal (DS/OUV),,,,,,,,Suffered long abandonment (13th–18th century A.D.); extensively restored in the 19th century A.D. and further conserved in the late 20th century under guidance of the Archaeological Survey of India (ASI),Internal (DS/OUV),,Excellent,Internal (DS/OUV),,Yes,"ICOMOS Advisory Body Evaluation;
 Bodhgaya Temple Management Committee (BTMC), Archaeological Survey of India (ASI)"
249.0,Group of Monuments at Mahabalipuram,India,"Rock-cut cave temples (mandapas), monolithic temples (rathas), open-air bas-reliefs, and structural temples (Dravida vimana style)",Internal (DS/OUV),,"6th–9th centuries CE (Pallava period, primarily under King Narasimhavarman I Mamalla and Narasimhavarman II Rajasimha)",Internal (DS/OUV),,Pallava Dynasty / South Indian Classical,Internal (DS/OUV),,"(i) to represent a masterpiece of human creative genius; | (ii) to exhibit an important interchange of human values, over a span of time or within a cultural area of the world, on developments in architecture or technology, monumental arts, town-planning or landscape design; | (iii) to bear a unique or at least exceptional testimony to a cultural tradition or to a civilization which is living or which has disappeared; | (vi) to be directly or tangibly associated with events or living traditions, with ideas, or with beliefs, with artistic and literary works of outstanding universal significance;",Internal (DS/OUV),,,,,,,,,,,,,,,,,,,,,,,,,,,,,,,,,,,India,Internal (DS/OUV),,Local (carved in live bedrock),Internal (DS/OUV),,Minimal to none (In-situ carving or immediate local quarrying),,,,Internal (DS/OUV),,"Bas-relief panels, monolithic animal sculptures, carved pillars, and wall motifs",Internal (DS/OUV),,Direct rock-cut carving (monolithic) and dressed ashlar masonry blocks,Internal (DS/OUV),,,,,,,,Regular maintenance and conservation schedule by the Archaeological Survey of India (ASI); sand excavation around buried structures,,,Moderate,Internal (DS/OUV),,Yes,"• Rao et al. (2006) - Journal of Earth System Science


• Vora & Sundaresh - CSIR-NIO Study


• Sundaresh et al. - CSIR-NIO Marine Archaeology Study"
788.0,Early Christian Monuments of Ravenna,Italy,Early Christian / Byzantine Monuments,Internal (DS/OUV),,5th – 6th Century AD,Internal (DS/OUV),,Late Roman / Early Christian / Byzantine,Internal (DS/OUV),,"(i) to represent a masterpiece of human creative genius; | (ii) to exhibit an important interchange of human values, over a span of time or within a cultural area of the world, on developments in architecture or technology, monumental arts, town-planning or landscape design; | (iii) to bear a unique or at least exceptional testimony to a cultural tradition or to a civilization which is living or which has disappeared; | (iv) to be an outstanding example of a type of building, architectural or technological ensemble or landscape which illustrates (a) significant stage(s) in human history;",Internal (DS/OUV),,"Istrian Stone (Pietra d'Istria), Marble",Internal (DS/OUV),,Sedimentary Rock,Internal (DS/OUV),,"Proconnesian Marble, Greek Marbles, Porphyry",Internal (DS/OUV),,Pietra d'Istria,Internal (DS/OUV),,Microcrystalline Limestone (Istrian Stone); Crystalline Marble; Igneous Porphyry,Internal (DS/OUV),,Cretaceous (for Istrian Limestone),,,,,,"White/Pale Grey (Istrian Stone), Polychrome (Marble), Deep Red/Purple (Porphyry)",Internal (DS/OUV),,"Fine-grained / Compact (Istrian Stone), Crystalline (Marble)",Internal (DS/OUV),,Calcite (Limestone / Marble),Internal (DS/OUV),,Istria Quarries (Coastal Istrian Peninsula),Internal (DS/OUV),,Croatia / Slovenia (Historic Istrian Region),Internal (DS/OUV),,Imported,Internal (DS/OUV),,~400 km (maritime across/around the Adriatic Sea),Internal (DS/OUV),,"Heavy ashlar wall masonry (opus quadratum), load-bearing piers, monolithic cupola roof dome (Mausoleum of Theodoric)",Internal (DS/OUV),,"Interior column capitals, wall revetments, sarcophagi / burial tub",Internal (DS/OUV),,"Opus quadratum (dressed stone blocks without mortar for the Mausoleum of Theodoric), fine brickwork for basilicas",Internal (DS/OUV),,,,,,,,,,,Good,,,Yes,
241.0,Group of Monuments at Hampi,India,"Dravidian Architecture (Temples, Gopurams, Mandapas) and Indo-Islamic Architecture (Secular buildings like Queen's Bath and Elephant Stables).",Internal (DS/OUV),,"14th to 16th Century CE (Vijayanagara Empire, 1336–1565 CE; building activity spanning over 200 years).",Internal (DS/OUV),,Vijayanagara Empire (The last great Hindu Kingdom of South India).,Internal (DS/OUV),,,Internal (DS/OUV),,Granite,Internal (DS/OUV),,Igneous Rock,,,,,,,,,Local Granite / Closepet Granite,,,,,,,,,,,,,,,,,,,,,India,Internal (DS/OUV),,"Local (""constructed from local granite"", ""utilizing locally available material"")",Internal (DS/OUV),,,Internal (DS/OUV),,"Fortification walls, temple complexes, pillared halls (Mandapas), shrines, entrance towers (Gopurams), ceremonial pavilions, heavy roof slabs, stone chariot (granite ratha), stepped tanks (Pushkarani), bridges, and water channels.",Internal (DS/OUV),,"Intricately carved stone chariot (Vittala Temple), ornate decorated pillars, relief sculptures, carved entrance gopurams, and sculpted lintels/capitals.",Internal (DS/OUV),,"Post-and-lintel system, lantern-roofed construction, dry-stone masonry with paper joints (rubble core for fortification walls), brick-and-lime mortar superstructures (for Gopuras), and heavy granite roof slabs sealed with lime mortar waterproofing.",Internal (DS/OUV),,,,,,,,"Ongoing conservation and preservation by the Archaeological Survey of India (ASI) and Department of Archaeology and Museums (DAM), guided by the Integrated Management Plan (IMP) and Hampi World Heritage Area Management Authority (HWHAMA).",Internal (DS/OUV),,Good,,,,Official ICOMOS Evaluation & UNESCO Dossier Documents
228.0,"Historic Centre of Avignon: Papal Palace, Episcopal Ensemble and Avignon Bridge",France,"Gothic, Romanesque, Baroque",Internal (DS/OUV),,12th to 14th/15th Century (1150–1377 AD),Internal (DS/OUV),,Medieval Christian Europe / Avignon Papacy,Internal (DS/OUV),,,Internal (DS/OUV),,,,,,,,,,,,,,,,,,,,,,,,,,,,,,,,,,,,,,,,,,,,"Heavy vaults, flying buttresses, arches, piers, towers (Trouillas Tower), ramparts",Internal (DS/OUV),,"Frescoes (Simone Martini, Matteo Giovanetti), carved Gothic chapels, monumental portals",Internal (DS/OUV),,,Internal (DS/OUV),,,,,,,,"20th-century restoration campaigns, fresco stabilization, structural wall rebuilding",Internal (DS/OUV),,Good,Internal (DS/OUV),,No,
395.0,"Piazza del Duomo, Pisa",Italy,"Religious Ensemble / Pisan Romanesque Architecture (Cathedral, Baptistery, Campanile/Leaning Tower, Campo Santo)",Internal (DS/OUV),,11th–14th Century (begun in 1064),Internal (DS/OUV),,Medieval Italian / Maritime Republic of Pisa,Internal (DS/OUV),,,Internal (DS/OUV),,Marble (General Mention); Carrara Marble,Internal (DS/OUV),,Metamorphic Rock,,,,,,,,,,,,,,,,,,,,,"White/Light Grey (Marble),",Internal (DS/OUV),,,,,"Carrara Quarries (Apuan Alps), San Giuliano Terme (Monti Pisani), Giglio Island Quarries",External,"Fratini, F., Rescic, S., Cuzman, O. A., & Pierattini, P. (2022). The Alteration of Giglio Island Granite: Relevance to the Conservation of Monumental Architecture. Applied Sciences, 12(9), 4588. https://doi.org/10.3390/app12094588

",Italy,Internal (DS/OUV),,Mixed (Local from Monti Pisani ~10 km; Regional from Carrara ~60 km & Giglio ~150 km),External,"Fratini, F., Rescic, S., Cuzman, O. A., & Pierattini, P. (2022). The Alteration of Giglio Island Granite: Relevance to the Conservation of Monumental Architecture. Applied Sciences, 12(9), 4588. https://doi.org/10.3390/app12094588
",~10 km (San Giuliano) to ~150 km (Giglio Island via sea/river),External,"Fratini, F., Rescic, S., Cuzman, O. A., & Pierattini, P. (2022). The Alteration of Giglio Island Granite: Relevance to the Conservation of Monumental Architecture. Applied Sciences, 12(9), 4588. https://doi.org/10.3390/app12094588
","Foundation ashlar, structural load-bearing walls, exterior arcades, columns",Internal (DS/OUV),,"Polychrome facade cladding, carved pulpits, loggias, relief panels, arches",Internal (DS/OUV),,,,,,,,,,,"Geotechnical soil extraction & counterweighting (tower stabilization), marble surface cleaning, consolidation",Internal (DS/OUV),,Good,Internal (DS/OUV),,Yes,"Fratini, F., Rescic, S., Cuzman, O. A., & Pierattini, P. (2022). The Alteration of Giglio Island Granite: Relevance to the Conservation of Monumental Architecture. Applied Sciences, 12(9), 4588. https://doi.org/10.3390/app12094588
"
827.0,"Cathedral, Torre Civica and Piazza Grande, Modena",Italy,"Cathedral, Bell Tower (""Ghirlandina""), Civic Square",Internal (DS/OUV),,1099 – 1319 AD,Internal (DS/OUV),,1099 – 1319 AD,Internal (DS/OUV),,"(i) to represent a masterpiece of human creative genius; | (ii) to exhibit an important interchange of human values, over a span of time or within a cultural area of the world, on developments in architecture or technology, monumental arts, town-planning or landscape design; | (iii) to bear a unique or at least exceptional testimony to a cultural tradition or to a civilization which is living or which has disappeared; | (iv) to be an outstanding example of a type of building, architectural or technological ensemble or landscape which illustrates (a) significant stage(s) in human history;",Internal (DS/OUV),,Ancient Roman stones ,,,,,,,,,,,,,,,,,,,,,,,,,,,,,,Reused ancient Roman architectural remains (Mutina ruins),Internal (DS/OUV),,Italy,Internal (DS/OUV),,Local reuse (spolia from ancient Roman sites in Modena),Internal (DS/OUV),,,,,,,,"Relief sculptures (Wiligelmo), exterior wall reliefs, internal capitals, metopes",Internal (DS/OUV),,Ashlar stone cladding over brick/masonry core; Roman stone reuse,Internal (DS/OUV),,"Stone deterioration, environmental pollution, micro-cracks from seismic shaking",Internal (DS/OUV),,Replacement of eight original metopes with copies (originals moved to museum),Internal (DS/OUV),,"Post-WWII conservative restoration, 1950s crypt restoration, 1970s–1980s stone deterioration repairs, post-1996 and 2012 seismic interventions",Internal (DS/OUV),,Excellent,Internal (DS/OUV),,No,UNESCO Dossier & ICOMOS Document Links
364.0,Great Zimbabwe National Monument,Zimbabwe,"Dry-stone monumental masonry architecture (Hill Ruins, Great Enclosure, Valley Ruins, Conical Tower, Enclosure Walls)",Internal (DS/OUV),,1100 to 1450 AD (11th to 15th centuries AD),Internal (DS/OUV),,Bantu / Shona civilization (Iron Age),Internal (DS/OUV),,,Internal (DS/OUV),,Granite,Internal (DS/OUV),,Igneous Rock,,,Soapstone / Steatite (used for upright posts and carved Zimbabwe Birds); Granitic sand and clay mixture (Daga),Internal (DS/OUV),,"Daga (traditional mixture of clay and granitic sand used for bricks, huts, and floors)",Internal (DS/OUV),,Biotite Granite / Talc-schist (Steatite),External,https://www.iccrom.org/sites/default/files/publications/2019-11/iccrom_ics04_zimbabwe_en.pdf,,,,,,,,,,,,,,,,Local granite hill outcrops and naturally exfoliated granite spalls surrounding the Great Zimbabwe site,Internal (DS/OUV),,Zimbabwe,Internal (DS/OUV),,Local (Granite obtained directly at the site; Steatite sourced regionally within Zimbabwe),Internal (DS/OUV),,,,,"Enclosure perimeter walls, Conical Tower, passageways, foundations, and lintels",Internal (DS/OUV),,"Chevron pattern, chequered wall decorations, carved upright ritual posts, and soapstone bird figurines",Internal (DS/OUV),,"Dry stone masonry without mortar, laid in regular horizontal courses using split/dressed granite blocks",Internal (DS/OUV),,"Temperature fluctuations, soil moisture variations, and invasive vegetation encroachment (Lantana camara)",Internal (DS/OUV),,,,,"Dry-stone wall collapse monitoring, vegetation control, and structural stabilization under the National Museums and Monuments of Zimbabwe (NMMZ)",Internal (DS/OUV),,Good,,,Yes,"ICOMOS Advisory Body Evaluation, ICCROM Preservation Study, MDPI Heritage & Sustainability Article"
442.0,Monticello and the University of Virginia in Charlottesville,United States of America,Neoclassical / Classical Antiquity,Internal (DS/OUV),,Monticello: 1769–1809; Academical Village: 1817–1828,Internal (DS/OUV),,Early American Republic / United States,Internal (DS/OUV),,,Internal (DS/OUV),,,,,,,,,,,,,,,,,,,,,,,,,,,,,,,,,,,,,,,,,,,,"Doric columns, porticos, dome, floor supports (steel beams added)",Internal (DS/OUV),,"Cornices, friezes, classical orders, interior décor",Internal (DS/OUV),,,,,,,,,,,Steel beam floor insertion (mid-20th century); Rotunda interior reconstruction in 1970s following 1895 fire,,,Excellent,Internal (DS/OUV),,No,ICOMOS Advisory Body Evaluation Document
451.0,Old Town of Galle and its Fortifications,Sri Lanka,Fortified city / Urban ensemble,Internal (DS/OUV),,16th to 19th centuries (Height of development: 18th century),Internal (DS/OUV),,"Portuguese, Dutch, and British Colonial (with South Asian integration)",Internal (DS/OUV),,,Internal (DS/OUV),,"Coral, Granite, and Cherts / Coral rag / Laterite",,,Igneous Rock,,,"Brick, Lime mortar, Sandstone",Internal (DS/OUV),,"Coral rag, Kabook (Local Sri Lankan name for Laterite)",Internal (DS/OUV),,,,,,,,,,,,,,,,,,,,Local coastal reefs (Coral); Local promontory outcrops and inland quarries (Granite/Laterite),Internal (DS/OUV),,Sri Lanka,Internal (DS/OUV),,Local,Internal (DS/OUV),,Short distance / In-situ (Immediate promontory and surrounding coast),Internal (DS/OUV),,"Ramparts, Bastions, Underground drainage system, Foundation, Wall masonry",Internal (DS/OUV),,"Veranda columns, Facades, Public and administrative building elements",Internal (DS/OUV),,Ashlar and rubble core masonry using coral and granite bound with lime mortar,Internal (DS/OUV),,"Marine bio-erosion, Salt crystallization, Moisture/humidity weathering",Internal (DS/OUV),,"Locally sourced coral lime mortar, matching local granite/coral blocks",Internal (DS/OUV),,Ongoing conservation managed by the Galle Heritage Foundation and Department of Archaeology,Internal (DS/OUV),,Good,,,Yes,"ICOMOS Evaluation Report (1988); 
Antiquities Ordinance of Sri Lanka (1948, rev. 1998)"
232.0,"Humayun's Tomb, Delhi",India,Garden-Tomb / Dynastic Mausoleum (Mughal / Indo-Islamic Architecture),Internal (DS/OUV),,1560s–1570 (1562 to 1571 CE),Internal (DS/OUV),,Mughal Empire,Internal (DS/OUV),,"(ii) to exhibit an important interchange of human values, over a span of time or within a cultural area of the world, on developments in architecture or technology, monumental arts, town-planning or landscape design; | (iv) to be an outstanding example of a type of building, architectural or technological ensemble or landscape which illustrates (a) significant stage(s) in human history;",Internal (DS/OUV),,"Red Sandstone, White Marble",Internal (DS/OUV),,Sedimentary Rock,,,Black Marble (used for inlay/borders),Internal (DS/OUV),,Delhi Quartzite (used in core/structural masonry underpinning red sandstone cladding),External,Peer-Reviewed Literature / ASI Conservation Reports,,,,,,,,,,"Red, White, Black",Internal (DS/OUV),,,,,,,,,,,,Internal (DS/OUV),,,,,,,,"High terraced platform with vaulted cells, core masonry walls, double dome superstructure",Internal (DS/OUV),,"Cladding in red sandstone, white marble double-dome, black and white marble inlaid borders, stone screens (jalis), glazed ceramic tiles on chhatris",Internal (DS/OUV),,"Dressed stone masonry with ashlar cladding, tie-bars, and lime mortar joining; marble inlay (Pietra Dura precursor)",Internal (DS/OUV),,,,,Traditional red sandstone and white marble matching original quarry characteristics,Internal (DS/OUV),,"Removal of 20th-century cement/concrete layers and replacement with traditional lime mortar, lime concrete, and reset original stone paving (AKTC / ASI Project)",Internal (DS/OUV),,Good,Internal (DS/OUV),,Yes,"ICOMOS Evaluation, Aga Khan Trust for Culture (AKTC) Conservation Reports, 
Peer-Reviewed Scientific Studies (Lowry, 1986; Naik et al., 2024; Kumar, 2026)"
758.0,Millenary Benedictine Abbey of Pannonhalma and its Natural Environment,Hungary,"Monastic complex (Abbey, Basilica/Church, Cloister, Crypt, Refectory, Chapel, Millennium Monument, Library)",Internal (DS/OUV),,"Monastic complex (Abbey, Basilica/Church, Cloister, Crypt, Refectory, Chapel, Millennium Monument, Library)",Internal (DS/OUV),,Medieval & Early Modern European / Hungarian Christian (Benedictine Monasticism),Internal (DS/OUV),,,Internal (DS/OUV),,"Red Marble, Limestone, Brick",Internal (DS/OUV),,Metamorphic Rock,,,,,,,,,,,,,,,,,,"Red / Reddish, Grey/White (Limestone)",Internal (DS/OUV),,,,,,,,Gerecse Mountains quarries (Tardos area),External,,Hungary,External,,Regional / Domestic (Carpathian Basin),External,,~50–80 km (Gerecse to Pannonhalma),External,,"Walls, foundations, piers, arches, vaults, Millennium Monument core structure",Internal (DS/OUV),,"Porta Speciosa facing, decorative small columns, sculptured cloister stones, portico columns (Ionic), tympanum relief",Internal (DS/OUV),,"Ashlar masonry, carved decorative stonework",Internal (DS/OUV),,Severe deterioration (noted specifically on the 26m dome/drum of the Millennium Monument),Internal (DS/OUV),,,,,Dome removal (1937–38); 1960s cloister excavations/restorations; Romantic style restoration (1865); 20th-century conservation phases,Internal (DS/OUV),,Good,Internal (DS/OUV),,Yes,"Archaeometriai Műhely Journal (Bernadett, 2024)"
389.0,Studenica Monastery,Serbia,Monastic complex; Raška School of eastern medieval church architecture blending Romanesque (exterior) and Byzantine (interior/frescoes) styles. Single-nave domed churches.,Internal (DS/OUV),,Late 12th century (established ~1183–1196 by Stefan Nemanja); King’s Church added in 1314,Internal (DS/OUV),,Medieval Serbian State / Serbian Orthodox Church (Nemanjić Dynasty).,Internal (DS/OUV),,,Internal (DS/OUV),,White Marble,Internal (DS/OUV),,Metamorphic Rock,,,,,,Studenica Marble (Studenički mermer),External,"Debljović Ristić, N., Šekularac, N., Mijović, D., & Ivanović Šekularac, J. (2019). Studenica Marble: Significance, Use, Conservation. Sustainability, 11(14), 3916. https://doi.org/10.3390/su11143916",,,,,,,,,,White / Light Grey,Internal (DS/OUV),,,,,,,,Quarries located in the immediate protected surrounding zone near the monastery (along the Studenica/Radočelo mountain area),Internal (DS/OUV),,Serbia,Internal (DS/OUV),,Local,Internal (DS/OUV),,Short / Local transport (within a few kilometers of the complex),Internal (DS/OUV),,"Load-bearing exterior walls, portals, window openings (biforas/triforas), and structural masonry of the Church of the Virgin",Internal (DS/OUV),,"Sculpted relief portals, decorative capitals, cornices, and window frames",Internal (DS/OUV),,Ashlar masonry (polished white marble blocks precisely cut and fitted in Romanesque style),Internal (DS/OUV),,"Environmental pressure, surface weathering, and water accumulation/moisture near the monastery walls",Internal (DS/OUV),,Matching local marble used during conservation projects following historical research,Internal (DS/OUV),,Ongoing conservation and archaeological investigations; major restoration in the exonarthex of the Church of the Virgin using traditional materials and techniques,Internal (DS/OUV),,Good,Internal (DS/OUV),,Yes,"1. ICOMOS Advisory Body Evaluation (1986)
2. Debljović Ristić et al. (2019) Studenica Marble: Significance, Use, Conservation, Sustainability
3. Petrović et al. (2025) Geotourism Based on Geoheritage as a Basis for Sustainable Development of Golija Nature Park, Land 1 "
1648.0,Sudanese style mosques in northern Côte d’Ivoire,Côte d'Ivoire,Sudanese-style mosque architecture,Internal (DS/OUV),,Originated 12th–14th centuries (Djenné); spread 15th century; surviving mosques built mainly between the 17th and 19th centuries,Internal (DS/OUV),,Islamic / Mandinka (Mande) and local indigenous Gur communities,Internal (DS/OUV),,,Internal (DS/OUV),,"Adobe (earthen blocks / cob), Wood (toron frameworks)",Internal (DS/OUV),,,Internal (DS/OUV),,,,,,,,"Clay, silt, organic temper, and localized lateritic earth",Internal (DS/OUV),,,,,,,,"Earth tones (brownish-yellow, tan, reddish-brown earthen plaster)",Internal (DS/OUV),,Smooth to coarse earthen plaster finish,Internal (DS/OUV),,,,,,,,Côte d'Ivoire,Internal (DS/OUV),,Local,Internal (DS/OUV),,Immediate vicinity / Local,Internal (DS/OUV),,"Load-bearing walls, vertical buttresses, massive pilasters, truncated pyramid minarets, qibla towers, roof support",Internal (DS/OUV),,"Projecting wooden poles (torons), pottery or ostrich egg finials topping buttresses and minarets, mitres crowning roof",Internal (DS/OUV),,"Cob (bousillage) and adobe (earthen brick) masonry layered with earthen plaster, reinforced with timber scaffolding (torons)",Internal (DS/OUV),,"Erosion and degradation caused by humid climatic conditions, intense rain, urbanization, and population growth",Internal (DS/OUV),,"Earth, timber, and traditional clay plasters (Reversible modern materials used in recent interventions need replacement with traditional adobe/cob)",Internal (DS/OUV),,"Regular community-led maintenance, re-plastering by traditional masons, local grassroots management committees",Internal (DS/OUV),,Poor,Internal (DS/OUV),,Yes,"Advisory Body Evaluation (ICOMOS), Decree No. 2020-121, Law No. 87-806, Law No. 98-750"
288.0,Castles of Augustusburg and Falkenlust at Brühl,Germany,"Palatial ensemble comprising a 18th-century Rococo residence (Augustusburg Palace), a hunting lodge (Falkenlust), adjoining orangeries, and French-style gardens.",,,,,,,,,,,,,,,,,,,,,,,,,,,,,,,,,,,,,,,,,,,,,,,,,,,,,,,,,,,,,,,,,,,,,,,,,,,,
535.0,"Collegiate Church, Castle and Old Town of Quedlinburg",Germany,"Romanesque basilica (Collegiate Church of St. Servatius), Renaissance/Baroque castle residence, and timber-framed urban vernacular buildings (Fachwerk).",Internal (DS/OUV),,Founded 10th century (922–936 AD); current Romanesque church built 1070–1129 AD; timber-framed houses span the 16th–17th centuries.,Internal (DS/OUV),,Ottonian Empire / Holy Roman Empire / Medieval German State.,Internal (DS/OUV),,,Internal (DS/OUV),,,,,,,,,,,,,,,,,,,,,,,,,,,,,,,,,,,,,,,,,,,,,,,,,,,,,,,,,,,,,,,,,,
1025.0,"Villa d'Este, Tivoli",Italy,"Palace and water garden (Grottoes, fountains, ornamental basins)",Internal (DS/OUV),,16th Century (Laid out in 1550s; works began around 1560),Internal (DS/OUV),,Italian Renaissance / Mannerist / Baroque elements,Internal (DS/OUV),,,Internal (DS/OUV),,,,,,,,Volcanic Tuff / Stucco (Jet noted in automated classification),Internal (DS/OUV),,,,,,,,,,,,,,,,,,,,,,,,,,,,,,,,,,,"Main body of the palace, stair ramps, retaining walls, terrace foundations",Internal (DS/OUV),,"Fountains (e.g., Fontana del Bicchierone), grottoes, balustrades, ornamental basins",Internal (DS/OUV),,,,,Rapid deterioration of decorations/fountains due to micro-climatic conditions and continuous water contact,Internal (DS/OUV),,,,,Methodical mural and fountain restorations per the Venice Charter,Internal (DS/OUV),,Excellent,,,No,"- UNESCO Dossier & OUV Statement


- ISPRA Travertines of Central Italy


- Centroni, A. (2008). Villa d'Este a Tivoli: quattro secoli di storia e restauri"
171.0,Fort and Shalamar Gardens in Lahore,Pakistan,Fortified Palace & Water Garden Enclosure Complex,Internal (DS/OUV),,16th – 17th Century (Akbar 1542–1605 through Shah Jahan 1627–1658; Shalamar Gardens completed 1641–1642),Internal (DS/OUV),,Mughal Empire,Internal (DS/OUV),,,Internal (DS/OUV),,"Red Sandstone, White Marble",Internal (DS/OUV),,Sedimentary Rock,,,"Semi-precious stones (pietra dura / inlay), Glass mosaics, Gilt",Internal (DS/OUV),,,,,,,,,,,,,,"Red/Terracotta (Sandstone); Pure White, Milky White, Grey/Pink Streaked (Marble)",Internal (DS/OUV),,,,,,,,,,,,,,,,,,,,"Baked brick masonry core with red sandstone courses, enclosing walls, gateways, bastions, and supporting pillars/pavilions",Internal (DS/OUV),,"Luxurious marble palaces, screens, inlay of semi-precious stones (pietra dura), glass mosaics (Shish Mahal), gilt, and zoomorphic corbels",Internal (DS/OUV),,"Ashlar stone cladding over baked brick, carved stone lattice (jaali) screens, corbelled brackets, and stone inlay/pietra dura",Internal (DS/OUV),,"Deterioration of hydraulic systems, moisture-induced micro-cracking, thermo-hygric expansion/bowing in marble, atmospheric pollution decay",Internal (DS/OUV),,Traditional lime mortar and matching red sandstone/marble matching historical composition during controlled restoration,Internal (DS/OUV),,Traditional lime mortar and matching red sandstone/marble matching historical composition during controlled restoration,Internal (DS/OUV),,Moderate,,,Yes,"1. Makrana Marble: A Popular Heritage Stone Resource
2. The Art of Pietra-dura during the 17th Century Mughal Era
3. Conservation Challenges and Emerging Trends in Pakistan"
1103.0,Mausoleum of Khoja Ahmed Yasawi,Kazakhstan,Multifunctional structure of the khanaqa type (combines a mausoleum and a mosque),Internal (DS/OUV),,1389–1405 (Timurid period),Internal (DS/OUV),,Timurid Empire / Central Asian Islamic Civilization,Internal (DS/OUV),,,Internal (DS/OUV),,,Internal (DS/OUV),,,,,Alabaster (muqarnas stalactites); Gypsum plaster,Internal (DS/OUV),,,,,Gypsum / Alabaster (Hydrous calcium sulfate),,,,,,,,,White/Off-white (Alabaster/Gypsum plaster); Green (glazed tiles),Internal (DS/OUV),,Fine-grained (Alabaster/Gypsum),Internal (DS/OUV),,"Gypsum, Carbonates, nitrates, sulfates, chlorides (in salt efflorescence)",External,https://vestnik.kazgasa.kz/frontend/web/uploads/personal-documents/1694774149_nhRmhd.pdf,,,,,,,Local clay for fired bricks; Persian master craft influence for decorative techniques,Internal (DS/OUV),,,Internal (DS/OUV),,"Vaults, domes (conic-spherical dome), walls, arches, drums",Internal (DS/OUV),,"Alabaster stalactites (muqarnas) in dome intrados, glazed tile facing, inscriptions (Kufic and Suls)",Internal (DS/OUV),,Fired brick masonry with plaster carving and glazed tile revetments,Internal (DS/OUV),,"Deterioration from rising damp, salt efflorescence (nitrates, chlorides, sulfates, carbonates), and high water table",Internal (DS/OUV),,,,,"Rebuilding of northern citadel wall in 1970s; ongoing conservation projects under ""Kazrestavratziya""",Internal (DS/OUV),,Moderate,Internal (DS/OUV),,No,"1: Sainova, G. А., Аubakirov, N. P., Аkbasova, А. D., Yuldashbek, D. H., & Sunakbaeva, D. K. (2023). The Influence of Salt Deposits on the Preservation of the Historical and Architectural Monument of the Mausoleum of Khoja Ahmed Yasawi.

2: Valentinovna, M. A. Islamic architecture of Iran in the era of Timur and Timurids: specificity of the artistic image."
373.0,"Stonehenge, Avebury and Associated Sites",United Kingdom of Great Britain and Northern Ireland,"Megalithic stone circles, henges, barrows, avenues, and earthen earthworks/mounds.",Internal (DS/OUV),,Circa 3700 BC – 1600 BC (Neolithic to Early Bronze Age); focal stone circle built ~2500 BC.,Internal (DS/OUV),,Prehistoric Britain (Neolithic and Bronze Age societies).,Internal (DS/OUV),,,Internal (DS/OUV),,"Wiltshire Sarsen Sandstone and Bluestone (dolerite, rhyolite, tuffs)",Internal (DS/OUV),,Sedimentary Rock,,,"Chalk (used in earthworks/mounds like Silbury Hill), Altar Stone (Metasandstone), Quartz veins, packing stones",Internal (DS/OUV),,"Sarsen (Silcrete), Chalk",,,,,,,,,,,,,,,,,,,,,,,,United Kingdom (England & Wales),Internal (DS/OUV),,"Sarsens: Local/Regional (~25 km).
Bluestones: Imported (~200–240 km).",External,"Nash, D. J., Ciborowski, T. J. R., Ullyott, J. S., Pearson, M. P., Darvill, T., Greaney, S., Maniatis, G., & Whitaker, K. A. (2020). Origins of the sarsen megaliths at Stonehenge. Science Advances, 6(31), eabc0133. https://doi.org/10.1126/sciadv.abc0133",~25 km for Sarsens; up to 240 km for Bluestones.,Internal (DS/OUV),,"Standing megalithic uprights, horizontal lintels, central trilithons, inner/outer concentric circles, horseshoe arrangements, packing stones.",Internal (DS/OUV),,Unique surface shaping/dressing of megalithic stones; intentional arrangement of bluestone contrast.,Internal (DS/OUV),,"Mortise-and-tenon jointing, tongue-and-groove lintel capping, dressed/shaped megaliths.",Internal (DS/OUV),,"Weathering from surface erosion, natural environmental exposure, animal burrowing, and historic visitor traffic.",Internal (DS/OUV),,,,,"Early to mid-20th-century interventions involving excavation, re-erection of fallen or buried stones to their original positions, and modern site consolidation.",,,Good,Internal (DS/OUV),,Yes,"1. Nash et al., 2020 - Science Advances


2. Parker Pearson et al., 2015 - Antiquity


3. Whitaker, 2019 - Oxford Journal of Archaeology


4. Lott, 2013 - Quarterly Journal of Engineering Geology and Hydrogeology"
677.0,Baroque Churches of the Philippines,Philippines,Earthquake Baroque / Fortress Baroque (Peripheral Baroque),Internal (DS/OUV),,"16th – 18th centuries (Spanish Colonial Period)
",Internal (DS/OUV),,"Spanish Colonial Philippines (fusion of Spanish/European, Chinese, and native Philippine traditions)",Internal (DS/OUV),,,Internal (DS/OUV),,"Tuff (e.g., volcanic tuff/adobe), Coralline / Coralline Limestone, Brick",Internal (DS/OUV),,Igneous Rock,Internal (DS/OUV),,"Brick, Lime (mortar), Coral blocks",Internal (DS/OUV),,Adobe stone (volcanic tuff in Manila/Luzon); Coral stone / De capaza,Internal (DS/OUV),,"Volcanic Tuff, Biogenic Coralline Limestone, Clay Brick",Internal (DS/OUV),,,,,na,,,,,,"Porous, coarse-grained (coralline/tuffaceous)",,,"Calcite (limestone), Volcanic ash/feldspar/silicate minerals (tuff)",,,"Local coastal coral reefs and nearby river quarries (e.g., Meycauayan/Guadalupe tuff quarries)",External,,"Local coastal coral reefs and nearby river quarries (e.g., Meycauayan/Guadalupe tuff quarries)",Internal (DS/OUV),,Local,Internal (DS/OUV),,,,,"Load-bearing exterior walls, massive buttresses (contrafuertes), bell towers, stone barrel vaults",Internal (DS/OUV),,"High Baroque retablos (altars), volutes, pediment reliefs, carved facades, trompe-l'œil ceiling paintings",Internal (DS/OUV),,"Thick unreinforced block masonry consolidated with lime mortar
",Internal (DS/OUV),,"Environmental degradation and surface erosion due to time, tropical humidity, and salt air",,,,,,Careful governmental and tri-partite restoration using original materials to preserve integrity,,,Excellent,,,Yes,ICOMOS Advisory Body Evaluation; Presidential Decrees 260 & 375; RA 10066 (National Heritage Law)
789.0,Historic Centre of the City of Pienza,Italy,"Italian Renaissance, Late Gothic (interior of Cathedral)",Internal (DS/OUV),,Late 15th Century (began in 1459 under Pope Pius II),Internal (DS/OUV),,Italian Renaissance / Western Christian,Internal (DS/OUV),,,Internal (DS/OUV),,Travertine,,,Sedimentary Rock,,,,,,,,,,,,,,,,,,,,,,,, NA,,,,,,,,,,,,,,,"Load-bearing walls, columns, bell tower foundation, framing",Internal (DS/OUV),,"Herringbone square paving, facade details, capitals, mouldings",Internal (DS/OUV),,"Ashlar masonry, carved stone framing, herringbone paving",Internal (DS/OUV),,,,,,,,Programs ongoing since early 20th century in accordance with Restoration Charters,Internal (DS/OUV),,Good,Internal (DS/OUV),,Yes,https://www.mdpi.com/2571-9408/7/1/17
736.0,Seokguram Grotto and Bulguksa Temple,Republic of Korea,Buddhist Religious Architectural Complex / Artificial Stone Grotto & Wooden Temple on Stone Terraces,Internal (DS/OUV),,8th Century (Built circa 751–774 CE),Internal (DS/OUV),,Silla Kingdom (Silla Dynasty),Internal (DS/OUV),,,Internal (DS/OUV),,"Granite, White Granite",,,,Internal (DS/OUV),,,,,,,,,,,,,,,,,"Light gray to off-white (""White Granite"")",Internal (DS/OUV),,Equigranular to porphyritic masonry blocks and reliefs,Internal (DS/OUV),,,,,Mount Toham (Mount Tohamsan) quarries,Internal (DS/OUV),,Republic of Korea,Internal (DS/OUV),,Local (sourced directly from Mount Tohamsan),Internal (DS/OUV),,Short distance / Local site extraction (< 5 km),External,Inferred from Mount Toham location,"Artificial domed grotto, stone foundations, raised terraces, steps, and pagodas (Seokgatap and Dabotap)",Internal (DS/OUV),,"Monumental Buddha statue, high and low relief carvings (devas, bodhisattvas, disciples, guardians)",Internal (DS/OUV),,Dry-laid fine granite masonry; innovative dome construction using over 360 stone slabs and locking stones,Internal (DS/OUV),,"Moisture and condensation, mold/mildew/moss growth, acid rain, salty fogs, and atmospheric weathering",Internal (DS/OUV),,Concrete (used during 1913–1915 and 1960s restorations for protective outer domes),Internal (DS/OUV),,1913–1915 dismantle & concrete dome construction; 1960s dual concrete dome addition; wooden antechamber & glass barrier installation,Internal (DS/OUV),,Moderate,Internal (DS/OUV),,Yes,Official UNESCO World Heritage Dossier #736; ICOMOS Advisory Body Evaluation Document
704.0,Temple and Cemetery of Confucius and the Kong Family Mansion in Qufu,China,"Architectural, Monumental, Religious / Memorial Palace Complex",Internal (DS/OUV),,"478 BC to Jin, Ming, and Qing Dynasties",Internal (DS/OUV),,Ancient Chinese / Imperial China (Confucian Culture),Internal (DS/OUV),,,Internal (DS/OUV),,Ancient Chinese / Imperial China (Confucian Culture),Internal (DS/OUV),,Sedimentary Rock,Internal (DS/OUV),,,,,,,,,,,,,,,,,,,,"Fine-grained, Carved / Relief",Internal (DS/OUV),,,,,,,,,,,,,,,,,"Dragon-wrapped columns, balusters, pillars, gate foundations",Internal (DS/OUV),,"Han stone reliefs, stone dragon carvings, stelae, memorial stone tablets",Internal (DS/OUV),,"High-relief carving, openwork carving, dressed stone ashlar",Internal (DS/OUV),,,,,,,,,,,Excellent,,,Yes,
116.0,Old Towns of Djenné,Mali,Traditional Earthen / Islamic Sub-Saharan (Sudano-Sahelian style featuring verticality and buttresses),Internal (DS/OUV),,"Inhabited since 250 B.C.; current architectural fabric dates from 15th–16th centuries (with Moroccan influences in 1591, Toucouleur in 1862, and Mosque reconstruction in 1906–1907)",Internal (DS/OUV),,Pre-Islamic / Islamic West African (Trans-Saharan trade period),Internal (DS/OUV),,,Internal (DS/OUV),,earth/mud brick,Internal (DS/OUV),,,,,Millstone; Scoria,,,,,,"Silt, clay, and alluvial sand (for sun-dried mud bricks / djénné ferey)",Internal (DS/OUV),,,,,,,,,,,"Fine-grained, argillaceous (mud/earth composition)",Internal (DS/OUV),,,,,Local floodplains (toguere) and marshes along the Bani/Niger Rivers,Internal (DS/OUV),,,Internal (DS/OUV),,Local,Internal (DS/OUV),,Very Short (< 5 km from surrounding floodplains),Internal (DS/OUV),,"Load-bearing mud brick walls, monumental pilasters, and vertical buttresses",Internal (DS/OUV),,"Façade relief motifs (potige), ancestral entrance archways, decorative pilasters",Internal (DS/OUV),,Djenné Ferey (traditional cylindrical or rectangular sun-dried mud bricks laid with earthen mortar and plaster),Internal (DS/OUV),,"Leaching, rainwater erosion, gullying from severe seasonal rains and floods",Internal (DS/OUV),,"Earthen plaster re-application (Crépissage), cement/fired bricks (noted as an aesthetic threat/modification)",Internal (DS/OUV),,Annual community plastering ritual (Crépissage de la Grande Mosquée); traditional masonry maintenance by the Barey Guild,Internal (DS/OUV),,Poor,Internal (DS/OUV),,Yes,
596.0,Villages with Fortified Churches in Transylvania,Romania,"Architectural, Building, Modern Movement (Fortified Churches, Castles, Towers, Palaces)",Internal (DS/OUV),,Late Middle Ages / 13th to 16th century,Internal (DS/OUV),,Transylvanian Saxons,Internal (DS/OUV),,,Internal (DS/OUV),,Flint,,,,,,,,,,,,,,,,,,,,,,,,,,,,,,,,,,,,,,,,,,,,,,,,,,,,,,,,,,,,,,,,
132.0,Megalithic Temples of Malta,Malta,Prehistoric monumental buildings / Megalithic temples,Internal (DS/OUV),,4th millennium BC and 3rd millennium BC,Internal (DS/OUV),,indigenous Neolithic civilization,External,,,Internal (DS/OUV),,"Coralline limestone, Globigerina limestone",,,Sedimentary Rock,,,,,,,,,"Hard coralline limestone, Soft globigerina limestone",,,,,,,,,,,,,,,,,,,,,,,,Locally available stone,Internal (DS/OUV),,,,,"External walls, sheltered interiors, orthostats (upright stone slabs), horizontal blocks, paved courts, corbelled roofs, horizontal beams",Internal (DS/OUV),,"Decorated features, panels decorated with drilled holes, bas-relief panels depicting spiral motifs, trees, plants, and animals",Internal (DS/OUV),,Megalithic masonry; upright stone slabs (orthostats) surmounted by horizontal blocks; corbelled roofing; external walls constructed in larger blocks set alternately face out and edge out with space between inner/outer walls filled with stones and earth,Internal (DS/OUV),,"Material and structural deterioration, erosion by natural and human causes, weathering",Internal (DS/OUV),,Cement (used for capping surviving blocks during historic restoration),Internal (DS/OUV),,"Moving decorated blocks indoors; capping surviving blocks with cement; lightweight, removable protective shelters/covers implemented",Internal (DS/OUV),,Good,Internal (DS/OUV),,Yes,
958.0,Walled City of Baku with the Shirvanshah's Palace and Maiden Tower,Azerbaijan,Skipped,,,,,,,,,,,,,,,,,,,,,,,,,,,,,,,,,,,,,,,,,,,,,,,,,,,,,,,,,,,,,,,,,,,,,,,,,,,,
1605.0,"Jaipur City, Rajasthan",India,Skipped,,,,,,,,,,,,,,,,,,,,,,,,,,,,,,,,,,,,,,,,,,,,,,,,,,,,,,,,,,,,,,,,,,,,,,,,,,,,
633.0,White Monuments of Vladimir and Suzdal,Russian Federation,"Ecclesiastical / Religious and Public Monuments (Cathedral, Church, Monastery, Castle/Palace, Fortress/Kremlin, Golden Gate)",Internal (DS/OUV),,12th–13th centuries (with 16th–17th century reconstructions/additions),,,Ancient Russian Principality / North-East Rus,Internal (DS/OUV),,,Internal (DS/OUV),,White Limestone,Internal (DS/OUV),,Sedimentary Rock,,,,,,"White Stone (""white-stone architecture / structures"")",Internal (DS/OUV),,Limestone,,,,,,,,,White,Internal (DS/OUV),,Regular blocks,Internal (DS/OUV),,Lime (in white lime mortar),Internal (DS/OUV),,,,,,,,,,,,,,"Load-bearing stonework faced in regular blocks of white limestone (walls, cubic towers, naves, drums, apses)",Internal (DS/OUV),,"Carved reliefs, exterior wall reliefs, fine stone carvings (over a thousand stone carvings on King David theme)",Internal (DS/OUV),,"Stonework faced in regular blocks of white limestone, ashlar masonry style",Internal (DS/OUV),,Atmospheric and vehicle pollution affecting white stone facades,Internal (DS/OUV),,White stone (Used in traditional restoration),Internal (DS/OUV),,"Restoration using traditional techniques, old construction methods, and authentic materials (white stone, white lime, wood, metal)",Internal (DS/OUV),,Good,Internal (DS/OUV),,Yes,
1361.0,"Historic Jeddah, the Gate to Makkah",Saudi Arabia,"Multi-cultural Red Sea architectural tradition, characterized by imposing Roshan tower houses and lower houses, mosques, ribat-s, suqs, and small public squares.",Internal (DS/OUV),,"7th century AD / 7th century AH (established as port/gate), with major development of tower houses occurring in the late 19th century (especially post-1869 after the Suez Canal opening).",Internal (DS/OUV),,"Islamic / Arabian Red Sea cultural world (influenced by Indian Ocean trade routes and a cosmopolitan population of pilgrims and merchants from Asia, Africa, and the Middle East).",Internal (DS/OUV),,,Internal (DS/OUV),,Coral Stone,Internal (DS/OUV),,Sedimentary Rock,,,,,,Coral stone / Coral,Internal (DS/OUV),,,,,,,,,,,,,,,,,,,,,,,,,,Local (Red Sea coastal coral building traditions),Internal (DS/OUV),,,,,Coral stone/coral masonry used for constructing lower houses and tower houses (combined with embedded wooden beams).,Internal (DS/OUV),,Precious woodwork / Roshan wooden screens decorating facades (no stone decorative details mentioned).,Internal (DS/OUV),,"Coral masonry construction with embedded wooden beams; isolated, outward-oriented houses with specific technical devices for internal ventilation.",Internal (DS/OUV),,"Decay and deterioration of historic structures due to humidity, heat, abandonment, and squatting by poor immigrants.",Internal (DS/OUV),,,,,"Punctual restoration, stabilization, and revitalization projects aimed at nursing buildings back to life; minor maintenance on original masonries.",Internal (DS/OUV),,Good,,,Yes,
809.0,Episcopal Complex of the Euphrasian Basilica in the Historic Centre of Poreč,Croatia,"skipped
",,,,,,,,,,,,,,,,,,,,,,,,,,,,,,,,,,,,,,,,,,,,,,,,,,,,,,,,,,,,,,,,,,,,,,,,,,,,
537.0,"Monasteries of Daphni, Hosios Loukas and Nea Moni of Chios",Greece,"Middle Byzantine religious architecture (cross-in-square plan with octagonal central space under a dome, squinches, Katholikon)",Internal (DS/OUV),,Middle Byzantine period (11th and 12th centuries),Internal (DS/OUV),,Byzantine / Middle Byzantine,Internal (DS/OUV),,,Internal (DS/OUV),,Marble,Internal (DS/OUV),,Metamorphic Rock,,,Stone (courses of stone enclosed by bricks),Internal (DS/OUV),,,,,,,,,,,,,,,,,,,,,,,,,,,,,,,,,,,Masonry walls (courses of stone enclosed by bricks),Internal (DS/OUV),,"Marble works, marble revetment, pavements, architectural sculptures",Internal (DS/OUV),,Cloisonné / courses of stone enclosed by bricks,Internal (DS/OUV),,,,,,,,"Restoration of masonry, dome, and marble revetments/mosaics following earthquake damage (1881 earthquake at Nea Moni, 1999 earthquake at Daphni); early 20th-century Byzantinist interventions at Hosios Loukas",Internal (DS/OUV),,Good,,,Yes,
1720.0,The Historic Town and Archaeological Site of Gedi,Kenya,"Swahili coastal architecture (domestic, religious, civic, tombs, palace complex, grand mosque, sunken courts, city walls)",Internal (DS/OUV),,10th to 17th centuries (particularly 15th–17th centuries),Internal (DS/OUV),,Swahili Islamic Civilization,Internal (DS/OUV),,,Internal (DS/OUV),,Coral stone / Coral rag,Internal (DS/OUV),,Sedimentary Rock,,,,,,Coral rag,Internal (DS/OUV),,,,,,,,,,,,,,,,,,,,,,,Kenya,Internal (DS/OUV),,Local (Building stones); Imported luxury items (Porcelain/Glass),Internal (DS/OUV),,,,,"Walls, domestic structures, mosques, tombs, palace complex, wells, water sumps",Internal (DS/OUV),,Mosques and tombs embellished with carvings and inset Chinese porcelain,Internal (DS/OUV),,Coral rag/stone laid with lime mortar and earth mortar,Internal (DS/OUV),,Vulnerable; affected by vegetation and potential fire risks,Internal (DS/OUV),,,,,Traditional building materials and methods respected during maintenance,Internal (DS/OUV),,Good,,,Yes,
857.0,"La Grand-Place, Brussels",Belgium,"Eclectic blending of Gothic, Renaissance, and Baroque styles",Internal (DS/OUV),,Earliest reference 12th century; major rebuilding late 17th century (post-1695 bombardment); restorations in 19th century,Internal (DS/OUV),,Western European / Brabant (Mercantile Northern Europe),Internal (DS/OUV),,,Internal (DS/OUV),,"Euville Stone, Calcareous Sandstone, Sandstone",Internal (DS/OUV),,Sedimentary Rock,,,Gobertange calcareous sandstone (Bruxellian),Internal (DS/OUV),,Gobertange stone / Bruxellian,Internal (DS/OUV),,"Calcareous sandstone, limestone",Internal (DS/OUV),,,,,,,,,,,,,,,,,Gobertange / Euville,Internal (DS/OUV),,Belgium (Gobertange) / France (Euville),Internal (DS/OUV),,Both (Local Gobertange sandstone & imported/regional Euville stone),Internal (DS/OUV),,,,,"Stone façades, foundations, paved square",Internal (DS/OUV),,"Sculpted ornaments, gables, pinnacles, statues",Internal (DS/OUV),,"Ashlar stone masonry, historicist restoration / reproduction",Internal (DS/OUV),,Erosion and atmospheric pollution,Internal (DS/OUV),,Gobertange calcareous sandstone and Euville stone used during 19th-century restorations,Internal (DS/OUV),,Major historicist restoration campaigns in late 19th century and ongoing regional heritage interventions,Internal (DS/OUV),,Excellent,,,Yes,
292.0,Cologne Cathedral,Germany,"Gothic, High Gothic, Romanesque",Internal (DS/OUV),,"Begun in 1248, completed in 1880 (with western section/nave/transept begun in 1330)",Internal (DS/OUV),,European Christianity,Internal (DS/OUV),,,Internal (DS/OUV),,Limestone,Internal (DS/OUV),,Sedimentary Rock,,,,,,,,,,,,,,,,,,Black (referring to the high altar limestone slab),Internal (DS/OUV),,,,,,,,,,,,,,,,,,,,High altar slab (monolithic slab),Internal (DS/OUV),,Liturgical appointments / High altar slab,Internal (DS/OUV),,Medieval forms and techniques,Internal (DS/OUV),,,,,,,,"Maintenance, conservation, and restoration in the medieval tradition by Cathedral Workshop",,,Good,,,Yes,
821.0,Historic Centre of São Luís,Brazil,"skipped
",,,,,,,,,,,,,,,,,,,,,,,,,,,,,,,,,,,,,,,,,,,,,,,,,,,,,,,,,,,,,,,,,,,,,,,,,,,,
1052.0,Tugendhat Villa in Brno,Czechia,skipped,,,,,,,,,,,,,,,,,,,,,,,,,,,,,,,,,,,,,,,,,,,,,,,,,,,,,,,,,,,,,,,,,,,,,,,,,,,,
91.0,"Historic Centre of Rome, the Properties of the Holy See in that City Enjoying Extraterritorial Rights and San Paolo Fuori le Mura","Holy See,Italy",Skipped,,,,,,,,,,,,,,,,,,,,,,,,,,,,,,,,,,,,,,,,,,,,,,,,,,,,,,,,,,,,,,,,,,,,,,,,,,,,
524.0,Buddhist Monuments at Sanchi,India,skipped; No stone mentioned!,,,,,,,,,,,,,,,,,,,,,,,,,,,,,,,,,,,,,,,,,,,,,,,,,,,,,,,,,,,,,,,,,,,,,,,,,,,,
567.0,Tiwanaku: Spiritual and Political Centre of the Tiwanaku Culture,Bolivia (Plurinational State of),"Civic-ceremonial centre, Temples, Pyramids, Monoliths, Palaces, Urban ceremonial capital",Internal (DS/OUV),,400 A.D. – 900 A.D. (flourished); apogee between 500 A.D. and 900 A.D.; declined 11th century to 12th century,Internal (DS/OUV),,Tiwanaku Culture / Pre-Inca Andean civilization,Internal (DS/OUV),,,Internal (DS/OUV),,"Sandstone, Red Sandstone, Andesite, Adobe (mud brick)",Internal (DS/OUV),,Sedimentary Rock,,,,,,,,,,,,,,,,,,Red (for Red Sandstone),Internal (DS/OUV),,,,,,,,,,,,,,,,,,,,"Retaining walls (Akapana Pyramid clad in sandstone/andesite), pillars (Templete made of red sandstone), door frames/gateways (Gate of the Sun), steps, underground drainage canals",Internal (DS/OUV),,"Bas-relief frieze (Gate of the Sun depicting central deity and anthropomorphic birds), carved stone heads set into temple walls, carved monoliths",Internal (DS/OUV),,Impressive accurately carved ashlar stones; carved from single slabs (monolithic); polished stone materials,Internal (DS/OUV),,Adverse effect of climatic conditions,Internal (DS/OUV),,,,,"Systematic conservation, restoration, and physical stabilization measures required under the main plan (1999–2009)",Internal (DS/OUV),,Excellent,,,Yes,
400.0,"Budapest, including the Banks of the Danube, the Buda Castle Quarter and Andrássy Avenue",Hungary,"Eclectic, Gothic, Neo-Gothic, Renaissance, Neo-Renaissance, Baroque, Art Nouveau",Internal (DS/OUV),,"Roman era (Aquincum), Medieval (13th century / 1241–1242, King Bela IV), 14th century, 18th century, 19th century (1849, 1862, 1872–1885), 20th century (1893–1896, 1960–1980)",Internal (DS/OUV),,"Roman (Aquincum), Hungarian Monarchy, Austro-Hungarian Empire, Ottoman/Turkish Occupation period",Internal (DS/OUV),,,Internal (DS/OUV),,Limestone,Internal (DS/OUV),,Sedimentary Rock,,,,,,,,,,,,,,,,,,,,,,,,,,,,,,,,,,,,,,,"Castle/Spur foundations, Bridges, Embankments, Underground Railway, Fortifications (Citadel), Retaining Structures",Internal (DS/OUV),,"Decorative facade elements, Street furniture, Monuments, Architectural embellishments",Internal (DS/OUV),,,,,"Deterioration of limestone structures, Humidity affecting wooden roof structures, Metal structure corrosion, Air pollution, Climate change impacts (extreme water levels of the Danube)",Internal (DS/OUV),,,,,Partial reconstruction and restoration of the Buda Castle Quarter (1960–1980); authentic renovation of three Danube bridges; ongoing maintenance,,,Excellent,,,Yes,
1376.0,Historic Bridgetown and its Garrison,Barbados,"skipped; Site with no information
",,,,,,,,,,,,,,,,,,,,,,,,,,,,,,,,,,,,,,,,,,,,,,,,,,,,,,,,,,,,,,,,,,,,,,,,,,,,
942.0,The Historic Centre (Chorá) with the Monastery of Saint-John the Theologian and the Cave of the Apocalypse on the Island of Pátmos,Greece,"skipped, but promising",,,,,,,,,,,,,,,,,,,,,,,,,,,,,,,,,,,,,,,,,,,,,,,,,,,,,,,,,,,,,,,,,,,,,,,,,,,,
545.0,"Kremlin and Red Square, Moscow",Russian Federation,skipped; bp,,,,,,,,,"(i) to represent a masterpiece of human creative genius; | (ii) to exhibit an important interchange of human values, over a span of time or within a cultural area of the world, on developments in architecture or technology, monumental arts, town-planning or landscape design; | (iv) to be an outstanding example of a type of building, architectural or technological ensemble or landscape which illustrates (a) significant stage(s) in human history; | (vi) to be directly or tangibly associated with events or living traditions, with ideas, or with beliefs, with artistic and literary works of outstanding universal significance;",,,,,,,,,,,,,,,,,,,,,,,,,,,,,,,,,,,,,,,,,,,,,,,,,,,,,,,,,,,,,,,,,,No,
1005.0,Major Town Houses of the Architect Victor Horta (Brussels),Belgium,skipped,,,,,,,,,,,,,,,,,,,,,,,,,,,,,,,,,,,,,,,,,,,,,,,,,,,,,,,,,,,,,,,,,,,,,,,,,,,,
707.0,"Historic Ensemble of the Potala Palace, Lhasa",China,skipped,,,,,,,,,,,,,,,,,,,,,,,,,,,,,,,,,,,,,,,,,,,,,,,,,,,,,,,,,,,,,,,,,,,,,,,,,,,,
987.0,Roman Walls of Lugo,Spain,Roman military fortification / Late imperial defensive walls,Internal (DS/OUV),,3rd and 4th centuries AD (later part of the 3rd century),Internal (DS/OUV),,Western Roman Empire / Roman,Internal (DS/OUV),,,Internal (DS/OUV),,"Slate, Granite",Internal (DS/OUV),,Metamorphic Rock,Internal (DS/OUV),,Conglomerate (slate slabs & worked stone pieces from Roman buildings),Internal (DS/OUV),,,,,,,,,,,,,,,,,,,,,,,,,,,,,"Local materials (""use of local materials such as slate, granite..."")",Internal (DS/OUV),,,,,Internal and external facings (slate with some granite); core filling (conglomerate of slate slabs and worked stone pieces),Internal (DS/OUV),,,,,Interlocked with lime mortar; core filling of conglomerate of slate slabs and worked stone pieces re-used from Roman buildings,Internal (DS/OUV),,Minor pressures from relative humidity and water (noted as under control),Internal (DS/OUV),,Re-used worked stone pieces from earlier Roman buildings,Internal (DS/OUV),,"Renovation, rehabilitation, and maintenance interventions carried out under the ""Advance Integral Plan for the Conservation and Restoration of the Walls of Lugo""",Internal (DS/OUV),,Excellent,,,Yes,
392.0,Temple of Apollo Epicurius at Bassae,Greece,Columned Temple / Sanctuary,Internal (DS/OUV),,Second half of the 5th century BC (420–400 BC),Internal (DS/OUV),,Ancient Greek / Classical Greek Civilization,Internal (DS/OUV),,,Internal (DS/OUV),,Limestone,Internal (DS/OUV),,Sedimentary Rock,,,,,,Local limestone,Internal (DS/OUV),,,,,,,,,,,Grey (Arcadian mountain limestone),Internal (DS/OUV),,,,,,,,Local quarries (surrounding Arkadian mountains),Internal (DS/OUV),,Greece,Internal (DS/OUV),,Local,Internal (DS/OUV),,,,,"Colonnade (Doric outer columns), Cella, Adyton, Columns (Ionic and Corinthian)",Internal (DS/OUV),,"Sculptured frieze, Corinthian capital",Internal (DS/OUV),,Classical Greek dry masonry (Archaic/Doric blend),Internal (DS/OUV),,"Deterioration from extreme weather, temperature variations, strong wind, water, and seismic activity",Internal (DS/OUV),,Local limestone (matching the original material used in the monument),Internal (DS/OUV),,"Systemic restoration ongoing since 2001; installation of a protective shelter, anti-seismic netting, and drainage system",Internal (DS/OUV),,Excellent,,,Yes,
540.0,Historic Centre of Saint Petersburg and Related Groups of Monuments,Russian Federation,"Baroque, Pure Neoclassical, Architectural",Internal (DS/OUV),,18th Century (Begun in 1703 under Peter the Great; continuous major development through the 18th and 19th centuries),Internal (DS/OUV),,Russian / Russian-European,Internal (DS/OUV),,,Internal (DS/OUV),,Marble,Internal (DS/OUV),,Metamorphic Rock,Internal (DS/OUV),,Peat (Mentioned in geological/terrain context as peat bogs),,,,,,"Marble, Peat",Internal (DS/OUV),,,,,,,,,,,,,,,,,,,,,,,,,,,,,"Architectural styles in stone and marble for capital structures, fortresses, bases, palaces",Internal (DS/OUV),,"Palaces (Winter Palace, Marble Palace), convents, imperial residences, monuments",Internal (DS/OUV),,Built using authentic techniques and historical restoration materials,Internal (DS/OUV),,"Impacts of traffic, air pollution, and relative humidity",Internal (DS/OUV),,,,,High quality of restoration and reconstruction efforts accomplished on the basis of historical documents using authentic techniques and materials,Internal (DS/OUV),,Excellent,,,Yes,
1570.0,"Kakatiya Rudreshwara (Ramappa) Temple, Telangana",India,"Main Shiva temple in a walled temple complex with smaller temples and Mandapa structures; Kakatiyan style featuring sandbox foundations and light-weight porous ""floating bricks""",Internal (DS/OUV),,Kakatiya Period (1123–1323 CE); temple construction began in 1213 CE and continued for ~40 years under rulers Rudradeva and Recharla Rudra,Internal (DS/OUV),,Kakatiya Dynasty,Internal (DS/OUV),,,Internal (DS/OUV),,"Sandstone, ",Internal (DS/OUV),,Sedimentary Rock,Internal (DS/OUV),,"Granite, Dolerite, Light-weight porous bricks (""floating bricks"") and sand (used in sandbox foundation)",Internal (DS/OUV),,,,,"Fine-grained, hard dolerite (chiseled to metallic polish); Sandstone; Granite",Internal (DS/OUV),,,,,,,,,,,Hard dolerite with a fine lustre / metallic finish; porous lightweight bricks,Internal (DS/OUV),,,,,,,,India,Internal (DS/OUV),,Local (Erected using five types of local materials),Internal (DS/OUV),,,,,"Sandstone: Main temple structure and walls


Granite: Columns and beams


Sand: Sandbox foundation


Porous Clay Bricks: Lightweight pyramidal Vimana (horizontally stepped tower)",Internal (DS/OUV),,"Dolerite: Carved bracket figures, sculptures, and detailed relief carvings with intact lustre",Internal (DS/OUV),,Sandbox foundation technology; mortise-and-tenon or interlocking stone joinery; anastylosis (planned/applied for Kameshwara temple),Internal (DS/OUV),,,,,Remanufactured lightweight floating bricks (reconstructed after studies to match 13th-century techniques),Internal (DS/OUV),,Well-preserved; highly intact visual and structural integrity; protected from natural disasters due to innovative earthquake-resistant construction techniques,Internal (DS/OUV),,Excellent,Internal (DS/OUV),,Yes,
313.0,Historic Centre of Cordoba,Spain,"skipped
",,,,,,,,,,,,,,,,,,,,,,,,,,,,,,,,,,,,,,,,,,,,,,,,,,,,,,,,,,,,,,,,,,,,,,,,,,,,
822.0,Historic Centre (Old Town) of Tallinn,Estonia,"Medieval northern European trading city, public and burgher buildings, churches, fortifications, domestic merchant architecture",Internal (DS/OUV),,13th to 16th centuries (with 17th–20th century additions),Internal (DS/OUV),,"Teutonic Order, Hanseatic League",Internal (DS/OUV),,,Internal (DS/OUV),,Limestone (explicitly mentioned forming the high hill of Toompea),Internal (DS/OUV),,Sedimentary Rock,,,,,,,,,,,,,,,,,,,,,,,,,,,,,,,,,Local (Upper town constructed on local limestone hill),Internal (DS/OUV),,,,,"Castle, Cathedral, Town Wall, Fortifications, Urban Foundation",,,,,,,,,Fire and war ravages (historical structural risks),Internal (DS/OUV),,,,,"Historical residential refurbishment, maintenance of wooden quarters",Internal (DS/OUV),,Excellent,,,Yes,
890.0,Historic Centre of the Town of Diamantina,Brazil,"Baroque architecture, Portuguese-inspired architectural patterns, wood architecture, semi-detached houses (1 or 2 floors), churches with single towers",Internal (DS/OUV),,18th and 19th century,Internal (DS/OUV),,Portuguese explorers / colonial prospectors & Portuguese Crown in an American context,Internal (DS/OUV),,,Internal (DS/OUV),,Flagstone,Internal (DS/OUV),,,,,Diamond,,,,,,,,,,,,Cristais Mountains,Internal (DS/OUV),,"Grey (flagstone paving), white ground with bright colours (semi-detached houses)",Internal (DS/OUV),,,,,,,,,,,,,,Local (rocky mountains/hillsides surrounding the city),Internal (DS/OUV),,,,,"Wood (Baroque architecture, semi-detached houses), Church foundations and towers",Internal (DS/OUV),,"Geometric facades, detailed wood architecture",Internal (DS/OUV),,"Flagstone paving (streets), continuous scaled structures on uneven terrain",Internal (DS/OUV),,,,,,,,Recovery of essential public and private historical landmark spaces and buildings via the Monumenta Program,Internal (DS/OUV),,Good,,,Yes,
910.0,Brimstone Hill Fortress National Park,Saint Kitts and Nevis,Military architecture / Fortress / Citadel (Polygonal System),Internal (DS/OUV),,"17th and 18th centuries (Evolved starting in 1690, Citadel completed end of 1700s, served until 1853)",Internal (DS/OUV),,British (built by African slave labour) / European colonial,Internal (DS/OUV),,,Internal (DS/OUV),,"Basalt, Limestone",Internal (DS/OUV),,Igneous Rock,,,,,,,,,"Basalt, Limestone",,,,,,,,,,,,,,,,,,Quarries on the middle and lower slopes of the hill,Internal (DS/OUV),,Saint Kitts and Nevis (Island of St. Christopher / St. Kitts),Internal (DS/OUV),,Local,,,,,,"Dressed stone (basalt) blocks with a rubble core used for principal structures (bastions, barracks, retaining walls, Citadel)",Internal (DS/OUV),,Local limestone used as a decorative element for quoins and for facing round doorways and embrasures,Internal (DS/OUV),,Dressed stone blocks with a rubble core; traditional working techniques; mortars prepared with Portland cement mixed with lime,Internal (DS/OUV),,"Rock falls, land slippage, and heavy rainfall impact",Internal (DS/OUV),,New stone worked according to traditional techniques,Internal (DS/OUV),,"Stabilization, restoration, and reconstruction projects (e.g., discrete use of modern materials like Portland cement mixed with lime in recommended proportions, timber reconstructions)",Internal (DS/OUV),,Good,Internal (DS/OUV),,Yes,
787.0,The <I>Trulli</I> of Alberobello,Italy,Traditional vernacular dry-stone dwellings/huts (trulli) with corbelled conical roofs; historic urban landscape,Internal (DS/OUV),,"Prehistoric building technique; existing structures date as early as mid-14th century, expanding significantly in 1620 until the late 18th century",Internal (DS/OUV),,Mediterranean / Italian (Puglia / Itria Valley agricultural community),Internal (DS/OUV),,,Internal (DS/OUV),,Limestone,Internal (DS/OUV),,Sedimentary Rock,,,,,,Chianche or Chiancarelle (corbelled limestone slabs used for roofs),Internal (DS/OUV),,"Roughly worked limestone boulders, limestone bedrock, and corbelled limestone slabs (chianche)",Internal (DS/OUV),,,,,,,,White / Whitewashed (lime whitewash),Internal (DS/OUV),,,,,,,,Excavated on-site (sub-floor cisterns) and collected from neighbouring fields and nearby rock outcrops,Internal (DS/OUV),,Italy,Internal (DS/OUV),,Local,Internal (DS/OUV),,On-site to immediate neighbouring fields / local region,Internal (DS/OUV),,Dry-stone double-skinned walls built directly onto limestone bedrock with a rubble core; corbelled conical double-skinned roofs (chianche slabs),Internal (DS/OUV),,Decorative pinnacles terminating the conical roofs; mythological/religious symbols drawn in white ash,Internal (DS/OUV),,Dry-wall / dry-stone construction (mortarless / without cement or mortar); corbelled stone roof construction,Internal (DS/OUV),,,,,,,,Lime whitewash (traditional material); conservative restoration regulated by local Recovery Plans and the Handbook of Trulli Restoration,,,Moderate,,,Yes,
426.0,Palace of Westminster and Westminster Abbey including Saint Margaret’s Church,United Kingdom of Great Britain and Northern Ireland,skipped,,,,,,,,,,,,,,,,,,,,,,,,,,,,,,,,,,,,,,,,,,,,,,,,,,,,,,,,,,,,,,,,,,,,,,,,,,,,
344.0,Pont du Gard (Roman Aqueduct),France,Aqueduct / Aqueduct bridge,Internal (DS/OUV),,Middle of the 1st century AD (shortly before the Christian era / early Imperial era),Internal (DS/OUV),,Ancient Roman,Internal (DS/OUV),,,Internal (DS/OUV),,"Large stone blocks (lower two levels), small stone rubble, abutting flagstones (upper canal)",Internal (DS/OUV),,,,,,,,,,,,,,,,,,,,,,,,,,,,,,,,,,,,,,,,,"Three-storey aqueduct bridge (arches, piers, voussoirs, piers with protective lips) carrying a water conduit",Internal (DS/OUV),,,,,"Large stone blocks assembled on lower levels; small rubble with flagstones at upper level; dry assembly with stonecutters' and quarrymen's marks, engraved positioning codes, and juxtaposed rollers of voussoirs",Internal (DS/OUV),,"Loss of stones, disappearance of 12 arches upstream during the Middle Ages, and spoliation/cutting into piers for road usage",Internal (DS/OUV),,,,,"Repair of piers (1699–1702), construction of corbels, attachment of Pitot road bridge (1746), and continuous restoration campaigns since the end of the 17th century",Internal (DS/OUV),,Excellent,,,Yes,
130.0,Ħal Saflieni Hypogeum,Malta,Underground cemetery / subterranean 'labyrinth' / rock-cut chambers,Internal (DS/OUV),,"c. 4000 B.C. to 2500 B.C. (Żebbuġ, Ġgantija and Tarxien Phases)",Internal (DS/OUV),,Maltese Prehistory (Neolithic),Internal (DS/OUV),,,Internal (DS/OUV),,"Soft globigerina limestone, coralline limestone",Internal (DS/OUV),,Sedimentary Rock,Internal (DS/OUV),,"Chert, flint, obsidian",Internal (DS/OUV),,"Globigerina limestone, coralline limestone",Internal (DS/OUV),,,,,,,,,,,Red ochre,Internal (DS/OUV),,Soft,,,Red ochre,,,Scooped out of the brow of a hill / hewn entirely out of the natural rock,Internal (DS/OUV),,Malta,Internal (DS/OUV),,Local,Internal (DS/OUV),,,,,"Subterranean levels of chambers, corbelled masonry imitation roofs, trilithon doorway imitations",Internal (DS/OUV),,Spiral and honeycomb painted designs in red ochre,Internal (DS/OUV),,"Rock-cut excavation using chert, flint, obsidian tools and antlers; corbelled masonry",Internal (DS/OUV),,"Fluctuating temperature and relative humidity levels, water infiltration, biological infestations",Internal (DS/OUV),,,,,Acquisition and dismantling of houses directly above the site; light level and visitor number controls,Internal (DS/OUV),,Excellent,,,Yes,
990.0,"Assisi, the Basilica of San Francesco and Other Franciscan Sites",Italy,"Umbrian hill town, medieval city, basilicas, sanctuaries, fort, hermitage sites",Internal (DS/OUV),,"Ancient Roman origins, 13th century (medieval) through late 15th–18th centuries",Internal (DS/OUV),,"Umbrian-Roman, Medieval, Renaissance",Internal (DS/OUV),,,Internal (DS/OUV),,Limestone,Internal (DS/OUV),,Sedimentary Rock,,,,,,Assisi type of stone,Internal (DS/OUV),,,,,,,,,,,,,,,,,,,,Mount Subasio slopes (local hill context),Internal (DS/OUV),,Italy,,,Local,,,,,,"Walls, foundations, vaults, basilicas, fort (Rocca Maggiore), sanctuaries",,,,,,Stone construction / terraced Roman town foundation,Internal (DS/OUV),,,,,,,,Restoration works carried out following earthquake damage (e.g. collapse of parts of the vaults in the Basilica of San Francesco),,,Excellent,,,Yes,
450.0,Sacred City of Kandy,Sri Lanka,"Palace, Temple, Monastery, Sanctuary, Capital",Internal (DS/OUV),,Sinhala kings period until 1815,,,Sinhala / Dinahala culture,Internal (DS/OUV),,,Internal (DS/OUV),,Flint,,,,,,,,,,,,,,,,,,,,,,,,,,,,,,,,,,,,,,,,,,,,,,,,,,,,,,,,,,,,,,,,
885.0,Historic Centre of Shakhrisyabz,Uzbekistan,Secular / Medieval / Temurid Architectural Ensemble,Internal (DS/OUV),,14th–16th Century (Apogee under Amir Temur & Temurids); Ak-Sarai Palace construction began 1380,Internal (DS/OUV),,Temurid Empire / Central Asian & Islamic,Internal (DS/OUV),,,Internal (DS/OUV),,"Marble, White Marble",,,Metamorphic Rock,,,,,,,,,Marble,,,,,,,,,White,,,,,,,,,,,,,,,,,,,,,"Gate foundations, Mausoleum/Tomb structures, City Walls, Cupola",Internal (DS/OUV),,"Façade facing (white marble), rich palace decoration",Internal (DS/OUV),,Traditional materials and techniques,Internal (DS/OUV),,Inroads of time; rising ground water level affecting physical integrity,,,,,,Care taken to ensure use of traditional materials and techniques,,,Good,,,Yes,
1625.0,Cordouan Lighthouse,France,"Renaissance, Mannerism, Neoclassicism (18th century addition), Monumental, Tower",Internal (DS/OUV),,"Turn of the 16th and 17th centuries (1584), remodelled/heightened late 18th century (1788–1789)",Internal (DS/OUV),,French (Kingdom of France),Internal (DS/OUV),,,Internal (DS/OUV),,Limestone (dressed blocks),Internal (DS/OUV),,Sedimentary Rock,,,,,,,,,,,,,,,,,,White,Internal (DS/OUV),,,,,,,,,,,,,,,,,,,,"Monumental tower, frustoconical tower, pilasters, columns, dome, light chamber, 8 levels (67m high)",Internal (DS/OUV),,"Pilasters, columns, sculptures, modillions, gargoyles, king's apartments, chapel",Internal (DS/OUV),,"Dressed blocks, stereotomy / stereometry",Internal (DS/OUV),,"Highly exposed and hostile/aggressive maritime environment (extreme meteorological conditions, hazards, ocean exposure)",Internal (DS/OUV),,,,,Heightened/strengthened in 1788–1789; regular technical adaptations and restorations in 19th & 20th centuries (addition of annular buildings),,,Good,,,Yes,
500.0,Historic Centre of Lima,Peru,"Hispano-American Baroque, Art Nouveau, Colonial, Republican, Traditional civil & religious architecture",Internal (DS/OUV),,16th Century to 20th Century A.D. (Viceroyalty to Modern period),Internal (DS/OUV),,Spanish Colonial / Pre-Hispanic influences,Internal (DS/OUV),,,Internal (DS/OUV),,"Adobe, Stone, Brick, Quincha (traditional mud & organic lattice)",Internal (DS/OUV),,Sedimentary Rock,,,,,,,,,,,,,,,,,,,,,,,,,,,,,,Peru,Internal (DS/OUV),,Local,Internal (DS/OUV),,,,,"First-floor walls (Adobe & Brick), Bridge construction (Stone over Rímac River), Foundations",Internal (DS/OUV),,"Facades, Hallways, Patios, Closed (""box"") Balconies",Internal (DS/OUV),,"Hybrid Anti-Seismic Masonry: Adobe and brick on the ground floor, Quincha on upper floors",Internal (DS/OUV),,"Environmental pollution, vibrations from transportation, natural material degradation",Internal (DS/OUV),,,,,"Stabilization post-earthquakes (1586, 1687, 1746, 1940, 1966, 1970, 1974); Ongoing municipal plans (EMILIMA)",Internal (DS/OUV),,Moderate,,,Yes,
90.0,Abu Mena,Egypt,"Monastery, Pilgrimage Centre, Ecclesiastical Complex (Churches, Baptistery, Basilicas, Hostels/Rest Houses, Public Baths, Workshops)",Internal (DS/OUV),,4th to 7th centuries AD (A.D. 296 – 7th Century AD),Internal (DS/OUV),,Early Christian / Coptic,Internal (DS/OUV),,,Internal (DS/OUV),,"Limestone, Marble",Internal (DS/OUV),,Sedimentary Rock,,,,,,,,,,,,,,,,,,,,,,,,,,,,,,,,,,,,,,,Ashlar masonry for main buildings / wall construction,Internal (DS/OUV),,"Columns (made of Marble), Mosaics, fine lime plaster",Internal (DS/OUV),,Ashlar masonry set in lime mortar; Mud bricks covered with fine lime plaster for simpler buildings,Internal (DS/OUV),,"Risks from heavy rains, winds, humidity, fires, and rising underground water related to agricultural irrigation",Internal (DS/OUV),,,,,Ongoing periodic maintenance and active dewatering project to lower underground water table,Internal (DS/OUV),,Moderate,Internal (DS/OUV),,Yes,
660.0,Buddhist Monuments in the Horyu-ji Area,Japan,Wooden architecture / Buddhist temple architecture,Internal (DS/OUV),,Late 7th century or early 8th century (Rebuilding commenced after 670 fire),Internal (DS/OUV),,Japanese / Adaptation of Chinese Buddhist culture via the Korean peninsula,Internal (DS/OUV),,,Internal (DS/OUV),,,,,,,,,,,,,,,,,,,,,,,,,,,,,,,,,,,,,,,,,,,,,,,,,,,,,,,,,,,,,,,,,,
1670.0,Sacred Ensembles of the Hoysalas,India,Temple / Temple complexes,Internal (DS/OUV),,12th to 13th centuries (1117 CE onwards),Internal (DS/OUV),,Hoysala Dynasty / Kingdom,Internal (DS/OUV),,,Internal (DS/OUV),,Chloritic schist / Schist,Internal (DS/OUV),,Metamorphic Rock,Internal (DS/OUV),,,,,Soapstone,Internal (DS/OUV),,Chloritic Schist,Internal (DS/OUV),,,,,,,,,,,,,,Chlorite (inferred from chloritic schist),Internal (DS/OUV),,,,,,,,,,,,,,"Stellate sanctum, circumambulatory platform, adhisthana, walls, temples",Internal (DS/OUV),,"Sculptural gallery, multi-tiered friezes, hyper-real sculptures, stone carvings, Sala legend sculptures",Internal (DS/OUV),,"Stellate plan, horizontal friezes, fine stone carving",Internal (DS/OUV),,,,,,,,"Past alterations noted (loss of superstructures, loss of enclosure walls)",Internal (DS/OUV),,Good,Internal (DS/OUV),,Yes,
1379.0,Margravial Opera House Bayreuth,Germany,Baroque theatre architecture / Court opera house,Internal (DS/OUV),,1745–1750,Internal (DS/OUV),,18th-century European / Princely Court (Margravine Wilhelmine of Brandenburg-Bayreuth),Internal (DS/OUV),,,Internal (DS/OUV),,Sandstone,Internal (DS/OUV),,Sedimentary Rock,Internal (DS/OUV),,,,,,,,,,,,,,,,,,,,,,,,,,,,,Germany (Inferable from site location),,,,,,,,,Sandstone façade (designed by Joseph Saint Pierre),Internal (DS/OUV),,,,,,,,,,,,,,Overall conservation and restoration plan approved by State Party; restoration program concluded,,,Good,,,Yes,
404.0,"Acropolis, Athens",Greece,"Classical Greek / Sanctuary & Monumental Complex (Parthenon, Erechtheion, Propylaea, Temple of Athena Nike)",Internal (DS/OUV),,5th Century BC (with earliest fortifications dating to 13th Century BC),Internal (DS/OUV),,Ancient Greek / Classical Athenian (Mycenaean origin),Internal (DS/OUV),,,Internal (DS/OUV),,White Marble,Internal (DS/OUV),,Metamorphic Rock,Internal (DS/OUV),,,,,,,,,,,,,,,,,White,Internal (DS/OUV),,,,,,,,Mt. Penteli (Pentelikon),Internal (DS/OUV),,Greece,Internal (DS/OUV),,Pentelic Marble / Penteli Marble,,,,,,"Temples, Propylaea, Fortification Walls, Foundations, Altars",Internal (DS/OUV),,Sculptural and Architectural elements,Internal (DS/OUV),,Ancient classical masonry/building techniques,Internal (DS/OUV),,Eroded architectural elements,Internal (DS/OUV),,White marble quarried from Mt. Penteli,Internal (DS/OUV),,Integrated intervention program ongoing since 1975 following the principles of the Venice Charter,Internal (DS/OUV),,Excellent,,,Yes,
810.0,Historic City of Trogir,Croatia,"Hellenistic orthogonal plan, Romanesque churches, Gothic and Renaissance buildings/palaces, Baroque, Byzantine, Venetian fortifications, Fortress (Camerlengo), Cathedral, Basilica, Town Hall",Internal (DS/OUV),,"Hellenistic period (3rd century BC), Medieval period, 13th to 16th century (Cathedral built ~1200–late 16th century), 14th–15th century (Town Hall), Venetian period",Internal (DS/OUV),,"Greek colonists, Roman, Byzantine, Hungarian, Venetian",Internal (DS/OUV),,,Internal (DS/OUV),,Limestone,Internal (DS/OUV),,Sedimentary Rock,,,,,,Local limestone,Internal (DS/OUV),,,,,,,,,,,Mellowed with a golden patina,Internal (DS/OUV),,,,,,,,,,,Croatia,Internal (DS/OUV),,Local,Internal (DS/OUV),,,,,"Walls, residential blocks, fortifications, cathedral, basilica, bell tower, foundations, town hall, palaces",Internal (DS/OUV),,"Sculpture, portals (south portal, main west portal by Master Radovan)",Internal (DS/OUV),,"Megalithic wall, Vaulting (main nave)",Internal (DS/OUV),,"Sea level rise, climate change, past heavy vehicle traffic, patina accumulation",Internal (DS/OUV),,Authentic materials (where replacement is necessary),Internal (DS/OUV),,Rejection of abrasive stone cleaning in favor of maintaining patina; authentic materials and traditional techniques employed,Internal (DS/OUV),,Good,,,Yes,
326.0,Petra,Jordan,"Architectural, Architecture, Building, Byzantine, Design, Facade, Monument, Monumental, Plan, Structure, Traditional (also Nabataean, Hellenistic, Roman, Graeco-Roman)",Internal (DS/OUV),,"Prehistoric times; first centuries BC to AD (Nabataean, Roman, Byzantine); Iron Age, Chalcolithic, Crusader/Medieval",Internal (DS/OUV),,"Nabataean, Roman, Byzantine, Hellenistic, Assyrian, Greek, Crusader",Internal (DS/OUV),,,Internal (DS/OUV),,"Red Sandstone, Sandstone",Internal (DS/OUV),,Sedimentary Rock,Internal (DS/OUV),,,,,,,,Sandstone,Internal (DS/OUV),,,,,,,,,,,,,,,,,,,,,,,Local (rock-cut directly into surrounding cliffs and gorges),Internal (DS/OUV),,,,,"Half-built, half-carved rock-cut structures, tombs, temples, water channels, dams, cisterns, city walls, arches",Internal (DS/OUV),,"Monumental rock-cut facades, capitals, funerary stelae",Internal (DS/OUV),,Rock-cut / Ashlar Freestanding Masonry,Internal (DS/OUV),,"Ongoing erosion due to wind and rain, exacerbated by windblown sand and natural decay of the sandstone architecture",Internal (DS/OUV),,,,,Stabilization of freestanding monuments including Qasr al Bint temple and the vaulted structure supporting the Byzantine forecourt,Internal (DS/OUV),,Moderate,,,Yes,
321.0,Historic Mosque City of Bagerhat,Bangladesh,skipped,,,,,,,,,,,,,,,,,,,,,,,,,,,,,,,,,,,,,,,,,,,,,,,,,,,,,,,,,,,,,,,,,,,,,,,,,,,,
601.0,"Cathedral of Notre-Dame, Former Abbey of Saint-Rémi and Palace of Tau, Reims",France,"skipped
",,,,,,,,,,,,,,,,,,,,,,,,,,,,,,,,,,,,,,,,,,,,,,,,,,,,,,,,,,,,,,,,,,,,,,,,,,,,
983.0,"Historic Town of St George and Related Fortifications, Bermuda",United Kingdom of Great Britain and Northern Ireland,"Colonial, English military engineering, Garrison town",Internal (DS/OUV),,17th to 20th century (Settlement began August 1612),Internal (DS/OUV),,English / British Colonial,Internal (DS/OUV),,,Internal (DS/OUV),,Limestone,Internal (DS/OUV),,Sedimentary Rock,,,,,,Local limestone / Bermudian limestone,Internal (DS/OUV),,,,,,,,,,,White (due to whitewashing),,,,,,,,,,,,United Kingdom of Great Britain and Northern Ireland (Bermuda),Internal (DS/OUV),,Local materials / Local stone,Internal (DS/OUV),,,,,"Walls, roofs, foundations, fortification batteries, seawalls",Internal (DS/OUV),,,,,Early masonry construction / Cut soft stone blocks whitewashed for water catchment,Internal (DS/OUV),,"Storm damage, exposure to maritime environments, invasive plant species",Internal (DS/OUV),,,,,"Major restorations (Seawalls, roof, window restorations, structural repairs, graffiti removal)",Internal (DS/OUV),,Good,,,Yes,
1463.0,Aqueduct of Padre Tembleque Hydraulic System,Mexico,"Hydraulic system, arcaded aqueduct bridges, canals, distribution tanks, cisterns/reservoirs, springs",Internal (DS/OUV),,1555–1572 (16th Century),Internal (DS/OUV),,Spanish Franciscan / Mesoamerican (Mestizo),Internal (DS/OUV),,,Internal (DS/OUV),,"Adobe (earthen adobe brick formwork), Stone (enclosed in stone)",Internal (DS/OUV),,,,,,,,,,,,,,,,,,,,,,,,,,,,,,,,,,,Local ( adaptation of local methods of adobe construction and regional materials),Internal (DS/OUV),,Maximum system extent of 48.22 km,Internal (DS/OUV),,Supporting structures / formwork using earthen adobes; arcaded aqueduct bridges; main and secondary canals,Internal (DS/OUV),,Glyphs illustrating symbols and cosmology incorporated in arcade structures,Internal (DS/OUV),,Roman masonry aqueduct tradition combined with Mesoamerican adobe construction and collective labor techniques,Internal (DS/OUV),,,,,,,,Ongoing repairs and maintenance undertaken by local communities using traditional construction techniques and materials,Internal (DS/OUV),,Excellent,Internal (DS/OUV),,Yes,
1131.0,Royal Exhibition Building and Carlton Gardens,Australia,"Byzantine, Romanesque, Lombardic and Italian Renaissance",Internal (DS/OUV),,Designed for international exhibitions of 1880 and 1888 (constructed starting 1879),Internal (DS/OUV),,Victorian / Colonial Australia,Internal (DS/OUV),,,Internal (DS/OUV),,"Bluestone, Slate",Internal (DS/OUV),,Metamorphic Rock,,,,,,"Bluestone,",,,,,,,,,,,,,,,,,,,,,,,,,,,,,,,,,"Plinth, base of iron railings, slate roof, timber floors, external joinery and stonework",Internal (DS/OUV),,"Internal paintings/murals, parapet ornamentation",Internal (DS/OUV),,"Brick and timber, steel and slate construction",Internal (DS/OUV),,,,,Concrete (replaced original timber staircases early in the 20th century),Internal (DS/OUV),,"Dome, structure, external joinery and stonework, timber floors, scroll/parterre gardens, and reinstatement of missing parapet ornamentation",Internal (DS/OUV),,Excellent,Internal (DS/OUV),,,
586.0,Rohtas Fort,Pakistan,"Muslim Military Architecture (Fortress / Garrison complex with bastions, monumental gateways, inner citadel, stepped wells, mosque, and haveli)",Internal (DS/OUV),,16th Century (Commenced in 1541 by Sher Shah Suri; continuous use until 1707 and reoccupied into the 18th/19th centuries),Internal (DS/OUV),,Suri Dynasty / Mughal Empire (incorporating artistic and architectural traditions from Turkey and the Indian Subcontinent),Internal (DS/OUV),,,,,Marble and Sandstone (Rock/geological material is explicitly mentioned),Internal (DS/OUV),,Metamorphic Rock,,,Sedimentary (Sandstone) & Metamorphic (Marble),,,,,,,,,,,,,,,,,,,,,,,,,,,,,,,,,,,,"Massive defensive fortification walls, 68 bastions, 12 monumental gateways, inner citadel walls, stepped wells (baolis), and buildings (Shahi Masjid, Haveli Man Singh)",Internal (DS/OUV),,"High- and low-relief carvings, calligraphic inscriptions in marble and sandstone",Internal (DS/OUV),,Ashlar/coursed stone masonry with plaster decoration and glazed tiles,Internal (DS/OUV),,"Fortification wall collapsed in places; threatened by rainwater flooding, choking of original drainage system, and encroachment",Internal (DS/OUV),,,,,Minimal and discreet restoration avoiding modern materials; ongoing management under the Rohtas Fort Conservation Programme (initiated 2000),Internal (DS/OUV),,Moderate,Internal (DS/OUV),,Yes,
434.0,"Archaeological Sites of Bat, Al-Khutm and Al-Ayn",Oman,"Settlements, Necropolises (tombs), Monumental Towers, Fort, Irrigation Systems/Dams",Internal (DS/OUV),,"3rd Millennium BCE (Bronze Age: Hafit Period, Early & Late Umm an-Nar periods; Iron Age; Neolithic)",Internal (DS/OUV),,Early Bronze Age / Umm an-Nar & Hafit Cultures / Ancient Magan,Internal (DS/OUV),,,,,Limestone,Internal (DS/OUV),,Sedimentary Rock,,,Flint (used in Neolithic mines/workshops),Internal (DS/OUV),,,,,"Dressed limestone blocks, Mud-brick (underneath earlier structures)",Internal (DS/OUV),,,,,,,,,,,Dressed / regularly cut stone blocks,Internal (DS/OUV),,,,,Local ancient Bronze Age quarries & stone-masonry workshops,Internal (DS/OUV),,Sultanate of Oman,Internal (DS/OUV),,Local,Internal (DS/OUV),,Immediate vicinity of settlements/workshops,Internal (DS/OUV),,"Circular outer walls of towers, beehive tombs, cairn tombs, foundations, terraces",Internal (DS/OUV),,,,,"Dry-stone masonry, dressed blocks laid carefully with simple mud mortar",Internal (DS/OUV),,"Damaged slightly by action of time, natural erosion, and weathering processes",Internal (DS/OUV),,,,,Planned restoration for the monumental tower Kasr al-Rojoom,Internal (DS/OUV),,Excellent,,,Yes,
904.0,Wooden Churches of Maramureş,Romania,"Narrow, high, timber constructions with characteristic tall, slim clock towers at the western end (single- or double-roofed, covered by shingles)",Internal (DS/OUV),,Different periods / 1999 (UNESCO Inscription Year),Internal (DS/OUV),,Vernacular expression of the cultural landscape of northern Romania,Internal (DS/OUV),,,Internal (DS/OUV),,Flint,,,,,,,,,,,,,,,,,,,,,,,,,,,,,,,,,,,,,,,,,,,,,,,,Timber construction / Shingle roofing,Internal (DS/OUV),,,,,,,,,,,,,,,
1031.0,Historic Centre of Guimarães and Couros Zone,Portugal,"Portuguese architecture (medieval settlement evolving into a modern town with grand houses, monastic complexes, tanneries, workers' houses)",Internal (DS/OUV),,"10th century CE, 12th century, 15th to 19th centuries (specifically 950–1498, 1498–1693)",Internal (DS/OUV),,Portuguese,Internal (DS/OUV),,,,,Granite,Internal (DS/OUV),,,,,,,,,,,,,,,,,,,,,,,,,,,,,,,,,,,,,,,,,Ground floor in granite with a half-timbered structure above,Internal (DS/OUV),,,,,Granite combined with a timber-framed / half-timbered structure,Internal (DS/OUV),,,,,,,,Rehabilitation strategy for the Couros Zone,Internal (DS/OUV),,Excellent,Internal (DS/OUV),,Yes,
365.0,Khami Ruins National Monument,Zimbabwe,Complex series of platforms of dry-stone walled structures,Internal (DS/OUV),,1450 – 1650,Internal (DS/OUV),,Torwa dynasty (arose from the collapse of the Great Zimbabwe Kingdom),Internal (DS/OUV),,,Internal (DS/OUV),,Granite,Internal (DS/OUV),,Igneous Rock,,,,,,,,,Granite,Internal (DS/OUV),,,,,,,,,,,,,,,,,,,,,,,Local (Dry-stone building traditions surrounding the site area),Internal (DS/OUV),,,,,"Retaining walls/revetments, platforms, passage ways, perambulatory galleries, Chief's residence (Mambo), terraces, and a monumental granite cross",Internal (DS/OUV),,"Retaining walls/revetments, platforms, passage ways, perambulatory galleries, Chief's residence (Mambo), terraces, and a monumental granite cross",,,Dry-stone masonry / Anastylosis (for restoration),Internal (DS/OUV),,"Variations in temperature, rain-induced ground creepage (causing wall cracks, bulges, and collapses), ground water, natural erosion, encroaching vegetation",Internal (DS/OUV),,None used (restoration uses traditional methods/anastylosis with no new materials added),Internal (DS/OUV),,Anastylosis using traditional methods without adding new materials,Internal (DS/OUV),,Moderate,Internal (DS/OUV),,Yes,
233.0,"Qutb Minar and its Monuments, Delhi",India,"Architectural, Masonry, Monument, Mughal, Islamic, Funerary, Religious",Internal (DS/OUV),,Early 13th century (1199–1503; major expansions in 1311),Internal (DS/OUV),,"Indo-Muslim / Islamic (Ghurid clans, Slave/Mamluk Dynasty, Khilji Dynasty, Mughal era influence)",Internal (DS/OUV),,,,,"Red Sandstone, Buff Sandstone",Internal (DS/OUV),,Sedimentary Rock,,,,,,,,,Sandstone,Internal (DS/OUV),,,,,,,,"Red, Buff",Internal (DS/OUV),,Fluted (architectural surface/carved),,,,,,,,,,,,Reused materials from ~20 local Brahman temples,Internal (DS/OUV),,,,,"Masonry tower, arches, minarets, arcades, ceremonial gateway, tomb chamber",Internal (DS/OUV),,"Carved inscriptional bands, arabesque patterns, geometrical patterns, carved pillars, cladding",Internal (DS/OUV),,"Angular and rounded fluted masonry, ashlar masonry with carved bands",Internal (DS/OUV),,,,,,,,Periodically undertaken reversible repairs respecting original construction systems,Internal (DS/OUV),,Good,,,Yes,
149.0,Archaeological Park and Ruins of Quirigua,Guatemala,"Pyramids, terraces, staircases, dwellings, royal residence, administrative centre",Internal (DS/OUV),,200 AD – 900 AD (Monuments carved 426 AD – 810 AD; major 8th-century remodelling),Internal (DS/OUV),,Maya (Mayan),Internal (DS/OUV),,,Internal (DS/OUV),,Sandstone,Internal (DS/OUV),,Sedimentary Rock,,,Jade (mentioned in context of trade route control),Internal (DS/OUV),,,,,,,,,,,,,,,,,,,,,,,,,,,,,,,,,,,"Pyramids, terraces, staircases, plazas",,,"Monolithic stelae, carved altars, sculpted calendars, zoomorphic & anthropomorphic sculptures",Internal (DS/OUV),,"Carved in sandstone without the use of metal tools; high relief (""School of Motagua"" style)",Internal (DS/OUV),,"Damage caused by environmental factors, flooding (1998, 2010), and proximity to Motagua River and geological fault",Internal (DS/OUV),,,,,Minimal conservation interventions; new shelter facilities and designs developed for individual monument protection,Internal (DS/OUV),,Excellent,Internal (DS/OUV),,Yes,
811.0,Old Town of Lijiang,China,skipped,,,,,,,,,,,,,,,,,,,,,,,,,,,,,,,,,,,,,,,,,,,,,,,,,,,,,,,,,,,,,,,,,,,,,,,,,,,,
634.0,"Church of the Ascension, Kolomenskoye",Russian Federation,Tent-roofed church / Orthogonal one-pillar construction,Internal (DS/OUV),,Built in 1532,Internal (DS/OUV),,Russian Orthodox / Imperial Russia (16th Century),Internal (DS/OUV),,,,,Limestone / White-stone,Internal (DS/OUV),,Sedimentary Rock,,,,,,White-stone (beliy kamen),,,,,,,,,,,,White,Internal (DS/OUV),,,,,,,,,,,,,,,,,,,,"Substructure, octagonal base, stairs, ciborium (""royal pew""), and pillars/walls",Internal (DS/OUV),,"Carved capitals, portals, and floor paving",Internal (DS/OUV),,"Brickwork combined with white-stone carved features, cladding, and facing",Internal (DS/OUV),,Complete loss of original white-stone carved capitals and portals on the second tier; surface damage to brickwork,Internal (DS/OUV),,"New white-stone floors, stairs, and grounds; white limestone coatings for facades",Internal (DS/OUV),,"Major restorations occurred in the early 19th century, 1860s, early 20th century, 1980s, and 2003–2007",Internal (DS/OUV),,Excellent,Internal (DS/OUV),,Yes,
277.0,Hatra,Iraq,"Fortified city, temples/shrines with Iwans (open halls with high barrel-vaulted roofs), temenos, inner & outer circular defensive walls, towers, strongholds, gates, and bridges.",Internal (DS/OUV),,1st century BC to mid-2nd century AD; Parthian empire era (ca. 200 BC–220 AD). Inscribed on UNESCO World Heritage list in 1985.,Internal (DS/OUV),,"Parthian Empire, Aramean, Arab Kingdom, Assyro-Babylonian with Hellenistic and Roman influences.",Internal (DS/OUV),,,Internal (DS/OUV),,"Gypsum, Stone",Internal (DS/OUV),,Sedimentary Rock,,,"Bitumen, Mudbrick, Brick",Internal (DS/OUV),,,,,,,,,,,,,,,,,,,,,,,Stone quarries near the site.,Internal (DS/OUV),,Iraq,Internal (DS/OUV),,Local (relied for building materials on stone quarries near the site).,Internal (DS/OUV),,,,,"Inner main wall (diameter ~2 km), strongholds, towers, barrel-vaulted roofs / Iwans, rectangular temenos wall, contiguous Iwans, bridges, and wells.",Internal (DS/OUV),,"Carved stone and gypsum, pilastered portico, carved stone statues, statuettes of gods/rulers, sculptured figures, and Aramaic inscriptions.",Internal (DS/OUV),,"Mudbrick, brick, bitumen and gypsum, stone and gypsum; barrel vaults; carved stone and chiselled stone masonry.",Internal (DS/OUV),,"Severe natural weathering, erosion, neglect, looting, and localized conflict-inflicted damage (2015–2017).",Internal (DS/OUV),,Stone cut and chiselled from the same local stone quarries by specialized archaeologists and Mosul stone chisellers.,Internal (DS/OUV),,Historical conservation/restoration of walls and temenos rooms; ongoing plans for archaeological conservation of natural/conflict erosion.,Internal (DS/OUV),,Good,,,Yes,
731.0,Hanseatic Town of Visby,Sweden,"Walled trading town, ramparts, warehouses, merchants' dwellings, castles, cathedrals, churches, guild houses, residences, towers, gates, moats, monasteries, vernacular wooden houses, hospital, school, prison.",Internal (DS/OUV),,"Viking Age (pre-12th century), 12th century, 13th century, 14th century, 18th century, and 19th century.",Internal (DS/OUV),,"Viking / Gotlandic, German (Hanseatic League), Danish, Russian.",Internal (DS/OUV),,,Internal (DS/OUV),,Limestone ,Internal (DS/OUV),,Sedimentary Rock,,,,,,Gotlandic Limestone,Internal (DS/OUV),,,,,,,,,,,,,,,,,,,,"Quarries extracted from the surrounding dry moats, open spaces, and adjacent limestone quarries.",Internal (DS/OUV),,Sweden (Island of Gotland),Internal (DS/OUV),,Local,Internal (DS/OUV),,Local / Short distance (Quarried directly from the defensive network/moats surrounding the site and nearby quarries).,Internal (DS/OUV),,"Town defense walls, ramparts, towers, gates, foundations, warehouses, churches, cathedrals, and street paving (large limestone slabs).",Internal (DS/OUV),,,,,Stone masonry with Gotlandic lime plaster/mortars; horizontal plank timber construction (used for vernacular houses).,Internal (DS/OUV),,"Partial collapses over the years (e.g., collapse of a section of the town wall in 2012); decay of abandoned church ruins after the Reformation (1530s).",Internal (DS/OUV),,,,,Restoration of the town wall following the 2012 collapse; ongoing traditional lime production and craftsmanship for mortar/plaster preservation.,Internal (DS/OUV),,Moderate,Internal (DS/OUV),,Yes,
95.0,Old City of Dubrovnik,Croatia,"Architectural, Building, Modern Movement",Internal (DS/OUV),,13th century onwards (severely damaged by earthquake in 1667; damaged in 1990s by armed conflict),Internal (DS/OUV),,,,,,Internal (DS/OUV),,Flint,Internal (DS/OUV),,,,,,,,,,,,,,,,,,,,,,,,,,,,,,,,,,,,,,,,,"Bridge, Capital, Castle, Cathedral, Church, Minaret, Monastery, Mosque, Palace, Sanctuary, Temple, Tomb, Tower",Internal (DS/OUV),,,,,,,,,,,,,,Focus of a major restoration programme co-ordinated by UNESCO,Internal (DS/OUV),,Good,External,,Yes,
187.0,St Mary's Cathedral and St Michael's Church at Hildesheim,Germany,skipped,,,,,,,,,,,,,,,,,,,,,,,,,,,,,,,,,,,,,,,,,,,,,,,,,,,,,,,,,,,,,,,,,,,,,,,,,,,,
732.0,Kutná Hora: Historical Town Centre with the Church of St Barbara and the Cathedral of Our Lady at Sedlec,Czechia,skipped,,,,,,,,,,,,,,,,,,,,,,,,,,,,,,,,,,,,,,,,,,,,,,,,,,,,,,,,,,,,,,,,,,,,,,,,,,,,
518.0,Poblet Monastery,Spain,"Cistercian abbey / Abbey, Monastery complex (includes church, cloister, fortified royal residence, chapter house, refectory, pantheon, etc.)",Internal (DS/OUV),,12th to 15th centuries (Church dates to the 13th century),Internal (DS/OUV),,Crown of Aragon / Kingdom of Catalonia and Aragon,Internal (DS/OUV),,,Internal (DS/OUV),,"Alabaster (retable of the high altar by Damià Forment, 1529)",Internal (DS/OUV),,,,,,,,,,,,,,,,,,,,,,,,,,,,,,,,,,,,,,,,,,,,High altar retable (made of alabaster),Internal (DS/OUV),,,,,,,,,,,"Retable of the high altar, church, refectory, cloister, chapter house, scriptorium, and abbot’s palace restored since 1940",Internal (DS/OUV),,Good,,,Yes,
782.0,La Lonja de la Seda de Valencia,Spain,Flamboyant Gothic / Late Gothic,Internal (DS/OUV),,1482–1533 (Built from 1483; 15th and 16th centuries),Internal (DS/OUV),,Iberian Peninsula / Valencia City,Internal (DS/OUV),,,Internal (DS/OUV),,"Freestone, Marble",Internal (DS/OUV),,Metamorphic Rock,,,,,,Alcublas marble,Internal (DS/OUV),,,,,,,,,,,Different colours (in floor paving),Internal (DS/OUV),,,,,,,,Alcublas,Internal (DS/OUV),,Spain,Internal (DS/OUV),,Local / Regional,Internal (DS/OUV),,,,,"Twisted columns, helical pillars, cross vaults, walls, tower, all in freestone",Internal (DS/OUV),,"Paved floor (Alcublas marble), grotesque gargoyles, carved decoration, richly decorated sills and lintels, portrait medallions",Internal (DS/OUV),,Freestone ashlar / helical masonry,Internal (DS/OUV),,,,,,,,Stucco decoration added in 1832; repair of roofs in 1891–1920; raising of the tower with crenelations reproducing original style; recent meticulous restoration,Internal (DS/OUV),,Good,,,Yes,
1217.0,Vizcaya Bridge,Spain,skipped,,,,,,,,,,,,,,,,,,,,,,,,,,,,,,,,,,,,,,,,,,,,,,,,,,,,,,,,,,,,,,,,,,,,,,,,,,,,
348.0,Old Town of Ávila with its Extra-Muros Churches,Spain,skipped,,,,,,,,,,,,,,,,,,,,,,,,,,,,,,,,,,,,,,,,,,,,,,,,,,,,,,,,,,,,,,,,,,,,,,,,,,,,
345.0,Historic Fortified City of Carcassonne,France,"skipped
",,,,,,,,,,,,,,,,,,,,,,,,,,,,,,,,,,,,,,,,,,,,,,,,,,,,,,,,,,,,,,,,,,,,,,,,,,,,
1189.0,"Harar Jugol, the Fortified Historic Town",Ethiopia,skipped,,,,,,,,,,,,,,,,,,,,,,,,,,,,,,,,,,,,,,,,,,,,,,,,,,,,,,,,,,,,,,,,,,,,,,,,,,,,
361.0,Historic Centre of Évora,Portugal,skipped,,,,,,,,,,,,,,,,,,,,,,,,,,,,,,,,,,,,,,,,,,,,,,,,,,,,,,,,,,,,,,,,,,,,,,,,,,,,
1366.0,Selimiye Mosque and its Social Complex,Türkiye,"Mosque complex (Ottoman külliye comprising mosque, madrasas, covered market, clock house, outer courtyard, library)",Internal (DS/OUV),,16th Century (built between 1568 and 1575),Internal (DS/OUV),,Ottoman,Internal (DS/OUV),,,Internal (DS/OUV),,Flint ,,,,,,,,,,,,,,,,,,,,,,,,,,,,,,,,,,,,,,,,,,"Dome, four minarets, madrasas, covered market, clock house, library, courtyard",,,Iznik ceramic tiles,Internal (DS/OUV),,,,,,,,,,,,,,,,,,
372.0,Studley Royal Park including the Ruins of Fountains Abbey,United Kingdom of Great Britain and Northern Ireland,skipped,,,,,,,,,,,,,,,,,,,,,,,,,,,,,,,,,,,,,,,,,,,,,,,,,,,,,,,,,,,,,,,,,,,,,,,,,,,,
412.0,Historic Centre of Mexico City and Xochimilco,Mexico,skipped,,,,,,,,,,,,,,,,,,,,,,,,,,,,,,,,,,,,,,,,,,,,,,,,,,,,,,,,,,,,,,,,,,,,,,,,,,,,
699.0,City of Luxembourg: its Old Quarters and Fortifications,Luxembourg,skipped,,,,,,,,,,,,,,,,,,,,,,,,,,,,,,,,,,,,,,,,,,,,,,,,,,,,,,,,,,,,,,,,,,,,,,,,,,,,
541.0,Vilnius Historic Centre,Lithuania,skipped,,,,,,,,,,,,,,,,,,,,,,,,,,,,,,,,,,,,,,,,,,,,,,,,,,,,,,,,,,,,,,,,,,,,,,,,,,,,
603.0,Samarkand – Crossroad of Cultures,Uzbekistan,skipped,,,,,,,,,,,,,,,,,,,,,,,,,,,,,,,,,,,,,,,,,,,,,,,,,,,,,,,,,,,,,,,,,,,,,,,,,,,,
602.0,Historic Centre of Bukhara,Uzbekistan,skipped; promised,,,,,,,,,,,,,,,,,,,,,,,,,,,,,,,,,,,,,,,,,,,,,,,,,,,,,,,,,,,,,,,,,,,,,,,,,,,,
334.0,Sanctuary of Bom Jesus do Congonhas,Brazil,"Sanctuary, Basilica, Church, Chapels, Outdoor staircase",Internal (DS/OUV),,Second half of the 18th century (Church completed in 1772),Internal (DS/OUV),,Portuguese America / Latin American Baroque (Brazil),Internal (DS/OUV),,,Internal (DS/OUV),,Soapstone (pedra sabão),Internal (DS/OUV),,,,,,,,pedra sabão,Internal (DS/OUV),,,,,,,,,,,,,,,,,,,,,,,,,,,,,,,,,,,"Parapets of the divided staircase, statues of the 12 prophets, and general stonework",Internal (DS/OUV),,,,,,,,,,,Conservation and reclamation programs supported by IPHAN and the Monumenta Program,Internal (DS/OUV),,Good,,,Yes,
367.0,"Roman Monuments, Cathedral of St Peter and Church of Our Lady in Trier",Germany,"Roman, Romanesque, Gothic, High Gothic, Renaissance, Baroque",Internal (DS/OUV),,,Internal (DS/OUV),,Roman / Western Roman Empire / German Christian Medieval,Internal (DS/OUV),,,,,Marble,Internal (DS/OUV),,Metamorphic Rock,Internal (DS/OUV),,,Internal (DS/OUV),,,,,,,,,,,,,,,,,,,,,,,,,,,,,,,,,,,"Fortified gate, city walls, basilicas, thermae/baths, bridge, column, cathedral, church structures",Internal (DS/OUV),,"Baroque marble altars, archbishops' tombs, painted ceiling",Internal (DS/OUV),,"Large stone construction (Porta Nigra), brick monumental structures (Basilica)",Internal (DS/OUV),,,,,,,,Reconstructed/restored in the 19th century; WW2 damage restored between 1946–1949 (Church of Our Lady) and 1954–1956 (Basilica),Internal (DS/OUV),,Good,,,Yes,
658.0,Coro and its Port,Venezuela (Bolivarian Republic of),"Earthen architecture, domestic, monumental, religious, and civil buildings",Internal (DS/OUV),,Founded 1527; surviving structures primarily date from the 17th century,Internal (DS/OUV),,Spanish colonial with local indigenous and Dutch influences,Internal (DS/OUV),,,Internal (DS/OUV),,"Adobe (sun-dried mud brick), Bahareque (mud, timber, bamboo), Tapia (rammed earth)",Internal (DS/OUV),,,,,,,,,,,,,,,,,,,,,,,,,,,,,Venezuela (Bolivarian Republic of),Internal (DS/OUV),,Local,Internal (DS/OUV),,,,,,,,"Earthen structures / Mud-building systems (adobe, bahareque, tapia) for walls and foundations",Internal (DS/OUV),,,,,"Bahareque (mud, timber, bamboo), Adobe (sun-dried brick), Tapia (rammed earth)
",Internal (DS/OUV),,"Damage from heavy rains, climatic change, and material fragility",Internal (DS/OUV),,,,,"Emergency interventions, PLINCODE conservation plan, earthen technique restoration",Internal (DS/OUV),,Moderate,,,Yes,
717.0,Historic Centre of Siena,Italy,skipped,,,,,,,,,,,,,,,,,,,,,,,,,,,,,,,,,,,,,,,,,,,,,,,,,,,,,,,,,,,,,,,,,,,,,,,,,,,,
385.0,Old City of Sana'a,Yemen,"Homogeneous architectural ensemble; multi-storeyed tower-houses, minarets, mosques, hammams (baths), caravanserais, and city walls.",Internal (DS/OUV),,"Houses and structures built continuously over 2,500 years; pre-11th century houses and mosques; 16th-century Ottoman additions.",Internal (DS/OUV),,"Pre-Islamic Yemenite kingdoms, Abyssinian (Christian, 525–575 AD), Islamic / Arab, and Ottoman civilizations.",Internal (DS/OUV),,,Internal (DS/OUV),,Gypsum,Internal (DS/OUV),,Sedimentary Rock,,,,,,,,,,,,,,,,,,White (gypsum); Ochre / Bistre (earth and burnt brick),Internal (DS/OUV),,,,,"Gypsum (Calcium sulfate dihydrate, $CaSO_4 \cdot 2H_2O$",Internal (DS/OUV),,,,,Yemen (implied by local materials),Internal (DS/OUV),,"Local materials (""exceptional craftsmanship in the use of local materials and techniques"")",Internal (DS/OUV),,"Nearby/Immediate local area (""bistre-colored earth of the nearby mountains"")",Internal (DS/OUV),,Stone-built ground floors supporting upper multi-storeyed tower-houses; city boundary walls.,Internal (DS/OUV),,Fired brick combined with white gypsum applied for geometric surface patterns on building facades.,Internal (DS/OUV),,Stone masonry for lower levels; rammed earth (pisé) and burnt brick for upper floors.,Internal (DS/OUV),,,,,,,,Traditional conservation practices noted; vulnerable to incorrect contemporary conservation practices and development.,Internal (DS/OUV),,Moderate,,,Yes,
58.0,Urnes Stave Church,Norway,skipped,,,,,,,,,,,,,,,,,,,,,,,,,,,,,,,,,,,,,,,,,,,,,,,,,,,,,,,,,,,,,,,,,,,,,,,,,,,,
549.0,"18th-Century Royal Palace at Caserta with the Park, the Aqueduct of Vanvitelli, and the San Leucio Complex",Italy,skipped,,,,,,,,,,,,,,,,,,,,,,,,,,,,,,,,,,,,,,,,,,,,,,,,,,,,,,,,,,,,,,,,,,,,,,,,,,,,
1011.0,Cathedral and Churches of Echmiatsin and the Archaeological Site of Zvartnots,Armenia,"Central-domed cross-hall type church, four-column domed basilica, three-aisled basilica, circular structure",Internal (DS/OUV),,"AD 301–303 (Cathedral), AD 618 (St. Hripsime), AD 630 (St. Gayane), Middle of 7th century (Zvartnots), AD 1694 (St. Shoghakat), AD 1767 (St. Mariam Astvatsatsin)",Internal (DS/OUV),,Early Christian / Medieval Armenian,Internal (DS/OUV),,,Internal (DS/OUV),,Tuff (stone of volcanic origin),Internal (DS/OUV),,Igneous Rock,Internal (DS/OUV),,Marble,Internal (DS/OUV),,,,,"Tuff (volcanic ash/pyroclastic rock), Marble",Internal (DS/OUV),,,,,,,,Brown (well-processed tuff at St Shoghakat),Internal (DS/OUV),,,,,,,,,,,,,,,,,,,,"Walls, dome/roofing slabs, pillars, vaults, foundations, columns",Internal (DS/OUV),,"Internal marble painting surface (main apse fresco base), rich bas-reliefs and high-reliefs",Internal (DS/OUV),,Well-processed tuff blocks,Internal (DS/OUV),,,,,Lead roofing replaced by stone slabs (2000 AD),Internal (DS/OUV),,Roof and walls renovated in 1652; monastery renovated 1866–1882; dome stone slabs added in 2000,Internal (DS/OUV),,Good,Internal (DS/OUV),,,
676.0,Historic Centre of Zacatecas,Mexico,skipped,,,,,,,,,"(ii) to exhibit an important interchange of human values, over a span of time or within a cultural area of the world, on developments in architecture or technology, monumental arts, town-planning or landscape design; | (iv) to be an outstanding example of a type of building, architectural or technological ensemble or landscape which illustrates (a) significant stage(s) in human history;",,,,,,,,,,,,,,,,,,,,,,,,,,,,,,,,,,,,,,,,,,,,,,,,,,,,,,,,,,,,,,,,,,,
585.0,Historic Centre of Morelia,Mexico,skipped,,,,,,,,,"(ii) to exhibit an important interchange of human values, over a span of time or within a cultural area of the world, on developments in architecture or technology, monumental arts, town-planning or landscape design; | (iv) to be an outstanding example of a type of building, architectural or technological ensemble or landscape which illustrates (a) significant stage(s) in human history; | (vi) to be directly or tangibly associated with events or living traditions, with ideas, or with beliefs, with artistic and literary works of outstanding universal significance;",,,,,,,,,,,,,,,,,,,,,,,,,,,,,,,,,,,,,,,,,,,,,,,,,,,,,,,,,,,,,,,,,,,
415.0,Historic Centre of Oaxaca and Archaeological Site of Monte Albán,Mexico,skipped,,,,,,,,,"(i) to represent a masterpiece of human creative genius; | (ii) to exhibit an important interchange of human values, over a span of time or within a cultural area of the world, on developments in architecture or technology, monumental arts, town-planning or landscape design; | (iii) to bear a unique or at least exceptional testimony to a cultural tradition or to a civilization which is living or which has disappeared; | (iv) to be an outstanding example of a type of building, architectural or technological ensemble or landscape which illustrates (a) significant stage(s) in human history;",,,,,,,,,,,,,,,,,,,,,,,,,,,,,,,,,,,,,,,,,,,,,,,,,,,,,,,,,,,,,,,,,,,
456.0,Paleochristian and Byzantine Monuments of Thessalonika,Greece,skipped,,,,,,,,,"(i) to represent a masterpiece of human creative genius; | (ii) to exhibit an important interchange of human values, over a span of time or within a cultural area of the world, on developments in architecture or technology, monumental arts, town-planning or landscape design; | (iv) to be an outstanding example of a type of building, architectural or technological ensemble or landscape which illustrates (a) significant stage(s) in human history;",,,,,,,,,,,,,,,,,,,,,,,,,,,,,,,,,,,,,,,,,,,,,,,,,,,,,,,,,,,,,,,,,,,
211.0,Minaret and Archaeological Remains of Jam,Afghanistan,skipped,,,,,,,,,"(ii) to exhibit an important interchange of human values, over a span of time or within a cultural area of the world, on developments in architecture or technology, monumental arts, town-planning or landscape design; | (iii) to bear a unique or at least exceptional testimony to a cultural tradition or to a civilization which is living or which has disappeared; | (iv) to be an outstanding example of a type of building, architectural or technological ensemble or landscape which illustrates (a) significant stage(s) in human history;",,,,,,,,,,,,,,,,,,,,,,,,,,,,,,,,,,,,,,,,,,,,,,,,,,,,,,,,,,,,,,,,,,,
347.0,Santiago de Compostela (Old Town),Spain,Skipped,,,,,,,,,"(i) to represent a masterpiece of human creative genius; | (ii) to exhibit an important interchange of human values, over a span of time or within a cultural area of the world, on developments in architecture or technology, monumental arts, town-planning or landscape design; | (vi) to be directly or tangibly associated with events or living traditions, with ideas, or with beliefs, with artistic and literary works of outstanding universal significance;",,,,,,,,,,,,,,,,,,,,,,,,,,,,,,,,,,,,,,,,,,,,,,,,,,,,,,,,,,,,,,,,,,,
1165.0,Centennial Hall in Wrocław,Poland,skipped,,,,,,,,,"(i) to represent a masterpiece of human creative genius; | (ii) to exhibit an important interchange of human values, over a span of time or within a cultural area of the world, on developments in architecture or technology, monumental arts, town-planning or landscape design; | (iv) to be an outstanding example of a type of building, architectural or technological ensemble or landscape which illustrates (a) significant stage(s) in human history;",,,,,,,,,,,,,,,,,,,,,,,,,,,,,,,,,,,,,,,,,,,,,,,,,,,,,,,,,,,,,,,,,,,
255.0,Fatehpur Sikri,India,"Mughal Architecture / Indo-Islamic Style (Palaces, Public Buildings, Mosques, Living Areas, Fortifications)",Internal (DS/OUV),,1571–1573 (City construction); Mosque completed in 1571–72; Tomb completed in 1580–81 / 1606; Buland Darwaza completed in 1575,Internal (DS/OUV),,Mughal Empire,Internal (DS/OUV),,"(ii) to exhibit an important interchange of human values, over a span of time or within a cultural area of the world, on developments in architecture or technology, monumental arts, town-planning or landscape design; | (iii) to bear a unique or at least exceptional testimony to a cultural tradition or to a civilization which is living or which has disappeared; | (iv) to be an outstanding example of a type of building, architectural or technological ensemble or landscape which illustrates (a) significant stage(s) in human history;",Internal (DS/OUV),,"Red Sandstone (Major), Marble (Secondary/Minor)",Internal (DS/OUV),,Sedimentary Rock,Internal (DS/OUV),,Marble,Internal (DS/OUV),,,,,,,,Vindhyan (Stratigraphic Group mentioned for hill ranges),Internal (DS/OUV),,,,,"Red (Sandstone), White (implied Marble)",Internal (DS/OUV),,"Perforated (Stone screens), Carved",Internal (DS/OUV),,,,,Outcrops of the Vindhyan hill ranges (Mining within 10-km radius banned),Internal (DS/OUV),,India,Internal (DS/OUV),,Local (Extracted from nearby Vindhyan outcrops),Internal (DS/OUV),,Local / Immediate vicinity (within 10-km radius),,,"Wall, Porticos, Pillars, Roofs, Gate (Buland Darwaza), Towers (Hiran Minar), Fortification",Internal (DS/OUV),,"Perforated stone screens, Sculpted decoration, Richly carved interior pillars, Azure-blue ribbed roof",Internal (DS/OUV),,"Perforated stone screens, Sculpted decoration, Richly carved interior pillars, Azure-blue ribbed roof",Internal (DS/OUV),,,,,,,,"Repairs, chemical preservation, and restoration carried out on Buland Darwaza, Jama Masjid, Shaikh Salim Chisti's Tomb, Khwabgah, Mariam's house, Jodha Bai Palace, Diwan-i-Am, etc.",Internal (DS/OUV),,Good,,,Yes,
234.0,Churches and Convents of Goa,India,skipped,,,,,,,,,"(ii) to exhibit an important interchange of human values, over a span of time or within a cultural area of the world, on developments in architecture or technology, monumental arts, town-planning or landscape design; | (iv) to be an outstanding example of a type of building, architectural or technological ensemble or landscape which illustrates (a) significant stage(s) in human history; | (vi) to be directly or tangibly associated with events or living traditions, with ideas, or with beliefs, with artistic and literary works of outstanding universal significance;",,,,,,,,,,,,,,,,,,,,,,,,,,,,,,,,,,,,,,,,,,,,,,,,,,,,,,,,,,,,,,,,,,,
479.0,Town of Luang Prabang,Lao People's Democratic Republic,skipped,,,,,,,,,"(ii) to exhibit an important interchange of human values, over a span of time or within a cultural area of the world, on developments in architecture or technology, monumental arts, town-planning or landscape design; | (iv) to be an outstanding example of a type of building, architectural or technological ensemble or landscape which illustrates (a) significant stage(s) in human history; | (v) to be an outstanding example of a traditional human settlement, land-use, or sea-use which is representative of a culture (or cultures), or human interaction with the environment especially when it has become vulnerable under the impact of irreversible change;",,,,,,,,,,,,,,,,,,,,,,,,,,,,,,,,,,,,,,,,,,,,,,,,,,,,,,,,,,,,,,,,,,,
829.0,"Archaeological Areas of Pompei, Herculaneum and Torre Annunziata",Italy,"Residential, Commercial, and Public Urban Architecture (Atrium Houses, Suburban Villas, Forum, Baths, Theatres, Amphitheatre, Palaestra, Thermopolia/Shops)",Internal (DS/OUV),,Early Roman Empire / 3rd century BC to 1st century AD (79 AD Eruption),Internal (DS/OUV),,Ancient Roman Civilization,Internal (DS/OUV),,"(iii) to bear a unique or at least exceptional testimony to a cultural tradition or to a civilization which is living or which has disappeared; | (iv) to be an outstanding example of a type of building, architectural or technological ensemble or landscape which illustrates (a) significant stage(s) in human history; | (v) to be an outstanding example of a traditional human settlement, land-use, or sea-use which is representative of a culture (or cultures), or human interaction with the environment especially when it has become vulnerable under the impact of irreversible change;",Internal (DS/OUV),,"Volcanic Ash, Lapilli",Internal (DS/OUV),,Igneous Rock,Internal (DS/OUV),,,,,,,,Volcanic Ash Deposit and Pyroclastic Lapilli,Internal (DS/OUV),,,,,,,,,,,Pyroclastic / Fragmental,Internal (DS/OUV),,,,,,,,,,,Local (Volcanic eruptive deposits originating from Mount Vesuvius),Internal (DS/OUV),,,,,"Enclosure and load-bearing walls, colonnades, paving, and urban infrastructure",Internal (DS/OUV),,"Wall paintings, frescos, illusionistic architectural motifs, and mosaic floors",Internal (DS/OUV),,,,,"Active environmental decay, collapse risks from water/exposure, and historical thermal carbonization during the eruption",Internal (DS/OUV),,,,,"Modern consolidation, progressive introduction of enduring techniques/materials, 1950s open-air museum restoration (Amedeo Maiuri), and structural stabilization under the ""Grande Progetto Pompei"" (2012)",Internal (DS/OUV),,Good,Internal (DS/OUV),,Yes,
625.0,Mir Castle Complex,Belarus,"Castle / Fortified Castle (Gothic, Renaissance, Baroque)",Internal (DS/OUV),,Late 15th century to end of 19th century,Internal (DS/OUV),,Polish-Lithuanian / Belarusian / European,Internal (DS/OUV),,"(ii) to exhibit an important interchange of human values, over a span of time or within a cultural area of the world, on developments in architecture or technology, monumental arts, town-planning or landscape design; | (iv) to be an outstanding example of a type of building, architectural or technological ensemble or landscape which illustrates (a) significant stage(s) in human history;",Internal (DS/OUV),,Flint,,,,,,,,,,,,,,,,,,,,,,,,,,,,,,Castle wall and tower masonry construction,Internal (DS/OUV),,,,,,,,,,,,,,,,,,,,,,,,,,Restored at the end of the 19th century after suffering severe damage during the Napoleonic period,Internal (DS/OUV),,,,,Yes,
129.0,Maya Site of Copan,Honduras,"Ruined citadel, imposing public squares, pyramids, terraces, temples, plazas, ball courts, stadium, and residential complexes",Internal (DS/OUV),,"Classic Maya Period (AD 300–900); first population evidence ~1500 B.C., first Maya-Cholan immigration ~100 A.D., dynasty started 427 A.D.",Internal (DS/OUV),,Classic Maya Civilization,Internal (DS/OUV),,"(iv) to be an outstanding example of a type of building, architectural or technological ensemble or landscape which illustrates (a) significant stage(s) in human history; | (vi) to be directly or tangibly associated with events or living traditions, with ideas, or with beliefs, with artistic and literary works of outstanding universal significance;",Internal (DS/OUV),,Obsidian (Mentioned in OUV: stairway figures inlaid with obsidian),Internal (DS/OUV),,Igneous Rock,,,,,,,,,,,,,,,,,,Black (associated with obsidian),Internal (DS/OUV),,,,,,,,,,,,,,"Imported / Regional movement (Immigration & leaders coming from Petén / Guatemalan Highlands, but specific stone provenance is not stated)",Internal (DS/OUV),,,,,"Pyramids, terraces, temples, plazas, altars, stadium, ball courts, mounds",Internal (DS/OUV),,"Sculptured monoliths and altars; Hieroglyphic Stairway with over 1,800 glyphs; stairway sculptured with jaguar figures",Internal (DS/OUV),,"Paved expanse, level plazas, elevated masses, in situ sculpture and stonework",Internal (DS/OUV),,"River erosion, microflora growth, seismic vulnerability (earthquake damage)",Internal (DS/OUV),,Replicas used in situ for preservation while originals moved to Sculpture Museum,Internal (DS/OUV),,Restoration projects carried out following international standards since 1980,Internal (DS/OUV),,Poor,,,Yes,
940.0,Historic Inner City of Paramaribo,Suriname,skipped,,,,,,,,,"(ii) to exhibit an important interchange of human values, over a span of time or within a cultural area of the world, on developments in architecture or technology, monumental arts, town-planning or landscape design; | (iv) to be an outstanding example of a type of building, architectural or technological ensemble or landscape which illustrates (a) significant stage(s) in human history;",,,,,,,,,,,,,,,,,,,,,,,,,,,,,,,,,,,,,,,,,,,,,,,,,,,,,,,,,,,,,,,,,,,
724.0,Medieval Monuments in Kosovo,Serbia,skipped; ouv issue,,,,,,,,,"(ii) to exhibit an important interchange of human values, over a span of time or within a cultural area of the world, on developments in architecture or technology, monumental arts, town-planning or landscape design; | (iii) to bear a unique or at least exceptional testimony to a cultural tradition or to a civilization which is living or which has disappeared; | (iv) to be an outstanding example of a type of building, architectural or technological ensemble or landscape which illustrates (a) significant stage(s) in human history;",,,,,,,,,,,,,,,,,,,,,,,,,,,,,,,,,,,,,,,,,,,,,,,,,,,,,,,,,,,,,,,,,,,
906.0,Dacian Fortresses of the Orastie Mountains,Romania,skipped; OUV issue,,,,,,,,,"(ii) to exhibit an important interchange of human values, over a span of time or within a cultural area of the world, on developments in architecture or technology, monumental arts, town-planning or landscape design; | (iii) to bear a unique or at least exceptional testimony to a cultural tradition or to a civilization which is living or which has disappeared; | (iv) to be an outstanding example of a type of building, architectural or technological ensemble or landscape which illustrates (a) significant stage(s) in human history;",,,,,,,,,,,,,,,,,,,,,,,,,,,,,,,,,,,,,,,,,,,,,,,,,,,,,,,,,,,,,,,,,,,
1295.0,"Fort Jesus, Mombasa",Kenya,Military fortification,Internal (DS/OUV),,1593–1596,Internal (DS/OUV),,"Portuguese (with later Swahili, Arab, Turkish, Persian, and British occupations)",Internal (DS/OUV),,"(ii) to exhibit an important interchange of human values, over a span of time or within a cultural area of the world, on developments in architecture or technology, monumental arts, town-planning or landscape design; | (iv) to be an outstanding example of a type of building, architectural or technological ensemble or landscape which illustrates (a) significant stage(s) in human history;",Internal (DS/OUV),,"Coral Rock, Coral Stone",Internal (DS/OUV),,Sedimentary Rock,Internal (DS/OUV),,,,,,,,Coral limestone / Coral rock,Internal (DS/OUV),,,,,,,,,,,,,,Lime mortar (calcium carbonate),Internal (DS/OUV),,,,,Kenya,Internal (DS/OUV),,Local (built over a spur of coral rock),Internal (DS/OUV),,,,,"Fortification walls, bastions, moat, structural foundations",Internal (DS/OUV),,,,,Traditional coral stone and lime mortar masonry,Internal (DS/OUV),,Erosion of rocks along the sea coast,Internal (DS/OUV),,Coral stone and lime mortar,Internal (DS/OUV),,Ongoing maintenance and conservation work using traditional materials,Internal (DS/OUV),,Good,,,Yes,
1487.0,Arab-Norman Palermo and the Cathedral Churches of Cefalú and Monreale,Italy,skipped; promised,,,,,,,,,"(ii) to exhibit an important interchange of human values, over a span of time or within a cultural area of the world, on developments in architecture or technology, monumental arts, town-planning or landscape design; | (iv) to be an outstanding example of a type of building, architectural or technological ensemble or landscape which illustrates (a) significant stage(s) in human history;",,,,,,,,,,,,,,,,,,,,,,,,,,,,,,,,,,,,,,,,,,,,,,,,,,,,,,,,,,,,,,,,,,,
867.0,Ir.D.F. Woudagemaal (D.F. Wouda Steam Pumping Station),Netherlands (Kingdom of the),skipped,,,,,,,,,"(i) to represent a masterpiece of human creative genius; | (ii) to exhibit an important interchange of human values, over a span of time or within a cultural area of the world, on developments in architecture or technology, monumental arts, town-planning or landscape design; | (iv) to be an outstanding example of a type of building, architectural or technological ensemble or landscape which illustrates (a) significant stage(s) in human history;",,,,,,,,,,,,,,,,,,,,,,,,,,,,,,,,,,,,,,,,,,,,,,,,,,,,,,,,,,,,,,,,,,,
1093.0,Um er-Rasas (Kastrom Mefa'a),Jordan,"Roman military camp, fortified town, churches, stylized towers",Internal (DS/OUV),,"End of 3rd to 9th centuries AD (Roman, Byzantine, and Early Muslim/Umayyad periods)",Internal (DS/OUV),,"Roman, Byzantine, Umayyad / Early Muslim",Internal (DS/OUV),,"(i) to represent a masterpiece of human creative genius; | (iv) to be an outstanding example of a type of building, architectural or technological ensemble or landscape which illustrates (a) significant stage(s) in human history; | (vi) to be directly or tangibly associated with events or living traditions, with ideas, or with beliefs, with artistic and literary works of outstanding universal significance;",Internal (DS/OUV),,Limestone (Geological material is explicitly mentioned),Internal (DS/OUV),,Sedimentary Rock,Internal (DS/OUV),,,,,,,,,,,,,,,,,,,,,,,,,,Local quarries associated with northern group of ruins (Geological source area mentioned),Internal (DS/OUV),,Jordan,Internal (DS/OUV),,Local,Internal (DS/OUV),,,,,"Fortified Roman walls, towers, churches, courtyard walls, columns",Internal (DS/OUV),,"Geometric, town-map, and animal mosaic floors; painted plaster on limestone",Internal (DS/OUV),,"Stone tower construction, coursed stone masonry",Internal (DS/OUV),,"General weathering processes, seismic structural collapse, poor drainage vulnerability",Internal (DS/OUV),,,,,"Structural consolidation, backfilling, protective shelters over St Stephen's Church and Church of the Lions",Internal (DS/OUV),,Poor,,,Yes,
1733.0,Minoan Palatial Centres,Greece,Skipped; ouv issue,,,,,,,,,"(ii) to exhibit an important interchange of human values, over a span of time or within a cultural area of the world, on developments in architecture or technology, monumental arts, town-planning or landscape design; | (iii) to bear a unique or at least exceptional testimony to a cultural tradition or to a civilization which is living or which has disappeared; | (iv) to be an outstanding example of a type of building, architectural or technological ensemble or landscape which illustrates (a) significant stage(s) in human history; | (vi) to be directly or tangibly associated with events or living traditions, with ideas, or with beliefs, with artistic and literary works of outstanding universal significance;",,,,,,,,,,,,,,,,,,,,,,,,,,,,,,,,,,,,,,,,,,,,,,,,,,,,,,,,,,,,,,,,,,,
428.0,City of Bath,United Kingdom of Great Britain and Northern Ireland,"Neoclassical, Palladian, Georgian, Renaissance",Internal (DS/OUV),,"Roman (1st century AD), Middle Ages, 18th century (Georgian)",Internal (DS/OUV),,"Roman, British/Georgian",Internal (DS/OUV),,"(i) to represent a masterpiece of human creative genius; | (ii) to exhibit an important interchange of human values, over a span of time or within a cultural area of the world, on developments in architecture or technology, monumental arts, town-planning or landscape design; | (iv) to be an outstanding example of a type of building, architectural or technological ensemble or landscape which illustrates (a) significant stage(s) in human history;",,,"Oolitic limestone, Limestone",Internal (DS/OUV),,Sedimentary Rock,Internal (DS/OUV),,,,,Bath Oolitic limestone / Bath Stone,Internal (DS/OUV),,Oolitic limestone,Internal (DS/OUV),,,,,,,,,,,Oolitic,Internal (DS/OUV),,,,,Ralph Allen's Quarries (Combe Down),Internal (DS/OUV),,United Kingdom,Internal (DS/OUV),,Local,Internal (DS/OUV),,,,,"Crescents, terraces, squares, abbey, public buildings, thermal baths, temples",Internal (DS/OUV),,"Neoclassical facades, Palladian architectural elements",Internal (DS/OUV),,,,,,,,,,,Program of restoration in the late 20th century,Internal (DS/OUV),,Excellent,,,Yes,
379.0,Historic City of Toledo,Spain,skipped,,,,,,,,,"(i) to represent a masterpiece of human creative genius; | (ii) to exhibit an important interchange of human values, over a span of time or within a cultural area of the world, on developments in architecture or technology, monumental arts, town-planning or landscape design; | (iii) to bear a unique or at least exceptional testimony to a cultural tradition or to a civilization which is living or which has disappeared; | (iv) to be an outstanding example of a type of building, architectural or technological ensemble or landscape which illustrates (a) significant stage(s) in human history;",,,,,,,,,,,,,,,,,,,,,,,,,,,,,,,,,,,,,,,,,,,,,,,,,,,,,,,,,,,,,,,,,,,
527.0,"Kyiv: Saint-Sophia Cathedral and Related Monastic Buildings, Kyiv-Pechersk Lavra",Ukraine,skipped,,,,,,,,,"(i) to represent a masterpiece of human creative genius; | (ii) to exhibit an important interchange of human values, over a span of time or within a cultural area of the world, on developments in architecture or technology, monumental arts, town-planning or landscape design; | (iii) to bear a unique or at least exceptional testimony to a cultural tradition or to a civilization which is living or which has disappeared; | (iv) to be an outstanding example of a type of building, architectural or technological ensemble or landscape which illustrates (a) significant stage(s) in human history;",,,,,,,,,,,,,,,,,,,,,,,,,,,,,,,,,,,,,,,,,,,,,,,,,,,,,,,,,,,,,,,,,,,
29.0,Historic Centre of Kraków,Poland,skipped,,,,,,,,,"(iv) to be an outstanding example of a type of building, architectural or technological ensemble or landscape which illustrates (a) significant stage(s) in human history;",,,,,,,,,,,,,,,,,,,,,,,,,,,,,,,,,,,,,,,,,,,,,,,,,,,,,,,,,,,,,,,,,,,
383.0,"Cathedral, Alcázar and Archivo de Indias in Seville",Spain,skipped; but promissing,,,,,,,,,"(i) to represent a masterpiece of human creative genius; | (ii) to exhibit an important interchange of human values, over a span of time or within a cultural area of the world, on developments in architecture or technology, monumental arts, town-planning or landscape design; | (iii) to bear a unique or at least exceptional testimony to a cultural tradition or to a civilization which is living or which has disappeared; | (vi) to be directly or tangibly associated with events or living traditions, with ideas, or with beliefs, with artistic and literary works of outstanding universal significance;",,,,,,,,,,,,,,,,,,,,,,,,,,,,,,,,,,,,,,,,,,,,,,,,,,,,,,,,,,,,,,,,,,,
862.0,Historic Monuments Zone of Tlacotalpan,Mexico,skipped,,,,,,,,,"(ii) to exhibit an important interchange of human values, over a span of time or within a cultural area of the world, on developments in architecture or technology, monumental arts, town-planning or landscape design; | (iv) to be an outstanding example of a type of building, architectural or technological ensemble or landscape which illustrates (a) significant stage(s) in human history;",,,,,,,,,,,,,,,,,,,,,,,,,,,,,,,,,,,,,,,,,,,,,,,,,,,,,,,,,,,,,,,,,,,
804.0,"Palau de la Música Catalana and Hospital de Sant Pau, Barcelona",Spain,skipped; promising,,,,,,,,,"(i) to represent a masterpiece of human creative genius; | (ii) to exhibit an important interchange of human values, over a span of time or within a cultural area of the world, on developments in architecture or technology, monumental arts, town-planning or landscape design; | (iv) to be an outstanding example of a type of building, architectural or technological ensemble or landscape which illustrates (a) significant stage(s) in human history;",,,,,,,,,,,,,,,,,,,,,,,,,,,,,,,,,,,,,,,,,,,,,,,,,,,,,,,,,,,,,,,,,,,
1130.0,Ashur (Qal'at Sherqat),Iraq,"Architectural, Architecture, Building, Construction, Monument, Ottoman, Plan, Structure, Traditional",Internal (DS/OUV),,3rd millennium BC to Parthian period (1st–2nd century AD),Internal (DS/OUV),,"Sumerian, Akkadian, Assyrian Empire, Parthian",Internal (DS/OUV),,"(iii) to bear a unique or at least exceptional testimony to a cultural tradition or to a civilization which is living or which has disappeared; | (iv) to be an outstanding example of a type of building, architectural or technological ensemble or landscape which illustrates (a) significant stage(s) in human history;",Internal (DS/OUV),,Gypsum (also mentions mudbricks and baked bricks),Internal (DS/OUV),,Sedimentary Rock,,,,,,,,,,,,,,,,,,,,,,,,,,,,,,,,,,,,,,,"Used as mortar (Gypsum); walls, temples, palaces, ziggurats, gates",Internal (DS/OUV),,,,,"Mudbrick masonry, baked brick construction, gypsum/concrete mortar",Internal (DS/OUV),,,,,,,,,,,Moderate,,,Yes,
550.0,Historic Centre of San Gimignano,Italy,skipped; promising,,,,,,,,,"(i) to represent a masterpiece of human creative genius; | (iii) to bear a unique or at least exceptional testimony to a cultural tradition or to a civilization which is living or which has disappeared; | (iv) to be an outstanding example of a type of building, architectural or technological ensemble or landscape which illustrates (a) significant stage(s) in human history;",,,,,,,,,,,,,,,,,,,,,,,,,,,,,,,,,,,,,,,,,,,,,,,,,,,,,,,,,,,,,,,,,,,
384.0,Old Town of Cáceres,Spain,"Roman, Islamic, Northern Gothic, Italian Renaissance, Fortified/Nobility architecture (fortress-houses, palace-houses)",Internal (DS/OUV),,"14th to 16th centuries (including 15th-century fortress-houses & 16th-century palace-houses; traces back to Roman, Arab/Almohad, & Pre-Roman times)",Internal (DS/OUV),,"Pre-Roman, Roman, Islamic / Arab (Almohades), Jewish, Medieval Christian",Internal (DS/OUV),,"(iii) to bear a unique or at least exceptional testimony to a cultural tradition or to a civilization which is living or which has disappeared; | (iv) to be an outstanding example of a type of building, architectural or technological ensemble or landscape which illustrates (a) significant stage(s) in human history;",Internal (DS/OUV),,Granite,Internal (DS/OUV),,Igneous Rock,,,,,,,,,,,,,,,,,,,,,,,,,,,,,,Spain,Internal (DS/OUV),,Local (Inferred from nobility/masonry constructions),Internal (DS/OUV),,,,,"Defenses, Defensive walls, Towers (Torre del Bujaco, Torre Mochada, Púlpitos), Fortified houses, Palaces, Churches",Internal (DS/OUV),,,,,Granite Masonry,Internal (DS/OUV),,,,,,,,Historical refurbishment during medieval Christian times & Almohade phase; modern physical and functional rehabilitation under the Special Revitalization and Protection Plan,,,Excellent,Internal (DS/OUV),,Yes,
192.0,Old Walled City of Shibam,Yemen,skipped; ,,,,,,,,,"(iii) to bear a unique or at least exceptional testimony to a cultural tradition or to a civilization which is living or which has disappeared; | (iv) to be an outstanding example of a type of building, architectural or technological ensemble or landscape which illustrates (a) significant stage(s) in human history; | (v) to be an outstanding example of a traditional human settlement, land-use, or sea-use which is representative of a culture (or cultures), or human interaction with the environment especially when it has become vulnerable under the impact of irreversible change;",,,,,,,,,,,,,,,,,,,,,,,,,,,,,,,,,,,,,,,,,,,,,,,,,,,,,,,,,,,,,,,,,,,
1139.0,Tomb of Askia,Mali,skipped,,,,,,,,,"(ii) to exhibit an important interchange of human values, over a span of time or within a cultural area of the world, on developments in architecture or technology, monumental arts, town-planning or landscape design; | (iii) to bear a unique or at least exceptional testimony to a cultural tradition or to a civilization which is living or which has disappeared; | (iv) to be an outstanding example of a type of building, architectural or technological ensemble or landscape which illustrates (a) significant stage(s) in human history;",,,,,,,,,,,,,,,,,,,,,,,,,,,,,,,,,,,,,,,,,,,,,,,,,,,,,,,,,,,,,,,,,,,
88.0,Nubian Monuments from Abu Simbel to Philae,Egypt,"Temples, Tombs, Sanctuary, Kiosk, Monastery, Gate, Ruins",Internal (DS/OUV),,"Old Kingdom, Middle Kingdom, New Kingdom (15th century BCE) to Ptolemaic and Roman periods (2nd century CE)",Internal (DS/OUV),,Ancient Egyptian / Nubian / Greco-Roman / Coptic,Internal (DS/OUV),,"(i) to represent a masterpiece of human creative genius; | (iii) to bear a unique or at least exceptional testimony to a cultural tradition or to a civilization which is living or which has disappeared; | (vi) to be directly or tangibly associated with events or living traditions, with ideas, or with beliefs, with artistic and literary works of outstanding universal significance;",Internal (DS/OUV),,Granite ,Internal (DS/OUV),,Igneous Rock,,,,,,,,,Granite (Mentioned under Criterion iii & Protection requirements),Internal (DS/OUV),,,,,,,,,,,,,,,,,Stone quarries of Aswan / Granite quarries of the Cataract area,Internal (DS/OUV),,Egypt,Internal (DS/OUV),,Local (Exploited within the Aswan region),Internal (DS/OUV),,,,,"Temples carved out of solid rock escarpment (rock-cut architecture), obelisks, colossi, sanctuary walls",Internal (DS/OUV),,"Richly decorated tombs, relief sculptures/scenes",Internal (DS/OUV),,Ancient Egyptian quarrying and rock-cut techniques (disassembled and reconstructed during relocation),Internal (DS/OUV),,"Affected by wind, temperature change, rains, humidity, bird droppings, and dust",Internal (DS/OUV),,,,,"International UNESCO Campaign (1960–1980): Monuments were disassembled, moved, and reconstructed to save them from Nile flooding",Internal (DS/OUV),,Excellent,,,Yes,
816.0,Changdeokgung Palace Complex,Republic of Korea,skipped,,,,,,,,,"(ii) to exhibit an important interchange of human values, over a span of time or within a cultural area of the world, on developments in architecture or technology, monumental arts, town-planning or landscape design; | (iii) to bear a unique or at least exceptional testimony to a cultural tradition or to a civilization which is living or which has disappeared; | (iv) to be an outstanding example of a type of building, architectural or technological ensemble or landscape which illustrates (a) significant stage(s) in human history;",,,,,,,,,,,,,,,,,,,,,,,,,,,,,,,,,,,,,,,,,,,,,,,,,,,,,,,,,,,,,,,,,,,
81.0,Chartres Cathedral,France,skipped; promised,,,,,,,,,"(i) to represent a masterpiece of human creative genius; | (ii) to exhibit an important interchange of human values, over a span of time or within a cultural area of the world, on developments in architecture or technology, monumental arts, town-planning or landscape design; | (iv) to be an outstanding example of a type of building, architectural or technological ensemble or landscape which illustrates (a) significant stage(s) in human history;",,,,,,,,,,,,,,,,,,,,,,,,,,,,,,,,,,,,,,,,,,,,,,,,,,,,,,,,,,,,,,,,,,,
331.0,Medina of Marrakesh,Morocco,skipped,,,,,,,,,"(i) to represent a masterpiece of human creative genius; | (ii) to exhibit an important interchange of human values, over a span of time or within a cultural area of the world, on developments in architecture or technology, monumental arts, town-planning or landscape design; | (iv) to be an outstanding example of a type of building, architectural or technological ensemble or landscape which illustrates (a) significant stage(s) in human history; | (v) to be an outstanding example of a traditional human settlement, land-use, or sea-use which is representative of a culture (or cultures), or human interaction with the environment especially when it has become vulnerable under the impact of irreversible change;",,,,,,,,,,,,,,,,,,,,,,,,,,,,,,,,,,,,,,,,,,,,,,,,,,,,,,,,,,,,,,,,,,No,
665.0,Royal Monastery of Santa María de Guadalupe,Spain,skipped,,,,,,,,,"(iv) to be an outstanding example of a type of building, architectural or technological ensemble or landscape which illustrates (a) significant stage(s) in human history; | (vi) to be directly or tangibly associated with events or living traditions, with ideas, or with beliefs, with artistic and literary works of outstanding universal significance;",,,,,,,,,,,,,,,,,,,,,,,,,,,,,,,,,,,,,,,,,,,,,,,,,,,,,,,,,,,,,,,,,,No,
374.0,Castles and Town Walls of King Edward in Gwynedd,United Kingdom of Great Britain and Northern Ireland,skipped,,,,,,,,,"(i) to represent a masterpiece of human creative genius; | (iii) to bear a unique or at least exceptional testimony to a cultural tradition or to a civilization which is living or which has disappeared; | (iv) to be an outstanding example of a type of building, architectural or technological ensemble or landscape which illustrates (a) significant stage(s) in human history;",,,,,,,,,,,,,,,,,,,,,,,,,,,,,,,,,,,,,,,,,,,,,,,,,,,,,,,,,,,,,,,,,,No,
1073.0,Gebel Barkal and the Sites of the Napatan Region,Sudan,"Tombs (with and without pyramids), temples, burial mounds/funerary chambers, living complexes, and palaces",Internal (DS/OUV),,Napatan (900 to 270 BC) and Meroitic (270 BC to 350 AD) cultures; New Kingdom origins (ca. 1500 BC) up to 6th Century AD,Internal (DS/OUV),,Kushite civilization (Second Kingdom of Kush / Napato-Meroitic),Internal (DS/OUV),,"(i) to represent a masterpiece of human creative genius; | (ii) to exhibit an important interchange of human values, over a span of time or within a cultural area of the world, on developments in architecture or technology, monumental arts, town-planning or landscape design; | (iii) to bear a unique or at least exceptional testimony to a cultural tradition or to a civilization which is living or which has disappeared; | (iv) to be an outstanding example of a type of building, architectural or technological ensemble or landscape which illustrates (a) significant stage(s) in human history; | (vi) to be directly or tangibly associated with events or living traditions, with ideas, or with beliefs, with artistic and literary works of outstanding universal significance;",Internal (DS/OUV),,Sandstone,Internal (DS/OUV),,Sedimentary Rock,,,,,,,,,sandstone,,,,,,,,,,,,,,,,,,,,,Sudan,Internal (DS/OUV),,Local (rock-cut features and sacred flat-topped mountain),Internal (DS/OUV),,,,,"Flat-topped mountain rock, steep-angled pyramids, corbel vaults of tombs, wall structures, rock-cut burial chambers",Internal (DS/OUV),,"Reliefs, wall inscriptions, old script writings, and painted scenes on walls",Internal (DS/OUV),,"Corbel vaults, rock-cut chambers",Internal (DS/OUV),,Affected by the action of nature and man,Internal (DS/OUV),,,,,Limited inadequate restoration interventions of the last century,Internal (DS/OUV),,Excellent,,,Yes,
1470.0,Naumburg Cathedral,Germany,skipped,,,,,,,,,"(i) to represent a masterpiece of human creative genius; | (ii) to exhibit an important interchange of human values, over a span of time or within a cultural area of the world, on developments in architecture or technology, monumental arts, town-planning or landscape design;",,,,,,,,,,,,,,,,,,,,,,,,,,,,,,,,,,,,,,,,,,,,,,,,,,,,,,,,,,,,,,,,,,No,
124.0,Historic Town of Ouro Preto,Brazil,"Baroque, Colonial, Vernacular, Traditional",Internal (DS/OUV),,18th Century / 19th Century (founded late 17th century),Internal (DS/OUV),,Portuguese Colonial,Internal (DS/OUV),,(i) to represent a masterpiece of human creative genius; | (iii) to bear a unique or at least exceptional testimony to a cultural tradition or to a civilization which is living or which has disappeared;,Internal (DS/OUV),,"Gneiss, Soapstone",Internal (DS/OUV),,Metamorphic Rock,Internal (DS/OUV),,,,,,,,,,,,,,,,,,,,,,,,,,,,,Brazil,Internal (DS/OUV),,Local (Minas Gerais region),Internal (DS/OUV),,,,,"Bridges, Fountains, Public Buildings, Residences, Churches",Internal (DS/OUV),,"Stone Sculptures on Facades, Decorative Treatment",Internal (DS/OUV),,Combined use of two materials (gneiss and soapstone),Internal (DS/OUV),,,,,,,,Conservation and restoration investments,Internal (DS/OUV),,Moderate,,,Yes,
1485.0,The Forth Bridge,United Kingdom of Great Britain and Northern Ireland,Railway Bridge / Multi-span Cantilever Trussed Bridge,Internal (DS/OUV),,Built between 1882 and 1890 (Opened in 1890),Internal (DS/OUV),,Modern Industrial / Victorian Engineering,Internal (DS/OUV),,"(i) to represent a masterpiece of human creative genius; | (iv) to be an outstanding example of a type of building, architectural or technological ensemble or landscape which illustrates (a) significant stage(s) in human history;",Internal (DS/OUV),,Granite,Internal (DS/OUV),,Igneous Rock,Internal (DS/OUV),,,,,,,,,,,,,,,,,,,,,,,,,,,,,,,,,,,,,,Pier Foundations / Substructure (supporting steel double-cantilever towers),Internal (DS/OUV),,,,,Foundation / Pier Masonry,Internal (DS/OUV),,,,,,,,Over ten years of restoration/maintenance work (including a new paint system by Network Rail),Internal (DS/OUV),,Excellent,,,Yes,
444.0,Ksar of Ait-Ben-Haddou,Morocco,skipped; promising,,,,,,,,,"(iv) to be an outstanding example of a type of building, architectural or technological ensemble or landscape which illustrates (a) significant stage(s) in human history; | (v) to be an outstanding example of a traditional human settlement, land-use, or sea-use which is representative of a culture (or cultures), or human interaction with the environment especially when it has become vulnerable under the impact of irreversible change;",,,,,,,,,,,,,,,,,,,,,,,,,,,,,,,,,,,,,,,,,,,,,,,,,,,,,,,,,,,,,,,,,,No,
696.0,Kronborg Castle,Denmark,"Renaissance castle, military fortress, four-winged building with towers and spires",Internal (DS/OUV),,"1574 (begun by King Frederik II), reconstructed post-1629 fire, 17th-century fortification additions",Internal (DS/OUV),,Danish / Northern European Renaissance,Internal (DS/OUV),,"(iv) to be an outstanding example of a type of building, architectural or technological ensemble or landscape which illustrates (a) significant stage(s) in human history;",,,Sandstone,Internal (DS/OUV),,,,,,,,,,,,,,,,,,,,,,,,,,,,,,,,,,,,,,,,,"Facades, front walls",Internal (DS/OUV),,Sandstone ornaments,Internal (DS/OUV),,Horizontal bands,Internal (DS/OUV),,"Building and ground decay as a result of lack of maintenance, climate, or fire",Internal (DS/OUV),,Replicas of sandstone ornaments,Internal (DS/OUV),,Thorough restoration in 1924–38; ongoing continual facade restoration,Internal (DS/OUV),,Good,,,Yes,
362.0,Old Town of Ghadamès,Libya,skipped;,,,,,,,,,"(v) to be an outstanding example of a traditional human settlement, land-use, or sea-use which is representative of a culture (or cultures), or human interaction with the environment especially when it has become vulnerable under the impact of irreversible change;",,,,,,,,,,,,,,,,,,,,,,,,,,,,,,,,,,,,,,,,,,,,,,,,,,,,,,,,,,,,,,,,,,No,
616.0,Historic Centre of Prague,Czechia,skipped; promised,,,,,,,,,"(ii) to exhibit an important interchange of human values, over a span of time or within a cultural area of the world, on developments in architecture or technology, monumental arts, town-planning or landscape design; | (iv) to be an outstanding example of a type of building, architectural or technological ensemble or landscape which illustrates (a) significant stage(s) in human history; | (vi) to be directly or tangibly associated with events or living traditions, with ideas, or with beliefs, with artistic and literary works of outstanding universal significance;",,,,,,,,,,,,,,,,,,,,,,,,,,,,,,,,,,,,,,,,,,,,,,,,,,,,,,,,,,,,,,,,,,No,
144.0,Ruins of Kilwa Kisiwani and Ruins of Songo Mnara,United Republic of Tanzania,"Architectural, Building, Design, Layout, Monument, Plan, Structure",,,9th to 19th century (peak prosperity 13th–14th century),Internal (DS/OUV),,Swahili coastal culture / Islamic East Africa,Internal (DS/OUV),,(iii) to bear a unique or at least exceptional testimony to a cultural tradition or to a civilization which is living or which has disappeared;,Internal (DS/OUV),,"Coral Stone, Coral, Carnelian",Internal (DS/OUV),,,,,,,,,,,,,,,,,,,,,,,,,,,,,,,,,,,Local (coral stone) / Imported (carnelians traded via Indian Ocean),Internal (DS/OUV),,,,,"Built of coral and lime mortar (Great Mosque, domes, vaults, Husuni Kubwa palace, Gereza fort, domestic dwellings, enclosing walls)",Internal (DS/OUV),,"Embedded Chinese porcelain in domes/vaults; carnelians, perfumes, Persian faience",Internal (DS/OUV),,Coral stone bonded with lime mortar,Internal (DS/OUV),,"Subject to invasion by vegetation, inundation by the sea, climate change impact (wave action, beach erosion)",Internal (DS/OUV),,Coral stone (used for consolidation during conservation),Internal (DS/OUV),,Limited consolidation using coral stone and appropriate materials; ongoing conservation programme,Internal (DS/OUV),,Poor,,,Yes,
312.0,Monuments of Oviedo and the Kingdom of the Asturias,Spain,skipped; promising,,,,,,,,,"(i) to represent a masterpiece of human creative genius; | (ii) to exhibit an important interchange of human values, over a span of time or within a cultural area of the world, on developments in architecture or technology, monumental arts, town-planning or landscape design; | (v) to be an outstanding example of a traditional human settlement, land-use, or sea-use which is representative of a culture (or cultures), or human interaction with the environment especially when it has become vulnerable under the impact of irreversible change;",,,,,,,,,,,,,,,,,,,,,,,,,,,,,,,,,,,,,,,,,,,,,,,,,,,,,,,,,,,,,,,,,,No,
1087.0,Town Hall and Roland on the Marketplace of Bremen,Germany,"Gothic, Weser Renaissance, Baroque",Internal (DS/OUV),,"1404 (Roland statue), 1405–1409 (Old Town Hall original Gothic construction), 1595–1612 / early 17th century (Weser Renaissance renovation), 1909–1913 (New Town Hall)",Internal (DS/OUV),,Holy Roman Empire / European Medieval & Renaissance,Internal (DS/OUV),,"(iii) to bear a unique or at least exceptional testimony to a cultural tradition or to a civilization which is living or which has disappeared; | (iv) to be an outstanding example of a type of building, architectural or technological ensemble or landscape which illustrates (a) significant stage(s) in human history; | (vi) to be directly or tangibly associated with events or living traditions, with ideas, or with beliefs, with artistic and literary works of outstanding universal significance;",Internal (DS/OUV),,"Sandstone, Limestone, Clinker / Tiles, Exposed Brick",Internal (DS/OUV),,Sedimentary Rock,Internal (DS/OUV),,South-German Limestone,Internal (DS/OUV),,,,,"Sandstone, Limestone",Internal (DS/OUV),,,,,,,,Exposed brick with alternating dark and light layers,Internal (DS/OUV),,,,,,,,,,,Germany (South-German region mentioned for limestone),Internal (DS/OUV),,Imported (South-German limestone),,,,,,"Stone statues (Emperor, prince electors, Roland), stone columns/pillars (wine cellar, arcade), windows, details",Internal (DS/OUV),,Elaborate sculptural decoration in sandstone on the façade; sculptured polychrome doorway frames,Internal (DS/OUV),,"Exposed brickwork with alternating dark and light layers, round arches with Tuscan columns in the medieval arcade, clinker-tiled elevations",Internal (DS/OUV),,Facades of the New Town Hall show effects of exposure to weather,Internal (DS/OUV),,Statues of the south and west façades replaced with copies (1959–1963); Roland head replaced with a copy (1983–1984),Internal (DS/OUV),,"Exterior restoration (2001–2006, 1964–1968); re-pointing joints; consolidating stone parts on façades; repairs in 1938, 1959, 1969, and 1983–1984",Internal (DS/OUV),,Good,Internal (DS/OUV),,Yes,
1270.0,Historic Centre of Camagüey,Cuba,skipped,,,,,,,,,"(iv) to be an outstanding example of a type of building, architectural or technological ensemble or landscape which illustrates (a) significant stage(s) in human history; | (v) to be an outstanding example of a traditional human settlement, land-use, or sea-use which is representative of a culture (or cultures), or human interaction with the environment especially when it has become vulnerable under the impact of irreversible change;",,,,,,,,,,,,,,,,,,,,,,,,,,,,,,,,,,,,,,,,,,,,,,,,,,,,,,,,,,,,,,,,,,No,
1155.0,Old town of Regensburg with Stadtamhof,Germany,"skipped
",,,,,,,,,"(ii) to exhibit an important interchange of human values, over a span of time or within a cultural area of the world, on developments in architecture or technology, monumental arts, town-planning or landscape design; | (iii) to bear a unique or at least exceptional testimony to a cultural tradition or to a civilization which is living or which has disappeared; | (iv) to be an outstanding example of a type of building, architectural or technological ensemble or landscape which illustrates (a) significant stage(s) in human history;",,,,,,,,,,,,,,,,,,,,,,,,,,,,,,,,,,,,,,,,,,,,,,,,,,,,,,,,,,,,,,,,,,No,
89.0,Historic Cairo,Egypt,skipped; promising,,,,,,,,,"(i) to represent a masterpiece of human creative genius; | (v) to be an outstanding example of a traditional human settlement, land-use, or sea-use which is representative of a culture (or cultures), or human interaction with the environment especially when it has become vulnerable under the impact of irreversible change; | (vi) to be directly or tangibly associated with events or living traditions, with ideas, or with beliefs, with artistic and literary works of outstanding universal significance;",,,,,,,,,,,,,,,,,,,,,,,,,,,,,,,,,,,,,,,,,,,,,,,,,,,,,,,,,,,,,,,,,,No,
203.0,"From the Great Saltworks of Salins-les-Bains to the Royal Saltworks of Arc-et-Senans, the Production of Open-pan Salt",France,skipped; promising,,,,,,,,,"(i) to represent a masterpiece of human creative genius; | (ii) to exhibit an important interchange of human values, over a span of time or within a cultural area of the world, on developments in architecture or technology, monumental arts, town-planning or landscape design; | (iv) to be an outstanding example of a type of building, architectural or technological ensemble or landscape which illustrates (a) significant stage(s) in human history;",,,,,,,,,,,,,,,,,,,,,,,,,,,,,,,,,,,,,,,,,,,,,,,,,,,,,,,,,,,,,,,,,,No,
818.0,Mill Network at Kinderdijk-Elshout,Netherlands (Kingdom of the),skipped,,,,,,,,,"(i) to represent a masterpiece of human creative genius; | (ii) to exhibit an important interchange of human values, over a span of time or within a cultural area of the world, on developments in architecture or technology, monumental arts, town-planning or landscape design; | (iv) to be an outstanding example of a type of building, architectural or technological ensemble or landscape which illustrates (a) significant stage(s) in human history;",,,,,,,,,,,,,,,,,,,,,,,,,,,,,,,,,,,,,,,,,,,,,,,,,,,,,,,,,,,,,,,,,,No,
863.0,Historic Centre of Santa Ana de los Ríos de Cuenca,Ecuador,skipped; promising,,,,,,,,,"(ii) to exhibit an important interchange of human values, over a span of time or within a cultural area of the world, on developments in architecture or technology, monumental arts, town-planning or landscape design; | (iv) to be an outstanding example of a type of building, architectural or technological ensemble or landscape which illustrates (a) significant stage(s) in human history; | (v) to be an outstanding example of a traditional human settlement, land-use, or sea-use which is representative of a culture (or cultures), or human interaction with the environment especially when it has become vulnerable under the impact of irreversible change;",,,,,,,,,,,,,,,,,,,,,,,,,,,,,,,,,,,,,,,,,,,,,,,,,,,,,,,,,,,,,,,,,,No,
710.0,Gelati Monastery,Georgia,skipped; promising,,,,,,,,,"(iv) to be an outstanding example of a type of building, architectural or technological ensemble or landscape which illustrates (a) significant stage(s) in human history;",,,,,,,,,,,,,,,,,,,,,,,,,,,,,,,,,,,,,,,,,,,,,,,,,,,,,,,,,,,,,,,,,,No,
526.0,Colonial City of Santo Domingo,Dominican Republic,"skipped; promising
",,,,,,,,,"(ii) to exhibit an important interchange of human values, over a span of time or within a cultural area of the world, on developments in architecture or technology, monumental arts, town-planning or landscape design; | (iv) to be an outstanding example of a type of building, architectural or technological ensemble or landscape which illustrates (a) significant stage(s) in human history; | (vi) to be directly or tangibly associated with events or living traditions, with ideas, or with beliefs, with artistic and literary works of outstanding universal significance;",,,,,,,,,,,,,,,,,,,,,,,,,,,,,,,,,,,,,,,,,,,,,,,,,,,,,,,,,,,,,,,,,,No,
1202.0,Urban Historic Centre of Cienfuegos,Cuba,skipped; ,,,,,,,,,"(ii) to exhibit an important interchange of human values, over a span of time or within a cultural area of the world, on developments in architecture or technology, monumental arts, town-planning or landscape design; | (iv) to be an outstanding example of a type of building, architectural or technological ensemble or landscape which illustrates (a) significant stage(s) in human history;",,,,,,,,,,,,,,,,,,,,,,,,,,,,,,,,,,,,,,,,,,,,,,,,,,,,,,,,,,,,,,,,,,No,
1054.0,Churches of Peace in Jawor and Świdnica,Poland,skipped,,,,,,,,,"(iii) to bear a unique or at least exceptional testimony to a cultural tradition or to a civilization which is living or which has disappeared; | (iv) to be an outstanding example of a type of building, architectural or technological ensemble or landscape which illustrates (a) significant stage(s) in human history; | (vi) to be directly or tangibly associated with events or living traditions, with ideas, or with beliefs, with artistic and literary works of outstanding universal significance;",,,,,,,,,,,,,,,,,,,,,,,,,,,,,,,,,,,,,,,,,,,,,,,,,,,,,,,,,,,,,,,,,,No,
370.0,Durham Castle and Cathedral,United Kingdom of Great Britain and Northern Ireland,skipped; promising,,,,,,,,,"(ii) to exhibit an important interchange of human values, over a span of time or within a cultural area of the world, on developments in architecture or technology, monumental arts, town-planning or landscape design; | (iv) to be an outstanding example of a type of building, architectural or technological ensemble or landscape which illustrates (a) significant stage(s) in human history; | (vi) to be directly or tangibly associated with events or living traditions, with ideas, or with beliefs, with artistic and literary works of outstanding universal significance;",,,,,,,,,,,,,,,,,,,,,,,,,,,,,,,,,,,,,,,,,,,,,,,,,,,,,,,,,,,,,,,,,,No,
433.0,Bahla Fort,Oman,skipped; highly promising,,,,,,,,,"(iv) to be an outstanding example of a type of building, architectural or technological ensemble or landscape which illustrates (a) significant stage(s) in human history;",,,,,,,,,,,,,,,,,,,,,,,,,,,,,,,,,,,,,,,,,,,,,,,,,,,,,,,,,,,,,,,,,,No,
239.0,Group of Monuments at Pattadakal,India,ouv issue,,,,,,,,,"(iii) to bear a unique or at least exceptional testimony to a cultural tradition or to a civilization which is living or which has disappeared; | (iv) to be an outstanding example of a type of building, architectural or technological ensemble or landscape which illustrates (a) significant stage(s) in human history;",,,,,,,,,,,,,,,,,,,,,,,,,,,,,,,,,,,,,,,,,,,,,,,,,,,,,,,,,,,,,,,,,,No,
323.0,Royal Palaces of Abomey,Benin,"Cob-wall fortified palace ensemble with courtyards (outer, inner, private), portals, and traditional structures (Djexo, Adoxo)",Internal (DS/OUV),,1625 to 1900,Internal (DS/OUV),,Kingdom of Dahomey / Aja-Fon culture,Internal (DS/OUV),,"(iii) to bear a unique or at least exceptional testimony to a cultural tradition or to a civilization which is living or which has disappeared; | (iv) to be an outstanding example of a type of building, architectural or technological ensemble or landscape which illustrates (a) significant stage(s) in human history;",Internal (DS/OUV),,Laterite,Internal (DS/OUV),,Sedimentary Rock,Internal (DS/OUV),,,,,,,,,,,,,,,,,"Red / Earth tone (implied by laterite clay/cob, but explicit geological color profile is NA)",Internal (DS/OUV),,,,,,,,,,,,,,,,,,,,"Enclosure walls, sacred structures (Djexo, Adoxo tombs), and palaces",Internal (DS/OUV),,Polychrome bas-reliefs,Internal (DS/OUV),,"Cob-wall construction (bâtiment en bauge) using laterite earth, water, wood, and straw",Internal (DS/OUV),,Precariousness of earth/traditional building materials under natural phenomena,Internal (DS/OUV),,"Traditional materials (laterite, wood, straw) used during rehabilitation",Internal (DS/OUV),,Over half of the 184 identified components restored in accordance with accepted conservation standards; monitored via risk management and conservation plans,Internal (DS/OUV),,Moderate,Internal (DS/OUV),,Yes,
832.0,Villa Romana del Casale,Italy,OUV Issue,,,,,,,,,"(i) to represent a masterpiece of human creative genius; | (ii) to exhibit an important interchange of human values, over a span of time or within a cultural area of the world, on developments in architecture or technology, monumental arts, town-planning or landscape design; | (iii) to bear a unique or at least exceptional testimony to a cultural tradition or to a civilization which is living or which has disappeared;",,,,,,,,,,,,,,,,,,,,,,,,,,,,,,,,,,,,,,,,,,,,,,,,,,,,,,,,,,,,,,,,,,No,
38.0,Amphitheatre of El Jem,Tunisia,ouv issue,,,,,,,,,"(iv) to be an outstanding example of a type of building, architectural or technological ensemble or landscape which illustrates (a) significant stage(s) in human history; | (vi) to be directly or tangibly associated with events or living traditions, with ideas, or with beliefs, with artistic and literary works of outstanding universal significance;",,,,,,,,,,,,,,,,,,,,,,,,,,,,,,,,,,,,,,,,,,,,,,,,,,,,,,,,,,,,,,,,,,No,
828.0,Historic Centre of Urbino,Italy,skipped; promised,,,,,,,,,"(ii) to exhibit an important interchange of human values, over a span of time or within a cultural area of the world, on developments in architecture or technology, monumental arts, town-planning or landscape design; | (iv) to be an outstanding example of a type of building, architectural or technological ensemble or landscape which illustrates (a) significant stage(s) in human history;",,,,,,,,,,,,,,,,,,,,,,,,,,,,,,,,,,,,,,,,,,,,,,,,,,,,,,,,,,,,,,,,,,No,
902.0,Historic Centre of Sighişoara,Romania,OUV issue,,,,,,,,,"(iii) to bear a unique or at least exceptional testimony to a cultural tradition or to a civilization which is living or which has disappeared; | (v) to be an outstanding example of a traditional human settlement, land-use, or sea-use which is representative of a culture (or cultures), or human interaction with the environment especially when it has become vulnerable under the impact of irreversible change;",,,,,,,,,,,,,,,,,,,,,,,,,,,,,,,,,,,,,,,,,,,,,,,,,,,,,,,,,,,,,,,,,,No,
189.0,Historic Centre of the Town of Olinda,Brazil,skipped,,,,,,,,,"(ii) to exhibit an important interchange of human values, over a span of time or within a cultural area of the world, on developments in architecture or technology, monumental arts, town-planning or landscape design; | (iv) to be an outstanding example of a type of building, architectural or technological ensemble or landscape which illustrates (a) significant stage(s) in human history;",,,,,,,,,,,,,,,,,,,,,,,,,,,,,,,,,,,,,,,,,,,,,,,,,,,,,,,,,,,,,,,,,,No,
1739.0,Maratha Military Landscapes of India,India,OUV issue; but highly promising,,,,,,,,,"(iv) to be an outstanding example of a type of building, architectural or technological ensemble or landscape which illustrates (a) significant stage(s) in human history; | (vi) to be directly or tangibly associated with events or living traditions, with ideas, or with beliefs, with artistic and literary works of outstanding universal significance;",,,,,,,,,,,,,,,,,,,,,,,,,,,,,,,,,,,,,,,,,,,,,,,,,,,,,,,,,,,,,,,,,,No,
371.0,Ironbridge Gorge,United Kingdom of Great Britain and Northern Ireland,Skipped,,,,,,,,,"(i) to represent a masterpiece of human creative genius; | (ii) to exhibit an important interchange of human values, over a span of time or within a cultural area of the world, on developments in architecture or technology, monumental arts, town-planning or landscape design; | (iv) to be an outstanding example of a type of building, architectural or technological ensemble or landscape which illustrates (a) significant stage(s) in human history; | (vi) to be directly or tangibly associated with events or living traditions, with ideas, or with beliefs, with artistic and literary works of outstanding universal significance;",,,,,,,,,,,,,,,,,,,,,,,,,,,,,,,,,,,,,,,,,,,,,,,,,,,,,,,,,,,,,,,,,,No,
1106.0,Pasargadae,Iran (Islamic Republic of),"Capital, Palaces, Gardens, Gatehouse, Audience Hall, Residential Palace, Mausoleum/Tomb, Fortified Platform (Tall-e Takht), Citadel",Internal (DS/OUV),,6th century BC,Internal (DS/OUV),,Persian / Achaemenid (First Persian) Empire,Internal (DS/OUV),,"(i) to represent a masterpiece of human creative genius; | (ii) to exhibit an important interchange of human values, over a span of time or within a cultural area of the world, on developments in architecture or technology, monumental arts, town-planning or landscape design; | (iii) to bear a unique or at least exceptional testimony to a cultural tradition or to a civilization which is living or which has disappeared; | (iv) to be an outstanding example of a type of building, architectural or technological ensemble or landscape which illustrates (a) significant stage(s) in human history;",Internal (DS/OUV),,Limestone ,Internal (DS/OUV),,Sedimentary Rock,,,Mud-brick (mentioned for Tall-e Takht defenses),Internal (DS/OUV),,,,,Compact limestone,Internal (DS/OUV),,,,,,,,,,,,,,,,,,,,,,,"Local (Morgab plain setting mentioned, though quarry origin is not specified) / NA",Internal (DS/OUV),,,,,"Tomb (compact limestone tomb holding Cyrus the Great’s gilded sarcophagus), Fortified Platform (Tall-e Takht), Waterways/Pathways (Four Gardens)",Internal (DS/OUV),,"Refined details, slender verticality",Internal (DS/OUV),,Mud-brick construction (citadel/fortified platform); Refined stone architecture,Internal (DS/OUV),,"Erosion (physical, chemical, environmental), violent winds, burning sun, flooding",Internal (DS/OUV),,,,,Recent restoration utilizing traditional technology and materials in harmony with the ensemble; poor condition of mud-brick due to 1960s excavations,Internal (DS/OUV),,Good,,,Yes,
755.0,"Historic Centre of Oporto, Luiz I Bridge and Monastery of Serra do Pilar",Portugal,skipped,,,,,,,,,"(iv) to be an outstanding example of a type of building, architectural or technological ensemble or landscape which illustrates (a) significant stage(s) in human history;",,,,,,,,,,,,,,,,,,,,,,,,,,,,,,,,,,,,,,,,,,,,,,,,,,,,,,,,,,,,,,,,,,Yes,
1452.0,Bursa and Cumalıkızık: the Birth of the Ottoman Empire,Türkiye,ouv issue,,,,,,,,,"(i) to represent a masterpiece of human creative genius; | (ii) to exhibit an important interchange of human values, over a span of time or within a cultural area of the world, on developments in architecture or technology, monumental arts, town-planning or landscape design; | (iv) to be an outstanding example of a type of building, architectural or technological ensemble or landscape which illustrates (a) significant stage(s) in human history; | (vi) to be directly or tangibly associated with events or living traditions, with ideas, or with beliefs, with artistic and literary works of outstanding universal significance;",,,,,,,,,,,,,,,,,,,,,,,,,,,,,,,,,,,,,,,,,,,,,,,,,,,,,,,,,,,,,,,,,,Yes,
505.0,Monastery of Alcobaça,Portugal,skipped but highlt promising,,,,,,,,,"(i) to represent a masterpiece of human creative genius; | (iv) to be an outstanding example of a type of building, architectural or technological ensemble or landscape which illustrates (a) significant stage(s) in human history;",,,,,,,,,,,,,,,,,,,,,,,,,,,,,,,,,,,,,,,,,,,,,,,,,,,,,,,,,,,,,,,,,,No,
1532.0,"Temple Zone of Sambor Prei Kuk, Archaeological Site of Ancient Ishanapura",Cambodia,Pre-Angkorian / Chenla Period Khmer Architecture (including octagonal temples reflecting flying octagonal palaces / Vimana Trivishtapa),Internal (DS/OUV),,Late 6th and early 7th centuries AD (with repairs/modifications from 7th to 11th century),Internal (DS/OUV),,Chenla Empire / Kingdom,Internal (DS/OUV),,"(ii) to exhibit an important interchange of human values, over a span of time or within a cultural area of the world, on developments in architecture or technology, monumental arts, town-planning or landscape design; | (iii) to bear a unique or at least exceptional testimony to a cultural tradition or to a civilization which is living or which has disappeared; | (vi) to be directly or tangibly associated with events or living traditions, with ideas, or with beliefs, with artistic and literary works of outstanding universal significance;",Internal (DS/OUV),,"Sandstone, Fired Brick, Laterite",Internal (DS/OUV),,Sedimentary Rock,,,,,,,,,,,,,,,,,,,,,,,,,,,,,,,,,,,,,,,"Fired brick and/or laterite for enclosure walls, central towers, and surrounding structures",Internal (DS/OUV),,"Sandstone used for decorative details (lintels, pediments, colonnades, and sculptures)",Internal (DS/OUV),,Brick construction with sandstone detailing and sympathetic brickwork restoration using traditional techniques,Internal (DS/OUV),,"Degradation caused by ravages of time, vagaries of climate, forest encroachment, decay, and recent historical conflict/war zone",Internal (DS/OUV),,Sympathetic restoration to damaged brickwork using old/traditional bricks,Internal (DS/OUV),,"Reversible, minor reconstruction focused on ensuring structural stability without hypothetical reconstruction",Internal (DS/OUV),,Poor,Internal (DS/OUV),,Yes,
1572.0,Göbekli Tepe,Türkiye,OUV Issue,,,,,,,,,"(i) to represent a masterpiece of human creative genius; | (ii) to exhibit an important interchange of human values, over a span of time or within a cultural area of the world, on developments in architecture or technology, monumental arts, town-planning or landscape design; | (iv) to be an outstanding example of a type of building, architectural or technological ensemble or landscape which illustrates (a) significant stage(s) in human history;",,,,,,,,,,,,,,,,,,,,,,,,,,,,,,,,,,,,,,,,,,,,,,,,,,,,,,,,,,,,,,,,,,No,
356.0,Historic Areas of Istanbul,Türkiye,ouv issue,,,,,,,,,"(i) to represent a masterpiece of human creative genius; | (ii) to exhibit an important interchange of human values, over a span of time or within a cultural area of the world, on developments in architecture or technology, monumental arts, town-planning or landscape design; | (iii) to bear a unique or at least exceptional testimony to a cultural tradition or to a civilization which is living or which has disappeared; | (iv) to be an outstanding example of a type of building, architectural or technological ensemble or landscape which illustrates (a) significant stage(s) in human history;",,,,,,,,,,,,,,,,,,,,,,,,,,,,,,,,,,,,,,,,,,,,,,,,,,,,,,,,,,,,,,,,,,No,
1599.0,Krzemionki Prehistoric Striped Flint Mining Region,Poland,"Monastery, Pilgrimage Centre, Ecclesiastical Complex (Churches, Baptistery, Basilicas, Hostels/Rest Houses, Public Baths, Workshops)",Internal (DS/OUV),,4th to 7th centuries AD (A.D. 296 – 7th Century AD),Internal (DS/OUV),,Early Christian / Coptic,Internal (DS/OUV),,"(iii) to bear a unique or at least exceptional testimony to a cultural tradition or to a civilization which is living or which has disappeared; | (iv) to be an outstanding example of a type of building, architectural or technological ensemble or landscape which illustrates (a) significant stage(s) in human history;",Internal (DS/OUV),,"Limestone, Marble",Internal (DS/OUV),,Sedimentary Rock,Internal (DS/OUV),,,,,,,,"Limestone, Marble",Internal (DS/OUV),,,,,,,,,,,,,,,,,,,,,,,,,,,,,Ashlar masonry for main buildings / wall construction,Internal (DS/OUV),,"Columns (made of Marble), Mosaics, fine lime plaster",Internal (DS/OUV),,Ashlar masonry set in lime mortar; Mud bricks covered with fine lime plaster for simpler buildings,Internal (DS/OUV),,"Risks from heavy rains, winds, humidity, fires, and rising underground water related to agricultural irrigation",Internal (DS/OUV),,,,,Ongoing periodic maintenance and active dewatering project to lower underground water table,Internal (DS/OUV),,Moderate,,,Yes,
880.0,"Summer Palace, an Imperial Garden in Beijing",China,skipped,,,,,,,,,"(i) to represent a masterpiece of human creative genius; | (ii) to exhibit an important interchange of human values, over a span of time or within a cultural area of the world, on developments in architecture or technology, monumental arts, town-planning or landscape design; | (iii) to bear a unique or at least exceptional testimony to a cultural tradition or to a civilization which is living or which has disappeared;",,,,,,,,,,,,,,,,,,,,,,,,,,,,,,,,,,,,,,,,,,,,,,,,,,,,,,,,,,,,,,,,,,No,
332.0,Punic Town of Kerkuane and its Necropolis,Tunisia,ouv issue,,,,,,,,,(iii) to bear a unique or at least exceptional testimony to a cultural tradition or to a civilization which is living or which has disappeared;,,,,,,,,,,,,,,,,,,,,,,,,,,,,,,,,,,,,,,,,,,,,,,,,,,,,,,,,,,,,,,,,,,No,
795.0,Maritime Greenwich,United Kingdom of Great Britain and Northern Ireland,"Ensemble of Baroque, Palladian, and Classical buildings, including a Royal Palace, Naval College, Chapel, Observatory, and Royal Park.",Internal (DS/OUV),,"17th and 18th centuries (e.g., St Alphege’s church rebuilt 1712–14; Royal Observatory founded 1675).",Internal (DS/OUV),,British / European (Royal Kingdom of Great Britain).,Internal (DS/OUV),,"(i) to represent a masterpiece of human creative genius; | (ii) to exhibit an important interchange of human values, over a span of time or within a cultural area of the world, on developments in architecture or technology, monumental arts, town-planning or landscape design; | (iv) to be an outstanding example of a type of building, architectural or technological ensemble or landscape which illustrates (a) significant stage(s) in human history; | (vi) to be directly or tangibly associated with events or living traditions, with ideas, or with beliefs, with artistic and literary works of outstanding universal significance;",Internal (DS/OUV),,Slate,Internal (DS/OUV),,Metamorphic Rock,Internal (DS/OUV),,,,,,,,,,,,,,,,,,,,,,,,,,,,,,,,,,,,,,Roofing material (slate roofs on town terraces).,Internal (DS/OUV),,Stucco finishes (stuccoed terraces).,Internal (DS/OUV),,Stuccoed masonry and slated roofing.,Internal (DS/OUV),,,,,,,,"Ongoing detailed landscape maintenance, urban pattern restoration, and coordinated building conservation plans.",,,Good,,,Yes,
823.0,Residences of the Royal House of Savoy,Italy,skipped,,,,,,,,,"(i) to represent a masterpiece of human creative genius; | (ii) to exhibit an important interchange of human values, over a span of time or within a cultural area of the world, on developments in architecture or technology, monumental arts, town-planning or landscape design; | (iv) to be an outstanding example of a type of building, architectural or technological ensemble or landscape which illustrates (a) significant stage(s) in human history; | (v) to be an outstanding example of a traditional human settlement, land-use, or sea-use which is representative of a culture (or cultures), or human interaction with the environment especially when it has become vulnerable under the impact of irreversible change;",,,,,,,,,,,,,,,,,,,,,,,,,,,,,,,,,,,,,,,,,,,,,,,,,,,,,,,,,,,,,,,,,,,
1097.0,Ensemble of the Novodevichy Convent,Russian Federation,skipped; but promising,,,,,,,,,"(i) to represent a masterpiece of human creative genius; | (iv) to be an outstanding example of a type of building, architectural or technological ensemble or landscape which illustrates (a) significant stage(s) in human history; | (vi) to be directly or tangibly associated with events or living traditions, with ideas, or with beliefs, with artistic and literary works of outstanding universal significance;",,,,,,,,,,,,,,,,,,,,,,,,,,,,,,,,,,,,,,,,,,,,,,,,,,,,,,,,,,,,,,,,,,No,
982.0,Ensemble of the Ferapontov Monastery,Russian Federation,skipped; promising,,,,,,,,,"(i) to represent a masterpiece of human creative genius; | (iv) to be an outstanding example of a type of building, architectural or technological ensemble or landscape which illustrates (a) significant stage(s) in human history;",,,,,,,,,,,,,,,,,,,,,,,,,,,,,,,,,,,,,,,,,,,,,,,,,,,,,,,,,,,,,,,,,,No,
1033.0,Historic Centre of Vienna,Austria,skipped; promised,,,,,,,,,"(ii) to exhibit an important interchange of human values, over a span of time or within a cultural area of the world, on developments in architecture or technology, monumental arts, town-planning or landscape design; | (iv) to be an outstanding example of a type of building, architectural or technological ensemble or landscape which illustrates (a) significant stage(s) in human history; | (vi) to be directly or tangibly associated with events or living traditions, with ideas, or with beliefs, with artistic and literary works of outstanding universal significance;",,,,,,,,,,,,,,,,,,,,,,,,,,,,,,,,,,,,,,,,,,,,,,,,,,,,,,,,,,,,,,,,,,No,
1549.0,Historic Centre of Sheki with the Khan’s Palace,Azerbaijan,"skipped, promising",,,,,,,,,"(ii) to exhibit an important interchange of human values, over a span of time or within a cultural area of the world, on developments in architecture or technology, monumental arts, town-planning or landscape design; | (v) to be an outstanding example of a traditional human settlement, land-use, or sea-use which is representative of a culture (or cultures), or human interaction with the environment especially when it has become vulnerable under the impact of irreversible change;",,,,,,,,,,,,,,,,,,,,,,,,,,,,,,,,,,,,,,,,,,,,,,,,,,,,,,,,,,,,,,,,,,No,
273.0,City of Cuzco,Peru,"Baroque, Plateresco, Mudejar, Churrigueresco, Pre-Hispanic/Inca, Colonial",Internal (DS/OUV),,15th Century (Inca redesign/remodel) to 16th Century onwards (Colonial overlay),Internal (DS/OUV),,Ancient Inca Civilization / Tawantinsuyu Empire & Hispanic / Colonial Viceroyalty,Internal (DS/OUV),,"(iii) to bear a unique or at least exceptional testimony to a cultural tradition or to a civilization which is living or which has disappeared; | (iv) to be an outstanding example of a type of building, architectural or technological ensemble or landscape which illustrates (a) significant stage(s) in human history;",Internal (DS/OUV),,"Andesite, Granite",Internal (DS/OUV),,Igneous Rock,,,,,,,,,Meticulously cut granite and andesite,Internal (DS/OUV),,,,,,,,,,,Very finely finished / Meticulously cut,Internal (DS/OUV),,,,,,,,Peru (Implied local Andean origin),Internal (DS/OUV),,Local,,,,,,"Walls, foundations, urban enclosures, temples (Temple of the Sun / Qoricancha), palaces, and churches",Internal (DS/OUV),,"Baroque/Plateresco/Mudejar ornamental facade features, religious art, and carved elements over Inca structures",Internal (DS/OUV),,"Meticulously cut, finely finished stone masonry (Inca dry-stone/polygonal ashlar technique)",Internal (DS/OUV),,Earthquake damage / seismic degradation (notably following the major 1950 earthquake),Internal (DS/OUV),,,,,Recovery and restoration programs initiated after the 1950 earthquake through 1973,Internal (DS/OUV),,Moderate,Internal (DS/OUV),,Yes,
1135.0,Capital Cities and Tombs of the Ancient Koguryo Kingdom,China,skipped,,,,,,,,,"(i) to represent a masterpiece of human creative genius; | (ii) to exhibit an important interchange of human values, over a span of time or within a cultural area of the world, on developments in architecture or technology, monumental arts, town-planning or landscape design; | (iii) to bear a unique or at least exceptional testimony to a cultural tradition or to a civilization which is living or which has disappeared; | (iv) to be an outstanding example of a type of building, architectural or technological ensemble or landscape which illustrates (a) significant stage(s) in human history; | (v) to be an outstanding example of a traditional human settlement, land-use, or sea-use which is representative of a culture (or cultures), or human interaction with the environment especially when it has become vulnerable under the impact of irreversible change;",,,,,,,,,,,,,,,,,,,,,,,,,,,,,,,,,,,,,,,,,,,,,,,,,,,,,,,,,,,,,,,,,,No,
1114.0,Yin Xu,China,skipped,,,,,,,,,"(ii) to exhibit an important interchange of human values, over a span of time or within a cultural area of the world, on developments in architecture or technology, monumental arts, town-planning or landscape design; | (iii) to bear a unique or at least exceptional testimony to a cultural tradition or to a civilization which is living or which has disappeared; | (iv) to be an outstanding example of a type of building, architectural or technological ensemble or landscape which illustrates (a) significant stage(s) in human history; | (vi) to be directly or tangibly associated with events or living traditions, with ideas, or with beliefs, with artistic and literary works of outstanding universal significance;",,,,,,,,,,,,,,,,,,,,,,,,,,,,,,,,,,,,,,,,,,,,,,,,,,,,,,,,,,,,,,,,,,No,
579.0,Bronze Age Burial Site of Sammallahdenmäki,Finland,"Burial cairns, structures, quadrangular cairn (""Church Floor"")",Internal (DS/OUV),,Bronze Age to Early Iron Age (1500–500 B.C.),Internal (DS/OUV),,Scandinavian / Western Bronze Age Culture,Internal (DS/OUV),,"(iii) to bear a unique or at least exceptional testimony to a cultural tradition or to a civilization which is living or which has disappeared; | (iv) to be an outstanding example of a type of building, architectural or technological ensemble or landscape which illustrates (a) significant stage(s) in human history;",Internal (DS/OUV),,Granite,Internal (DS/OUV),,Igneous Rock,Internal (DS/OUV),,,,,,,,Granite boulders,Internal (DS/OUV),,,,,,,,,,,,,,,,,Cliff face below the crest of the ridge,Internal (DS/OUV),,Finland,Internal (DS/OUV),,Local (quarried from cliff face or collected on-site),Internal (DS/OUV),,Immediate / On-site,Internal (DS/OUV),,Construction of burial cairns and landmarks,Internal (DS/OUV),,,,,Dry stone / Unfilled stone cairns (no earth fill),Internal (DS/OUV),,,,,,,,Careful restoration carried out following scientific excavations,,,Excellent,,,Yes,
1211.0,Genoa: <i>Le Strade Nuove</i> and the system of the<i> Palazzi dei Rolli</i>,Italy,Renaissance and Baroque palaces,Internal (DS/OUV),,Late 16th and early 17th centuries (Siglo de los Genoveses: 1563–1640),Internal (DS/OUV),,Republic of Genoa / Genoese,Internal (DS/OUV),,"(ii) to exhibit an important interchange of human values, over a span of time or within a cultural area of the world, on developments in architecture or technology, monumental arts, town-planning or landscape design; | (iv) to be an outstanding example of a type of building, architectural or technological ensemble or landscape which illustrates (a) significant stage(s) in human history;",Internal (DS/OUV),,Marble,Internal (DS/OUV),,Metamorphic Rock,Internal (DS/OUV),,,,,,,,,,,,,,,,,,,,,,,,,,,,,,,,,,,,,,Pillars,Internal (DS/OUV),,"Marble terraces, Stuccos, Frescoes",Internal (DS/OUV),,,,,,,,,,,Façades and interiors restored; damaged upper story of one palace rebuilt post-war,Internal (DS/OUV),,Good,Internal (DS/OUV),,Yes,
1170.0,Historical Centre of the City of Yaroslavl,Russian Federation,skipped; promosed,,,,,,,,,"(ii) to exhibit an important interchange of human values, over a span of time or within a cultural area of the world, on developments in architecture or technology, monumental arts, town-planning or landscape design; | (iv) to be an outstanding example of a type of building, architectural or technological ensemble or landscape which illustrates (a) significant stage(s) in human history;",,,,,,,,,,,,,,,,,,,,,,,,,,,,,,,,,,,,,,,,,,,,,,,,,,,,,,,,,,,,,,,,,,No,
1399.0,Levuka Historical Port Town,Fiji,skipped; bur promising,,,,,,,,,"(ii) to exhibit an important interchange of human values, over a span of time or within a cultural area of the world, on developments in architecture or technology, monumental arts, town-planning or landscape design; | (iv) to be an outstanding example of a type of building, architectural or technological ensemble or landscape which illustrates (a) significant stage(s) in human history;",,,,,,,,,,,,,,,,,,,,,,,,,,,,,,,,,,,,,,,,,,,,,,,,,,,,,,,,,,,,,,,,,,No,
1268.0,Historic Centre of Agadez,Niger,skipped; but promising,,,,,,,,,"(ii) to exhibit an important interchange of human values, over a span of time or within a cultural area of the world, on developments in architecture or technology, monumental arts, town-planning or landscape design; | (iii) to bear a unique or at least exceptional testimony to a cultural tradition or to a civilization which is living or which has disappeared;",,,,,,,,,,,,,,,,,,,,,,,,,,,,,,,,,,,,,,,,,,,,,,,,,,,,,,,,,,,,,,,,,,,
659.0,Brú na Bóinne - Archaeological Ensemble of the Bend of the Boyne,Ireland,skipped; but highly promising,,,,,,,,,"(i) to represent a masterpiece of human creative genius; | (iii) to bear a unique or at least exceptional testimony to a cultural tradition or to a civilization which is living or which has disappeared; | (iv) to be an outstanding example of a type of building, architectural or technological ensemble or landscape which illustrates (a) significant stage(s) in human history;",,,,,,,,,,,,,,,,,,,,,,,,,,,,,,,,,,,,,,,,,,,,,,,,,,,,,,,,,,,,,,,,,,No,
1643.0,The works of Jože Plečnik in Ljubljana – Human Centred Urban Design,Slovenia,skipped; ,,,,,,,,,"(iv) to be an outstanding example of a type of building, architectural or technological ensemble or landscape which illustrates (a) significant stage(s) in human history;",,,,,,,,,,,,,,,,,,,,,,,,,,,,,,,,,,,,,,,,,,,,,,,,,,,,,,,,,,,,,,,,,,No,
661.0,Himeji-jo,Japan,skipped; but promising,,,,,,,,,"(i) to represent a masterpiece of human creative genius; | (iv) to be an outstanding example of a type of building, architectural or technological ensemble or landscape which illustrates (a) significant stage(s) in human history;",,,,,,,,,,,,,,,,,,,,,,,,,,,,,,,,,,,,,,,,,,,,,,,,,,,,,,,,,,,,,,,,,,No,
265.0,Convent of Christ in Tomar,Portugal,skipped; but promising,,,,,,,,,"(i) to represent a masterpiece of human creative genius; | (vi) to be directly or tangibly associated with events or living traditions, with ideas, or with beliefs, with artistic and literary works of outstanding universal significance;",,,,,,,,,,,,,,,,,,,,,,,,,,,,,,,,,,,,,,,,,,,,,,,,,,,,,,,,,,,,,,,,,,No,
276.0,Samarra Archaeological City,Iraq,skipped; but highly promising,,,,,,,,,"(ii) to exhibit an important interchange of human values, over a span of time or within a cultural area of the world, on developments in architecture or technology, monumental arts, town-planning or landscape design; | (iii) to bear a unique or at least exceptional testimony to a cultural tradition or to a civilization which is living or which has disappeared; | (iv) to be an outstanding example of a type of building, architectural or technological ensemble or landscape which illustrates (a) significant stage(s) in human history;",,,,,,,,,,,,,,,,,,,,,,,,,,,,,,,,,,,,,,,,,,,,,,,,,,,,,,,,,,,,,,,,,,No,
414.0,Pre-Hispanic City of Teotihuacan,Mexico,skipped; but highly promising,,,,,,,,,"(i) to represent a masterpiece of human creative genius; | (ii) to exhibit an important interchange of human values, over a span of time or within a cultural area of the world, on developments in architecture or technology, monumental arts, town-planning or landscape design; | (iii) to bear a unique or at least exceptional testimony to a cultural tradition or to a civilization which is living or which has disappeared; | (iv) to be an outstanding example of a type of building, architectural or technological ensemble or landscape which illustrates (a) significant stage(s) in human history; | (vi) to be directly or tangibly associated with events or living traditions, with ideas, or with beliefs, with artistic and literary works of outstanding universal significance;",,,,,,,,,,,,,,,,,,,,,,,,,,,,,,,,,,,,,,,,,,,,,,,,,,,,,,,,,,,,,,,,,,No,
493.0,Medieval City of Rhodes,Greece,skipped; but highly promising,,,,,,,,,"(ii) to exhibit an important interchange of human values, over a span of time or within a cultural area of the world, on developments in architecture or technology, monumental arts, town-planning or landscape design; | (iv) to be an outstanding example of a type of building, architectural or technological ensemble or landscape which illustrates (a) significant stage(s) in human history; | (v) to be an outstanding example of a traditional human settlement, land-use, or sea-use which is representative of a culture (or cultures), or human interaction with the environment especially when it has become vulnerable under the impact of irreversible change;",,,,,,,,,,,,,,,,,,,,,,,,,,,,,,,,,,,,,,,,,,,,,,,,,,,,,,,,,,,,,,,,,,No,
240.0,Khajuraho Group of Monuments,India,Nagara-style temple architecture,Internal (DS/OUV),,10th and 11th centuries CE (950–1050 CE),Internal (DS/OUV),,Chandella dynasty,Internal (DS/OUV),,(i) to represent a masterpiece of human creative genius; | (iii) to bear a unique or at least exceptional testimony to a cultural tradition or to a civilization which is living or which has disappeared;,Internal (DS/OUV),,Sandstone,Internal (DS/OUV),,,,,,,,,,,,,,,,,,,,,,,,,,,,,,,,,,,,,,,,,"Elevated terraced platform (jagati), body (jangha), sanctum (garbhagriha), main hall (mandapa), entrance porch (ardhamandapa), vestibule (antarala), tower (shikhara), spires",Internal (DS/OUV),,"Sculpted surfaces depicting sacred/secular themes, anthropomorphic and non-anthropomorphic motifs, deities, amorous couples, dancers, and musicians",Internal (DS/OUV),,,,,Vibrations and dust particles from the nearby Khajuraho Airport identified as potential threats,Internal (DS/OUV),,,,,Managed under the Ancient Monuments and Archaeological Sites and Remains (AMASR) Act,Internal (DS/OUV),,Excellent,,,Yes,
411.0,Pre-Hispanic City and National Park of Palenque,Mexico,skipped; but promising,,,,,,,,,"(i) to represent a masterpiece of human creative genius; | (ii) to exhibit an important interchange of human values, over a span of time or within a cultural area of the world, on developments in architecture or technology, monumental arts, town-planning or landscape design; | (iii) to bear a unique or at least exceptional testimony to a cultural tradition or to a civilization which is living or which has disappeared; | (iv) to be an outstanding example of a type of building, architectural or technological ensemble or landscape which illustrates (a) significant stage(s) in human history;",,,,,,,,,,,,,,,,,,,,,,,,,,,,,,,,,,,,,,,,,,,,,,,,,,,,,,,,,,,,,,,,,,No,
723.0,Cultural Landscape of Sintra,Portugal,"European Romantic architecture, Gothic, Egyptian, Moorish, Renaissance, Late Gothic Manueline, Mudéjar, Neo-Gothicism, Pombaline, Romanesque, Indian-influenced, Victorian",Internal (DS/OUV),,"9th century (Moorish occupation), 12th century, 14th century (1374, 1400), 15th century, 16th century (1514, 1570), 17th century, 18th century (1755, 1757), 19th century (c. 1840), 20th century",Internal (DS/OUV),,"Visigothic, Moorish (Islamic), Medieval Portuguese, European Romantic, British / Victorian",Internal (DS/OUV),,"(ii) to exhibit an important interchange of human values, over a span of time or within a cultural area of the world, on developments in architecture or technology, monumental arts, town-planning or landscape design; | (iv) to be an outstanding example of a type of building, architectural or technological ensemble or landscape which illustrates (a) significant stage(s) in human history; | (v) to be an outstanding example of a traditional human settlement, land-use, or sea-use which is representative of a culture (or cultures), or human interaction with the environment especially when it has become vulnerable under the impact of irreversible change;",Internal (DS/OUV),,"Visigothic, Moorish (Islamic), Medieval Portuguese, European Romantic, British / Victorian",Internal (DS/OUV),,Igneous Rock,Internal (DS/OUV),,,,,,,,Granite,Internal (DS/OUV),,,,,,,,,,,,,,,,,,,,Portugal,Internal (DS/OUV),,Local (granite mountains of the Serra de Sintra),Internal (DS/OUV),,,,,"Castle, church, cloister, facade, fortress, monastery, nave, palace, refectory, tower, defensive wall enclosing park, barbican, keep",Internal (DS/OUV),,"Facing with tiles (azulejos), fountains, watercourses, chapels, mock ruins, Manueline and Pombaline window insertions",Internal (DS/OUV),,"Stone walling, construction on rocky outcrops/crests",Internal (DS/OUV),,Damage/destruction from the 1755 earthquake (monastery and palace reduced to ruins),Internal (DS/OUV),,,,,"Rehabilitation/restoration of over 100 buildings, Monserrate Palace, Chalet da Condessa d’Edla, wall reconstruction, and structural maintenance by Parques de Sintra Monte da Lua S.A.",Internal (DS/OUV),,Excellent,Internal (DS/OUV),,Yes,
1200.0,Syracuse and the Rocky Necropolis of Pantalica,Italy,skipped; but highly highly  promising,,,,,,,,,"(ii) to exhibit an important interchange of human values, over a span of time or within a cultural area of the world, on developments in architecture or technology, monumental arts, town-planning or landscape design; | (iii) to bear a unique or at least exceptional testimony to a cultural tradition or to a civilization which is living or which has disappeared; | (iv) to be an outstanding example of a type of building, architectural or technological ensemble or landscape which illustrates (a) significant stage(s) in human history; | (vi) to be directly or tangibly associated with events or living traditions, with ideas, or with beliefs, with artistic and literary works of outstanding universal significance;",,,,,,,,,,,,,,,,,,,,,,,,,,,,,,,,,,,,,,,,,,,,,,,,,,,,,,,,,,,,,,,,,,No,
502.0,Historic City of Vigan,Philippines,skipped,,,,,,,,,"(ii) to exhibit an important interchange of human values, over a span of time or within a cultural area of the world, on developments in architecture or technology, monumental arts, town-planning or landscape design; | (iv) to be an outstanding example of a type of building, architectural or technological ensemble or landscape which illustrates (a) significant stage(s) in human history;",,,,,,,,,,,,,,,,,,,,,,,,,,,,,,,,,,,,,,,,,,,,,,,,,,,,,,,,,,,,,,,,,,No,
1367.0,Garrison Border Town of Elvas and its Fortifications,Portugal,skipped; but promising,,,,,,,,,"(iv) to be an outstanding example of a type of building, architectural or technological ensemble or landscape which illustrates (a) significant stage(s) in human history;",,,,,,,,,,,,,,,,,,,,,,,,,,,,,,,,,,,,,,,,,,,,,,,,,,,,,,,,,,,,,,,,,,No,
169.0,Würzburg Residence with the Court Gardens and Residence Square,Germany,skipped,,,,,,,,,"(i) to represent a masterpiece of human creative genius; | (iv) to be an outstanding example of a type of building, architectural or technological ensemble or landscape which illustrates (a) significant stage(s) in human history;",,,,,,,,,,,,,,,,,,,,,,,,,,,,,,,,,,,,,,,,,,,,,,,,,,,,,,,,,,,,,,,,,,No,
1573.0,"Royal Building of <i>Mafra</i> – Palace, Basilica, Convent, <i>Cerco</i> Garden and Hunting Park (<i>Tapada</i>)",Portugal,skipped,,,,,,,,,"(iv) to be an outstanding example of a type of building, architectural or technological ensemble or landscape which illustrates (a) significant stage(s) in human history;",,,,,,,,,,,,,,,,,,,,,,,,,,,,,,,,,,,,,,,,,,,,,,,,,,,,,,,,,,,,,,,,,,No,
1337.0,Episcopal City of Albi,France,skipped; but highly promising,,,,,,,,,"(iv) to be an outstanding example of a type of building, architectural or technological ensemble or landscape which illustrates (a) significant stage(s) in human history; | (v) to be an outstanding example of a traditional human settlement, land-use, or sea-use which is representative of a culture (or cultures), or human interaction with the environment especially when it has become vulnerable under the impact of irreversible change;",,,,,,,,,,,,,,,,,,,,,,,,,,,,,,,,,,,,,,,,,,,,,,,,,,,,,,,,,,,,,,,,,,No,
1422.0,Golestan Palace,Iran (Islamic Republic of),skipped; promising,,,,,,,,,"(ii) to exhibit an important interchange of human values, over a span of time or within a cultural area of the world, on developments in architecture or technology, monumental arts, town-planning or landscape design; | (iii) to bear a unique or at least exceptional testimony to a cultural tradition or to a civilization which is living or which has disappeared; | (iv) to be an outstanding example of a type of building, architectural or technological ensemble or landscape which illustrates (a) significant stage(s) in human history;",,,,,,,,,,,,,,,,,,,,,,,,,,,,,,,,,,,,,,,,,,,,,,,,,,,,,,,,,,,,,,,,,,No,
712.0,City of Vicenza and the Palladian Villas of the Veneto,Italy,skipped; but promising,,,,,,,,,"(i) to represent a masterpiece of human creative genius; | (ii) to exhibit an important interchange of human values, over a span of time or within a cultural area of the world, on developments in architecture or technology, monumental arts, town-planning or landscape design;",,,,,,,,,,,,,,,,,,,,,,,,,,,,,,,,,,,,,,,,,,,,,,,,,,,,,,,,,,,,,,,,,,No,
295.0,Byblos,Lebanon,"Building, Byzantine, Construction, Monument, Monumental, Ottoman, Plan, Structure",Internal (DS/OUV),,"From Neolithic (8000 years ago/first settlement), Bronze Age, Persian, Roman, Byzantine, Crusade, to Ottoman period",Internal (DS/OUV),,"Phoenician, Persian, Roman, Byzantine, Crusader, Ottoman",Internal (DS/OUV),,"(iii) to bear a unique or at least exceptional testimony to a cultural tradition or to a civilization which is living or which has disappeared; | (iv) to be an outstanding example of a type of building, architectural or technological ensemble or landscape which illustrates (a) significant stage(s) in human history; | (vi) to be directly or tangibly associated with events or living traditions, with ideas, or with beliefs, with artistic and literary works of outstanding universal significance;",Internal (DS/OUV),,Sandstone,Internal (DS/OUV),,Sedimentary Rock,Internal (DS/OUV),,,,,,,,,,,,,,,,,,,,,,,,,,,,,,,,Local (coastal cliff setting),Internal (DS/OUV),,,,,"Rampart walls, castle/citadel, donjon, cathedral, churches, mosque, temples, dwellings, Roman road",Internal (DS/OUV),,"Mosaics, Sarcophagus (carved sarcophagus of Ahiram)",Internal (DS/OUV),,,,,Climatic conditions causing erosion (especially affecting mosaics and archaeological elements),Internal (DS/OUV),,,,,Ongoing targeted conservation projects by the Directorate General of Antiquities (DGA); protection and enhancement plan being prepared,Internal (DS/OUV),,Moderate,,,Yes,
183.0,Archaeological Site of Leptis Magna,Libya,"Architectural, Building, Monument, Monumental, Neo-Classical, Structure",Internal (DS/OUV),,Phoenicians (7th century BCE); Roman Empire expansion; Severan emperors (3rd century CE),Internal (DS/OUV),,"Phoenician, Punic, Roman, Greek, Hellenistic",Internal (DS/OUV),,"(i) to represent a masterpiece of human creative genius; | (ii) to exhibit an important interchange of human values, over a span of time or within a cultural area of the world, on developments in architecture or technology, monumental arts, town-planning or landscape design; | (iii) to bear a unique or at least exceptional testimony to a cultural tradition or to a civilization which is living or which has disappeared;",Internal (DS/OUV),,Marble,Internal (DS/OUV),,,,,,,,,,,Marble,Internal (DS/OUV),,,,,,,,,,,,,,,,,,,,,,,Imported / Aegean influence (* Aegean craftsmanship noted on marble decorations *),Internal (DS/OUV),,,,,"Amphitheatre, Arch, Basilica, Bath, Capital, Gate, Pillar, Temple, Theatre",Internal (DS/OUV),,Marble decorations on pillars in the Severan Basilica and on the Arch of Severus,Internal (DS/OUV),,,,,Covered by wind-blown sand from interior (protected for 800 years); vegetal encroachment (needs monitoring),Internal (DS/OUV),,,,,"Consolidation, restoration, maintenance, and minor reconstruction carried out in the first half of the 20th century",Internal (DS/OUV),,Excellent,Internal (DS/OUV),,Yes,
286.0,Vatican City,Holy See,skipped but promising,,,,,,,,,"(i) to represent a masterpiece of human creative genius; | (ii) to exhibit an important interchange of human values, over a span of time or within a cultural area of the world, on developments in architecture or technology, monumental arts, town-planning or landscape design; | (iv) to be an outstanding example of a type of building, architectural or technological ensemble or landscape which illustrates (a) significant stage(s) in human history; | (vi) to be directly or tangibly associated with events or living traditions, with ideas, or with beliefs, with artistic and literary works of outstanding universal significance;",,,,,,,,,,,,,,,,,,,,,,,,,,,,,,,,,,,,,,,,,,,,,,,,,,,,,,,,,,,,,,,,,,No,
1375.0,Santiniketan,India,"Architecture, Art Deco, Colonial, Renaissance, Traditional",Internal (DS/OUV),,"Early 20th century (1901, 1921)",Internal (DS/OUV),,Pan-Asian / Modern Indian,Internal (DS/OUV),,"(iv) to be an outstanding example of a type of building, architectural or technological ensemble or landscape which illustrates (a) significant stage(s) in human history; | (vi) to be directly or tangibly associated with events or living traditions, with ideas, or with beliefs, with artistic and literary works of outstanding universal significance;",Internal (DS/OUV),,"Sandstone, Laterite",Internal (DS/OUV),,Sedimentary Rock,Internal (DS/OUV),,"Coal (Coal tar), Mud, Brick, Glass, Cast Iron, Thatch, Timber, Precast Concrete, Reinforced Concrete",Internal (DS/OUV),,,,,,,,,,,,,,,,,,,,,,,,,,India (Inferred local/regional),Internal (DS/OUV),,Local / Indigenous,Internal (DS/OUV),,,,,"Historic buildings, pavilions, platforms",Internal (DS/OUV),,"Murals, frescos, wooden windows, furniture, artworks",Internal (DS/OUV),,"Experimental construction techniques combining brick, mud, coal tar, sandstone, laterite, thatch, timber, bamboo, and concrete",Internal (DS/OUV),,Deterioration of physical materials,Internal (DS/OUV),,,,,Ongoing conservation projects overseen by the Visva-Bharati Heritage Committee & Archaeological Survey of India (ASI),Internal (DS/OUV),,Good,,,Yes,
271.0,Pilgrimage Church of Wies,Germany,skipped,,,,,,,,,(i) to represent a masterpiece of human creative genius; | (iii) to bear a unique or at least exceptional testimony to a cultural tradition or to a civilization which is living or which has disappeared;,,,,,,,,,,,,,,,,,,,,,,,,,,,,,,,,,,,,,,,,,,,,,,,,,,,,,,,,,,,,,,,,,,No,
474.0,Hortobágy National Park - the <i>Puszta</i>,Hungary,skipped,,,,,,,,,"(iv) to be an outstanding example of a type of building, architectural or technological ensemble or landscape which illustrates (a) significant stage(s) in human history; | (v) to be an outstanding example of a traditional human settlement, land-use, or sea-use which is representative of a culture (or cultures), or human interaction with the environment especially when it has become vulnerable under the impact of irreversible change;",,,,,,,,,,,,,,,,,,,,,,,,,,,,,,,,,,,,,,,,,,,,,,,,,,,,,,,,,,,,,,,,,,No,
852.0,Historic Centre of Riga,Latvia,skipped; but promissed,,,,,,,,,"(i) to represent a masterpiece of human creative genius; | (ii) to exhibit an important interchange of human values, over a span of time or within a cultural area of the world, on developments in architecture or technology, monumental arts, town-planning or landscape design;",,,,,,,,,,,,,,,,,,,,,,,,,,,,,,,,,,,,,,,,,,,,,,,,,,,,,,,,,,,,,,,,,,No,
833.0,Su Nuraxi di Barumini,Italy,skipped; but very highly promised,,,,,,,,,"(i) to represent a masterpiece of human creative genius; | (iii) to bear a unique or at least exceptional testimony to a cultural tradition or to a civilization which is living or which has disappeared; | (iv) to be an outstanding example of a type of building, architectural or technological ensemble or landscape which illustrates (a) significant stage(s) in human history;",,,,,,,,,,,,,,,,,,,,,,,,,,,,,,,,,,,,,,,,,,,,,,,,,,,,,,,,,,,,,,,,,,No,
835.0,Medieval Town of Toruń,Poland,skipped; promised,,,,,,,,,"(ii) to exhibit an important interchange of human values, over a span of time or within a cultural area of the world, on developments in architecture or technology, monumental arts, town-planning or landscape design; | (iv) to be an outstanding example of a type of building, architectural or technological ensemble or landscape which illustrates (a) significant stage(s) in human history;",,,,,,,,,,,,,,,,,,,,,,,,,,,,,,,,,,,,,,,,,,,,,,,,,,,,,,,,,,,,,,,,,,No,
623.0,"Mines of Rammelsberg, Historic Town of Goslar and Upper Harz Water Management System",Germany,skipped; highly promising from title,,,,,,,,,"(i) to represent a masterpiece of human creative genius; | (ii) to exhibit an important interchange of human values, over a span of time or within a cultural area of the world, on developments in architecture or technology, monumental arts, town-planning or landscape design; | (iii) to bear a unique or at least exceptional testimony to a cultural tradition or to a civilization which is living or which has disappeared; | (iv) to be an outstanding example of a type of building, architectural or technological ensemble or landscape which illustrates (a) significant stage(s) in human history;",,,,,,,,,,,,,,,,,,,,,,,,,,,,,,,,,,,,,,,,,,,,,,,,,,,,,,,,,,,,,,,,,,No,
532.0,Palaces and Parks of Potsdam and Berlin,Germany,skiiped; but ptomising,,,,,,,,,"(i) to represent a masterpiece of human creative genius; | (ii) to exhibit an important interchange of human values, over a span of time or within a cultural area of the world, on developments in architecture or technology, monumental arts, town-planning or landscape design; | (iv) to be an outstanding example of a type of building, architectural or technological ensemble or landscape which illustrates (a) significant stage(s) in human history;",,,,,,,,,,,,,,,,,,,,,,,,,,,,,,,,,,,,,,,,,,,,,,,,,,,,,,,,,,,,,,,,,,No,
316.0,Burgos Cathedral,Spain,skipped; promising,,,,,,,,,"(ii) to exhibit an important interchange of human values, over a span of time or within a cultural area of the world, on developments in architecture or technology, monumental arts, town-planning or landscape design; | (iv) to be an outstanding example of a type of building, architectural or technological ensemble or landscape which illustrates (a) significant stage(s) in human history; | (vi) to be directly or tangibly associated with events or living traditions, with ideas, or with beliefs, with artistic and literary works of outstanding universal significance;",,,,,,,,,,,,,,,,,,,,,,,,,,,,,,,,,,,,,,,,,,,,,,,,,,,,,,,,,,,,,,,,,,No,
1303.0,Pontcysyllte Aqueduct and Canal,United Kingdom of Great Britain and Northern Ireland,skipped,,,,,,,,,"(i) to represent a masterpiece of human creative genius; | (ii) to exhibit an important interchange of human values, over a span of time or within a cultural area of the world, on developments in architecture or technology, monumental arts, town-planning or landscape design; | (iv) to be an outstanding example of a type of building, architectural or technological ensemble or landscape which illustrates (a) significant stage(s) in human history;",,,,,,,,,,,,,,,,,,,,,,,,,,,,,,,,,,,,,,,,,,,,,,,,,,,,,,,,,,,,,,,,,,No,
1358.0,Citadel of the Ho Dynasty,Viet Nam,"Imperial city / Citadel composed of Inner Citadel, La Thanh Outer Wall, and Nam Giao Altar",Internal (DS/OUV),,1397 (built in 1397; capital from 1398–1407),Internal (DS/OUV),,Ho Dynasty / Late 14th-century Viet Nam (Neo-Confucianism / Vietnamese culture),Internal (DS/OUV),,"(ii) to exhibit an important interchange of human values, over a span of time or within a cultural area of the world, on developments in architecture or technology, monumental arts, town-planning or landscape design; | (iv) to be an outstanding example of a type of building, architectural or technological ensemble or landscape which illustrates (a) significant stage(s) in human history;",,,Limestone,Internal (DS/OUV),,Sedimentary Rock,Internal (DS/OUV),,,,,,,,Limestone,Internal (DS/OUV),,,,,,,,,,,,,,,,,,,,Viet Nam,Internal (DS/OUV),,,,,,,,Massive stone walls / Large blocks used for constructing the Inner Citadel walls,Internal (DS/OUV),,Architectural elements designed for space management and decoration,Internal (DS/OUV),,Large limestone blocks / massive stone walls,Internal (DS/OUV),,,,,,,,"Well-preserved / section of La Thanh Outer Wall protected, Nam Giao Altar archaeological remains preserved",Internal (DS/OUV),,Excellent,,,Yes,
695.0,Roskilde Cathedral,Denmark,skipped; but highly promising,,,,,,,,,"(ii) to exhibit an important interchange of human values, over a span of time or within a cultural area of the world, on developments in architecture or technology, monumental arts, town-planning or landscape design; | (iv) to be an outstanding example of a type of building, architectural or technological ensemble or landscape which illustrates (a) significant stage(s) in human history;",,,,,,,,,,,,,,,,,,,,,,,,,,,,,,,,,,,,,,,,,,,,,,,,,,,,,,,,,,,,,,,,,,No,
1433.0,"Birthplace of Jesus: Church of the Nativity and the Pilgrimage Route, Bethlehem",State of Palestine,Early Christian Basilica & Pilgrimage Route Ensemble,Internal (DS/OUV),,4th–6th centuries AD (First completed AD 339; replaced/reconstructed mid-6th century AD),Internal (DS/OUV),,Roman Empire / Byzantine / Crusader,Internal (DS/OUV),,"(i) to represent a masterpiece of human creative genius; | (v) to be an outstanding example of a traditional human settlement, land-use, or sea-use which is representative of a culture (or cultures), or human interaction with the environment especially when it has become vulnerable under the impact of irreversible change; | (vi) to be directly or tangibly associated with events or living traditions, with ideas, or with beliefs, with artistic and literary works of outstanding universal significance;",Internal (DS/OUV),,Limestone (Yellow Limestone),Internal (DS/OUV),,Sedimentary Rock,Internal (DS/OUV),,,,,,,,,,,,,,,,,yellow,Internal (DS/OUV),,,,,,,,,,,,,,,,,,,,"Basilica walls, columns, and surrounding buildings along Star Street",Internal (DS/OUV),,"Floor Mosaics, Icon Painting on columns",Internal (DS/OUV),,Traditional urban fabric / masonry,Internal (DS/OUV),,Polluted environment negatively affecting stone façades,Internal (DS/OUV),,,,,Technical plan for roof restoration; ongoing urban conservation,Internal (DS/OUV),,Moderate,,,Yes,
861.0,Holašovice Historic Village,Czechia,skipped,,,,,,,,,"(ii) to exhibit an important interchange of human values, over a span of time or within a cultural area of the world, on developments in architecture or technology, monumental arts, town-planning or landscape design; | (iv) to be an outstanding example of a type of building, architectural or technological ensemble or landscape which illustrates (a) significant stage(s) in human history;",,,,,,,,,,,,,,,,,,,,,,,,,,,,,,,,,,,,,,,,,,,,,,,,,,,,,,,,,,,,,,,,,,No,
860.0,Gardens and Castle at Kroměříž,Czechia,skipped,,,,,,,,,"(ii) to exhibit an important interchange of human values, over a span of time or within a cultural area of the world, on developments in architecture or technology, monumental arts, town-planning or landscape design; | (iv) to be an outstanding example of a type of building, architectural or technological ensemble or landscape which illustrates (a) significant stage(s) in human history;",,,,,,,,,,,,,,,,,,,,,,,,,,,,,,,,,,,,,,,,,,,,,,,,,,,,,,,,,,,,,,,,,,No,
617.0,Historic Centre of Český Krumlov,Czechia,skipped,,,,,,,,,"(iv) to be an outstanding example of a type of building, architectural or technological ensemble or landscape which illustrates (a) significant stage(s) in human history;",,,,,,,,,,,,,,,,,,,,,,,,,,,,,,,,,,,,,,,,,,,,,,,,,,,,,,,,,,,,,,,,,,No,
963.0,The Cathedral of St James in Šibenik,Croatia,skipped; promising,,,,,,,,,"(i) to represent a masterpiece of human creative genius; | (ii) to exhibit an important interchange of human values, over a span of time or within a cultural area of the world, on developments in architecture or technology, monumental arts, town-planning or landscape design; | (iv) to be an outstanding example of a type of building, architectural or technological ensemble or landscape which illustrates (a) significant stage(s) in human history;",,,,,,,,,,,,,,,,,,,,,,,,,,,,,,,,,,,,,,,,,,,,,,,,,,,,,,,,,,,,,,,,,,No,
611.0,Historic Town of Zabid,Yemen,skipped; but very highly promising,,,,,,,,,"(ii) to exhibit an important interchange of human values, over a span of time or within a cultural area of the world, on developments in architecture or technology, monumental arts, town-planning or landscape design; | (iv) to be an outstanding example of a type of building, architectural or technological ensemble or landscape which illustrates (a) significant stage(s) in human history; | (vi) to be directly or tangibly associated with events or living traditions, with ideas, or with beliefs, with artistic and literary works of outstanding universal significance;",,,,,,,,,,,,,,,,,,,,,,,,,,,,,,,,,,,,,,,,,,,,,,,,,,,,,,,,,,,,,,,,,,No,
742.0,Historic Centre of Santa Cruz de Mompox,Colombia,"skipped
",,,,,,,,,"(iv) to be an outstanding example of a type of building, architectural or technological ensemble or landscape which illustrates (a) significant stage(s) in human history; | (v) to be an outstanding example of a traditional human settlement, land-use, or sea-use which is representative of a culture (or cultures), or human interaction with the environment especially when it has become vulnerable under the impact of irreversible change;",,,,,,,,,,,,,,,,,,,,,,,,,,,,,,,,,,,,,,,,,,,,,,,,,,,,,,,,,,,,,,,,,,No,
285.0,"Port, Fortresses and Group of Monuments, Cartagena",Colombia,skipped; promising,,,,,,,,,"(iv) to be an outstanding example of a type of building, architectural or technological ensemble or landscape which illustrates (a) significant stage(s) in human history; | (vi) to be directly or tangibly associated with events or living traditions, with ideas, or with beliefs, with artistic and literary works of outstanding universal significance;",,,,,,,,,,,,,,,,,,,,,,,,,,,,,,,,,,,,,,,,,,,,,,,,,,,,,,,,,,,,,,,,,,No,
856.0,"The Four Lifts on the Canal du Centre and their Environs, La Louvière and Le Roeulx (Hainaut)",Belgium,skipped,,,,,,,,,"(iii) to bear a unique or at least exceptional testimony to a cultural tradition or to a civilization which is living or which has disappeared; | (iv) to be an outstanding example of a type of building, architectural or technological ensemble or landscape which illustrates (a) significant stage(s) in human history;",,,,,,,,,,,,,,,,,,,,,,,,,,,,,,,,,,,,,,,,,,,,,,,,,,,,,,,,,,,,,,,,,,No,
20.0,Ancient City of Damascus,Syrian Arab Republic,skipped; bur promising,,,,,,,,,"(i) to represent a masterpiece of human creative genius; | (ii) to exhibit an important interchange of human values, over a span of time or within a cultural area of the world, on developments in architecture or technology, monumental arts, town-planning or landscape design; | (iii) to bear a unique or at least exceptional testimony to a cultural tradition or to a civilization which is living or which has disappeared; | (iv) to be an outstanding example of a type of building, architectural or technological ensemble or landscape which illustrates (a) significant stage(s) in human history; | (vi) to be directly or tangibly associated with events or living traditions, with ideas, or with beliefs, with artistic and literary works of outstanding universal significance;",,,,,,,,,,,,,,,,,,,,,,,,,,,,,,,,,,,,,,,,,,,,,,,,,,,,,,,,,,,,,,,,,,No,
865.0,L'viv – the Ensemble of the Historic Centre,Ukraine,skipped; but promising,,,,,,,,,"(ii) to exhibit an important interchange of human values, over a span of time or within a cultural area of the world, on developments in architecture or technology, monumental arts, town-planning or landscape design; | (v) to be an outstanding example of a traditional human settlement, land-use, or sea-use which is representative of a culture (or cultures), or human interaction with the environment especially when it has become vulnerable under the impact of irreversible change;",,,,,,,,,,,,,,,,,,,,,,,,,,,,,,,,,,,,,,,,,,,,,,,,,,,,,,,,,,,,,,,,,,No,
1214.0,Sewell Mining Town,Chile,skipped; but promisisng,,,,,,,,,"(ii) to exhibit an important interchange of human values, over a span of time or within a cultural area of the world, on developments in architecture or technology, monumental arts, town-planning or landscape design;",,,,,,,,,,,,,,,,,,,,,,,,,,,,,,,,,,,,,,,,,,,,,,,,,,,,,,,,,,,,,,,,,,No,
86.0,Memphis and its Necropolis – the Pyramid Fields from Giza to Dahshur,Egypt,"Rock tombs, ornate mastabas, temples, pyramids, palaces, craftsmen’s workshops, dockyards, arsenals, residential neighbourhoods",Internal (DS/OUV),,"3000 BC (Old Kingdom through Middle, New, Late, and Ptolemaic Periods)",Internal (DS/OUV),,Ancient Egyptian / Pharaonic,Internal (DS/OUV),,"(i) to represent a masterpiece of human creative genius; | (iii) to bear a unique or at least exceptional testimony to a cultural tradition or to a civilization which is living or which has disappeared; | (vi) to be directly or tangibly associated with events or living traditions, with ideas, or with beliefs, with artistic and literary works of outstanding universal significance;",Internal (DS/OUV),,Limestone,Internal (DS/OUV),,Sedimentary Rock,,,,,,,,,,,,,,,,,,,,,,,,,,,,,,Egypt,Internal (DS/OUV),,,,,,,,"Monumental stone building, pyramids (e.g., Step Pyramid of Djoser, Great Pyramid of Khufu), step pyramids, temples, tombs",Internal (DS/OUV),,,,,"Rock-cut tombs, mastaba, pyramid constructions",Internal (DS/OUV),,"Damage from natural forces through time, causing surface detail vulnerabilities",Internal (DS/OUV),,,,,Principles of restoration applied respecting legibility and reversibility (Ministry of Antiquities projects),Internal (DS/OUV),,Good,,,Yes,
358.0,Great Mosque and Hospital of Divriği,Türkiye,skipped; but highly promissed,,,,,,,,,"(i) to represent a masterpiece of human creative genius; | (iv) to be an outstanding example of a type of building, architectural or technological ensemble or landscape which illustrates (a) significant stage(s) in human history;",,,,,,,,,,,,,,,,,,,,,,,,,,,,,,,,,,,,,,,,,,,,,,,,,,,,,,,,,,,,,,,,,,No,
1363.0,Prehistoric Pile Dwellings around the Alps,"Austria,France,Germany,Italy,Slovenia,Switzerland",Pile-dwelling (stilt house) settlements,Internal (DS/OUV),,5000 to 500 B.C. (Neolithic and Bronze Age),Internal (DS/OUV),,Prehistoric early agrarian lake shore communities (~30 cultural groups),Internal (DS/OUV),,"(iv) to be an outstanding example of a type of building, architectural or technological ensemble or landscape which illustrates (a) significant stage(s) in human history; | (v) to be an outstanding example of a traditional human settlement, land-use, or sea-use which is representative of a culture (or cultures), or human interaction with the environment especially when it has become vulnerable under the impact of irreversible change;",Internal (DS/OUV),,"Amber, Flint",,,,,,,,,,,,,,,,,,,,,,,,,,,,,,,,,,,,Imported / Traded across trade routes,Internal (DS/OUV),,,,,Wood/Organic materials used for piles/houses; Stones not used structurally,Internal (DS/OUV),,Amber and Shells (Trade items / Personal ornaments),Internal (DS/OUV),,NA (Organic waterlogged construction; no stone masonry),Internal (DS/OUV),,"Vulnerable to lake uses, intensification of agriculture, and development",Internal (DS/OUV),,,,,,,,Excellent,,,Yes,
12.0,Tiya,Ethiopia,OUV issue,,,,,,,,,"(i) to represent a masterpiece of human creative genius; | (iv) to be an outstanding example of a type of building, architectural or technological ensemble or landscape which illustrates (a) significant stage(s) in human history;",,,,,,,,,,,,,,,,,,,,,,,,,,,,,,,,,,,,,,,,,,,,,,,,,,,,,,,,,,,,,,,,,,No,
311.0,Old Town of Segovia and its Aqueduct,Spain,skipped; but promising,,,,,,,,,"(i) to represent a masterpiece of human creative genius; | (iii) to bear a unique or at least exceptional testimony to a cultural tradition or to a civilization which is living or which has disappeared; | (v) to be an outstanding example of a traditional human settlement, land-use, or sea-use which is representative of a culture (or cultures), or human interaction with the environment especially when it has become vulnerable under the impact of irreversible change;",,,,,,,,,,,,,,,,,,,,,,,,,,,,,,,,,,,,,,,,,,,,,,,,,,,,,,,,,,,,,,,,,,No,
1565.0,Hebron/Al-Khalil Old Town,State of Palestine,skipped,,,,,,,,,"(ii) to exhibit an important interchange of human values, over a span of time or within a cultural area of the world, on developments in architecture or technology, monumental arts, town-planning or landscape design; | (iv) to be an outstanding example of a type of building, architectural or technological ensemble or landscape which illustrates (a) significant stage(s) in human history; | (vi) to be directly or tangibly associated with events or living traditions, with ideas, or with beliefs, with artistic and literary works of outstanding universal significance;",,,,,,,,,,,,,,,,,,,,,,,,,,,,,,,,,,,,,,,,,,,,,,,,,,,,,,,,,,,,,,,,,,No,
1749.0,Saint Hilarion Monastery/ Tell Umm Amer,State of Palestine,OUV issue,,,,,,,,,"(ii) to exhibit an important interchange of human values, over a span of time or within a cultural area of the world, on developments in architecture or technology, monumental arts, town-planning or landscape design; | (iii) to bear a unique or at least exceptional testimony to a cultural tradition or to a civilization which is living or which has disappeared; | (vi) to be directly or tangibly associated with events or living traditions, with ideas, or with beliefs, with artistic and literary works of outstanding universal significance;",,,,,,,,,,,,,,,,,,,,,,,,,,,,,,,,,,,,,,,,,,,,,,,,,,,,,,,,,,,,,,,,,,No,
899.0,Droogmakerij de Beemster (Beemster Polder),Netherlands (Kingdom of the),skipped,,,,,,,,,"(i) to represent a masterpiece of human creative genius; | (ii) to exhibit an important interchange of human values, over a span of time or within a cultural area of the world, on developments in architecture or technology, monumental arts, town-planning or landscape design; | (iv) to be an outstanding example of a type of building, architectural or technological ensemble or landscape which illustrates (a) significant stage(s) in human history;",,,,,,,,,,,,,,,,,,,,,,,,,,,,,,,,,,,,,,,,,,,,,,,,,,,,,,,,,,,,,,,,,,No,
1518.0,Archaeological Site of Ani,Türkiye,OUV Issue,,,,,,,,,"(ii) to exhibit an important interchange of human values, over a span of time or within a cultural area of the world, on developments in architecture or technology, monumental arts, town-planning or landscape design; | (iii) to bear a unique or at least exceptional testimony to a cultural tradition or to a civilization which is living or which has disappeared; | (iv) to be an outstanding example of a type of building, architectural or technological ensemble or landscape which illustrates (a) significant stage(s) in human history;",,,,,,,,,,,,,,,,,,,,,,,,,,,,,,,,,,,,,,,,,,,,,,,,,,,,,,,,,,,,,,,,,,,
1662.0,The Ancient Town of Si Thep and its Associated Dvaravati Monuments,Thailand,OUV Issue; bur promising,,,,,,,,,"(ii) to exhibit an important interchange of human values, over a span of time or within a cultural area of the world, on developments in architecture or technology, monumental arts, town-planning or landscape design; | (iii) to bear a unique or at least exceptional testimony to a cultural tradition or to a civilization which is living or which has disappeared;",,,,,,,,,,,,,,,,,,,,,,,,,,,,,,,,,,,,,,,,,,,,,,,,,,,,,,,,,,,,,,,,,,No,
895.0,Historic Fortified Town of Campeche,Mexico,skipped,,,,,,,,,"(ii) to exhibit an important interchange of human values, over a span of time or within a cultural area of the world, on developments in architecture or technology, monumental arts, town-planning or landscape design; | (iv) to be an outstanding example of a type of building, architectural or technological ensemble or landscape which illustrates (a) significant stage(s) in human history;",,,,,,,,,,,,,,,,,,,,,,,,,,,,,,,,,,,,,,,,,,,,,,,,,,,,,,,,,,,,,,,,,,No,
1703.0,The Historic Centre of Odesa,Ukraine,skipped,,,,,,,,,"(ii) to exhibit an important interchange of human values, over a span of time or within a cultural area of the world, on developments in architecture or technology, monumental arts, town-planning or landscape design; | (iv) to be an outstanding example of a type of building, architectural or technological ensemble or landscape which illustrates (a) significant stage(s) in human history;",,,,,,,,,,,,,,,,,,,,,,,,,,,,,,,,,,,,,,,,,,,,,,,,,,,,,,,,,,,,,,,,,,No,
148.0,Old City of Jerusalem and its Walls,Jerusalem (Site proposed by Jordan),OUV issue,,,,,,,,,"(ii) to exhibit an important interchange of human values, over a span of time or within a cultural area of the world, on developments in architecture or technology, monumental arts, town-planning or landscape design; | (iii) to bear a unique or at least exceptional testimony to a cultural tradition or to a civilization which is living or which has disappeared; | (vi) to be directly or tangibly associated with events or living traditions, with ideas, or with beliefs, with artistic and literary works of outstanding universal significance;",,,,,,,,,,,,,,,,,,,,,,,,,,,,,,,,,,,,,,,,,,,,,,,,,,,,,,,,,,,,,,,,,,No,
1519.0,Aphrodisias,Türkiye,OUV Issue; promising,,,,,,,,,"(ii) to exhibit an important interchange of human values, over a span of time or within a cultural area of the world, on developments in architecture or technology, monumental arts, town-planning or landscape design; | (iii) to bear a unique or at least exceptional testimony to a cultural tradition or to a civilization which is living or which has disappeared; | (iv) to be an outstanding example of a type of building, architectural or technological ensemble or landscape which illustrates (a) significant stage(s) in human history; | (vi) to be directly or tangibly associated with events or living traditions, with ideas, or with beliefs, with artistic and literary works of outstanding universal significance;",,,,,,,,,,,,,,,,,,,,,,,,,,,,,,,,,,,,,,,,,,,,,,,,,,,,,,,,,,,,,,,,,,No,
416.0,Historic Centre of Puebla,Mexico,skipped; promising,,,,,,,,,"(ii) to exhibit an important interchange of human values, over a span of time or within a cultural area of the world, on developments in architecture or technology, monumental arts, town-planning or landscape design; | (iv) to be an outstanding example of a type of building, architectural or technological ensemble or landscape which illustrates (a) significant stage(s) in human history;",,,,,,,,,,,,,,,,,,,,,,,,,,,,,,,,,,,,,,,,,,,,,,,,,,,,,,,,,,,,,,,,,,No,
1118.0,Osun-Osogbo Sacred Grove,Nigeria,skipped,,,,,,,,,"(ii) to exhibit an important interchange of human values, over a span of time or within a cultural area of the world, on developments in architecture or technology, monumental arts, town-planning or landscape design; | (iii) to bear a unique or at least exceptional testimony to a cultural tradition or to a civilization which is living or which has disappeared; | (vi) to be directly or tangibly associated with events or living traditions, with ideas, or with beliefs, with artistic and literary works of outstanding universal significance;",,,,,,,,,,,,,,,,,,,,,,,,,,,,,,,,,,,,,,,,,,,,,,,,,,,,,,,,,,,,,,,,,,No,
859.0,Holy Trinity Column in Olomouc,Czechia,skipped; promised,,,,,,,,,"(i) to represent a masterpiece of human creative genius; | (iv) to be an outstanding example of a type of building, architectural or technological ensemble or landscape which illustrates (a) significant stage(s) in human history;",,,,,,,,,,,,,,,,,,,,,,,,,,,,,,,,,,,,,,,,,,,,,,,,,,,,,,,,,,,,,,,,,,No,
1525.0,Assumption Cathedral and Monastery of the town-island of Sviyazhsk,Russian Federation,skipped; promised,,,,,,,,,"(ii) to exhibit an important interchange of human values, over a span of time or within a cultural area of the world, on developments in architecture or technology, monumental arts, town-planning or landscape design; | (iv) to be an outstanding example of a type of building, architectural or technological ensemble or landscape which illustrates (a) significant stage(s) in human history;",,,,,,,,,,,,,,,,,,,,,,,,,,,,,,,,,,,,,,,,,,,,,,,,,,,,,,,,,,,,,,,,,,No,
791.0,Pre-Hispanic Town of Uxmal,Mexico,skipped; highly promising,,,,,,,,,"(i) to represent a masterpiece of human creative genius; | (ii) to exhibit an important interchange of human values, over a span of time or within a cultural area of the world, on developments in architecture or technology, monumental arts, town-planning or landscape design; | (iii) to bear a unique or at least exceptional testimony to a cultural tradition or to a civilization which is living or which has disappeared;",,,,,,,,,,,,,,,,,,,,,,,,,,,,,,,,,,,,,,,,,,,,,,,,,,,,,,,,,,,,,,,,,,No,
848.0,Choirokoitia,Cyprus,Circular houses / Aceramic Neolithic proto-urban settlement,Internal (DS/OUV),,7th to 4th millennium B.C. (Aceramic Neolithic),Internal (DS/OUV),,Aceramic Neolithic of Cyprus (Near East origins),Internal (DS/OUV),,"(ii) to exhibit an important interchange of human values, over a span of time or within a cultural area of the world, on developments in architecture or technology, monumental arts, town-planning or landscape design; | (iii) to bear a unique or at least exceptional testimony to a cultural tradition or to a civilization which is living or which has disappeared; | (iv) to be an outstanding example of a type of building, architectural or technological ensemble or landscape which illustrates (a) significant stage(s) in human history;",Internal (DS/OUV),,"Flint; Mudbrick and Stone (general stone walling, rammed earthen floors)",Internal (DS/OUV),,Igneous Rock,,,Flint (used for tools),,,,,,,,,,,,,,,,,,,,,,,,,,,,,,Local (Maroni River valley vicinity mentioned for setting),Internal (DS/OUV),,,,,"Circular houses, protective/defence enclosures, and perimeter walls",Internal (DS/OUV),,Anthropomorphic figurines in stone,Internal (DS/OUV),,Circular dry-stone and mudbrick walling with rammed earthen floors,Internal (DS/OUV),,,,,,,,Consolidation of construction materials; temporary shelters erected for protection; off-site reconstruction of 5 houses and a defence wall section.,Internal (DS/OUV),,Excellent,,,Yes,
762.0,"Church Town of Gammelstad, Luleå",Sweden,skipped,,,,,,,,,"(ii) to exhibit an important interchange of human values, over a span of time or within a cultural area of the world, on developments in architecture or technology, monumental arts, town-planning or landscape design; | (iv) to be an outstanding example of a type of building, architectural or technological ensemble or landscape which illustrates (a) significant stage(s) in human history; | (v) to be an outstanding example of a traditional human settlement, land-use, or sea-use which is representative of a culture (or cultures), or human interaction with the environment especially when it has become vulnerable under the impact of irreversible change;",,,,,,,,,,,,,,,,,,,,,,,,,,,,,,,,,,,,,,,,,,,,,,,,,,,,,,,,,,,,,,,,,,No,
648.0,Jesuit Missions of La Santísima Trinidad de Paraná and Jesús de Tavarangue,Paraguay,skipped; promisied,,,,,,,,,"(iv) to be an outstanding example of a type of building, architectural or technological ensemble or landscape which illustrates (a) significant stage(s) in human history;",,,,,,,,,,,,,,,,,,,,,,,,,,,,,,,,,,,,,,,,,,,,,,,,,,,,,,,,,,,,,,,,,,No,
1053.0,Wooden Churches of Southern Małopolska,Poland,"skipped
",,,,,,,,,"(iii) to bear a unique or at least exceptional testimony to a cultural tradition or to a civilization which is living or which has disappeared; | (iv) to be an outstanding example of a type of building, architectural or technological ensemble or landscape which illustrates (a) significant stage(s) in human history;",,,,,,,,,,,,,,,,,,,,,,,,,,,,,,,,,,,,,,,,,,,,,,,,,,,,,,,,,,,,,,,,,,No,
93.0,Church and Dominican Convent of Santa Maria delle Grazie with “The Last Supper” by Leonardo da Vinci,Italy,skipped,,,,,,,,,"(i) to represent a masterpiece of human creative genius; | (ii) to exhibit an important interchange of human values, over a span of time or within a cultural area of the world, on developments in architecture or technology, monumental arts, town-planning or landscape design;",,,,,,,,,,,,,,,,,,,,,,,,,,,,,,,,,,,,,,,,,,,,,,,,,,,,,,,,,,,,,,,,,,No,
841.0,"San Pedro de la Roca Castle, Santiago de Cuba",Cuba,skipped; but promisisng,,,,,,,,,"(iv) to be an outstanding example of a type of building, architectural or technological ensemble or landscape which illustrates (a) significant stage(s) in human history; | (v) to be an outstanding example of a traditional human settlement, land-use, or sea-use which is representative of a culture (or cultures), or human interaction with the environment especially when it has become vulnerable under the impact of irreversible change;",,,,,,,,,,,,,,,,,,,,,,,,,,,,,,,,,,,,,,,,,,,,,,,,,,,,,,,,,,,,,,,,,,No,
815.0,"Hospicio Cabañas, Guadalajara",Mexico,skipped; promising,,,,,,,,,"(i) to represent a masterpiece of human creative genius; | (ii) to exhibit an important interchange of human values, over a span of time or within a cultural area of the world, on developments in architecture or technology, monumental arts, town-planning or landscape design; | (iii) to bear a unique or at least exceptional testimony to a cultural tradition or to a civilization which is living or which has disappeared; | (iv) to be an outstanding example of a type of building, architectural or technological ensemble or landscape which illustrates (a) significant stage(s) in human history;",,,,,,,,,,,,,,,,,,,,,,,,,,,,,,,,,,,,,,,,,,,,,,,,,,,,,,,,,,,,,,,,,,No,
139.0,Taxila,Pakistan,Skipped; Limestone (mentioned in relation to blasting and quarrying activities in the valley),,,,,,,,,"(iii) to bear a unique or at least exceptional testimony to a cultural tradition or to a civilization which is living or which has disappeared; | (vi) to be directly or tangibly associated with events or living traditions, with ideas, or with beliefs, with artistic and literary works of outstanding universal significance;",,,,,,,,,,,,,,,,,,,,,,,,,,,,,,,,,,,,,,,,,,,,,,,,,,,,,,,,,,,,,,,,,,No,
1110.0,Historic Centre of Macao,China,skipped; promising,,,,,,,,,"(ii) to exhibit an important interchange of human values, over a span of time or within a cultural area of the world, on developments in architecture or technology, monumental arts, town-planning or landscape design; | (iii) to bear a unique or at least exceptional testimony to a cultural tradition or to a civilization which is living or which has disappeared; | (iv) to be an outstanding example of a type of building, architectural or technological ensemble or landscape which illustrates (a) significant stage(s) in human history; | (vi) to be directly or tangibly associated with events or living traditions, with ideas, or with beliefs, with artistic and literary works of outstanding universal significance;",,,,,,,,,,,,,,,,,,,,,,,,,,,,,,,,,,,,,,,,,,,,,,,,,,,,,,,,,,,,,,,,,,No,
825.0,Archaeological Area and the Patriarchal Basilica of Aquileia,Italy,skipped; promising,,,,,,,,,"(iii) to bear a unique or at least exceptional testimony to a cultural tradition or to a civilization which is living or which has disappeared; | (iv) to be an outstanding example of a type of building, architectural or technological ensemble or landscape which illustrates (a) significant stage(s) in human history; | (vi) to be directly or tangibly associated with events or living traditions, with ideas, or with beliefs, with artistic and literary works of outstanding universal significance;",,,,,,,,,,,,,,,,,,,,,,,,,,,,,,,,,,,,,,,,,,,,,,,,,,,,,,,,,,,,,,,,,,No,
618.0,Historic Town of Banská Štiavnica and the Technical Monuments in its Vicinity,Slovakia,"skipped;
",,,,,,,,,"(iv) to be an outstanding example of a type of building, architectural or technological ensemble or landscape which illustrates (a) significant stage(s) in human history; | (v) to be an outstanding example of a traditional human settlement, land-use, or sea-use which is representative of a culture (or cultures), or human interaction with the environment especially when it has become vulnerable under the impact of irreversible change;",,,,,,,,,,,,,,,,,,,,,,,,,,,,,,,,,,,,,,,,,,,,,,,,,,,,,,,,,,,,,,,,,,No,
1348.0,Ancient Villages of Northern Syria,Syrian Arab Republic,skipped; very highly promising,,,,,,,,,"(iii) to bear a unique or at least exceptional testimony to a cultural tradition or to a civilization which is living or which has disappeared; | (iv) to be an outstanding example of a type of building, architectural or technological ensemble or landscape which illustrates (a) significant stage(s) in human history; | (v) to be an outstanding example of a traditional human settlement, land-use, or sea-use which is representative of a culture (or cultures), or human interaction with the environment especially when it has become vulnerable under the impact of irreversible change;",,,,,,,,,,,,,,,,,,,,,,,,,,,,,,,,,,,,,,,,,,,,,,,,,,,,,,,,,,,,,,,,,,No,
826.0,"Portovenere, Cinque Terre, and the Islands (Palmaria, Tino and Tinetto)",Italy,"Layout, disposition of small towns, terraces, compact settlements, medieval castles, religious buildings, fortified centre, drystone walls, tiny stone huts, Doria Castle",Internal (DS/OUV),,"12th century (terraces), Later Middle Ages (main 5 villages), Roman period (Portovenere archaeological remains)",Internal (DS/OUV),,"Roman, Medieval / Traditional Ligurian Community",Internal (DS/OUV),,"(ii) to exhibit an important interchange of human values, over a span of time or within a cultural area of the world, on developments in architecture or technology, monumental arts, town-planning or landscape design; | (iv) to be an outstanding example of a type of building, architectural or technological ensemble or landscape which illustrates (a) significant stage(s) in human history; | (v) to be an outstanding example of a traditional human settlement, land-use, or sea-use which is representative of a culture (or cultures), or human interaction with the environment especially when it has become vulnerable under the impact of irreversible change;",Internal (DS/OUV),,"Sandstone, Limestone",Internal (DS/OUV),,Sedimentary Rock,Internal (DS/OUV),,Pebbles,Internal (DS/OUV),,,,,"Sandstone rough blocks, pebbles",Internal (DS/OUV),,,,,,,,,,,Rough (rough blocks),Internal (DS/OUV),,,,,,,,,,,"Local (pebbles removed from the ground, settlements erected directly on the rock)",Internal (DS/OUV),,,,,"Drystone terraced walls, house construction, roofing, tiny stone huts, castle, fortified walls",Internal (DS/OUV),,,,,Carefully constructed drystone walls of rough blocks bonded with pebbles removed from the ground; traditional craftsmanship,Internal (DS/OUV),,Abandoned terraces vulnerable to landslides; damage suffered from floods and natural disasters,Internal (DS/OUV),,,,,"Urgent reconstruction of drystone walls; recovery/reclamation of terraced landscape; systematic restoration campaigns for protected monuments (churches of St Peter, St Venerius, Doria Castle)",Internal (DS/OUV),,Moderate,Internal (DS/OUV),,,
871.0,Naval Port of Karlskrona,Sweden,skipped,,,,,,,,,"(ii) to exhibit an important interchange of human values, over a span of time or within a cultural area of the world, on developments in architecture or technology, monumental arts, town-planning or landscape design; | (iv) to be an outstanding example of a type of building, architectural or technological ensemble or landscape which illustrates (a) significant stage(s) in human history;",,,,,,,,,,,,,,,,,,,,,,,,,,,,,,,,,,,,,,,,,,,,,,,,,,,,,,,,,,,,,,,,,,No,
264.0,Monastery of Batalha,Portugal,skipped; promising,Internal (DS/OUV),,,,,,,,"(i) to represent a masterpiece of human creative genius; | (ii) to exhibit an important interchange of human values, over a span of time or within a cultural area of the world, on developments in architecture or technology, monumental arts, town-planning or landscape design;",,,,,,,,,,,,,,,,,,,,,,,,,,,,,,,,,,,,,,,,,,,,,,,,,,,,,,,,,,,,,,,,,,Yes,
194.0,Timgad,Algeria,"Roman town planning / Roman military colony / Defensive system, public conveniences, spectacles, religious complex",Internal (DS/OUV),,Founded 100 A.D. (Trajan period); expansions in Severan period; modifications in Byzantine period (539 A.D.),Internal (DS/OUV),,Roman / Byzantine,Internal (DS/OUV),,"(ii) to exhibit an important interchange of human values, over a span of time or within a cultural area of the world, on developments in architecture or technology, monumental arts, town-planning or landscape design; | (iii) to bear a unique or at least exceptional testimony to a cultural tradition or to a civilization which is living or which has disappeared; | (iv) to be an outstanding example of a type of building, architectural or technological ensemble or landscape which illustrates (a) significant stage(s) in human history;",Internal (DS/OUV),,"Limestone, Marble",Internal (DS/OUV),,Sedimentary Rock,Internal (DS/OUV),,,,,Local (Inferred for limestone); Precious marbles absent (mosaics used to offset absence),Internal (DS/OUV),,,,,,,,,,,,,,,,,,,,,,,,,,,,,,,,Entire buildings constructed of stone; streets paved with large rectangular limestone slabs; reused blocks in Byzantine fortress,Internal (DS/OUV),,Sumptuous mosaics (offsetting absence of precious marbles),Internal (DS/OUV),,Orthogonal block / Ashlar / Reused Roman blocks in later Byzantine fortification,Internal (DS/OUV),,"Fragile structures affected by climbing, trampling, graffiti, and vehicle pressure during annual cultural festivals",Internal (DS/OUV),,,,,Reused blocks removed from Roman monuments for Byzantine fortress (539 AD); restoration along with ongoing excavations (1881–1960),Internal (DS/OUV),,Excellent,Internal (DS/OUV),,Yes,
933.0,The Loire Valley between Sully-sur-Loire and Chalonnes,France,"Châteaux, Benedictine abbeys, medieval fortresses, country houses, troglodyte dwellings, bridges, dyke systems, ogival and Romanesque churches",Internal (DS/OUV),,"Gallo-Roman times to 19th century (specifically Middle Ages, Renaissance, 15th–16th centuries)",Internal (DS/OUV),,"Gallo-Roman, Medieval French, Renaissance Western European",Internal (DS/OUV),,"(i) to represent a masterpiece of human creative genius; | (ii) to exhibit an important interchange of human values, over a span of time or within a cultural area of the world, on developments in architecture or technology, monumental arts, town-planning or landscape design; | (iv) to be an outstanding example of a type of building, architectural or technological ensemble or landscape which illustrates (a) significant stage(s) in human history;",Internal (DS/OUV),,Tufa and Slate,Internal (DS/OUV),,Sedimentary Rock,,,,,,Tufa (Tuffeau),Internal (DS/OUV),,,,,,,,,,,,,,,,,,,,Troglodyte sites (extracted local troglodyte cavities/quarries),Internal (DS/OUV),,France,Internal (DS/OUV),,Local,,,,,,"Building walls of châteaux, fortresses, abbeys, urban dwellings, ports, dyke systems",Internal (DS/OUV),,Architectural embellishments and Renaissance country house features,Internal (DS/OUV),,"Stonework (dykes/ports), troglodyte excavation, dressed stone masonry",Internal (DS/OUV),,,,,,,,"Regular maintenance, ongoing conservation works under Heritage Code",Internal (DS/OUV),,Excellent,,,Yes,
597.0,Monastery of Horezu,Romania,OUV Issues,,,,,,,,,"(ii) to exhibit an important interchange of human values, over a span of time or within a cultural area of the world, on developments in architecture or technology, monumental arts, town-planning or landscape design;",,,,,,,,,,,,,,,,,,,,,,,,,,,,,,,,,,,,,,,,,,,,,,,,,,,,,,,,,,,,,,,,,,No,
592.0,Borobudur Temple Compounds,Indonesia,"skipped; very highly promised
",,,,,,,,,"(i) to represent a masterpiece of human creative genius; | (ii) to exhibit an important interchange of human values, over a span of time or within a cultural area of the world, on developments in architecture or technology, monumental arts, town-planning or landscape design; | (vi) to be directly or tangibly associated with events or living traditions, with ideas, or with beliefs, with artistic and literary works of outstanding universal significance;",,,,,,,,,,,,,,,,,,,,,,,,,,,,,,,,,,,,,,,,,,,,,,,,,,,,,,,,,,,,,,,,,,No,
165.0,Cistercian Abbey of Fontenay,France,skipped; promised,,,,,,,,,"(iv) to be an outstanding example of a type of building, architectural or technological ensemble or landscape which illustrates (a) significant stage(s) in human history;",,,,,,,,,,,,,,,,,,,,,,,,,,,,,,,,,,,,,,,,,,,,,,,,,,,,,,,,,,,,,,,,,,No,
842.0,"Cilento and Vallo di Diano National Park with the Archeological Sites of Paestum and Velia, and the Certosa di Padula",Italy,skipped; very very highly promissed,,,,,,,,,"(iii) to bear a unique or at least exceptional testimony to a cultural tradition or to a civilization which is living or which has disappeared; | (iv) to be an outstanding example of a type of building, architectural or technological ensemble or landscape which illustrates (a) significant stage(s) in human history;",,,,,,,,,,,,,,,,,,,,,,,,,,,,,,,,,,,,,,,,,,,,,,,,,,,,,,,,,,,,,,,,,,No,
115.0,"Meidan Emam, Esfahan",Iran (Islamic Republic of),Skipped,,,,,,,,,"(i) to represent a masterpiece of human creative genius; | (v) to be an outstanding example of a traditional human settlement, land-use, or sea-use which is representative of a culture (or cultures), or human interaction with the environment especially when it has become vulnerable under the impact of irreversible change; | (vi) to be directly or tangibly associated with events or living traditions, with ideas, or with beliefs, with artistic and literary works of outstanding universal significance;",,,,,,,,,,,,,,,,,,,,,,,,,,,,,,,,,,,,,,,,,,,,,,,,,,,,,,,,,,,,,,,,,,No,
939.0,Archaeological Monuments Zone of Xochicalco,Mexico,Skipped; promised,,,,,,,,,"(iii) to bear a unique or at least exceptional testimony to a cultural tradition or to a civilization which is living or which has disappeared; | (iv) to be an outstanding example of a type of building, architectural or technological ensemble or landscape which illustrates (a) significant stage(s) in human history;",,,,,,,,,,,,,,,,,,,,,,,,,,,,,,,,,,,,,,,,,,,,,,,,,,,,,,,,,,,,,,,,,,No,
162.0,Amiens Cathedral,France,skipped; bvvvhp,,,,,,,,,"(i) to represent a masterpiece of human creative genius; | (ii) to exhibit an important interchange of human values, over a span of time or within a cultural area of the world, on developments in architecture or technology, monumental arts, town-planning or landscape design;",,,,,,,,,,,,,,,,,,,,,,,,,,,,,,,,,,,,,,,,,,,,,,,,,,,,,,,,,,,,,,,,,,No,
635.0,Bourges Cathedral,France,skipped; but promissed,,,,,,,,,"(i) to represent a masterpiece of human creative genius; | (iv) to be an outstanding example of a type of building, architectural or technological ensemble or landscape which illustrates (a) significant stage(s) in human history;",,,,,,,,,,,,,,,,,,,,,,,,,,,,,,,,,,,,,,,,,,,,,,,,,,,,,,,,,,,,,,,,,,No,
1503.0,Nan Madol: Ceremonial Centre of Eastern Micronesia,Micronesia (Federated States of),"Remains of stone palaces, temples, tombs, mortuaries, domestic and residential domains, and seawalls / megalithic ceremonial centre",Internal (DS/OUV),,1200–1500 CE (with ceremonial centre roots from ~1000 years ago),Internal (DS/OUV),,Saudeleur dynasty,Internal (DS/OUV),,"(i) to represent a masterpiece of human creative genius; | (iii) to bear a unique or at least exceptional testimony to a cultural tradition or to a civilization which is living or which has disappeared; | (iv) to be an outstanding example of a type of building, architectural or technological ensemble or landscape which illustrates (a) significant stage(s) in human history; | (vi) to be directly or tangibly associated with events or living traditions, with ideas, or with beliefs, with artistic and literary works of outstanding universal significance;",Internal (DS/OUV),,"Basalt, Columnar Basalt, Coral Boulders",Internal (DS/OUV),,Igneous Rock,Internal (DS/OUV),,Coral boulders,Internal (DS/OUV),,,,,Basalt / Columnar Basalt,Internal (DS/OUV),,,,,,,,,,,Columnar structure,Internal (DS/OUV),,,,,Quarries elsewhere on Pohnpei Island,Internal (DS/OUV),,Micronesia (Federated States of) / Pohnpei Island,Internal (DS/OUV),,Local (transported from elsewhere on the island of Pohnpei),Internal (DS/OUV),,,,,"Islet perimeter walls, megalithic structures, temples, palaces, tombs, residential domains",Internal (DS/OUV),,,,,Massive columnar basalt stones laid using a distinctive 'header-stretcher technique',Internal (DS/OUV),,"Siltation of waterways, overgrowth of vegetation, mangrove encroachment, storm surge effects, stonework collapse",Internal (DS/OUV),,,,,No reconstructions of original elements (restoration/conservation management under development),Internal (DS/OUV),,Moderate,,,Yes,
949.0,My Son Sanctuary,Viet Nam,Tower-temples (Religious and political capital of the Champa Kingdom); Architectural ensemble,Internal (DS/OUV),,4th to 13th centuries CE,Internal (DS/OUV),,Champa Kingdom (Cham civilization / Dua Clan),Internal (DS/OUV),,"(ii) to exhibit an important interchange of human values, over a span of time or within a cultural area of the world, on developments in architecture or technology, monumental arts, town-planning or landscape design; | (iii) to bear a unique or at least exceptional testimony to a cultural tradition or to a civilization which is living or which has disappeared;",Internal (DS/OUV),,Sandstone (used for pillars and carved bas-reliefs),Internal (DS/OUV),,,,,,,,,,,,,,,,,,,,,,,,,,,,,,,,,,,,,,,,,"Fired brick (main construction), Stone pillars",Internal (DS/OUV),,"Sandstone bas-reliefs (depicting scenes from Hindu mythology), Intricate carved-brick decorations",Internal (DS/OUV),,Brick construction with stone elements,Internal (DS/OUV),,Severe climatic conditions (flooding and high humidity),Internal (DS/OUV),,,,,Historical interventions under French and Polish expert guidance; Ongoing conservation by national and international teams,Internal (DS/OUV),,Moderate,,,Yes,
1077.0,Takht-e Soleyman,Iran (Islamic Republic of),skipped; but promised,,,,,,,,,"(i) to represent a masterpiece of human creative genius; | (ii) to exhibit an important interchange of human values, over a span of time or within a cultural area of the world, on developments in architecture or technology, monumental arts, town-planning or landscape design; | (iii) to bear a unique or at least exceptional testimony to a cultural tradition or to a civilization which is living or which has disappeared; | (iv) to be an outstanding example of a type of building, architectural or technological ensemble or landscape which illustrates (a) significant stage(s) in human history; | (vi) to be directly or tangibly associated with events or living traditions, with ideas, or with beliefs, with artistic and literary works of outstanding universal significance;",,,,,,,,,,,,,,,,,,,,,,,,,,,,,,,,,,,,,,,,,,,,,,,,,,,,,,,,,,,,,,,,,,No,
1188.0,Soltaniyeh,Iran (Islamic Republic of),skipped; but highly promissed,,,,,,,,,"(ii) to exhibit an important interchange of human values, over a span of time or within a cultural area of the world, on developments in architecture or technology, monumental arts, town-planning or landscape design; | (iii) to bear a unique or at least exceptional testimony to a cultural tradition or to a civilization which is living or which has disappeared; | (iv) to be an outstanding example of a type of building, architectural or technological ensemble or landscape which illustrates (a) significant stage(s) in human history;",,,,,,,,,,,,,,,,,,,,,,,,,,,,,,,,,,,,,,,,,,,,,,,,,,,,,,,,,,,,,,,,,,No,
530.0,Delos,Greece,"Architectural, Architecture, Building, Byzantine, Construction, Monument, Monumental, Ottoman, Plan",Internal (DS/OUV),,3rd millennium B.C. to Palaeo-Christian era (Hellenistic & Greco-Roman period peak),Internal (DS/OUV),,"Cycladic, Archaic, Classical, Hellenistic, Greco-Roman, Byzantine, Ottoman",Internal (DS/OUV),,"(ii) to exhibit an important interchange of human values, over a span of time or within a cultural area of the world, on developments in architecture or technology, monumental arts, town-planning or landscape design; | (iii) to bear a unique or at least exceptional testimony to a cultural tradition or to a civilization which is living or which has disappeared; | (iv) to be an outstanding example of a type of building, architectural or technological ensemble or landscape which illustrates (a) significant stage(s) in human history; | (vi) to be directly or tangibly associated with events or living traditions, with ideas, or with beliefs, with artistic and literary works of outstanding universal significance;",Internal (DS/OUV),,Marble,Internal (DS/OUV),,Metamorphic Rock,,,,,,,,,,,,,,,,,,,,,,,,,,,Naxian (Inferred from Naxian Lions made of local/regional marble),Internal (DS/OUV),,,,,"Local & Regional (e.g., Naxos/Cycladic islands)",Internal (DS/OUV),,,,,"Columns, Temple Structures, Houses, Public Buildings, Refectory, Sanctuary",Internal (DS/OUV),,"Sculptures (e.g., Naxian Lions), Frescoes, Mosaic Floors",Internal (DS/OUV),,"Ruins/Dry Masonry, Lime Burning (historical destruction)",Internal (DS/OUV),,Damage by strong north winds and high salinity/sea proximity,Internal (DS/OUV),,"Exact replicas used for fragile sculptures (e.g., Naxian Lions moved indoors)",Internal (DS/OUV),,"Discrete, compatible, and reversible methods following international standards",Internal (DS/OUV),,Good,,,Yes,
793.0,Historic City of Meknes,Morocco,skipped; promised,,,,,,,,,"(iv) to be an outstanding example of a type of building, architectural or technological ensemble or landscape which illustrates (a) significant stage(s) in human history;",,,,,,,,,,,,,,,,,,,,,,,,,,,,,,,,,,,,,,,,,,,,,,,,,,,,,,,,,,,,,,,,,,No,
996.0,Historic Centre of Brugge,Belgium,skipped; promised,,,,,,,,,"(ii) to exhibit an important interchange of human values, over a span of time or within a cultural area of the world, on developments in architecture or technology, monumental arts, town-planning or landscape design; | (iv) to be an outstanding example of a type of building, architectural or technological ensemble or landscape which illustrates (a) significant stage(s) in human history; | (vi) to be directly or tangibly associated with events or living traditions, with ideas, or with beliefs, with artistic and literary works of outstanding universal significance;",,,,,,,,,,,,,,,,,,,,,,,,,,,,,,,,,,,,,,,,,,,,,,,,,,,,,,,,,,,,,,,,,,No,
708.0,Historical Monuments of Mtskheta,Georgia,skipped; very highly promised,,,,,,,,,"(iii) to bear a unique or at least exceptional testimony to a cultural tradition or to a civilization which is living or which has disappeared; | (iv) to be an outstanding example of a type of building, architectural or technological ensemble or landscape which illustrates (a) significant stage(s) in human history;",,,,,,,,,,,,,,,,,,,,,,,,,,,,,,,,,,,,,,,,,,,,,,,,,,,,,,,,,,,,,,,,,,No,
836.0,Archaeological Site of Volubilis,Morocco,"Fortified municipium, urban hypodamian system, terraced plan",Internal (DS/OUV),,3rd century B.C. to Islamic period (10 centuries of occupation); Rampart built in 168–169 AD,Internal (DS/OUV),,"Libyco-Berber, Mauritanian, Roman, Christian, Arab-Islamic (Idrisid)",Internal (DS/OUV),,"(ii) to exhibit an important interchange of human values, over a span of time or within a cultural area of the world, on developments in architecture or technology, monumental arts, town-planning or landscape design; | (iii) to bear a unique or at least exceptional testimony to a cultural tradition or to a civilization which is living or which has disappeared; | (iv) to be an outstanding example of a type of building, architectural or technological ensemble or landscape which illustrates (a) significant stage(s) in human history; | (vi) to be directly or tangibly associated with events or living traditions, with ideas, or with beliefs, with artistic and literary works of outstanding universal significance;",Internal (DS/OUV),,Marble,Internal (DS/OUV),,,,,,,,,,,,,,,,,,,,,,,,,,,,,,,,,,,,,,,,,"Ramparts, buildings, triumphal arch, tombs",Internal (DS/OUV),,"Statuary (marble and bronze), mosaics, capitals",Internal (DS/OUV),,,,,Damage by north wind (fragile marble sculptures affected),Internal (DS/OUV),,Damage by north wind (fragile marble sculptures affected),Internal (DS/OUV),,Long-term conservation and restoration programmes under Ministry of Culture Action Plan,Internal (DS/OUV),,Excellent,Internal (DS/OUV),,Yes,
664.0,Archaeological Ensemble of Mérida,Spain,"Classical, Roman, Visigoth, Paleo-Christian, Muslim, Romanesque, Gothic, Baroque",Internal (DS/OUV),,"Founded 25 B.C.; modified across Visigoth, Muslim, Medieval, 17th Century, and 20th Century eras",Internal (DS/OUV),,"Roman, Suebi, Visigoth, Muslim (Al-Andalus)",Internal (DS/OUV),,"(i) to represent a masterpiece of human creative genius; | (iii) to bear a unique or at least exceptional testimony to a cultural tradition or to a civilization which is living or which has disappeared; | (v) to be an outstanding example of a traditional human settlement, land-use, or sea-use which is representative of a culture (or cultures), or human interaction with the environment especially when it has become vulnerable under the impact of irreversible change;",Internal (DS/OUV),,Marble,Internal (DS/OUV),,Metamorphic Rock,Internal (DS/OUV),,,,,Roman Marble,,,,,,,,,,,,,,,,,,,,,,,,,,,,,,,,,"Bridges, aqueducts, amphitheatre, theatre, temples, fortress, arch, dams, sewers, walls",Internal (DS/OUV),,"Obelisk of Santa Eulalia, small temple, altars",Internal (DS/OUV),,"Anastylosis (reconstruction of stage front), consolidation",Internal (DS/OUV),,,,,,,,Anastylosis criteria used for theatre stage front; consolidation works performed; block stands and vaults of Amphitheatre restored,Internal (DS/OUV),,Excellent,,,Yes,
496.0,"Canterbury Cathedral, St Augustine's Abbey, and St Martin's Church",United Kingdom of Great Britain and Northern Ireland,"skipped; BP
",,,,,,,,,"(i) to represent a masterpiece of human creative genius; | (ii) to exhibit an important interchange of human values, over a span of time or within a cultural area of the world, on developments in architecture or technology, monumental arts, town-planning or landscape design; | (vi) to be directly or tangibly associated with events or living traditions, with ideas, or with beliefs, with artistic and literary works of outstanding universal significance;",,,,,,,,,,,,,,,,,,,,,,,,,,,,,,,,,,,,,,,,,,,,,,,,,,,,,,,,,,,,,,,,,,No,
1590.0,Sanctuary of Bom Jesus do Monte in Braga,Portugal,"Architectural and landscape ensemble / Sacri Monti (sacred mount) featuring Baroque style buildings with whitewashed plaster façades, monumental stairway, chapels, church, fountains, and formal gardens",Internal (DS/OUV),,"Architectural and landscape ensemble / Sacri Monti (sacred mount) featuring Baroque style buildings with whitewashed plaster façades, monumental stairway, chapels, church, fountains, and formal gardens",Internal (DS/OUV),,"Architectural and landscape ensemble / Sacri Monti (sacred mount) featuring Baroque style buildings with whitewashed plaster façades, monumental stairway, chapels, church, fountains, and formal gardens",Internal (DS/OUV),,"(iv) to be an outstanding example of a type of building, architectural or technological ensemble or landscape which illustrates (a) significant stage(s) in human history;",Internal (DS/OUV),,Granite,Internal (DS/OUV),,Igneous Rock,,,,,,,,,,,,,,,,,,,,,,,,,,,,,,,,,,,,,,,"Retaining and dividing walls, stairways, steps, patio, built structures, chapels, church",Internal (DS/OUV),,"Exposed stonework framing whitewashed plaster façades, fountains, ornaments, pavements, and statues",Internal (DS/OUV),,"Sculpted granite, exposed stonework, whitewashed plaster framing",Internal (DS/OUV),,,,,,,,"Preservation and restoration of church façades and roofing, 10 chapels, exterior/interior sculptures, murals, and stairway stretches; restoration of hotel units, funicular, Casa das Estampas, Colunata de Eventos",Internal (DS/OUV),,Good,Internal (DS/OUV),,Yes,
1398.0,Gonbad-e Qābus,Iran (Islamic Republic of),skipped; bhp,,,,,,,,,"(i) to represent a masterpiece of human creative genius; | (ii) to exhibit an important interchange of human values, over a span of time or within a cultural area of the world, on developments in architecture or technology, monumental arts, town-planning or landscape design; | (iii) to bear a unique or at least exceptional testimony to a cultural tradition or to a civilization which is living or which has disappeared; | (iv) to be an outstanding example of a type of building, architectural or technological ensemble or landscape which illustrates (a) significant stage(s) in human history;",,,,,,,,,,,,,,,,,,,,,,,,,,,,,,,,,,,,,,,,,,,,,,,,,,,,,,,,,,,,,,,,,,No,
631.0,"El Tajin, Pre-Hispanic City",Mexico,"skipped; bhp
",,,,,,,,,"(iii) to bear a unique or at least exceptional testimony to a cultural tradition or to a civilization which is living or which has disappeared; | (iv) to be an outstanding example of a type of building, architectural or technological ensemble or landscape which illustrates (a) significant stage(s) in human history;",,,,,,,,,,,,,,,,,,,,,,,,,,,,,,,,,,,,,,,,,,,,,,,,,,,,,,,,,,,,,,,,,,No,
1702.0,Rachid Karami International Fair-Tripoli,Lebanon,skipped,,,,,,,,,"(ii) to exhibit an important interchange of human values, over a span of time or within a cultural area of the world, on developments in architecture or technology, monumental arts, town-planning or landscape design; | (iv) to be an outstanding example of a type of building, architectural or technological ensemble or landscape which illustrates (a) significant stage(s) in human history;",,,,,,,,,,,,,,,,,,,,,,,,,,,,,,,,,,,,,,,,,,,,,,,,,,,,,,,,,,,,,,,,,,No,
322.0,Ruins of the Buddhist Vihara at Paharpur,Bangladesh,skipped; bhp,,,,,,,,,"(i) to represent a masterpiece of human creative genius; | (ii) to exhibit an important interchange of human values, over a span of time or within a cultural area of the world, on developments in architecture or technology, monumental arts, town-planning or landscape design; | (vi) to be directly or tangibly associated with events or living traditions, with ideas, or with beliefs, with artistic and literary works of outstanding universal significance;",,,,,,,,,,,,,,,,,,,,,,,,,,,,,,,,,,,,,,,,,,,,,,,,,,,,,,,,,,,,,,,,,,No,
993.0,Historic Centre of the Town of Goiás,Brazil,"skipped
",,,,,,,,,"(ii) to exhibit an important interchange of human values, over a span of time or within a cultural area of the world, on developments in architecture or technology, monumental arts, town-planning or landscape design; | (iv) to be an outstanding example of a type of building, architectural or technological ensemble or landscape which illustrates (a) significant stage(s) in human history;",,,,,,,,,,,,,,,,,,,,,,,,,,,,,,,,,,,,,,,,,,,,,,,,,,,,,,,,,,,,,,,,,,No,
931.0,City of Graz – Historic Centre and Schloss Eggenberg,Austria,"skipped; bp

",,,,,,,,,"(ii) to exhibit an important interchange of human values, over a span of time or within a cultural area of the world, on developments in architecture or technology, monumental arts, town-planning or landscape design; | (iv) to be an outstanding example of a type of building, architectural or technological ensemble or landscape which illustrates (a) significant stage(s) in human history;",,,,,,,,,,,,,,,,,,,,,,,,,,,,,,,,,,,,,,,,,,,,,,,,,,,,,,,,,,,,,,,,,,No,
847.0,Castle of the Teutonic Order in Malbork,Poland,skipped; bvhp,,,,,,,,,"(ii) to exhibit an important interchange of human values, over a span of time or within a cultural area of the world, on developments in architecture or technology, monumental arts, town-planning or landscape design; | (iii) to bear a unique or at least exceptional testimony to a cultural tradition or to a civilization which is living or which has disappeared; | (iv) to be an outstanding example of a type of building, architectural or technological ensemble or landscape which illustrates (a) significant stage(s) in human history;",,,,,,,,,,,,,,,,,,,,,,,,,,,,,,,,,,,,,,,,,,,,,,,,,,,,,,,,,,,,,,,,,,No,
733.0,"Ferrara, City of the Renaissance, and its Po Delta",Italy,skipped; bvhp,,,,,,,,,"(ii) to exhibit an important interchange of human values, over a span of time or within a cultural area of the world, on developments in architecture or technology, monumental arts, town-planning or landscape design; | (iii) to bear a unique or at least exceptional testimony to a cultural tradition or to a civilization which is living or which has disappeared; | (iv) to be an outstanding example of a type of building, architectural or technological ensemble or landscape which illustrates (a) significant stage(s) in human history; | (v) to be an outstanding example of a traditional human settlement, land-use, or sea-use which is representative of a culture (or cultures), or human interaction with the environment especially when it has become vulnerable under the impact of irreversible change; | (vi) to be directly or tangibly associated with events or living traditions, with ideas, or with beliefs, with artistic and literary works of outstanding universal significance;",,,,,,,,,,,,,,,,,,,,,,,,,,,,,,,,,,,,,,,,,,,,,,,,,,,,,,,,,,,,,,,,,,No,
884.0,"Three Castles, Defensive Wall and Ramparts of the Market-Town of Bellinzona",Switzerland,skipped; bp,,,,,,,,,"(iv) to be an outstanding example of a type of building, architectural or technological ensemble or landscape which illustrates (a) significant stage(s) in human history;",,,,,,,,,,,,,,,,,,,,,,,,,,,,,,,,,,,,,,,,,,,,,,,,,,,,,,,,,,,,,,,,,,No,
797.0,City of Verona,Italy,skipped; bvhp,,,,,,,,,"(ii) to exhibit an important interchange of human values, over a span of time or within a cultural area of the world, on developments in architecture or technology, monumental arts, town-planning or landscape design; | (iv) to be an outstanding example of a type of building, architectural or technological ensemble or landscape which illustrates (a) significant stage(s) in human history;",,,,,,,,,,,,,,,,,,,,,,,,,,,,,,,,,,,,,,,,,,,,,,,,,,,,,,,,,,,,,,,,,,No,
309.0,Historic Centre of Salvador de Bahia,Brazil,"skipped
",,,,,,,,,"(iv) to be an outstanding example of a type of building, architectural or technological ensemble or landscape which illustrates (a) significant stage(s) in human history; | (vi) to be directly or tangibly associated with events or living traditions, with ideas, or with beliefs, with artistic and literary works of outstanding universal significance;",,,,,,,,,,,,,,,,,,,,,,,,,,,,,,,,,,,,,,,,,,,,,,,,,,,,,,,,,,,,,,,,,,No,
482.0,Historic Town of Guanajuato and Adjacent Mines,Mexico,skipped; bvhp,,,,,,,,,"(i) to represent a masterpiece of human creative genius; | (ii) to exhibit an important interchange of human values, over a span of time or within a cultural area of the world, on developments in architecture or technology, monumental arts, town-planning or landscape design; | (iv) to be an outstanding example of a type of building, architectural or technological ensemble or landscape which illustrates (a) significant stage(s) in human history; | (vi) to be directly or tangibly associated with events or living traditions, with ideas, or with beliefs, with artistic and literary works of outstanding universal significance;",,,,,,,,,,,,,,,,,,,,,,,,,,,,,,,,,,,,,,,,,,,,,,,,,,,,,,,,,,,,,,,,,,No,
1330.0,Residence of Bukovinian and Dalmatian Metropolitans,Ukraine,skipped,,,,,,,,,"(ii) to exhibit an important interchange of human values, over a span of time or within a cultural area of the world, on developments in architecture or technology, monumental arts, town-planning or landscape design; | (iii) to bear a unique or at least exceptional testimony to a cultural tradition or to a civilization which is living or which has disappeared; | (iv) to be an outstanding example of a type of building, architectural or technological ensemble or landscape which illustrates (a) significant stage(s) in human history;",,,,,,,,,,,,,,,,,,,,,,,,,,,,,,,,,,,,,,,,,,,,,,,,,,,,,,,,,,,,,,,,,,No,
1457.0,Pergamon and its Multi-Layered Cultural Landscape,Türkiye,ouv absent skipped; bvhp,,,,,,,,,"(i) to represent a masterpiece of human creative genius; | (ii) to exhibit an important interchange of human values, over a span of time or within a cultural area of the world, on developments in architecture or technology, monumental arts, town-planning or landscape design; | (iii) to bear a unique or at least exceptional testimony to a cultural tradition or to a civilization which is living or which has disappeared; | (iv) to be an outstanding example of a type of building, architectural or technological ensemble or landscape which illustrates (a) significant stage(s) in human history; | (vi) to be directly or tangibly associated with events or living traditions, with ideas, or with beliefs, with artistic and literary works of outstanding universal significance;",,,,,,,,,,,,,,,,,,,,,,,,,,,,,,,,,,,,,,,,,,,,,,,,,,,,,,,,,,,,,,,,,,No,
1640.0,Djerba: Testimony to a settlement pattern in an island territory,Tunisia,skipped; ouv absnt; bvhp,,,,,,,,,"(v) to be an outstanding example of a traditional human settlement, land-use, or sea-use which is representative of a culture (or cultures), or human interaction with the environment especially when it has become vulnerable under the impact of irreversible change;",,,,,,,,,,,,,,,,,,,,,,,,,,,,,,,,,,,,,,,,,,,,,,,,,,,,,,,,,,,,,,,,,,No,
499.0,Kairouan,Tunisia,ouv issue; skipped; bvhp,,,,,,,,,"(i) to represent a masterpiece of human creative genius; | (ii) to exhibit an important interchange of human values, over a span of time or within a cultural area of the world, on developments in architecture or technology, monumental arts, town-planning or landscape design; | (iii) to bear a unique or at least exceptional testimony to a cultural tradition or to a civilization which is living or which has disappeared; | (v) to be an outstanding example of a traditional human settlement, land-use, or sea-use which is representative of a culture (or cultures), or human interaction with the environment especially when it has become vulnerable under the impact of irreversible change; | (vi) to be directly or tangibly associated with events or living traditions, with ideas, or with beliefs, with artistic and literary works of outstanding universal significance;",,,,,,,,,,,,,,,,,,,,,,,,,,,,,,,,,,,,,,,,,,,,,,,,,,,,,,,,,,,,,,,,,,No,
438.0,The Great Wall,China,skipped; bp,,,,,,,,,"(i) to represent a masterpiece of human creative genius; | (ii) to exhibit an important interchange of human values, over a span of time or within a cultural area of the world, on developments in architecture or technology, monumental arts, town-planning or landscape design; | (iii) to bear a unique or at least exceptional testimony to a cultural tradition or to a civilization which is living or which has disappeared; | (iv) to be an outstanding example of a type of building, architectural or technological ensemble or landscape which illustrates (a) significant stage(s) in human history; | (vi) to be directly or tangibly associated with events or living traditions, with ideas, or with beliefs, with artistic and literary works of outstanding universal significance;",,,,,,,,,,,,,,,,,,,,,,,,,,,,,,,,,,,,,,,,,,,,,,,,,,,,,,,,,,,,,,,,,,No,
1402.0,Al Zubarah Archaeological Site,Qatar,skipped; bp,,,,,,,,,"(iii) to bear a unique or at least exceptional testimony to a cultural tradition or to a civilization which is living or which has disappeared; | (iv) to be an outstanding example of a type of building, architectural or technological ensemble or landscape which illustrates (a) significant stage(s) in human history; | (v) to be an outstanding example of a traditional human settlement, land-use, or sea-use which is representative of a culture (or cultures), or human interaction with the environment especially when it has become vulnerable under the impact of irreversible change;",,,,,,,,,,,,,,,,,,,,,,,,,,,,,,,,,,,,,,,,,,,,,,,,,,,,,,,,,,,,,,,,,,No,
439.0,Imperial Palaces of the Ming and Qing Dynasties in Beijing and Shenyang,China,skipped;,,,,,,,,,"(i) to represent a masterpiece of human creative genius; | (ii) to exhibit an important interchange of human values, over a span of time or within a cultural area of the world, on developments in architecture or technology, monumental arts, town-planning or landscape design; | (iii) to bear a unique or at least exceptional testimony to a cultural tradition or to a civilization which is living or which has disappeared; | (iv) to be an outstanding example of a type of building, architectural or technological ensemble or landscape which illustrates (a) significant stage(s) in human history;",,,,,,,,,,,,,,,,,,,,,,,,,,,,,,,,,,,,,,,,,,,,,,,,,,,,,,,,,,,,,,,,,,No,
247.0,Hill Forts of Rajasthan,India,skipped; bvhp,,,,,,,,,"(ii) to exhibit an important interchange of human values, over a span of time or within a cultural area of the world, on developments in architecture or technology, monumental arts, town-planning or landscape design; | (iii) to bear a unique or at least exceptional testimony to a cultural tradition or to a civilization which is living or which has disappeared;",,,,,,,,,,,,,,,,,,,,,,,,,,,,,,,,,,,,,,,,,,,,,,,,,,,,,,,,,,,,,,,,,,No,
1552.0,Roșia Montană Mining Landscape,Romania,"skipped
",,,,,,,,,"(ii) to exhibit an important interchange of human values, over a span of time or within a cultural area of the world, on developments in architecture or technology, monumental arts, town-planning or landscape design; | (iii) to bear a unique or at least exceptional testimony to a cultural tradition or to a civilization which is living or which has disappeared; | (iv) to be an outstanding example of a type of building, architectural or technological ensemble or landscape which illustrates (a) significant stage(s) in human history;",,,,,,,,,,,,,,,,,,,,,,,,,,,,,,,,,,,,,,,,,,,,,,,,,,,,,,,,,,,,,,,,,,No,
1405.0,Neolithic Site of Çatalhöyük,Türkiye,ouv absent; skipped; bvhp,,,,,,,,,"(iii) to bear a unique or at least exceptional testimony to a cultural tradition or to a civilization which is living or which has disappeared; | (iv) to be an outstanding example of a type of building, architectural or technological ensemble or landscape which illustrates (a) significant stage(s) in human history;",,,,,,,,,,,,,,,,,,,,,,,,,,,,,,,,,,,,,,,,,,,,,,,,,,,,,,,,,,,,,,,,,,No,
1018.0,Ephesus,Türkiye,ouv absent; skipped; bvhp,,,,,,,,,"(iii) to bear a unique or at least exceptional testimony to a cultural tradition or to a civilization which is living or which has disappeared; | (iv) to be an outstanding example of a type of building, architectural or technological ensemble or landscape which illustrates (a) significant stage(s) in human history; | (vi) to be directly or tangibly associated with events or living traditions, with ideas, or with beliefs, with artistic and literary works of outstanding universal significance;",,,,,,,,,,,,,,,,,,,,,,,,,,,,,,,,,,,,,,,,,,,,,,,,,,,,,,,,,,,,,,,,,,No,
670.0,The Sassi and the Park of the Rupestrian Churches of Matera,Italy,skipped,,,,,,,,,"(iii) to bear a unique or at least exceptional testimony to a cultural tradition or to a civilization which is living or which has disappeared; | (iv) to be an outstanding example of a type of building, architectural or technological ensemble or landscape which illustrates (a) significant stage(s) in human history; | (v) to be an outstanding example of a traditional human settlement, land-use, or sea-use which is representative of a culture (or cultures), or human interaction with the environment especially when it has become vulnerable under the impact of irreversible change;",,,,,,,,,,,,,,,,,,,,,,,,,,,,,,,,,,,,,,,,,,,,,,,,,,,,,,,,,,,,,,,,,,No,
1488.0,Diyarbakır Fortress and Hevsel Gardens Cultural Landscape,Türkiye,skipped; ouv absnt; bvhp,,,,,,,,,"(iv) to be an outstanding example of a type of building, architectural or technological ensemble or landscape which illustrates (a) significant stage(s) in human history;",,,,,,,,,,,,,,,,,,,,,,,,,,,,,,,,,,,,,,,,,,,,,,,,,,,,,,,,,,,,,,,,,,No,
251.0,Agra Fort,India,skipped; bhp,,,,,,,,,(iii) to bear a unique or at least exceptional testimony to a cultural tradition or to a civilization which is living or which has disappeared;,,,,,,,,,,,,,,,,,,,,,,,,,,,,,,,,,,,,,,,,,,,,,,,,,,,,,,,,,,,,,,,,,,No,
1713.0,Royal Court of Tiébélé,Burkina Faso,"Earthen architectural complex consisting of concession huts arranged in distinct concessions (including mother houses/Dinian, young married houses/Mangolo, adolescent houses/Draa), protective compound wall, and ceremonial places.",Internal (DS/OUV),,Established since the 16th century,Internal (DS/OUV),,Kasena people,Internal (DS/OUV),,(iii) to bear a unique or at least exceptional testimony to a cultural tradition or to a civilization which is living or which has disappeared;,Internal (DS/OUV),,"Earthen materials such as earth/adobe, cow dung, straw, wood, natural pigments, cement, and tar are mentioned, but no major natural building stone is explicitly detailed)",Internal (DS/OUV),,Sedimentary Rock,,,Sacred stones (dala) placed beneath the red fig tree,Internal (DS/OUV),,dala (sacred stones),,,,,,,,,,,,Red (referencing natural pigments and the red fig tree setting/tumulus),Internal (DS/OUV),,,,,,,,,,,,,,Local (materials gathered and constructed on-site by community),Internal (DS/OUV),,,,,"Earthen huts/walls built with earth, wood, straw, and adobe; cement brick foundations (modern adaptation)",Internal (DS/OUV),,Mural decorations created by women using natural pigments (and modern tar-based paint coatings/chemicals); sacred seating stones (dala),Internal (DS/OUV),,"Earthen building, traditional earth and straw mixing, adobe technique, and cement brick foundations",Internal (DS/OUV),,"Rising damp, surface erosion, and water drainage issues",Internal (DS/OUV),,,,,"Maintenance of concessions, protection via local and scientific management committees, implementation of the Conservation and Management Plan 2022–2026",Internal (DS/OUV),,Poor,,,Yes,
980.0,Historic and Architectural Complex of the Kazan Kremlin,Russian Federation,skipped,,,,,,,,,"(ii) to exhibit an important interchange of human values, over a span of time or within a cultural area of the world, on developments in architecture or technology, monumental arts, town-planning or landscape design; | (iii) to bear a unique or at least exceptional testimony to a cultural tradition or to a civilization which is living or which has disappeared; | (iv) to be an outstanding example of a type of building, architectural or technological ensemble or landscape which illustrates (a) significant stage(s) in human history;",,,,,,,,,,,,,,,,,,,,,,,,,,,,,,,,,,,,,,,,,,,,,,,,,,,,,,,,,,,,,,,,,,No,
544.0,Kizhi Pogost,Russian Federation,skipped; bhp,,,,,,,,,"(i) to represent a masterpiece of human creative genius; | (iv) to be an outstanding example of a type of building, architectural or technological ensemble or landscape which illustrates (a) significant stage(s) in human history; | (v) to be an outstanding example of a traditional human settlement, land-use, or sea-use which is representative of a culture (or cultures), or human interaction with the environment especially when it has become vulnerable under the impact of irreversible change;",,,,,,,,,,,,,,,,,,,,,,,,,,,,,,,,,,,,,,,,,,,,,,,,,,,,,,,,,,,,,,,,,,No,
576.0,Historic City of Ayutthaya,Thailand,OUV absent; skipped; bhp,,,,,,,,,(iii) to bear a unique or at least exceptional testimony to a cultural tradition or to a civilization which is living or which has disappeared;,,,,,,,,,,,,,,,,,,,,,,,,,,,,,,,,,,,,,,,,,,,,,,,,,,,,,,,,,,,,,,,,,,No,
757.0,Sceilg Mhichíl,Ireland,Indigenous dry stone masonry / Monastic settlement architecture,Internal (DS/OUV),,Early Medieval (Monastery dedicated to St Michael between 950 and 1050; roots in 5th–6th century Christian monasticism),Internal (DS/OUV),,Early Medieval Irish Christian Monasticism,Internal (DS/OUV),,"(iii) to bear a unique or at least exceptional testimony to a cultural tradition or to a civilization which is living or which has disappeared; | (iv) to be an outstanding example of a type of building, architectural or technological ensemble or landscape which illustrates (a) significant stage(s) in human history;",Internal (DS/OUV),,Sandstone,Internal (DS/OUV),,Sedimentary Rock,Internal (DS/OUV),,,,,,,,Sandstone (Devonian sandstone mentioned in notes/OUV),Internal (DS/OUV),,Devonian,Internal (DS/OUV),,,,,,,,,,,,,,,,,,,,Local / Indigenous,Internal (DS/OUV),,,,,"Cells, oratories, South Peak Hermitage, retaining walls, terraces, foundations, steps, paved areas",Internal (DS/OUV),,,,,Dry stone masonry (evolution of dry stone masonry techniques),Internal (DS/OUV),,Deeply eroded and weathered owing to exposed oceanic position; almost frost-free environment,Internal (DS/OUV),,,,,"Program of conservation works, structural consolidation, repair, and stabilization of steps/retaining walls since the late 1970s; rebuilding of upper retaining wall along St Michael's Church in 1880s",Internal (DS/OUV),,Excellent,,,Yes,
30.0,Historic Centre of Warsaw,Poland,skipped,,,,,,,,,"(ii) to exhibit an important interchange of human values, over a span of time or within a cultural area of the world, on developments in architecture or technology, monumental arts, town-planning or landscape design; | (vi) to be directly or tangibly associated with events or living traditions, with ideas, or with beliefs, with artistic and literary works of outstanding universal significance;",,,,,,,,,,,,,,,,,,,,,,,,,,,,,,,,,,,,,,,,,,,,,,,,,,,,,,,,,,,,,,,,,,No,
488.0,Tower of London,United Kingdom of Great Britain and Northern Ireland,skipped; bp,,,,,,,,,"(ii) to exhibit an important interchange of human values, over a span of time or within a cultural area of the world, on developments in architecture or technology, monumental arts, town-planning or landscape design; | (iv) to be an outstanding example of a type of building, architectural or technological ensemble or landscape which illustrates (a) significant stage(s) in human history;",,,,,,,,,,,,,,,,,,,,,,,,,,,,,,,,,,,,,,,,,,,,,,,,,,,,,,,,,,,,,,,,,,No,
1192.0,Qal’at al-Bahrain – Ancient Harbour and Capital of Dilmun,Bahrain,skipped; bvhp,,,,,,,,,"(ii) to exhibit an important interchange of human values, over a span of time or within a cultural area of the world, on developments in architecture or technology, monumental arts, town-planning or landscape design; | (iii) to bear a unique or at least exceptional testimony to a cultural tradition or to a civilization which is living or which has disappeared; | (iv) to be an outstanding example of a type of building, architectural or technological ensemble or landscape which illustrates (a) significant stage(s) in human history;",,,,,,,,,,,,,,,,,,,,,,,,,,,,,,,,,,,,,,,,,,,,,,,,,,,,,,,,,,,,,,,,,,No,
1006.0,Neolithic Flint Mines at Spiennes (Mons),Belgium,"Building, Monument, Plan, Structure",,,Neolithic (from the last third of the 5th millennium until the first half of the 3rd millennium),Internal (DS/OUV),,Michelsberg culture,Internal (DS/OUV),,"(i) to represent a masterpiece of human creative genius; | (iii) to bear a unique or at least exceptional testimony to a cultural tradition or to a civilization which is living or which has disappeared; | (iv) to be an outstanding example of a type of building, architectural or technological ensemble or landscape which illustrates (a) significant stage(s) in human history;",Internal (DS/OUV),,"Chalk, Flint",Internal (DS/OUV),,Sedimentary Rock,,,,,,Flint,Internal (DS/OUV),,Flint nodules within chalk plateaux,Internal (DS/OUV),,Neolithic / Cretaceous chalk formations,Internal (DS/OUV),,Chalk plateaux to the south-east of the city of Mons,Internal (DS/OUV),,,,,,,,,,,Neolithic Flint Mines at Spiennes (Petit Spiennes / Camp à Cayaux),Internal (DS/OUV),,Belgium,Internal (DS/OUV),,Local,Internal (DS/OUV),,,,,"Production of tools, long blades, and axes to fell trees; underground galleries and vertical shafts",Internal (DS/OUV),,,,,"'Striking' technique (freeing from below with support of a central chalk wall, shoring up, and lowering)",Internal (DS/OUV),,,,,,,,Modern installations for comfort and security,Internal (DS/OUV),,Excellent,,,Yes,
932.0,Jurisdiction of Saint-Emilion,France,skipped; bhp,,,,,,,,,"(iii) to bear a unique or at least exceptional testimony to a cultural tradition or to a civilization which is living or which has disappeared; | (iv) to be an outstanding example of a type of building, architectural or technological ensemble or landscape which illustrates (a) significant stage(s) in human history;",,,,,,,,,,,,,,,,,,,,,,,,,,,,,,,,,,,,,,,,,,,,,,,,,,,,,,,,,,,,,,,,,,Yes,
901.0,Litomyšl Castle,Czechia,skipped; bp,,,,,,,,,"(ii) to exhibit an important interchange of human values, over a span of time or within a cultural area of the world, on developments in architecture or technology, monumental arts, town-planning or landscape design; | (iv) to be an outstanding example of a type of building, architectural or technological ensemble or landscape which illustrates (a) significant stage(s) in human history;",,,,,,,,,,,,,,,,,,,,,,,,,,,,,,,,,,,,,,,,,,,,,,,,,,,,,,,,,,,,,,,,,,No,
327.0,Quseir Amra,Jordan,skipped; but highly possible,,,,,,,,,"(i) to represent a masterpiece of human creative genius; | (iii) to bear a unique or at least exceptional testimony to a cultural tradition or to a civilization which is living or which has disappeared; | (iv) to be an outstanding example of a type of building, architectural or technological ensemble or landscape which illustrates (a) significant stage(s) in human history;",,,,,,,,,,,,,,,,,,,,,,,,,,,,,,,,,,,,,,,,,,,,,,,,,,,,,,,,,,,,,,,,,,No,
1349.0,Seventeenth-Century Canal Ring Area of Amsterdam inside the Singelgracht,Netherlands (Kingdom of the),skipped,,,,,,,,,"(i) to represent a masterpiece of human creative genius; | (ii) to exhibit an important interchange of human values, over a span of time or within a cultural area of the world, on developments in architecture or technology, monumental arts, town-planning or landscape design; | (iv) to be an outstanding example of a type of building, architectural or technological ensemble or landscape which illustrates (a) significant stage(s) in human history;",,,,,,,,,,,,,,,,,,,,,,,,,,,,,,,,,,,,,,,,,,,,,,,,,,,,,,,,,,,,,,,,,,No,
689.0,As-Salt - The Place of Tolerance and Urban Hospitality,Jordan,"Residential, Public Buildings, Vernacular, Ottoman, Art Nouveau, Neo-Colonial",Internal (DS/OUV),,Late Ottoman Period / Golden Age (1860s to 1920s),Internal (DS/OUV),,Ottoman Transjordanian / Levant,Internal (DS/OUV),,"(ii) to exhibit an important interchange of human values, over a span of time or within a cultural area of the world, on developments in architecture or technology, monumental arts, town-planning or landscape design; | (iii) to bear a unique or at least exceptional testimony to a cultural tradition or to a civilization which is living or which has disappeared;",Internal (DS/OUV),,Limestone,Internal (DS/OUV),,Sedimentary Rock,Internal (DS/OUV),,,,,Yellow Stone / Yellow Limestone,Internal (DS/OUV),,limestone,Internal (DS/OUV),,,,,,,,yellow,Internal (DS/OUV),,,,,,,,,,,Jordan,Internal (DS/OUV),,local,Internal (DS/OUV),,,,,"Public buildings and family residences (masonry walls, three-bay structures)",Internal (DS/OUV),,,,,"Skilled craftsmanship, central hallway and three-bay construction",Internal (DS/OUV),,,,,,,,Adaptive reuse projects and site-specific conservation plans for 22 historic buildings,Internal (DS/OUV),,Good,,,Yes,
1055.0,Lamu Old Town,Kenya,skipped,,,,,,,,,"(ii) to exhibit an important interchange of human values, over a span of time or within a cultural area of the world, on developments in architecture or technology, monumental arts, town-planning or landscape design; | (iv) to be an outstanding example of a type of building, architectural or technological ensemble or landscape which illustrates (a) significant stage(s) in human history; | (vi) to be directly or tangibly associated with events or living traditions, with ideas, or with beliefs, with artistic and literary works of outstanding universal significance;",,,,,,,,,,,,,,,,,,,,,,,,,,,,,,,,,,,,,,,,,,,,,,,,,,,,,,,,,,,,,,,,,,No,
819.0,"Historic Area of Willemstad, Inner City and Harbour, Curaçao",Netherlands (Kingdom of the),skipped,,,,,,,,,"(ii) to exhibit an important interchange of human values, over a span of time or within a cultural area of the world, on developments in architecture or technology, monumental arts, town-planning or landscape design; | (iv) to be an outstanding example of a type of building, architectural or technological ensemble or landscape which illustrates (a) significant stage(s) in human history; | (v) to be an outstanding example of a traditional human settlement, land-use, or sea-use which is representative of a culture (or cultures), or human interaction with the environment especially when it has become vulnerable under the impact of irreversible change;",,,,,,,,,,,,,,,,,,,,,,,,,,,,,,,,,,,,,,,,,,,,,,,,,,,,,,,,,,,,,,,,,,No,
481.0,Vat Phou and Associated Ancient Settlements within the Champasak Cultural Landscape,Lao People's Democratic Republic,ouv absent,,,,,,,,,"(iii) to bear a unique or at least exceptional testimony to a cultural tradition or to a civilization which is living or which has disappeared; | (iv) to be an outstanding example of a type of building, architectural or technological ensemble or landscape which illustrates (a) significant stage(s) in human history; | (vi) to be directly or tangibly associated with events or living traditions, with ideas, or with beliefs, with artistic and literary works of outstanding universal significance;",,,,,,,,,,,,,,,,,,,,,,,,,,,,,,,,,,,,,,,,,,,,,,,,,,,,,,,,,,,,,,,,,,No,
747.0,Historic Quarter of the City of Colonia del Sacramento,Uruguay,skipped; but possible,,,,,,,,,"(iv) to be an outstanding example of a type of building, architectural or technological ensemble or landscape which illustrates (a) significant stage(s) in human history;",,,,,,,,,,,,,,,,,,,,,,,,,,,,,,,,,,,,,,,,,,,,,,,,,,,,,,,,,,,,,,,,,,No,
230.0,Abbey Church of Saint-Savin sur Gartempe,France,skipped;  but very highly possible,,,,,,,,,(i) to represent a masterpiece of human creative genius; | (iii) to bear a unique or at least exceptional testimony to a cultural tradition or to a civilization which is living or which has disappeared;,,,,,,,,,,,,,,,,,,,,,,,,,,,,,,,,,,,,,,,,,,,,,,,,,,,,,,,,,,,,,,,,,,No,
1725.0,Megaliths of Carnac and of the shores of Morbihan,France,skipped; but very very highly possible,,,,,,,,,"(i) to represent a masterpiece of human creative genius; | (iv) to be an outstanding example of a type of building, architectural or technological ensemble or landscape which illustrates (a) significant stage(s) in human history;",,,,,,,,,,,,,,,,,,,,,,,,,,,,,,,,,,,,,,,,,,,,,,,,,,,,,,,,,,,,,,,,,,No,
522.0,Renaissance Monumental Ensembles of Úbeda and Baeza,Spain,skipped; bvvhp,,,,,,,,,"(ii) to exhibit an important interchange of human values, over a span of time or within a cultural area of the world, on developments in architecture or technology, monumental arts, town-planning or landscape design; | (iv) to be an outstanding example of a type of building, architectural or technological ensemble or landscape which illustrates (a) significant stage(s) in human history;",,,,,,,,,,,,,,,,,,,,,,,,,,,,,,,,,,,,,,,,,,,,,,,,,,,,,,,,,,,,,,,,,,No,
1424.0,Wooden <em>Tserkvas</em> of the Carpathian Region in Poland and Ukraine,"Poland,Ukraine",skipped; but possible,,,,,,,,,"(iii) to bear a unique or at least exceptional testimony to a cultural tradition or to a civilization which is living or which has disappeared; | (iv) to be an outstanding example of a type of building, architectural or technological ensemble or landscape which illustrates (a) significant stage(s) in human history;",,,,,,,,,,,,,,,,,,,,,,,,,,,,,,,,,,,,,,,,,,,,,,,,,,,,,,,,,,,,,,,,,,No,
1734.0,Forest Research Institute Malaysia Forest Park Selangor,Malaysia,skipped;,,,,,,,,,"(iv) to be an outstanding example of a type of building, architectural or technological ensemble or landscape which illustrates (a) significant stage(s) in human history;",,,,,,,,,,,,,,,,,,,,,,,,,,,,,,,,,,,,,,,,,,,,,,,,,,,,,,,,,,,,,,,,,,Yes,
876.0,University and Historic Precinct of Alcalá de Henares,Spain,skipped; but highly possible,,,,,,,,,"(ii) to exhibit an important interchange of human values, over a span of time or within a cultural area of the world, on developments in architecture or technology, monumental arts, town-planning or landscape design; | (iv) to be an outstanding example of a type of building, architectural or technological ensemble or landscape which illustrates (a) significant stage(s) in human history; | (vi) to be directly or tangibly associated with events or living traditions, with ideas, or with beliefs, with artistic and literary works of outstanding universal significance;",,,,,,,,,,,,,,,,,,,,,,,,,,,,,,,,,,,,,,,,,,,,,,,,,,,,,,,,,,,,,,,,,,No,
988.0,Catalan Romanesque Churches of the Vall de Boí,Spain,skipped; but highly  possible,,,,,,,,,"(ii) to exhibit an important interchange of human values, over a span of time or within a cultural area of the world, on developments in architecture or technology, monumental arts, town-planning or landscape design; | (iv) to be an outstanding example of a type of building, architectural or technological ensemble or landscape which illustrates (a) significant stage(s) in human history;",,,,,,,,,,,,,,,,,,,,,,,,,,,,,,,,,,,,,,,,,,,,,,,,,,,,,,,,,,,,,,,,,,No,
2.0,City of Quito,Ecuador,skipped;,,,,,,,,,"(ii) to exhibit an important interchange of human values, over a span of time or within a cultural area of the world, on developments in architecture or technology, monumental arts, town-planning or landscape design; | (iv) to be an outstanding example of a type of building, architectural or technological ensemble or landscape which illustrates (a) significant stage(s) in human history;",,,,,,,,,,,,,,,,,,,,,,,,,,,,,,,,,,,,,,,,,,,,,,,,,,,,,,,,,,,,,,,,,,No,
84.0,"Vézelay, Church and Hill",France,skipped; but highly possible,,,,,,,,,"(i) to represent a masterpiece of human creative genius; | (vi) to be directly or tangibly associated with events or living traditions, with ideas, or with beliefs, with artistic and literary works of outstanding universal significance;",,,,,,,,,,,,,,,,,,,,,,,,,,,,,,,,,,,,,,,,,,,,,,,,,,,,,,,,,,,,,,,,,,No,
759.0,Dutch Water Defence Lines,Netherlands (Kingdom of the),skipped; but possible,,,,,,,,,"(ii) to exhibit an important interchange of human values, over a span of time or within a cultural area of the world, on developments in architecture or technology, monumental arts, town-planning or landscape design; | (iv) to be an outstanding example of a type of building, architectural or technological ensemble or landscape which illustrates (a) significant stage(s) in human history; | (v) to be an outstanding example of a traditional human settlement, land-use, or sea-use which is representative of a culture (or cultures), or human interaction with the environment especially when it has become vulnerable under the impact of irreversible change;",,,,,,,,,,,,,,,,,,,,,,,,,,,,,,,,,,,,,,,,,,,,,,,,,,,,,,,,,,,,,,,,,,No,
1078.0,Jewish Quarter and St Procopius' Basilica in Třebíč,Czechia,skipped; but highly possible,,,,,,,,,"(ii) to exhibit an important interchange of human values, over a span of time or within a cultural area of the world, on developments in architecture or technology, monumental arts, town-planning or landscape design; | (iii) to bear a unique or at least exceptional testimony to a cultural tradition or to a civilization which is living or which has disappeared;",,,,,,,,,,,,,,,,,,,,,,,,,,,,,,,,,,,,,,,,,,,,,,,,,,,,,,,,,,,,,,,,,,No,
984.0,Blaenavon Industrial Landscape,United Kingdom of Great Britain and Northern Ireland,"Industrial Landscape (Coal & iron mines, quarries, primitive railway system, furnaces, casting houses, workers' housing, water balance tower, church, workmen's hall, school)",Internal (DS/OUV),,"Late 18th Century to 19th Century (Furnaces c. 1789, St. Peter's Church 1804, Water Balance Tower 1839, Workmen's Hall 1894, Big Pit closed 1980)",Internal (DS/OUV),,British / Industrial Revolution (South Wales Industrial Era),Internal (DS/OUV),,"(iii) to bear a unique or at least exceptional testimony to a cultural tradition or to a civilization which is living or which has disappeared; | (iv) to be an outstanding example of a type of building, architectural or technological ensemble or landscape which illustrates (a) significant stage(s) in human history;",Internal (DS/OUV),,"Coal, Limestone, Fireclay, Iron Ore",Internal (DS/OUV),,Sedimentary Rock,,,"Fireclay, Iron Ore",Internal (DS/OUV),,,,,,,,,,,,,,,,,,,,,,,Mentioned local quarries in the surrounding landscape/valley,Internal (DS/OUV),,united kingdom,Internal (DS/OUV),,Local,Internal (DS/OUV),,,,,"Base of massive chimney, cast-iron pillars, water balance tower, furnaces, kilns, workers' housing, church, school, workmen's hall",Internal (DS/OUV),,,,,,,,,,,,,,"Extensive conservation work undertaken at Ironworks, Big Pit, town settlement, and landscape; St. Peter's School restored as WHS Interpretation Centre",Internal (DS/OUV),,Excellent,,,Yes,
378.0,Mudejar Architecture of Aragon,Spain,skipped; but highly possible,,,,,,,,,"(iv) to be an outstanding example of a type of building, architectural or technological ensemble or landscape which illustrates (a) significant stage(s) in human history;",,,,,,,,,,,,,,,,,,,,,,,,,,,,,,,,,,,,,,,,,,,,,,,,,,,,,,,,,,,,,,,,,,No,
351.0,Painted Churches in the Troodos Region,Cyprus,skipped; bp,,,,,,,,,"(ii) to exhibit an important interchange of human values, over a span of time or within a cultural area of the world, on developments in architecture or technology, monumental arts, town-planning or landscape design; | (iii) to bear a unique or at least exceptional testimony to a cultural tradition or to a civilization which is living or which has disappeared; | (iv) to be an outstanding example of a type of building, architectural or technological ensemble or landscape which illustrates (a) significant stage(s) in human history;",,,,,,,,,,,,,,,,,,,,,,,,,,,,,,,,,,,,,,,,,,,,,,,,,,,,,,,,,,,,,,,,,,No,
19.0,"Fasil Ghebbi, Gondar Region",Ethiopia,skipped; bvvhp,,,,,,,,,"(ii) to exhibit an important interchange of human values, over a span of time or within a cultural area of the world, on developments in architecture or technology, monumental arts, town-planning or landscape design; | (iii) to bear a unique or at least exceptional testimony to a cultural tradition or to a civilization which is living or which has disappeared;",,,,,,,,,,,,,,,,,,,,,,,,,,,,,,,,,,,,,,,,,,,,,,,,,,,,,,,,,,,,,,,,,,No,
491.0,Sanctuary of Asklepios at Epidaurus,Greece,skipped; bvhp,,,,,,,,,"(i) to represent a masterpiece of human creative genius; | (ii) to exhibit an important interchange of human values, over a span of time or within a cultural area of the world, on developments in architecture or technology, monumental arts, town-planning or landscape design; | (iii) to bear a unique or at least exceptional testimony to a cultural tradition or to a civilization which is living or which has disappeared; | (iv) to be an outstanding example of a type of building, architectural or technological ensemble or landscape which illustrates (a) significant stage(s) in human history; | (vi) to be directly or tangibly associated with events or living traditions, with ideas, or with beliefs, with artistic and literary works of outstanding universal significance;",,,,,,,,,,,,,,,,,,,,,,,,,,,,,,,,,,,,,,,,,,,,,,,,,,,,,,,,,,,,,,,,,,No,
268.0,Abbey of St Gall,Switzerland,skipped; bvhp,,,,,,,,,"(ii) to exhibit an important interchange of human values, over a span of time or within a cultural area of the world, on developments in architecture or technology, monumental arts, town-planning or landscape design; | (iv) to be an outstanding example of a type of building, architectural or technological ensemble or landscape which illustrates (a) significant stage(s) in human history;",,,,,,,,,,,,,,,,,,,,,,,,,,,,,,,,,,,,,,,,,,,,,,,,,,,,,,,,,,,,,,,,,,No,
15.0,Aksum,Ethiopia,skipped; bvhp,,,,,,,,,"(i) to represent a masterpiece of human creative genius; | (iv) to be an outstanding example of a type of building, architectural or technological ensemble or landscape which illustrates (a) significant stage(s) in human history;",,,,,,,,,,,,,,,,,,,,,,,,,,,,,,,,,,,,,,,,,,,,,,,,,,,,,,,,,,,,,,,,,,No,
1730.0,Funerary Tradition in the Prehistory of Sardinia – <em>The domus de janas</em>,Italy,ouv absent,,,,,,,,,(iii) to bear a unique or at least exceptional testimony to a cultural tradition or to a civilization which is living or which has disappeared;,,,,,,,,,,,,,,,,,,,,,,,,,,,,,,,,,,,,,,,,,,,,,,,,,,,,,,,,,,,,,,,,,,No,
267.0,Old City of Berne,Switzerland,"Baroque, Late Baroque, Medieval urban structure, Arcades, Fountains, Bridges, Cathedral",Internal (DS/OUV),,12th century to 19th century (Founding: 12th century; extensions: 12th–14th; restorations/fountains: 16th century; patrician houses: 17th century; major transformations: 18th century; public monuments: 19th century),Internal (DS/OUV),,European High Middle Ages / Swiss,Internal (DS/OUV),,(iii) to bear a unique or at least exceptional testimony to a cultural tradition or to a civilization which is living or which has disappeared;,Internal (DS/OUV),,Sandy limestone,Internal (DS/OUV),,Sedimentary Rock,Internal (DS/OUV),,,,,,,,Sandy limestone,Internal (DS/OUV),,,,,,,,,,,,,,,,,,,,,,,Local (implied by regional geographic setting on the Swiss plateau),,,,,,"Arcades, house facades, patrician houses, public monuments, foundations, arches, bridges, towers, walls, cathedral",Internal (DS/OUV),,"Picturesque fountains, arcades, facades",Internal (DS/OUV),,"Arcades supported by arches, structured stone construction",Internal (DS/OUV),,,,,,,,"Restoration carried out on towers, walls, and continuous renewal of built substance respecting original plan",Internal (DS/OUV),,Good,,,Yes,
1042.0,Old City of Acre,Israel,skipped; bvhp,,,,,,,,,"(ii) to exhibit an important interchange of human values, over a span of time or within a cultural area of the world, on developments in architecture or technology, monumental arts, town-planning or landscape design; | (iii) to bear a unique or at least exceptional testimony to a cultural tradition or to a civilization which is living or which has disappeared; | (v) to be an outstanding example of a traditional human settlement, land-use, or sea-use which is representative of a culture (or cultures), or human interaction with the environment especially when it has become vulnerable under the impact of irreversible change;",,,,,,,,,,,,,,,,,,,,,,,,,,,,,,,,,,,,,,,,,,,,,,,,,,,,,,,,,,,,,,,,,,No,
950.0,Royal Hill of Ambohimanga,Madagascar,skipped,,,,,,,,,"(iii) to bear a unique or at least exceptional testimony to a cultural tradition or to a civilization which is living or which has disappeared; | (iv) to be an outstanding example of a type of building, architectural or technological ensemble or landscape which illustrates (a) significant stage(s) in human history; | (vi) to be directly or tangibly associated with events or living traditions, with ideas, or with beliefs, with artistic and literary works of outstanding universal significance;",,,,,,,,,,,,,,,,,,,,,,,,,,,,,,,,,,,,,,,,,,,,,,,,,,,,,,,,,,,,,,,,,,No,
728.0,Old and New Towns of Edinburgh,United Kingdom of Great Britain and Northern Ireland,skipped; bp,,,,,,,,,"(ii) to exhibit an important interchange of human values, over a span of time or within a cultural area of the world, on developments in architecture or technology, monumental arts, town-planning or landscape design; | (iv) to be an outstanding example of a type of building, architectural or technological ensemble or landscape which illustrates (a) significant stage(s) in human history;",,,,,,,,,,,,,,,,,,,,,,,,,,,,,,,,,,,,,,,,,,,,,,,,,,,,,,,,,,,,,,,,,,No,
817.0,Hwaseong Fortress,Republic of Korea,skipped; but highly posssible,,,,,,,,,"(ii) to exhibit an important interchange of human values, over a span of time or within a cultural area of the world, on developments in architecture or technology, monumental arts, town-planning or landscape design; | (iii) to bear a unique or at least exceptional testimony to a cultural tradition or to a civilization which is living or which has disappeared;",,,,,,,,,,,,,,,,,,,,,,,,,,,,,,,,,,,,,,,,,,,,,,,,,,,,,,,,,,,,,,,,,,Yes,
948.0,Hoi An Ancient Town,Viet Nam,skipped; but possible,,,,,,,,,"(ii) to exhibit an important interchange of human values, over a span of time or within a cultural area of the world, on developments in architecture or technology, monumental arts, town-planning or landscape design; | (v) to be an outstanding example of a traditional human settlement, land-use, or sea-use which is representative of a culture (or cultures), or human interaction with the environment especially when it has become vulnerable under the impact of irreversible change;",,,,,,,,,,,,,,,,,,,,,,,,,,,,,,,,,,,,,,,,,,,,,,,,,,,,,,,,,,,,,,,,,,No,
678.0,Complex of Hué Monuments,Viet Nam,skipped; but possible,,,,,,,,,"(iv) to be an outstanding example of a type of building, architectural or technological ensemble or landscape which illustrates (a) significant stage(s) in human history;",,,,,,,,,,,,,,,,,,,,,,,,,,,,,,,,,,,,,,,,,,,,,,,,,,,,,,,,,,,,,,,,,,No,
114.0,Persepolis,Iran (Islamic Republic of),skipped; bvvvhp,,,,,,,,,"(i) to represent a masterpiece of human creative genius; | (iii) to bear a unique or at least exceptional testimony to a cultural tradition or to a civilization which is living or which has disappeared; | (vi) to be directly or tangibly associated with events or living traditions, with ideas, or with beliefs, with artistic and literary works of outstanding universal significance;",,,,,,,,,,,,,,,,,,,,,,,,,,,,,,,,,,,,,,,,,,,,,,,,,,,,,,,,,,,,,,,,,,Yes,
483.0,Pre-Hispanic City of Chichen-Itza,Mexico,skipped; bvvvhp,,,,,,,,,"(i) to represent a masterpiece of human creative genius; | (ii) to exhibit an important interchange of human values, over a span of time or within a cultural area of the world, on developments in architecture or technology, monumental arts, town-planning or landscape design; | (iii) to bear a unique or at least exceptional testimony to a cultural tradition or to a civilization which is living or which has disappeared;",,,,,,,,,,,,,,,,,,,,,,,,,,,,,,,,,,,,,,,,,,,,,,,,,,,,,,,,,,,,,,,,,,No,
1459.0,"Qhapaq Ñan, Andean Road System","Argentina,Bolivia (Plurinational State of),Chile,Colombia,Ecuador,Peru",skipped,,,,,,,,,"(ii) to exhibit an important interchange of human values, over a span of time or within a cultural area of the world, on developments in architecture or technology, monumental arts, town-planning or landscape design; | (iii) to bear a unique or at least exceptional testimony to a cultural tradition or to a civilization which is living or which has disappeared; | (iv) to be an outstanding example of a type of building, architectural or technological ensemble or landscape which illustrates (a) significant stage(s) in human history; | (vi) to be directly or tangibly associated with events or living traditions, with ideas, or with beliefs, with artistic and literary works of outstanding universal significance;",,,,,,,,,,,,,,,,,,,,,,,,,,,,,,,,,,,,,,,,,,,,,,,,,,,,,,,,,,,,,,,,,,No,
135.0,Fortifications on the Caribbean Side of Panama: Portobelo-San Lorenzo,Panama,skipped,,,,,,,,,"(i) to represent a masterpiece of human creative genius; | (iv) to be an outstanding example of a type of building, architectural or technological ensemble or landscape which illustrates (a) significant stage(s) in human history;",,,,,,,,,,,,,,,,,,,,,,,,,,,,,,,,,,,,,,,,,,,,,,,,,,,,,,,,,,,,,,,,,,No,
1455.0,Susa,Iran (Islamic Republic of),skipped; but highly possible,,,,,,,,,"(i) to represent a masterpiece of human creative genius; | (ii) to exhibit an important interchange of human values, over a span of time or within a cultural area of the world, on developments in architecture or technology, monumental arts, town-planning or landscape design; | (iii) to bear a unique or at least exceptional testimony to a cultural tradition or to a civilization which is living or which has disappeared; | (iv) to be an outstanding example of a type of building, architectural or technological ensemble or landscape which illustrates (a) significant stage(s) in human history;",,,,,,,,,,,,,,,,,,,,,,,,,,,,,,,,,,,,,,,,,,,,,,,,,,,,,,,,,,,,,,,,,,No,
59.0,Bryggen,Norway,skipped,,,,,,,,,(iii) to bear a unique or at least exceptional testimony to a cultural tradition or to a civilization which is living or which has disappeared;,,,,,,,,,,,,,,,,,,,,,,,,,,,,,,,,,,,,,,,,,,,,,,,,,,,,,,,,,,,,,,,,,,No,
1221.0,Rideau Canal,Canada,skipped; bp,,,,,,,,,"(i) to represent a masterpiece of human creative genius; | (iv) to be an outstanding example of a type of building, architectural or technological ensemble or landscape which illustrates (a) significant stage(s) in human history;",,,,,,,,,,,,,,,,,,,,,,,,,,,,,,,,,,,,,,,,,,,,,,,,,,,,,,,,,,,,,,,,,,No,
263.0,Monastery of the Hieronymites and Tower of Belém in Lisbon,Portugal,skipped; bvhp,,,,,,,,,"(iii) to bear a unique or at least exceptional testimony to a cultural tradition or to a civilization which is living or which has disappeared; | (vi) to be directly or tangibly associated with events or living traditions, with ideas, or with beliefs, with artistic and literary works of outstanding universal significance;",,,,,,,,,,,,,,,,,,,,,,,,,,,,,,,,,,,,,,,,,,,,,,,,,,,,,,,,,,,,,,,,,,No,
850.0,Ouadi Qadisha (the Holy Valley) and the Forest of the Cedars of God (Horsh Arz el-Rab),Lebanon,skipped; bvvvhp,,,,,,,,,"(iii) to bear a unique or at least exceptional testimony to a cultural tradition or to a civilization which is living or which has disappeared; | (iv) to be an outstanding example of a type of building, architectural or technological ensemble or landscape which illustrates (a) significant stage(s) in human history;",,,,,,,,,,,,,,,,,,,,,,,,,,,,,,,,,,,,,,,,,,,,,,,,,,,,,,,,,,,,,,,,,,No,
1444.0,Pyu Ancient Cities,Myanmar,skipped; bvhp,,,,,,,,,"(ii) to exhibit an important interchange of human values, over a span of time or within a cultural area of the world, on developments in architecture or technology, monumental arts, town-planning or landscape design; | (iii) to bear a unique or at least exceptional testimony to a cultural tradition or to a civilization which is living or which has disappeared; | (iv) to be an outstanding example of a type of building, architectural or technological ensemble or landscape which illustrates (a) significant stage(s) in human history;",,,,,,,,,,,,,,,,,,,,,,,,,,,,,,,,,,,,,,,,,,,,,,,,,,,,,,,,,,,,,,,,,,No,
1493.0,Pampulha Modern Ensemble,Brazil,skipped;,,,,,,,,,"(i) to represent a masterpiece of human creative genius; | (ii) to exhibit an important interchange of human values, over a span of time or within a cultural area of the world, on developments in architecture or technology, monumental arts, town-planning or landscape design; | (iv) to be an outstanding example of a type of building, architectural or technological ensemble or landscape which illustrates (a) significant stage(s) in human history;",,,,,,,,,,,,,,,,,,,,,,,,,,,,,,,,,,,,,,,,,,,,,,,,,,,,,,,,,,,,,,,,,,No,
1610.0,Ombilin Coal Mining Heritage of Sawahlunto,Indonesia,"Colonial, Regency, Traditional Javanese, Purpose-built Industrial Mining Town",Internal (DS/OUV),,Late 19th century to early 20th century,Internal (DS/OUV),,Netherlands East Indies / Colonial Indonesia,Internal (DS/OUV),,"(ii) to exhibit an important interchange of human values, over a span of time or within a cultural area of the world, on developments in architecture or technology, monumental arts, town-planning or landscape design; | (iv) to be an outstanding example of a type of building, architectural or technological ensemble or landscape which illustrates (a) significant stage(s) in human history;",Internal (DS/OUV),,Coal (industrial / strategic resource),Internal (DS/OUV),,Sedimentary Rock,,,,,,,,,High-quality / Industrial-grade Bituminous Coal,Internal (DS/OUV),,Tertiary (Eocene to Miocene Ombilin Formation),Internal (DS/OUV),,Ombilin Formation,Internal (DS/OUV),,,,,,,,,,,Ombilin Basin Open-Pit Mines and Underground Tunnels (Sawahlunto),Internal (DS/OUV),,Indonesia (West Sumatra),Internal (DS/OUV),,Local geological resource extraction,Internal (DS/OUV),,155 km mountain rack railway linking Sawahlunto to Emmahaven Seaport,Internal (DS/OUV),,"Shaft and tunnel mine structures, railway bridges, tunnels, harbour silos, company town buildings",Internal (DS/OUV),,,,,"Rock-blast tunneling, inclined rail bridge construction, deep-bore vertical tunneling",Internal (DS/OUV),,Tropical conditions and rapid growth of vegetation causing degradation,Internal (DS/OUV),,,,,Revitalisation of the historic railway route and adaptive reuse of historic structures,Internal (DS/OUV),,Good,,,Yes,
785.0,Semmering Railway,Austria,skipped;,,,,,,,,,"(ii) to exhibit an important interchange of human values, over a span of time or within a cultural area of the world, on developments in architecture or technology, monumental arts, town-planning or landscape design; | (iv) to be an outstanding example of a type of building, architectural or technological ensemble or landscape which illustrates (a) significant stage(s) in human history;",,,,,,,,,,,,,,,,,,,,,,,,,,,,,,,,,,,,,,,,,,,,,,,,,,,,,,,,,,,,,,,,,,No,
784.0,Historic Centre of the City of Salzburg,Austria,skipped; bp,,,,,,,,,"(ii) to exhibit an important interchange of human values, over a span of time or within a cultural area of the world, on developments in architecture or technology, monumental arts, town-planning or landscape design; | (iv) to be an outstanding example of a type of building, architectural or technological ensemble or landscape which illustrates (a) significant stage(s) in human history; | (vi) to be directly or tangibly associated with events or living traditions, with ideas, or with beliefs, with artistic and literary works of outstanding universal significance;",,,,,,,,,,,,,,,,,,,,,,,,,,,,,,,,,,,,,,,,,,,,,,,,,,,,,,,,,,,,,,,,,,No,
913.0,Shrines and Temples of Nikko,Japan,skipped,,,,,,,,,"(i) to represent a masterpiece of human creative genius; | (iv) to be an outstanding example of a type of building, architectural or technological ensemble or landscape which illustrates (a) significant stage(s) in human history; | (vi) to be directly or tangibly associated with events or living traditions, with ideas, or with beliefs, with artistic and literary works of outstanding universal significance;",,,,,,,,,,,,,,,,,,,,,,,,,,,,,,,,,,,,,,,,,,,,,,,,,,,,,,,,,,,,,,,,,,No,
529.0,Jesuit Missions of the Chiquitos,Bolivia (Plurinational State of),skipped; bhp,,,,,,,,,"(iv) to be an outstanding example of a type of building, architectural or technological ensemble or landscape which illustrates (a) significant stage(s) in human history; | (v) to be an outstanding example of a traditional human settlement, land-use, or sea-use which is representative of a culture (or cultures), or human interaction with the environment especially when it has become vulnerable under the impact of irreversible change;",,,,,,,,,,,,,,,,,,,,,,,,,,,,,,,,,,,,,,,,,,,,,,,,,,,,,,,,,,,,,,,,,,No,
55.0,Røros Mining Town and the Circumference,Norway,skipped; bhp; minig town,,,,,,,,,"(iii) to bear a unique or at least exceptional testimony to a cultural tradition or to a civilization which is living or which has disappeared; | (iv) to be an outstanding example of a type of building, architectural or technological ensemble or landscape which illustrates (a) significant stage(s) in human history; | (v) to be an outstanding example of a traditional human settlement, land-use, or sea-use which is representative of a culture (or cultures), or human interaction with the environment especially when it has become vulnerable under the impact of irreversible change;",,,,,,,,,,,,,,,,,,,,,,,,,,,,,,,,,,,,,,,,,,,,,,,,,,,,,,,,,,,,,,,,,,No,
1622.0,Arslantepe Mound,Türkiye,"Palace complex, adobe houses, Royal Tomb complex, settlement plan and layout, monumental architecture",Internal (DS/OUV),,"Late Chalcolithic 1–2 (4300–3900 BCE), Late Chalcolithic 5 (3400–3100 BCE), Early Bronze Age, Middle & Late Bronze Ages, Hittite, Neo-Hittite, up to late Roman & Medieval periods",Internal (DS/OUV),,"Late Chalcolithic, Early Bronze Age, Paleo-Assyrian, Hittite, Neo-Hittite, Roman, Medieval",Internal (DS/OUV),,(iii) to bear a unique or at least exceptional testimony to a cultural tradition or to a civilization which is living or which has disappeared;,Internal (DS/OUV),,Adobe (mud-brick/mud plaster with straw tempering),Internal (DS/OUV),,Sedimentary Rock,,,,,,,,,Unbaked mud / clay sediment mixed with straw (Adobe),Internal (DS/OUV),,,,,,,,,,,,,,Clay minerals (mud),Internal (DS/OUV),,,,,,,,Local (materials sourced from the fertile Malatya plain and Euphrates River basin),Internal (DS/OUV),,,,,"Walls, floors, roof shelter support, internal structural features",Internal (DS/OUV),,Wall plaster and wall paintings,Internal (DS/OUV),,"Mud-brick / adobe masonry with straw tempering, mud plaster coating",Internal (DS/OUV),,Fragile nature of exposed adobe remains subject to environmental conditions,Internal (DS/OUV),,,,,Minor repairs using original materials (mud and straw tempering); no major structural reconstructions,Internal (DS/OUV),,Excellent,,,Yes,
1539.0,Tarnowskie Góry Lead-Silver-Zinc Mine and its Underground Water Management System,Poland,"Underground mine adits, shafts, galleries, surface mining relics, waste heaps, and 19th-century steam water pumping station",Internal (DS/OUV),,Mid-sixteenth to late-nineteenth century,Internal (DS/OUV),,Central European / Silesian Industrial,Internal (DS/OUV),,"(i) to represent a masterpiece of human creative genius; | (ii) to exhibit an important interchange of human values, over a span of time or within a cultural area of the world, on developments in architecture or technology, monumental arts, town-planning or landscape design; | (iv) to be an outstanding example of a type of building, architectural or technological ensemble or landscape which illustrates (a) significant stage(s) in human history;",,,Not mentioned; but metallic zinc ore mention expected,,,,,,,,,,,,,,,,,,European metalliferous deposits ,Internal (DS/OUV),,,,,,,,"Lead, Silver, Zinc (Ore minerals mentioned; rock minerals NA)",Internal (DS/OUV),,,,,,,,,,,,,,"Shafts, adits, drainage tunnels, galleries, pumping station",Internal (DS/OUV),,,,,,,,,,,,,,Conservation Management Plan being developed; ongoing research and documentation,Internal (DS/OUV),,Good,,,Yes,
1484.0,"Sites of Japan’s Meiji Industrial Revolution: Iron and Steel, Shipbuilding and Coal Mining",Japan,"iron and steel, shipbuilding and coal mining, particularly to meet defence needs; Edo Period, Building, Plan, Structure, Traditional",Internal (DS/OUV),,Middle of the 19th century to early 20th century (1850s to 1910s),Internal (DS/OUV),,Late Edo / Bakumatsu to Meiji Era Japan,Internal (DS/OUV),,"(ii) to exhibit an important interchange of human values, over a span of time or within a cultural area of the world, on developments in architecture or technology, monumental arts, town-planning or landscape design; | (iv) to be an outstanding example of a type of building, architectural or technological ensemble or landscape which illustrates (a) significant stage(s) in human history;",Internal (DS/OUV),,Coal (Note: Coal is a sedimentary rock/fossil fuel cited under general stones),Internal (DS/OUV),,Sedimentary Rock,Internal (DS/OUV),,,,,,,,,,,,,,,,,,,,,,,,,,,,,,,,Local materials (and Western technology adapted to local materials),Internal (DS/OUV),,,,,,,,,,,,,,"Deterioration / poor condition at specific component sites (e.g., Hashima Coal Mine, Miike Coal Mine and Miike Port, Repair shop at Imperial Steel Works)",Internal (DS/OUV),,,,,Temporary measures in place at the Repair shop at Imperial Steel Works; Conservation management plans developed for components,,,Poor,,,Yes,
786.0,Palace and Gardens of Schönbrunn,Austria,skipped;,,,,,,,,,"(i) to represent a masterpiece of human creative genius; | (iv) to be an outstanding example of a type of building, architectural or technological ensemble or landscape which illustrates (a) significant stage(s) in human history;",,,,,,,,,,,,,,,,,,,,,,,,,,,,,,,,,,,,,,,,,,,,,,,,,,,,,,,,,,,,,,,,,,No,
4.0,L’Anse aux Meadows National Historic Site,Canada,skipped;,,,,,,,,,"(vi) to be directly or tangibly associated with events or living traditions, with ideas, or with beliefs, with artistic and literary works of outstanding universal significance;",,,peat bog,,,,,,,,,,,,,,,,,,,,,,,,,,,,,,,,,,,,,,,,,,,,,,,,,,,,,,,,,,,,,,,Yes,
729.0,"Bauhaus and its Sites in Weimar, Dessau and Bernau",Germany,skipped;,,,,,,,,,"(ii) to exhibit an important interchange of human values, over a span of time or within a cultural area of the world, on developments in architecture or technology, monumental arts, town-planning or landscape design; | (iv) to be an outstanding example of a type of building, architectural or technological ensemble or landscape which illustrates (a) significant stage(s) in human history; | (vi) to be directly or tangibly associated with events or living traditions, with ideas, or with beliefs, with artistic and literary works of outstanding universal significance;",,,,,,,,,,,,,,,,,,,,,,,,,,,,,,,,,,,,,,,,,,,,,,,,,,,,,,,,,,,,,,,,,,No,
675.0,Joya de Cerén Archaeological Site,El Salvador,"Civic, religious, household buildings, storehouses, kitchen, sweat bath (sauna), public buildings, plaza",Internal (DS/OUV),,Late Classic Period (c. AD 500 – AD 600 / 7th Century AD),Internal (DS/OUV),,Maya (Pre-Hispanic Mesoamerican farming community),Internal (DS/OUV),,"(iii) to bear a unique or at least exceptional testimony to a cultural tradition or to a civilization which is living or which has disappeared; | (iv) to be an outstanding example of a type of building, architectural or technological ensemble or landscape which illustrates (a) significant stage(s) in human history;",Internal (DS/OUV),,"Volcanic Ash (Note: Main building materials are earth, clay, rammed earth, and wattle & daub)",Internal (DS/OUV),,Igneous Rock,Internal (DS/OUV),,,,,,,,Volcanic ash deposits / Pyroclastic tephra (Loma Caldera / Ilopango eruptions),Internal (DS/OUV),,Quaternary / Holocene,,,Laguna Caldera / Loma Caldera volcanic ash layers & Ilopango volcanic deposits,Internal (DS/OUV),,,,,,,,,,,El Salvador,Internal (DS/OUV),,,,,Local earthen materials and weathered volcanic ash soil,Internal (DS/OUV),,,,,"Earthen structures, clay-built walls, rammed earth for public buildings/sauna, wattle & daub for household structures",Internal (DS/OUV),,,,,Rammed earth (tapia) and Wattle & Daub (earthquakes resistant),Internal (DS/OUV),,"Degradation due to tropical conditions, fragile earthen fabric requiring protective roofing/shelters",Internal (DS/OUV),,,,,"Construction of protective shelters, roofing, and continuous conservation interventions by the Archaeology Department",Internal (DS/OUV),,Excellent,,,No,
80.0,Mont-Saint-Michel and its Bay,France,"Gothic, Romanesque, Flamboyant Gothic (choir), Pre-Romanesque",Internal (DS/OUV),,10th to 16th centuries (founding of sanctuary in 708; Benedictine abbey in 966; Romanesque/Gothic additions 11th–16th c.),Internal (DS/OUV),,Medieval Christian Civilization / French Benedictine,Internal (DS/OUV),,"(i) to represent a masterpiece of human creative genius; | (iii) to bear a unique or at least exceptional testimony to a cultural tradition or to a civilization which is living or which has disappeared; | (vi) to be directly or tangibly associated with events or living traditions, with ideas, or with beliefs, with artistic and literary works of outstanding universal significance;",Internal (DS/OUV),,Granite,Internal (DS/OUV),,Igneous Rock,Internal (DS/OUV),,Flat bricks (used with granite masonry in Notre-Dame-sous-terre),Internal (DS/OUV),,,,,Granitic rock summit / islet base; granite masonry,Internal (DS/OUV),,,,,,,,,,,,,,,,,,,,France,Internal (DS/OUV),,Local (rock summit / surrounding rocky islet),Internal (DS/OUV),,,,,"Foundation/crossing supported by rock summit; high load-bearing walls, ribbed vaults, double nave",Internal (DS/OUV),,Cloister with colonnettes grouped in five; airy pinnacles,Internal (DS/OUV),,Granite masonry paired with flat bricks,Internal (DS/OUV),,Siltation/silting up of the bay; vulnerability of surrounding rocks to natural phenomena/coastal dynamics,Internal (DS/OUV),,,,,Restoration of Romanesque choir (1448); 19th-century dignity restorations; Spire construction (1897); Periodic rock consolidation works,Internal (DS/OUV),,Good,,,No,
1066.0,Upper Middle Rhine Valley,Germany,"Building, Monument, Plan, Structure, Traditional; Castle, Fort, Fortress, Gate, Terrace",Internal (DS/OUV),,"Over 2,000 years (fortresses/castles erected over ~1,000 years)",Internal (DS/OUV),,Western European / Roman & Medieval Germanic settlements,Internal (DS/OUV),,"(ii) to exhibit an important interchange of human values, over a span of time or within a cultural area of the world, on developments in architecture or technology, monumental arts, town-planning or landscape design; | (iv) to be an outstanding example of a type of building, architectural or technological ensemble or landscape which illustrates (a) significant stage(s) in human history; | (v) to be an outstanding example of a traditional human settlement, land-use, or sea-use which is representative of a culture (or cultures), or human interaction with the environment especially when it has become vulnerable under the impact of irreversible change;",Internal (DS/OUV),,"Slate, Sandstone",Internal (DS/OUV),,Metamorphic Rock,Internal (DS/OUV),,Clay-slates,Internal (DS/OUV),,,,,"Clay-slates, hard sandstone, slate",Internal (DS/OUV),,,,,Rhenish Slate Mountains,Internal (DS/OUV),,,,,,,,,,,,,,,,,Local (River cut through regional Rhenish Slate formations),Internal (DS/OUV),,,,,"Castles, fortresses, town walls, vineyard terracing, building construction",Internal (DS/OUV),,,,,"Terracing, hillside fortification masonry",Internal (DS/OUV),,,,,,,,19th-century Romantic movement restorations/reconstructions,Internal (DS/OUV),,Good,,,No,
65.0,Antigua Guatemala,Guatemala,skipped; bp,,,,,,,,,"(ii) to exhibit an important interchange of human values, over a span of time or within a cultural area of the world, on developments in architecture or technology, monumental arts, town-planning or landscape design; | (iii) to bear a unique or at least exceptional testimony to a cultural tradition or to a civilization which is living or which has disappeared; | (iv) to be an outstanding example of a type of building, architectural or technological ensemble or landscape which illustrates (a) significant stage(s) in human history;",,,,,,,,,,,,,,,,,,,,,,,,,,,,,,,,,,,,,,,,,,,,,,,,,,,,,,,,,,,,,,,,,,No,
1111.0,Cultural Landscape of Honghe Hani Rice Terraces,China,"Traditional, Vernacular",Internal (DS/OUV),,"Over the past 1,300 years (at least a millennium)",Internal (DS/OUV),,Hani People,Internal (DS/OUV),,"(iii) to bear a unique or at least exceptional testimony to a cultural tradition or to a civilization which is living or which has disappeared; | (v) to be an outstanding example of a traditional human settlement, land-use, or sea-use which is representative of a culture (or cultures), or human interaction with the environment especially when it has become vulnerable under the impact of irreversible change;",Internal (DS/OUV),,"Sandstone, Granite, Adobe",Internal (DS/OUV),,Sedimentary Rock,Internal (DS/OUV),,Earth and Stone (mixed masonry),Internal (DS/OUV),,,,,,,,,,,Ailao Mountains / Mountainous terrain,Internal (DS/OUV),,Red (referring to red rice soil/earth); specific stone colors NA,Internal (DS/OUV),,,,,,,,,,,China,,,Local (sourced beneath and within the Ailao Mountains),Internal (DS/OUV),,,,,"Terraces, wall construction, base backdrop for water entrapment/springs, and house walls",Internal (DS/OUV),,,,,Earth and stone walls; rammed earth; adobe bricks,Internal (DS/OUV),,Landslides (due to 25% average slopes),Internal (DS/OUV),,Concrete bricks (replacing traditional adobe/stone materials),Internal (DS/OUV),,"Guidelines for Conservation, Renovation and Environmental Treatment of Traditional Hani Residences",Internal (DS/OUV),,Good,,,Yes,
1635.0,"Nice, Winter Resort Town of the Riviera",France,skipped; but possible,,,,,,,,,"(ii) to exhibit an important interchange of human values, over a span of time or within a cultural area of the world, on developments in architecture or technology, monumental arts, town-planning or landscape design;",,,,,,,,,,,,,,,,,,,,,,,,,,,,,,,,,,,,,,,,,,,,,,,,,,,,,,,,,,,,,,,,,,No,
657.0,Architectural Ensemble of the Trinity Sergius Lavra in Sergiev Posad,Russian Federation,skipped; bvhp,,,,,,,,,"(ii) to exhibit an important interchange of human values, over a span of time or within a cultural area of the world, on developments in architecture or technology, monumental arts, town-planning or landscape design; | (iv) to be an outstanding example of a type of building, architectural or technological ensemble or landscape which illustrates (a) significant stage(s) in human history;",,,,,,,,,,,,,,,,,,,,,,,,,,,,,,,,,,,,,,,,,,,,,,,,,,,,,,,,,,,,,,,,,,No,
517.0,Archaeological Site of Olympia,Greece,skipped; bvvhp,,,,,,,,,"(i) to represent a masterpiece of human creative genius; | (ii) to exhibit an important interchange of human values, over a span of time or within a cultural area of the world, on developments in architecture or technology, monumental arts, town-planning or landscape design; | (iii) to bear a unique or at least exceptional testimony to a cultural tradition or to a civilization which is living or which has disappeared; | (iv) to be an outstanding example of a type of building, architectural or technological ensemble or landscape which illustrates (a) significant stage(s) in human history; | (vi) to be directly or tangibly associated with events or living traditions, with ideas, or with beliefs, with artistic and literary works of outstanding universal significance;",,,,,,,,,,,,,,,,,,,,,,,,,,,,,,,,,,,,,,,,,,,,,,,,,,,,,,,,,,,,,,,,,,No,
743.0,National Archeological Park of Tierradentro,Colombia,Hypogea (underground shaft and side-chamber tombs); artificial residential terraces,Internal (DS/OUV),,600 AD to 900 AD (hypogea); pre-13th century AD,Internal (DS/OUV),,Tierradentro Culture (Pre-Hispanic Andean society),Internal (DS/OUV),,(iii) to bear a unique or at least exceptional testimony to a cultural tradition or to a civilization which is living or which has disappeared;,Internal (DS/OUV),,Volcanic tuff; stone of volcanic origin,Internal (DS/OUV),,,,,,,,,,,Volcanic Tuff,Internal (DS/OUV),,,,,,,,"Red, black, and white (pigments/paint on tuff matrix)",Internal (DS/OUV),,,,,,,,,,,,,,Local (tombs carved directly into bedrock below hilltops/ridges),Internal (DS/OUV),,,,,"Carved subterranean chambers, access stairs, central support columns, pilasters, and niches",Internal (DS/OUV),,"Anthropomorphic carvings, free-standing statues, and polychrome painted murals",Internal (DS/OUV),,Rock-cut / Hypogeum architecture (carved directly out of bedrock); wattle-and-daub (for residential structures),Internal (DS/OUV),,Alteration from high interior relative humidity and natural intrinsic fragility of the volcanic tuffs,Internal (DS/OUV),,,,,Reconstruction of structural columns and stairs in select cases; preventive conservation of paintings/carvings,Internal (DS/OUV),,Moderate,,,Yes,
1278.0,Historic Monuments and Sites in Kaesong,Democratic People's Republic of Korea,"skipped; but possible
",,,,,,,,,"(ii) to exhibit an important interchange of human values, over a span of time or within a cultural area of the world, on developments in architecture or technology, monumental arts, town-planning or landscape design; | (iii) to bear a unique or at least exceptional testimony to a cultural tradition or to a civilization which is living or which has disappeared;",,,,,,,,,,,,,,,,,,,,,,,,,,,,,,,,,,,,,,,,,,,,,,,,,,,,,,,,,,,,,,,,,,No,
204.0,Old Havana and its Fortification System,Cuba,kipped; bvhp,,,,,,,,,"(iv) to be an outstanding example of a type of building, architectural or technological ensemble or landscape which illustrates (a) significant stage(s) in human history; | (v) to be an outstanding example of a traditional human settlement, land-use, or sea-use which is representative of a culture (or cultures), or human interaction with the environment especially when it has become vulnerable under the impact of irreversible change;",,,skipped,,,,,,,,,,,,,,,,,,,,,,,,,,,,,,,,,,,,,,,,,,,,,,,,,,,,,,,,,,,,,,,No,
1447.0,Carolingian Westwork and Civitas Corvey,Germany,skipped; bvvhp,,,,,,,,,"(ii) to exhibit an important interchange of human values, over a span of time or within a cultural area of the world, on developments in architecture or technology, monumental arts, town-planning or landscape design; | (iii) to bear a unique or at least exceptional testimony to a cultural tradition or to a civilization which is living or which has disappeared; | (iv) to be an outstanding example of a type of building, architectural or technological ensemble or landscape which illustrates (a) significant stage(s) in human history;",,,skipped; but possible,,,,,,,,,,,,,,,,,,,,,,,,,,,,,,,,,,,,,,,,,,,,,,,,,,,,,,,,,,,,,,,No,
1273.0,Wooden Churches of the Slovak part of the Carpathian Mountain Area,Slovakia,skipped; but possible,,,,,,,,,"(iii) to bear a unique or at least exceptional testimony to a cultural tradition or to a civilization which is living or which has disappeared; | (iv) to be an outstanding example of a type of building, architectural or technological ensemble or landscape which illustrates (a) significant stage(s) in human history;",,,,,,,,,,,,,,,,,,,,,,,,,,,,,,,,,,,,,,,,,,,,,,,,,,,,,,,,,,,,,,,,,,No,
687.0,Völklingen Ironworks,Germany,skipped,,,,,,,,,"(ii) to exhibit an important interchange of human values, over a span of time or within a cultural area of the world, on developments in architecture or technology, monumental arts, town-planning or landscape design; | (iv) to be an outstanding example of a type of building, architectural or technological ensemble or landscape which illustrates (a) significant stage(s) in human history;",,,,,,,,,,,,,,,,,,,,,,,,,,,,,,,,,,,,,,,,,,,,,,,,,,,,,,,,,,,,,,,,,,No,
318.0,"Monastery and Site of the Escurial, Madrid",Spain,skipped,,,,,,,,,"(i) to represent a masterpiece of human creative genius; | (ii) to exhibit an important interchange of human values, over a span of time or within a cultural area of the world, on developments in architecture or technology, monumental arts, town-planning or landscape design; | (vi) to be directly or tangibly associated with events or living traditions, with ideas, or with beliefs, with artistic and literary works of outstanding universal significance;",,,,,,,,,,,,,,,,,,,,,,,,,,,,,,,,,,,,,,,,,,,,,,,,,,,,,,,,,,,,,,,,,,No,
272.0,Hanseatic City of Lübeck,Germany,sskipped,,,,,,,,,"(iv) to be an outstanding example of a type of building, architectural or technological ensemble or landscape which illustrates (a) significant stage(s) in human history;",,,,,,,,,,,,,,,,,,,,,,,,,,,,,,,,,,,,,,,,,,,,,,,,,,,,,,,,,,,,,,,,,,No,
690.0,Pilgrimage Church of St John of Nepomuk at Zelená Hora,Czechia,skipped; bp,,,,,,,,,"(iv) to be an outstanding example of a type of building, architectural or technological ensemble or landscape which illustrates (a) significant stage(s) in human history;",,,,,,,,,,,,,,,,,,,,,,,,,,,,,,,,,,,,,,,,,,,,,,,,,,,,,,,,,,,,,,,,,,No,
974.0,Monastic Island of Reichenau,Germany,skipped; bp,,,,,,,,,"(iii) to bear a unique or at least exceptional testimony to a cultural tradition or to a civilization which is living or which has disappeared; | (iv) to be an outstanding example of a type of building, architectural or technological ensemble or landscape which illustrates (a) significant stage(s) in human history; | (vi) to be directly or tangibly associated with events or living traditions, with ideas, or with beliefs, with artistic and literary works of outstanding universal significance;",,,,,,,,,,,,,,,,,,,,,,,,,,,,,,,,,,,,,,,,,,,,,,,,,,,,,,,,,,,,,,,,,,No,
180.0,"National History Park – Citadel, Sans Souci, Ramiers",Haiti,skipped; bp,,,,,,,,,"(iv) to be an outstanding example of a type of building, architectural or technological ensemble or landscape which illustrates (a) significant stage(s) in human history; | (vi) to be directly or tangibly associated with events or living traditions, with ideas, or with beliefs, with artistic and literary works of outstanding universal significance;",,,,,,,,,,,,,,,,,,,,,,,,,,,,,,,,,,,,,,,,,,,,,,,,,,,,,,,,,,,,,,,,,,No,
21.0,Ancient City of Aleppo,Syrian Arab Republic,skipped; but very highly possible,,,,,,,,,"(iii) to bear a unique or at least exceptional testimony to a cultural tradition or to a civilization which is living or which has disappeared; | (iv) to be an outstanding example of a type of building, architectural or technological ensemble or landscape which illustrates (a) significant stage(s) in human history;",,,,,,,,,,,,,,,,,,,,,,,,,,,,,,,,,,,,,,,,,,,,,,,,,,,,,,,,,,,,,,,,,,No,
1551.0,Historic City of Ahmadabad,India,skipped; but very very highly possible,,,,,,,,,"(ii) to exhibit an important interchange of human values, over a span of time or within a cultural area of the world, on developments in architecture or technology, monumental arts, town-planning or landscape design; | (v) to be an outstanding example of a traditional human settlement, land-use, or sea-use which is representative of a culture (or cultures), or human interaction with the environment especially when it has become vulnerable under the impact of irreversible change;",,,,,,,,,,,,,,,,,,,,,,,,,,,,,,,,,,,,,,,,,,,,,,,,,,,,,,,,,,,,,,,,,,No,
18.0,"Rock-Hewn Churches, Lalibela",Ethiopia,skipped; bvhp,,,,,,,,,"(i) to represent a masterpiece of human creative genius; | (ii) to exhibit an important interchange of human values, over a span of time or within a cultural area of the world, on developments in architecture or technology, monumental arts, town-planning or landscape design; | (iii) to bear a unique or at least exceptional testimony to a cultural tradition or to a civilization which is living or which has disappeared;",,,,,,,,,,,,,,,,,,,,,,,,,,,,,,,,,,,,,,,,,,,,,,,,,,,,,,,,,,,,,,,,,,No,
715.0,Rapa Nui National Park,Chile,Monumental sculpture and architecture; shrines; ahu (ceremonial platforms); moai (colossal stone statues); semi-subterranean stone-houses (elliptical floor plans); housing and productive structures.,Internal (DS/OUV),,c. A.D. 300 (initial settlement); 10th to 16th century / 11th to 17th centuries (major building and sculpting period).,Internal (DS/OUV),,Rapa Nui (Polynesian origin).,Internal (DS/OUV),,"(i) to represent a masterpiece of human creative genius; | (iii) to bear a unique or at least exceptional testimony to a cultural tradition or to a civilization which is living or which has disappeared; | (v) to be an outstanding example of a traditional human settlement, land-use, or sea-use which is representative of a culture (or cultures), or human interaction with the environment especially when it has become vulnerable under the impact of irreversible change;",Internal (DS/OUV),,"Basalt, Lava, Tuff (yellow–brown lava tuff).",Internal (DS/OUV),,Igneous Rock,,,"Red stone (used for moai headdresses / pukao); hard basalt (used for picks/toki); beach pebbles (rounded, used for ramp paving).",Internal (DS/OUV),,toki (hard basalt picks); pukao (red stone headdresses - implied context).,Internal (DS/OUV),,,,,,,,"Volcanic lava, tuff, volcanic formations (Rano Raraku, Rano Kau volcano).",Internal (DS/OUV),,Yellow–brown (lava tuff); Red (stone headdresses).,Internal (DS/OUV),,,,,,,,Rano Raraku (and others).,Internal (DS/OUV),,Chile (Easter Island / Rapa Nui).,Internal (DS/OUV),,Local (quarried and extracted on the island).,Internal (DS/OUV),,,,,"ahu (ceremonial platform structures filled with rubble, raised rectangular platform of large worked stones); semi-subterranean stone houses; housing and productive structures.",Internal (DS/OUV),,moai statues (colossal statues representing ancestors); red stone headdresses (pukao); petroglyphs and pictographs (rock art).,Internal (DS/OUV),,Carved from tuff using hard basalt picks (toki); lowered down slopes into dug holes; raised rectangular platforms of large worked stones; re-erection/anastylosis.,Internal (DS/OUV),,Weathering effects on volcanic lava and tuff; anthropic factors; invasive vegetation affecting structural stability.,Internal (DS/OUV),,Replacement red stone headdresses (during restoration/anastylosis).,Internal (DS/OUV),,Anastylosis; re-erection of fallen moai; controlled scientific investigations for ahu restoration/reconstruction.,Internal (DS/OUV),,Excellent,,,Yes,
498.0,Medina of Sousse,Tunisia,skipped; vhp,,,,,,,,,"(iii) to bear a unique or at least exceptional testimony to a cultural tradition or to a civilization which is living or which has disappeared; | (iv) to be an outstanding example of a type of building, architectural or technological ensemble or landscape which illustrates (a) significant stage(s) in human history; | (v) to be an outstanding example of a traditional human settlement, land-use, or sea-use which is representative of a culture (or cultures), or human interaction with the environment especially when it has become vulnerable under the impact of irreversible change;",,,,,,,,,,,,,,,,,,,,,,,,,,,,,,,,,,,,,,,,,,,,,,,,,,,,,,,,,,,,,,,,,,No,
441.0,Mausoleum of the First Qin Emperor,China,skipped; but very highly possible,,,,,,,,,"(i) to represent a masterpiece of human creative genius; | (iii) to bear a unique or at least exceptional testimony to a cultural tradition or to a civilization which is living or which has disappeared; | (iv) to be an outstanding example of a type of building, architectural or technological ensemble or landscape which illustrates (a) significant stage(s) in human history; | (vi) to be directly or tangibly associated with events or living traditions, with ideas, or with beliefs, with artistic and literary works of outstanding universal significance;",,,,,,,,,,,,,,,,,,,,,,,,,,,,,,,,,,,,,,,,,,,,,,,,,,,,,,,,,,,,,,,,,,No,
1517.0,Archaeological Site of Philippi,Greece,skipped; bp,,,,,,,,,"(iii) to bear a unique or at least exceptional testimony to a cultural tradition or to a civilization which is living or which has disappeared; | (iv) to be an outstanding example of a type of building, architectural or technological ensemble or landscape which illustrates (a) significant stage(s) in human history;",,,,,,,,,,,,,,,,,,,,,,,,,,,,,,,,,,,,,,,,,,,,,,,,,,,,,,,,,,,,,,,,,,No,
425.0,Blenheim Palace,United Kingdom of Great Britain and Northern Ireland,skipped;,,,,,,,,,"(ii) to exhibit an important interchange of human values, over a span of time or within a cultural area of the world, on developments in architecture or technology, monumental arts, town-planning or landscape design; | (iv) to be an outstanding example of a type of building, architectural or technological ensemble or landscape which illustrates (a) significant stage(s) in human history;",,,,,,,,,,,,,,,,,,,,,,,,,,,,,,,,,,,,,,,,,,,,,,,,,,,,,,,,,,,,,,,,,,No,
1260.0,Mehmed Paša Sokolović Bridge in Višegrad,Bosnia and Herzegovina,skipped; but possible,,,,,,,,,"(ii) to exhibit an important interchange of human values, over a span of time or within a cultural area of the world, on developments in architecture or technology, monumental arts, town-planning or landscape design; | (iv) to be an outstanding example of a type of building, architectural or technological ensemble or landscape which illustrates (a) significant stage(s) in human history;",,,,,,,,,,,,,,,,,,,,,,,,,,,,,,,,,,,,,,,,,,,,,,,,,,,,,,,,,,,,,,,,,,No,
420.0,City of Potosí,Bolivia (Plurinational State of),skipped but vey highly possible,,,,,,,,,"(ii) to exhibit an important interchange of human values, over a span of time or within a cultural area of the world, on developments in architecture or technology, monumental arts, town-planning or landscape design; | (iv) to be an outstanding example of a type of building, architectural or technological ensemble or landscape which illustrates (a) significant stage(s) in human history; | (vi) to be directly or tangibly associated with events or living traditions, with ideas, or with beliefs, with artistic and literary works of outstanding universal significance;",,,,,,,,,,,,,,,,,,,,,,,,,,,,,,,,,,,,,,,,,,,,,,,,,,,,,,,,,,,,,,,,,,No,
1443.0,The Grand Canal,China,skipped,,,,,,,,,"(i) to represent a masterpiece of human creative genius; | (iii) to bear a unique or at least exceptional testimony to a cultural tradition or to a civilization which is living or which has disappeared; | (iv) to be an outstanding example of a type of building, architectural or technological ensemble or landscape which illustrates (a) significant stage(s) in human history; | (vi) to be directly or tangibly associated with events or living traditions, with ideas, or with beliefs, with artistic and literary works of outstanding universal significance;",,,,,,,,,,,,,,,,,,,,,,,,,,,,,,,,,,,,,,,,,,,,,,,,,,,,,,,,,,,,,,,,,,No,
883.0,Fuerte de Samaipata,Bolivia (Plurinational State of),"Urban settlement, ceremonial centre, administrative/residential district",Internal (DS/OUV),,AD 300 to 16th Century,Internal (DS/OUV),,"Mojocoyas culture, Inca, Spanish Colonial",Internal (DS/OUV),,"(ii) to exhibit an important interchange of human values, over a span of time or within a cultural area of the world, on developments in architecture or technology, monumental arts, town-planning or landscape design; | (iii) to bear a unique or at least exceptional testimony to a cultural tradition or to a civilization which is living or which has disappeared;",Internal (DS/OUV),,Sandstone,Internal (DS/OUV),,Sedimentary Rock,,,,,,,,,Sandstone,Internal (DS/OUV),,,,,,,,red,Internal (DS/OUV),,,,,,,,,,,,,,Local (Carved directly into the rock outcrop/hill),Internal (DS/OUV),,,,,"Base, Wall, Public Buildings, Temples, Terraces, Platform, Courtyard",Internal (DS/OUV),,"Relief carvings (felines, parallel channels/zigzag ""El Dorso de la Serpiente"", geometric shapes, niches, canals)",Internal (DS/OUV),,"High-relief carving on live rock, dry stone masonry (lower walls of Casa Colonial & Inca walls)",Internal (DS/OUV),,"Environmental factors, natural degradation, weathering",Internal (DS/OUV),,,,,Systematic restoration of archaeological warehouses & rock surface treatment definition,Internal (DS/OUV),,Excellent,,,Yes,
837.0,Medina of Tétouan (formerly known as Titawin),Morocco,skipped,,,,,,,,,"(ii) to exhibit an important interchange of human values, over a span of time or within a cultural area of the world, on developments in architecture or technology, monumental arts, town-planning or landscape design; | (iv) to be an outstanding example of a type of building, architectural or technological ensemble or landscape which illustrates (a) significant stage(s) in human history; | (v) to be an outstanding example of a traditional human settlement, land-use, or sea-use which is representative of a culture (or cultures), or human interaction with the environment especially when it has become vulnerable under the impact of irreversible change;",,,,,,,,,,,,,,,,,,,,,,,,,,,,,,,,,,,,,,,,,,,,,,,,,,,,,,,,,,,,,,,,,,No,
1185.0,Plantin-Moretus House-Workshops-Museum Complex,Belgium,skipped,,,,,,,,,"(ii) to exhibit an important interchange of human values, over a span of time or within a cultural area of the world, on developments in architecture or technology, monumental arts, town-planning or landscape design; | (iii) to bear a unique or at least exceptional testimony to a cultural tradition or to a civilization which is living or which has disappeared; | (iv) to be an outstanding example of a type of building, architectural or technological ensemble or landscape which illustrates (a) significant stage(s) in human history; | (vi) to be directly or tangibly associated with events or living traditions, with ideas, or with beliefs, with artistic and literary works of outstanding universal significance;",,,,,,,,,,,,,,,,,,,,,,,,,,,,,,,,,,,,,,,,,,,,,,,,,,,,,,,,,,,,,,,,,,No,
1009.0,Notre-Dame Cathedral in Tournai,Belgium,skipped,,,,,,,,,"(ii) to exhibit an important interchange of human values, over a span of time or within a cultural area of the world, on developments in architecture or technology, monumental arts, town-planning or landscape design; | (iv) to be an outstanding example of a type of building, architectural or technological ensemble or landscape which illustrates (a) significant stage(s) in human history;",,,,,,,,,,,,,,,,,,,,,,,,,,,,,,,,,,,,,,,,,,,,,,,,,,,,,,,,,,,,,,,,,,No,
190.0,Archaeological Site of Cyrene,Libya,ouv issue; but highly possible,,,,,,,,,"(ii) to exhibit an important interchange of human values, over a span of time or within a cultural area of the world, on developments in architecture or technology, monumental arts, town-planning or landscape design; | (iii) to bear a unique or at least exceptional testimony to a cultural tradition or to a civilization which is living or which has disappeared; | (vi) to be directly or tangibly associated with events or living traditions, with ideas, or with beliefs, with artistic and literary works of outstanding universal significance;",,,,,,,,,,,,,,,,,,,,,,,,,,,,,,,,,,,,,,,,,,,,,,,,,,,,,,,,,,,,,,,,,,No,
561.0,Rangiri Dambulla Cave Temple,Sri Lanka,skipped; bvhp,,,,,,,,,"(i) to represent a masterpiece of human creative genius; | (vi) to be directly or tangibly associated with events or living traditions, with ideas, or with beliefs, with artistic and literary works of outstanding universal significance;",,,,,,,,,,,,,,,,,,,,,,,,,,,,,,,,,,,,,,,,,,,,,,,,,,,,,,,,,,,,,,,,,,No,
688.0,"Historic Monuments of Ancient Kyoto (Kyoto, Uji and Otsu Cities)",Japan,skipped,,,,,,,,,"(ii) to exhibit an important interchange of human values, over a span of time or within a cultural area of the world, on developments in architecture or technology, monumental arts, town-planning or landscape design; | (iv) to be an outstanding example of a type of building, architectural or technological ensemble or landscape which illustrates (a) significant stage(s) in human history;",,,,,,,,,,,,,,,,,,,,,,,,,,,,,,,,,,,,,,,,,,,,,,,,,,,,,,,,,,,,,,,,,,No,
1345.0,Sheikh Safi al-din Khānegāh and Shrine Ensemble in Ardabil,Iran (Islamic Republic of),skipped; bhp,,,,,,,,,"(i) to represent a masterpiece of human creative genius; | (ii) to exhibit an important interchange of human values, over a span of time or within a cultural area of the world, on developments in architecture or technology, monumental arts, town-planning or landscape design; | (iv) to be an outstanding example of a type of building, architectural or technological ensemble or landscape which illustrates (a) significant stage(s) in human history;",,,,,,,,,,,,,,,,,,,,,,,,,,,,,,,,,,,,,,,,,,,,,,,,,,,,,,,,,,,,,,,,,,No,
1269.0,Sacred City of Caral-Supe,Peru,skipped; bvhp,,,,,,,,,"(ii) to exhibit an important interchange of human values, over a span of time or within a cultural area of the world, on developments in architecture or technology, monumental arts, town-planning or landscape design; | (iii) to bear a unique or at least exceptional testimony to a cultural tradition or to a civilization which is living or which has disappeared; | (iv) to be an outstanding example of a type of building, architectural or technological ensemble or landscape which illustrates (a) significant stage(s) in human history;",,,,,,,,,,,,,,,,,,,,,,,,,,,,,,,,,,,,,,,,,,,,,,,,,,,,,,,,,,,,,,,,,,No,
307.0,Statue of Liberty,United States of America,skipped; bp,,,,,,,,,"(i) to represent a masterpiece of human creative genius; | (vi) to be directly or tangibly associated with events or living traditions, with ideas, or with beliefs, with artistic and literary works of outstanding universal significance;",,,,,,,,,,,,,,,,,,,,,,,,,,,,,,,,,,,,,,,,,,,,,,,,,,,,,,,,,,,,,,,,,,No,
976.0,Gyeongju Historic Areas,Republic of Korea,skipped,,,,,,,,,"(ii) to exhibit an important interchange of human values, over a span of time or within a cultural area of the world, on developments in architecture or technology, monumental arts, town-planning or landscape design; | (iii) to bear a unique or at least exceptional testimony to a cultural tradition or to a civilization which is living or which has disappeared;",,,,,,,,,,,,,,,,,,,,,,,,,,,,,,,,,,,,,,,,,,,,,,,,,,,,,,,,,,,,,,,,,,No,
164.0,"Arles, Roman and Romanesque Monuments",France,skipped; very highly possible,,,,,,,,,"(ii) to exhibit an important interchange of human values, over a span of time or within a cultural area of the world, on developments in architecture or technology, monumental arts, town-planning or landscape design; | (iv) to be an outstanding example of a type of building, architectural or technological ensemble or landscape which illustrates (a) significant stage(s) in human history;",,,,,,,,,,,,,,,,,,,,,,,,,,,,,,,,,,,,,,,,,,,,,,,,,,,,,,,,,,,,,,,,,,No,
294.0,Baalbek,Lebanon,skipped; bvhp,,,,,,,,,"(i) to represent a masterpiece of human creative genius; | (iv) to be an outstanding example of a type of building, architectural or technological ensemble or landscape which illustrates (a) significant stage(s) in human history;",,,,,,,,,,,,,,,,,,,,,,,,,,,,,,,,,,,,,,,,,,,,,,,,,,,,,,,,,,,,,,,,,,No,
599.0,Island of Mozambique,Mozambique,skipped; bp,,,,,,,,,"(iv) to be an outstanding example of a type of building, architectural or technological ensemble or landscape which illustrates (a) significant stage(s) in human history; | (vi) to be directly or tangibly associated with events or living traditions, with ideas, or with beliefs, with artistic and literary works of outstanding universal significance;",,,,,,,,,,,,,,,,,,,,,,,,,,,,,,,,,,,,,,,,,,,,,,,,,,,,,,,,,,,,,,,,,,No,
1501.0,Antequera Dolmens Site,Spain,skipped; bvvvhp,,,,,,,,,"(i) to represent a masterpiece of human creative genius; | (iii) to bear a unique or at least exceptional testimony to a cultural tradition or to a civilization which is living or which has disappeared; | (v) to be an outstanding example of a traditional human settlement, land-use, or sea-use which is representative of a culture (or cultures), or human interaction with the environment especially when it has become vulnerable under the impact of irreversible change;",,,,,,,,,,,,,,,,,,,,,,,,,,,,,,,,,,,,,,,,,,,,,,,,,,,,,,,,,,,,,,,,,,No,
546.0,Maulbronn Monastery Complex,Germany,skipped; bvhp,,,,,,,,,"(ii) to exhibit an important interchange of human values, over a span of time or within a cultural area of the world, on developments in architecture or technology, monumental arts, town-planning or landscape design; | (iv) to be an outstanding example of a type of building, architectural or technological ensemble or landscape which illustrates (a) significant stage(s) in human history;",,,,,,,,,,,,,,,,,,,,,,,,,,,,,,,,,,,,,,,,,,,,,,,,,,,,,,,,,,,,,,,,,,No,
973.0,Bardejov Town Conservation Reserve,Slovakia,skipped,,,,,,,,,"(i) to represent a masterpiece of human creative genius; | (iii) to bear a unique or at least exceptional testimony to a cultural tradition or to a civilization which is living or which has disappeared; | (v) to be an outstanding example of a traditional human settlement, land-use, or sea-use which is representative of a culture (or cultures), or human interaction with the environment especially when it has become vulnerable under the impact of irreversible change;",,,,,,,,,,,,,,,,,,,,,,,,,,,,,,,,,,,,,,,,,,,,,,,,,,,,,,,,,,,,,,,,,,No,
1084.0,"Royal Botanic Gardens, Kew",United Kingdom of Great Britain and Northern Ireland,skipped,,,,,,,,,"(ii) to exhibit an important interchange of human values, over a span of time or within a cultural area of the world, on developments in architecture or technology, monumental arts, town-planning or landscape design; | (iii) to bear a unique or at least exceptional testimony to a cultural tradition or to a civilization which is living or which has disappeared; | (iv) to be an outstanding example of a type of building, architectural or technological ensemble or landscape which illustrates (a) significant stage(s) in human history;",,,,,,,,,,,,,,,,,,,,,,,,,,,,,,,,,,,,,,,,,,,,,,,,,,,,,,,,,,,,,,,,,,No,
121.0,Kathmandu Valley,Nepal,skipped; but very highly possible,,,,,,,,,"(iii) to bear a unique or at least exceptional testimony to a cultural tradition or to a civilization which is living or which has disappeared; | (iv) to be an outstanding example of a type of building, architectural or technological ensemble or landscape which illustrates (a) significant stage(s) in human history; | (vi) to be directly or tangibly associated with events or living traditions, with ideas, or with beliefs, with artistic and literary works of outstanding universal significance;",,,,,,,,,,,,,,,,,,,,,,,,,,,,,,,,,,,,,,,,,,,,,,,,,,,,,,,,,,,,,,,,,,No,
492.0,Taos Pueblo,United States of America,Settlement consisting of ceremonial buildings/facilities and multi-storey adobe dwellings built in terraced tiers (North and South Houses rising up to five storeys); walled village; underground ceremonial chambers (kivas); ruins of an earlier pueblo; ruins of a 1600s church and present-day San Geronimo Catholic Church.,Internal (DS/OUV),,Late 13th and early 14th centuries (Pueblo establishment); 1600s (first church built); 20th century (minor modifications).,Internal (DS/OUV),,Pueblo Indians (Ancestral Pueblo culture),Internal (DS/OUV),,"(iv) to be an outstanding example of a type of building, architectural or technological ensemble or landscape which illustrates (a) significant stage(s) in human history;",Internal (DS/OUV),,Adobe (sun-dried earth/clay mixture),Internal (DS/OUV),,,,,,,,Local (traditional materials maintained and replastered by tribal members),Internal (DS/OUV),,,,,,,,,,,,,,,,,,,,,,,,,,,,,,,,"Multi-storey terraced residential structures (North & South Houses up to 5 storeys), ceremonial chambers (kivas), village perimeter wall, churches, and associated structures built with adobe.",Internal (DS/OUV),,,,,Traditional adobe construction and periodic replastering/maintenance using traditional methods and earth/mud materials.,Internal (DS/OUV),,"Environmental stresses including water/weather erosion from rain and snow, droughts, and floods.",Internal (DS/OUV),,,,,Regular maintenance and periodic replastering undertaken as needed by tribal members using traditional materials and methods.,Internal (DS/OUV),,Good,,,Yes,
191.0,Djémila,Algeria,skipped; but possible,,,,,,,,,"(iii) to bear a unique or at least exceptional testimony to a cultural tradition or to a civilization which is living or which has disappeared; | (iv) to be an outstanding example of a type of building, architectural or technological ensemble or landscape which illustrates (a) significant stage(s) in human history;",,,,,,,,,,,,,,,,,,,,,,,,,,,,,,,,,,,,,,,,,,,,,,,,,,,,,,,,,,,,,,,,,,No,
849.0,Archaeological Site of Troy,Türkiye,ouv absent; skipped; o,,,,,,,,,"(ii) to exhibit an important interchange of human values, over a span of time or within a cultural area of the world, on developments in architecture or technology, monumental arts, town-planning or landscape design; | (iii) to bear a unique or at least exceptional testimony to a cultural tradition or to a civilization which is living or which has disappeared; | (vi) to be directly or tangibly associated with events or living traditions, with ideas, or with beliefs, with artistic and literary works of outstanding universal significance;",,,,,,,,,,,,,,,,,,,,,,,,,,,,,,,,,,,,,,,,,,,,,,,,,,,,,,,,,,,,,,,,,,No,
614.0,City of Safranbolu,Türkiye,skipped; bp,,,,,,,,,"(ii) to exhibit an important interchange of human values, over a span of time or within a cultural area of the world, on developments in architecture or technology, monumental arts, town-planning or landscape design; | (iv) to be an outstanding example of a type of building, architectural or technological ensemble or landscape which illustrates (a) significant stage(s) in human history; | (v) to be an outstanding example of a traditional human settlement, land-use, or sea-use which is representative of a culture (or cultures), or human interaction with the environment especially when it has become vulnerable under the impact of irreversible change;",,,,,,,,,,,,,,,,,,,,,,,,,,,,,,,,,,,,,,,,,,,,,,,,,,,,,,,,,,,,,,,,,,No,
905.0,Kalwaria Zebrzydowska: the Mannerist Architectural and Park Landscape Complex and Pilgrimage Park,Poland,skipped; bp,,,,,,,,,"(ii) to exhibit an important interchange of human values, over a span of time or within a cultural area of the world, on developments in architecture or technology, monumental arts, town-planning or landscape design; | (iv) to be an outstanding example of a type of building, architectural or technological ensemble or landscape which illustrates (a) significant stage(s) in human history;",,,,,,,,,,,,,,,,,,,,,,,,,,,,,,,,,,,,,,,,,,,,,,,,,,,,,,,,,,,,,,,,,,No,
1142.0,Sacred Sites and Pilgrimage Routes in the Kii Mountain Range,Japan,skipped,,,,,,,,,"(ii) to exhibit an important interchange of human values, over a span of time or within a cultural area of the world, on developments in architecture or technology, monumental arts, town-planning or landscape design; | (iii) to bear a unique or at least exceptional testimony to a cultural tradition or to a civilization which is living or which has disappeared; | (iv) to be an outstanding example of a type of building, architectural or technological ensemble or landscape which illustrates (a) significant stage(s) in human history; | (vi) to be directly or tangibly associated with events or living traditions, with ideas, or with beliefs, with artistic and literary works of outstanding universal significance;",,,,,,,,,,,,,,,,,,,,,,,,,,,,,,,,,,,,,,,,,,,,,,,,,,,,,,,,,,,,,,,,,,No,
1465.0,"Champagne Hillsides, Houses and Cellars",France,"Prestigious architecture, town planning, functional / showcase spaces, underground cellars, vendangeoirs (grape pressing sites), and historic houses.",Internal (DS/OUV),,Early 17th century to 19th century (industrialization); 18th & 19th centuries expansion.,Internal (DS/OUV),,French / European (Franco-German influences).,Internal (DS/OUV),,"(iii) to bear a unique or at least exceptional testimony to a cultural tradition or to a civilization which is living or which has disappeared; | (iv) to be an outstanding example of a type of building, architectural or technological ensemble or landscape which illustrates (a) significant stage(s) in human history; | (vi) to be directly or tangibly associated with events or living traditions, with ideas, or with beliefs, with artistic and literary works of outstanding universal significance;",Internal (DS/OUV),,Chalk,Internal (DS/OUV),,Sedimentary Rock,Internal (DS/OUV),,,,,,,,Chalk / Chalky substratum,Internal (DS/OUV),,,,,,,,,,,,,,,,,Underground chalk quarries (Gallo-Roman and medieval chalk quarries in Reims).,Internal (DS/OUV),,France,Internal (DS/OUV),,Local,Internal (DS/OUV),,,,,"Underground cellars, networks, and subterranean production spaces hollowed directly out of the chalk substratum.",Internal (DS/OUV),,Architectural decor and furniture in Champagne Houses.,Internal (DS/OUV),,Quarry-cellar digging / hollowing out soft chalk substratum.,Internal (DS/OUV),,,,,,,,Saint-Nicaise Hill restored after First World War bombardments.,Internal (DS/OUV),,Good,,,Yes,
1003.0,Longmen Grottoes,China,"Layout, Plan, Tang Dynasty, Traditional",Internal (DS/OUV),,Late 5th century to mid-8th century (Late Northern Wei & Tang Dynasties),Internal (DS/OUV),,Late Northern Wei Dynasty and Tang Dynasty,Internal (DS/OUV),,"(i) to represent a masterpiece of human creative genius; | (ii) to exhibit an important interchange of human values, over a span of time or within a cultural area of the world, on developments in architecture or technology, monumental arts, town-planning or landscape design; | (iii) to bear a unique or at least exceptional testimony to a cultural tradition or to a civilization which is living or which has disappeared;",Internal (DS/OUV),,Limestone,Internal (DS/OUV),,Sedimentary Rock,,,,,,,,,,,,,,,,,,,,,,,,,,,,,,,,,Local (Carved directly into steep limestone cliffs on-site),Internal (DS/OUV),,,,,"Rock-cut caves, niches, and stupas carved into steep cliffs",Internal (DS/OUV),,"Relief carvings, stone statues, steles, and inscriptions",Internal (DS/OUV),,Stone carving / Rock-cut architecture,Internal (DS/OUV),,,,,,,,"Environmental monitoring, conservation materials, and deterioration control measures under ""The Conservation Plan of the Longmen Grottoes""",Internal (DS/OUV),,Good,,,Yes,
131.0,City of Valletta,Malta,skipped,,,,,,,,,"(i) to represent a masterpiece of human creative genius; | (vi) to be directly or tangibly associated with events or living traditions, with ideas, or with beliefs, with artistic and literary works of outstanding universal significance;",,,,,,,,,,,,,,,,,,,,,,,,,,,,,,,,,,,,,,,,,,,,,,,,,,,,,,,,,,,,,,,,,,No,
1442.0,Silk Roads: the Routes Network of Chang'an-Tianshan Corridor,"China,Kazakhstan,Kyrgyzstan","Capital cities, palace complexes, Buddhist cave temples, posthouses, passes, beacon towers, sections of the Great Wall, fortifications, tombs, stupas/pagodas, caravanserai, semi-underground buildings",Internal (DS/OUV),,2nd century BC to 16th century AD (flourished 6th to 14th century AD),Internal (DS/OUV),,"Han and Tang Dynasties (China), Sogdians, Turks, Khan Kingdoms, Zhetysu region empires",Internal (DS/OUV),,"(ii) to exhibit an important interchange of human values, over a span of time or within a cultural area of the world, on developments in architecture or technology, monumental arts, town-planning or landscape design; | (iii) to bear a unique or at least exceptional testimony to a cultural tradition or to a civilization which is living or which has disappeared; | (v) to be an outstanding example of a traditional human settlement, land-use, or sea-use which is representative of a culture (or cultures), or human interaction with the environment especially when it has become vulnerable under the impact of irreversible change; | (vi) to be directly or tangibly associated with events or living traditions, with ideas, or with beliefs, with artistic and literary works of outstanding universal significance;",Internal (DS/OUV),,Loess; unbaked/exposed mud brick (in Zhetysu region),Internal (DS/OUV),,Sedimentary Rock,Internal (DS/OUV),,,,,Loess,,,,,,Quaternary (Loess Plateau deposits),Internal (DS/OUV),,,,,,,,"Fine-grained, wind-blown silt (Loess)",Internal (DS/OUV),,,,,,,,"China, Kazakhstan, Kyrgyzstan",Internal (DS/OUV),,"Local (Loess plateau soils, clay/mud bricks sourced on-site)",Internal (DS/OUV),,,,,"Earthen walls, subterranean structures, cave temple excavations, beacon towers, earthen fortifications, foundations",Internal (DS/OUV),,Relief carvings and statues in Buddhist cave temples,Internal (DS/OUV),,"Rammed earth (hangtu), carved cave-temple rock-cut masonry, unbaked mud-brick masonry",Internal (DS/OUV),,"High vulnerability to water/wind erosion, severe atmospheric deterioration on exposed earth/brick structures",Internal (DS/OUV),,,,,Backfilling and earth covering of exposed brick structures (Zhetysu region); traditional-style screen wall interventions,Internal (DS/OUV),,Poor,,,Yes,
246.0,"Sun Temple, Konârak",India,skipped; bvhp,,,,,,,,,"(i) to represent a masterpiece of human creative genius; | (iii) to bear a unique or at least exceptional testimony to a cultural tradition or to a civilization which is living or which has disappeared; | (vi) to be directly or tangibly associated with events or living traditions, with ideas, or with beliefs, with artistic and literary works of outstanding universal significance;",,,,,,,,,,,,,,,,,,,,,,,,,,,,,,,,,,,,,,,,,,,,,,,,,,,,,,,,,,,,,,,,,,No,
1067.0,Historic Centres of Stralsund and Wismar,Germany,skipped,,,,,,,,,"(ii) to exhibit an important interchange of human values, over a span of time or within a cultural area of the world, on developments in architecture or technology, monumental arts, town-planning or landscape design; | (iv) to be an outstanding example of a type of building, architectural or technological ensemble or landscape which illustrates (a) significant stage(s) in human history;",,,,,,,,,,,,,,,,,,,,,,,,,,,,,,,,,,,,,,,,,,,,,,,,,,,,,,,,,,,,,,,,,,No,
87.0,Ancient Thebes with its Necropolis,Egypt,skipped; but very highly possible,,,,,,,,,"(i) to represent a masterpiece of human creative genius; | (iii) to bear a unique or at least exceptional testimony to a cultural tradition or to a civilization which is living or which has disappeared; | (vi) to be directly or tangibly associated with events or living traditions, with ideas, or with beliefs, with artistic and literary works of outstanding universal significance;",,,,,,,,,,,,,,,,,,,,,,,,,,,,,,,,,,,,,,,,,,,,,,,,,,,,,,,,,,,,,,,,,,No,
574.0,Historic Town of Sukhothai and Associated Historic Towns,Thailand,skipped; bvhp,,,,,,,,,(i) to represent a masterpiece of human creative genius; | (iii) to bear a unique or at least exceptional testimony to a cultural tradition or to a civilization which is living or which has disappeared;,,,,,,,,,,,,,,,,,,,,,,,,,,,,,,,,,,,,,,,,,,,,,,,,,,,,,,,,,,,,,,,,,,No,
113.0,Tchogha Zanbil,Iran (Islamic Republic of),skipped,,,,,,,,,"(iii) to bear a unique or at least exceptional testimony to a cultural tradition or to a civilization which is living or which has disappeared; | (iv) to be an outstanding example of a type of building, architectural or technological ensemble or landscape which illustrates (a) significant stage(s) in human history;",,,,,,,,,,,,,,,,,,,,,,,,,,,,,,,,,,,,,,,,,,,,,,,,,,,,,,,,,,,,,,,,,,No,
944.0,Mountain Railways of India,India,skipped;,,,,,,,,,"(ii) to exhibit an important interchange of human values, over a span of time or within a cultural area of the world, on developments in architecture or technology, monumental arts, town-planning or landscape design; | (iv) to be an outstanding example of a type of building, architectural or technological ensemble or landscape which illustrates (a) significant stage(s) in human history;",,,,,,,,,,,,,,,,,,,,,,,,,,,,,,,,,,,,,,,,,,,,,,,,,,,,,,,,,,,,,,,,,,No,
37.0,Archaeological Site of Carthage,Tunisia,ouv absent; bvhp,,,,,,,,,"(ii) to exhibit an important interchange of human values, over a span of time or within a cultural area of the world, on developments in architecture or technology, monumental arts, town-planning or landscape design; | (iii) to bear a unique or at least exceptional testimony to a cultural tradition or to a civilization which is living or which has disappeared; | (vi) to be directly or tangibly associated with events or living traditions, with ideas, or with beliefs, with artistic and literary works of outstanding universal significance;",,,,,,,,,,,,,,,,,,,,,,,,,,,,,,,,,,,,,,,,,,,,,,,,,,,,,,,,,,,,,,,,,,No,
794.0,Dougga / Thugga,Tunisia,ouv issue; bhp,,,,,,,,,"(ii) to exhibit an important interchange of human values, over a span of time or within a cultural area of the world, on developments in architecture or technology, monumental arts, town-planning or landscape design; | (iii) to bear a unique or at least exceptional testimony to a cultural tradition or to a civilization which is living or which has disappeared;",,,,,,,,,,,,,,,,,,,,,,,,,,,,,,,,,,,,,,,,,,,,,,,,,,,,,,,,,,,,,,,,,,No,
560.0,"Archaeological Zone of Paquimé, Casas Grandes",Mexico,"Earthen architecture, residential buildings/structures, ceremonial monuments with masonry coatings, facades with porticos",Internal (DS/OUV),,Development: 700–1475 AD (Apogee: 14th and 15th centuries),Internal (DS/OUV),,Paquimé / Casas Grandes Culture (Pueblo & Mesoamerican influence),Internal (DS/OUV),,"(iii) to bear a unique or at least exceptional testimony to a cultural tradition or to a civilization which is living or which has disappeared; | (iv) to be an outstanding example of a type of building, architectural or technological ensemble or landscape which illustrates (a) significant stage(s) in human history;",Internal (DS/OUV),,Adobe (unfired clay) as predominant material; Stone (unspecified) for specific uses,Internal (DS/OUV),,,,,,,,,,,,,,,,,,,,,,,,,,,,,,,,,,,Local (earthen/clay materials of the same nature and properties as the original),Internal (DS/OUV),,,,,"Living rooms, workshops, stores, residential walls, multi-story buildings, ceremonial monuments",Internal (DS/OUV),,"Architectural finishes, T-shaped doors, facades with porticos",Internal (DS/OUV),,"Earthen architecture with masonry coatings, lining of pits with stone",Internal (DS/OUV),,Decay due to natural weathering and exposure,Internal (DS/OUV),,,,,Re-rendering original walls with earthen materials of the same nature as a sacrificial layer,Internal (DS/OUV),,Good,,,No,
1568.0,Sassanid Archaeological Landscape of Fars Region,Iran (Islamic Republic of),skipped,,,,,,,,,"(ii) to exhibit an important interchange of human values, over a span of time or within a cultural area of the world, on developments in architecture or technology, monumental arts, town-planning or landscape design; | (iii) to bear a unique or at least exceptional testimony to a cultural tradition or to a civilization which is living or which has disappeared; | (v) to be an outstanding example of a traditional human settlement, land-use, or sea-use which is representative of a culture (or cultures), or human interaction with the environment especially when it has become vulnerable under the impact of irreversible change;",,,,,,,,,,,,,,,,,,,,,,,,,,,,,,,,,,,,,,,,,,,,,,,,,,,,,,,,,,,,,,,,,,No,
97.0,Historical Complex of Split with the Palace of Diocletian,Croatia,skipped; ouv absent,,,,,,,,,"(ii) to exhibit an important interchange of human values, over a span of time or within a cultural area of the world, on developments in architecture or technology, monumental arts, town-planning or landscape design; | (iii) to bear a unique or at least exceptional testimony to a cultural tradition or to a civilization which is living or which has disappeared; | (iv) to be an outstanding example of a type of building, architectural or technological ensemble or landscape which illustrates (a) significant stage(s) in human history;",,,,,,,,,,,,,,,,,,,,,,,,,,,,,,,,,,,,,,,,,,,,,,,,,,,,,,,,,,,,,,,,,,No,
1418.0,"Fujisan, sacred place and source of artistic inspiration",Japan,"Edo Period, Building, Design, Monument, Plan",Internal (DS/OUV),,11th century to 19th century (Edo period); formalized pilgrimage practices from 12th/17th–18th century,Internal (DS/OUV),,Japanese (Shintoism and Ascetic Buddhism / Fuji-ko societies),Internal (DS/OUV),,"(iii) to bear a unique or at least exceptional testimony to a cultural tradition or to a civilization which is living or which has disappeared; | (vi) to be directly or tangibly associated with events or living traditions, with ideas, or with beliefs, with artistic and literary works of outstanding universal significance;",Internal (DS/OUV),,features from Lava,Internal (DS/OUV),,Igneous Rock,Internal (DS/OUV),,,,,,,,Volcanic lava / Lava flows (forming lava tree moulds and stratovolcano structure),Internal (DS/OUV),,,,,Stratovolcano (solitary conical volcano formed by eruptions and lava flows),Internal (DS/OUV),,,,,,,,,,,,,,Japan (Local volcanic products),Internal (DS/OUV),,Local,Internal (DS/OUV),,,,,"Arch, Base, Shrine, Wall, Crater Rim / Barrier structures",Internal (DS/OUV),,,,,,,,Erosion caused by visitors and water,Internal (DS/OUV),,,,,Periodic renewal of shrines (20-year or 60-year cycle); path stabilization,,,Good,,,Yes,
703.0,"Mountain Resort and its Outlying Temples, Chengde",China,skipped; bp,,,,,,,,,"(ii) to exhibit an important interchange of human values, over a span of time or within a cultural area of the world, on developments in architecture or technology, monumental arts, town-planning or landscape design; | (iv) to be an outstanding example of a type of building, architectural or technological ensemble or landscape which illustrates (a) significant stage(s) in human history;",,,,,,,,,,,,,,,,,,,,,,,,,,,,,,,,,,,,,,,,,,,,,,,,,,,,,,,,,,,,,,,,,,No,
886.0,State Historical and Cultural Park “Ancient Merv”,Turkmenistan,skipped; bvvvhp,,,,,,,,,"(ii) to exhibit an important interchange of human values, over a span of time or within a cultural area of the world, on developments in architecture or technology, monumental arts, town-planning or landscape design; | (iii) to bear a unique or at least exceptional testimony to a cultural tradition or to a civilization which is living or which has disappeared;",,,,,,,,,,,,,,,,,,,,,,,,,,,,,,,,,,,,,,,,,,,,,,,,,,,,,,,,,,,,,,,,,,No,
1226.0,Stone Circles of Senegambia,"Gambia,Senegal","Building, Construction, Monument, Monumental, Plan, Traditional (Pillar)",Internal (DS/OUV),,3rd century BC to 16th century AD (burials dating between 1st and 2nd millennia AD / 927–1305 AD),Internal (DS/OUV),,"Prosperous, highly organized, and lasting West African society",Internal (DS/OUV),,(i) to represent a masterpiece of human creative genius; | (iii) to bear a unique or at least exceptional testimony to a cultural tradition or to a civilization which is living or which has disappeared;,Internal (DS/OUV),,Laterite,Internal (DS/OUV),,Sedimentary Rock,,,,,,,,,"Laterite pillars / monoliths (cylindrical or polygonal, finely carved)",Internal (DS/OUV),,,,,,,,,,,"Finely carved, cylindrical or polygonal pillars",Internal (DS/OUV),,,,,Quarry located ~1 km east of Sine Ngayene (sources of around 150 stones traced),Internal (DS/OUV),,Senegal,Internal (DS/OUV),,Local (extracted from nearby quarries),Internal (DS/OUV),,~1 km (from nearby quarries),Internal (DS/OUV),,"Standing monoliths, pillars, circles, bifid/lyre frontal stones",Internal (DS/OUV),,Individual stones finely carved; ornamentation/cross-pieces,Internal (DS/OUV),,"Extracted using iron tools, skilfully shaped into cylindrical or polygonal pillars",Internal (DS/OUV),,Minimal disturbances; minimal human or natural interventions noted,Internal (DS/OUV),,,,,Excavated sites subsequently back-filled; minimal disturbance,Internal (DS/OUV),,Excellent,,,Yes,
1694.0,Wooden Hypostyle Mosques of Medieval Anatolia,Türkiye,skipped,,,,,,,,,"(ii) to exhibit an important interchange of human values, over a span of time or within a cultural area of the world, on developments in architecture or technology, monumental arts, town-planning or landscape design; | (iv) to be an outstanding example of a type of building, architectural or technological ensemble or landscape which illustrates (a) significant stage(s) in human history;",,,,,,,,,,,,,,,,,,,,,,,,,,,,,,,,,,,,,,,,,,,,,,,,,,,,,,,,,,,,,,,,,,No,
22.0,Ancient City of Bosra,Syrian Arab Republic,skipped; bvhp,,,,,,,,,"(i) to represent a masterpiece of human creative genius; | (iii) to bear a unique or at least exceptional testimony to a cultural tradition or to a civilization which is living or which has disappeared; | (vi) to be directly or tangibly associated with events or living traditions, with ideas, or with beliefs, with artistic and literary works of outstanding universal significance;",,,,,,,,,,,,,,,,,,,,,,,,,,,,,,,,,,,,,,,,,,,,,,,,,,,,,,,,,,,,,,,,,,No,
401.0,Old Village of Hollókő and its Surroundings,Hungary,skipped; bvhp,,,,,,,,,"(v) to be an outstanding example of a traditional human settlement, land-use, or sea-use which is representative of a culture (or cultures), or human interaction with the environment especially when it has become vulnerable under the impact of irreversible change;",,,,,,,,,,,,,,,,,,,,,,,,,,,,,,,,,,,,,,,,,,,,,,,,,,,,,,,,,,,,,,,,,,No,
543.0,Itchan Kala,Uzbekistan,skipped; but very very highly posible,,,,,,,,,"(iii) to bear a unique or at least exceptional testimony to a cultural tradition or to a civilization which is living or which has disappeared; | (iv) to be an outstanding example of a type of building, architectural or technological ensemble or landscape which illustrates (a) significant stage(s) in human history; | (v) to be an outstanding example of a traditional human settlement, land-use, or sea-use which is representative of a culture (or cultures), or human interaction with the environment especially when it has become vulnerable under the impact of irreversible change;",,,,,,,,,,,,,,,,,,,,,,,,,,,,,,,,,,,,,,,,,,,,,,,,,,,,,,,,,,,,,,,,,,No,
753.0,Medina of Essaouira (formerly Mogador),Morocco,skipped; bhp,,,,,,,,,"(ii) to exhibit an important interchange of human values, over a span of time or within a cultural area of the world, on developments in architecture or technology, monumental arts, town-planning or landscape design; | (iv) to be an outstanding example of a type of building, architectural or technological ensemble or landscape which illustrates (a) significant stage(s) in human history;",,,,,,,,,,,,,,,,,,,,,,,,,,,,,,,,,,,,,,,,,,,,,,,,,,,,,,,,,,,,,,,,,,No,
1022.0,Tombs of Buganda Kings at Kasubi,Uganda,skipped; bp,,,,,,,,,"(i) to represent a masterpiece of human creative genius; | (iii) to bear a unique or at least exceptional testimony to a cultural tradition or to a civilization which is living or which has disappeared; | (iv) to be an outstanding example of a type of building, architectural or technological ensemble or landscape which illustrates (a) significant stage(s) in human history; | (vi) to be directly or tangibly associated with events or living traditions, with ideas, or with beliefs, with artistic and literary works of outstanding universal significance;",,,,,,,,,,,,,,,,,,,,,,,,,,,,,,,,,,,,,,,,,,,,,,,,,,,,,,,,,,,,,,,,,,No,
604.0,Historic Monuments of Novgorod and Surroundings,Russian Federation,skipped; bp,,,,,,,,,"(ii) to exhibit an important interchange of human values, over a span of time or within a cultural area of the world, on developments in architecture or technology, monumental arts, town-planning or landscape design; | (iv) to be an outstanding example of a type of building, architectural or technological ensemble or landscape which illustrates (a) significant stage(s) in human history; | (vi) to be directly or tangibly associated with events or living traditions, with ideas, or with beliefs, with artistic and literary works of outstanding universal significance;",,,,,,,,,,,,,,,,,,,,,,,,,,,,,,,,,,,,,,,,,,,,,,,,,,,,,,,,,,,,,,,,,,No,
32.0,Wieliczka and Bochnia Royal Salt Mines,Poland,"Monument, Plan, Structure",Internal (DS/OUV),,13th century to 20th century,Internal (DS/OUV),,Medieval to Modern Polish / European Industrial,Internal (DS/OUV),,"(iv) to be an outstanding example of a type of building, architectural or technological ensemble or landscape which illustrates (a) significant stage(s) in human history;",Internal (DS/OUV),,Rock Salt,Internal (DS/OUV),,Sedimentary Rock,,,,,,,,,,,,,,,,,,,,,,,,Halite (Rock Salt),Internal (DS/OUV),,In-situ underground deposit (Wieliczka and Bochnia deposit),Internal (DS/OUV),,Poland,Internal (DS/OUV),,Local (Extracted directly on site),Internal (DS/OUV),,,,,"Underground galleries, shafts, chapels, workshops, storehouses, Saltworks Castle",Internal (DS/OUV),,"Altars, statues, and decorative elements sculpted directly into rock salt",Internal (DS/OUV),,Rock-cut subterranean excavation and salt sculpting,Internal (DS/OUV),,,,,,,,Long-term programme of stabilization of abandoned galleries and targeted gallery conservation,Internal (DS/OUV),,Good,,,Yes,
1499.0,Antigua Naval Dockyard and Related Archaeological Sites,Antigua and Barbuda,skipped; bvvvvhp,,,,,,,,,"(ii) to exhibit an important interchange of human values, over a span of time or within a cultural area of the world, on developments in architecture or technology, monumental arts, town-planning or landscape design; | (iv) to be an outstanding example of a type of building, architectural or technological ensemble or landscape which illustrates (a) significant stage(s) in human history;",,,,,,,,,,,,,,,,,,,,,,,,,,,,,,,,,,,,,,,,,,,,,,,,,,,,,,,,,,,,,,,,,,No,
353.0,Chaco Culture,United States of America,"Multi-storey ""great houses"", public and ceremonial buildings, kivas",Internal (DS/OUV),,Mid-9th to early 13th centuries (Height: ~1020–1110),Internal (DS/OUV),,Pre-Columbian / Ancestral Pueblo (Chacoan society),Internal (DS/OUV),,(iii) to bear a unique or at least exceptional testimony to a cultural tradition or to a civilization which is living or which has disappeared;,Internal (DS/OUV),,Sandstone,Internal (DS/OUV),,,,,,,,,,,,,,,,,,,,,,,,,,,,,,,,,,,,,,,,,Walls standing more than five storeys tall,Internal (DS/OUV),,,,,Coursemasonry with sandstone and mud mortar,Internal (DS/OUV),,,,,,,,"Partial site reburial, fencing, patrolling, and stabilization",Internal (DS/OUV),,Good,,,Yes,
1091.0,Complex of Koguryo Tombs,Democratic People's Republic of Korea,skipped; bvvvhp,,,,,,,,,"(i) to represent a masterpiece of human creative genius; | (ii) to exhibit an important interchange of human values, over a span of time or within a cultural area of the world, on developments in architecture or technology, monumental arts, town-planning or landscape design; | (iii) to bear a unique or at least exceptional testimony to a cultural tradition or to a civilization which is living or which has disappeared; | (iv) to be an outstanding example of a type of building, architectural or technological ensemble or landscape which illustrates (a) significant stage(s) in human history;",,,,,,,,,,,,,,,,,,,,,,,,,,,,,,,,,,,,,,,,,,,,,,,,,,,,,,,,,,,,,,,,,,No,
314.0,"Alhambra, Generalife and Albayzín, Granada",Spain,skipped; bvvvhp,,,,,,,,,"(i) to represent a masterpiece of human creative genius; | (iii) to bear a unique or at least exceptional testimony to a cultural tradition or to a civilization which is living or which has disappeared; | (v) to be an outstanding example of a traditional human settlement, land-use, or sea-use which is representative of a culture (or cultures), or human interaction with the environment especially when it has become vulnerable under the impact of irreversible change;",,,,,,,,,,,,,,,,,,,,,,,,,,,,,,,,,,,,,,,,,,,,,,,,,,,,,,,,,,,,,,,,,,No,
1136.0,Luis Barragán House and Studio,Mexico,skipped;,,,,,,,,,"(i) to represent a masterpiece of human creative genius; | (ii) to exhibit an important interchange of human values, over a span of time or within a cultural area of the world, on developments in architecture or technology, monumental arts, town-planning or landscape design;",,,,,,,,,,,,,,,,,,,,,,,,,,,,,,,,,,,,,,,,,,,,,,,,,,,,,,,,,,,,,,,,,,No,
168.0,Speyer Cathedral,Germany,skipped; bvhp,,,,,,,,,"(ii) to exhibit an important interchange of human values, over a span of time or within a cultural area of the world, on developments in architecture or technology, monumental arts, town-planning or landscape design;",,,,,,,,,,,,,,,,,,,,,,,,,,,,,,,,,,,,,,,,,,,,,,,,,,,,,,,,,,,,,,,,,,No,
1594.0,Jodrell Bank Observatory,United Kingdom of Great Britain and Northern Ireland,skipped;,,,,,,,,,"(i) to represent a masterpiece of human creative genius; | (ii) to exhibit an important interchange of human values, over a span of time or within a cultural area of the world, on developments in architecture or technology, monumental arts, town-planning or landscape design; | (iv) to be an outstanding example of a type of building, architectural or technological ensemble or landscape which illustrates (a) significant stage(s) in human history; | (vi) to be directly or tangibly associated with events or living traditions, with ideas, or with beliefs, with artistic and literary works of outstanding universal significance;",,,,,,,,,,,,,,,,,,,,,,,,,,,,,,,,,,,,,,,,,,,,,,,,,,,,,,,,,,,,,,,,,,No,
275.0,"Jesuit Missions of the Guaranis: San Ignacio Mini, Santa Ana, Nuestra Señora de Loreto and Santa Maria Mayor (Argentina), Ruins of Sao Miguel das Missoes (Brazil)","Argentina,Brazil",skipped,,,,,,,,,"(iv) to be an outstanding example of a type of building, architectural or technological ensemble or landscape which illustrates (a) significant stage(s) in human history;",,,,,,,,,,,,,,,,,,,,,,,,,,,,,,,,,,,,,,,,,,,,,,,,,,,,,,,,,,,,,,,,,,No,
583.0,Fortress of Suomenlinna,Finland,skipped;,,,,,,,,,"(iv) to be an outstanding example of a type of building, architectural or technological ensemble or landscape which illustrates (a) significant stage(s) in human history;",,,,,,,,,,,,,,,,,,,,,,,,,,,,,,,,,,,,,,,,,,,,,,,,,,,,,,,,,,,,,,,,,,No,
1560.0,Caliphate City of Medina Azahara,Spain,skipped;,,,,,,,,,"(iii) to bear a unique or at least exceptional testimony to a cultural tradition or to a civilization which is living or which has disappeared; | (iv) to be an outstanding example of a type of building, architectural or technological ensemble or landscape which illustrates (a) significant stage(s) in human history;",,,,,,,,,,,,,,,,,,,,,,,,,,,,,,,,,,,,,,,,,,,,,,,,,,,,,,,,,,,,,,,,,,No,
770.0,Canal du Midi,France,skipped;,,,,,,,,,"(i) to represent a masterpiece of human creative genius; | (ii) to exhibit an important interchange of human values, over a span of time or within a cultural area of the world, on developments in architecture or technology, monumental arts, town-planning or landscape design; | (iv) to be an outstanding example of a type of building, architectural or technological ensemble or landscape which illustrates (a) significant stage(s) in human history; | (vi) to be directly or tangibly associated with events or living traditions, with ideas, or with beliefs, with artistic and literary works of outstanding universal significance;",,,,,,,,,,,,,,,,,,,,,,,,,,,,,,,,,,,,,,,,,,,,,,,,,,,,,,,,,,,,,,,,,,No,
1621.0,Deer Stone Monuments and Related Bronze Age Sites,Mongolia,skipped; bvhp,,,,,,,,,(i) to represent a masterpiece of human creative genius; | (iii) to bear a unique or at least exceptional testimony to a cultural tradition or to a civilization which is living or which has disappeared;,,,,,,,,,,,,,,,,,,,,,,,,,,,,,,,,,,,,,,,,,,,,,,,,,,,,,,,,,,,,,,,,,,No,
306.0,Matobo Hills,Zimbabwe,"Building, Indigenous, Monument, Plan, Structure, Traditional",Internal (DS/OUV),,"Early Stone Age, Stone Age, Iron Age (up to 500,000 years of occupation)",Internal (DS/OUV),,"Foraging/Hunter-gatherer societies (Stone Age), Agricultural societies (Iron Age)",Internal (DS/OUV),,"(iii) to bear a unique or at least exceptional testimony to a cultural tradition or to a civilization which is living or which has disappeared; | (v) to be an outstanding example of a traditional human settlement, land-use, or sea-use which is representative of a culture (or cultures), or human interaction with the environment especially when it has become vulnerable under the impact of irreversible change; | (vi) to be directly or tangibly associated with events or living traditions, with ideas, or with beliefs, with artistic and literary works of outstanding universal significance;",Internal (DS/OUV),,Granite,Internal (DS/OUV),,Igneous Rock,,,"Granite batholiths, granite shield landforms",Internal (DS/OUV),,,,,,,,,,,,,,,,,Granitic / Massive rock landforms,Internal (DS/OUV),,,,,,,,,,,Local (natural rock formations and shelters in situ),Internal (DS/OUV),,,,,"Natural rock shelters, rock batholiths, shrines, terraces, walls",Internal (DS/OUV),,Rock art / Rock paintings on granite cave surfaces,Internal (DS/OUV),,Wooden palisade demarcating shrines; drystone/indigenous alignment (traditional human interaction rather than formal dressed masonry),Internal (DS/OUV),,"Natural weathering, soil erosion, and light visitor impact",Internal (DS/OUV),,,,,Linseed oil experimental application (1920s at Pomongwe Cave),Internal (DS/OUV),,Moderate,,,Yes,
1567.0,Funerary and memory sites of the First World War (Western Front),"Belgium,France",skipped,,,,,,,,,"(iii) to bear a unique or at least exceptional testimony to a cultural tradition or to a civilization which is living or which has disappeared; | (iv) to be an outstanding example of a type of building, architectural or technological ensemble or landscape which illustrates (a) significant stage(s) in human history; | (vi) to be directly or tangibly associated with events or living traditions, with ideas, or with beliefs, with artistic and literary works of outstanding universal significance;",,,,,,,,,,,,,,,,,,,,,,,,,,,,,,,,,,,,,,,,,,,,,,,,,,,,,,,,,,,,,,,,,,No,
584.0,Petäjävesi Old Church,Finland,skipped,,,,,,,,,"(iv) to be an outstanding example of a type of building, architectural or technological ensemble or landscape which illustrates (a) significant stage(s) in human history;",,,,,,,,,,,,,,,,,,,,,,,,,,,,,,,,,,,,,,,,,,,,,,,,,,,,,,,,,,,,,,,,,,No,
1360.0,Nord-Pas de Calais Mining Basin,France,skipped; coal just mentioned not as building material,,,,,,,,,"(ii) to exhibit an important interchange of human values, over a span of time or within a cultural area of the world, on developments in architecture or technology, monumental arts, town-planning or landscape design; | (iv) to be an outstanding example of a type of building, architectural or technological ensemble or landscape which illustrates (a) significant stage(s) in human history; | (vi) to be directly or tangibly associated with events or living traditions, with ideas, or with beliefs, with artistic and literary works of outstanding universal significance;",,,,,,,,,,,,,,,,,,,,,,,,,,,,,,,,,,,,,,,,,,,,,,,,,,,,,,,,,,,,,,,,,,Yes,
750.0,"Ancient <I>Ksour</I> of Ouadane, Chinguetti, Tichitt and Oualata",Mauritania,skipped; bvhp,,,,,,,,,"(iii) to bear a unique or at least exceptional testimony to a cultural tradition or to a civilization which is living or which has disappeared; | (iv) to be an outstanding example of a type of building, architectural or technological ensemble or landscape which illustrates (a) significant stage(s) in human history; | (v) to be an outstanding example of a traditional human settlement, land-use, or sea-use which is representative of a culture (or cultures), or human interaction with the environment especially when it has become vulnerable under the impact of irreversible change;",,,,,,,,,,,,,,,,,,,,,,,,,,,,,,,,,,,,,,,,,,,,,,,,,,,,,,,,,,,,,,,,,,No,
805.0,San Millán Yuso and Suso Monasteries,Spain,skipped; bvhp,,,,,,,,,"(ii) to exhibit an important interchange of human values, over a span of time or within a cultural area of the world, on developments in architecture or technology, monumental arts, town-planning or landscape design; | (iv) to be an outstanding example of a type of building, architectural or technological ensemble or landscape which illustrates (a) significant stage(s) in human history; | (vi) to be directly or tangibly associated with events or living traditions, with ideas, or with beliefs, with artistic and literary works of outstanding universal significance;",,,,,,,,,,,,,,,,,,,,,,,,,,,,,,,,,,,,,,,,,,,,,,,,,,,,,,,,,,,,,,,,,,No,
119.0,Timbuktu,Mali,skipped; bvvvhp,,,,,,,,,"(ii) to exhibit an important interchange of human values, over a span of time or within a cultural area of the world, on developments in architecture or technology, monumental arts, town-planning or landscape design; | (iv) to be an outstanding example of a type of building, architectural or technological ensemble or landscape which illustrates (a) significant stage(s) in human history; | (v) to be an outstanding example of a traditional human settlement, land-use, or sea-use which is representative of a culture (or cultures), or human interaction with the environment especially when it has become vulnerable under the impact of irreversible change;",,,,,,,,,,,,,,,,,,,,,,,,,,,,,,,,,,,,,,,,,,,,,,,,,,,,,,,,,,,,,,,,,,No,
1660.0,Viking-Age Ring Fortresses,Denmark,skipped;,,,,,,,,,"(iii) to bear a unique or at least exceptional testimony to a cultural tradition or to a civilization which is living or which has disappeared; | (iv) to be an outstanding example of a type of building, architectural or technological ensemble or landscape which illustrates (a) significant stage(s) in human history;",,,,,,,,,,,,,,,,,,,,,,,,,,,,,,,,,,,,,,,,,,,,,,,,,,,,,,,,,,,,,,,,,,No,
781.0,Historic Walled Town of Cuenca,Spain,skipped; bvvvhp,,,,,,,,,"(ii) to exhibit an important interchange of human values, over a span of time or within a cultural area of the world, on developments in architecture or technology, monumental arts, town-planning or landscape design; | (v) to be an outstanding example of a traditional human settlement, land-use, or sea-use which is representative of a culture (or cultures), or human interaction with the environment especially when it has become vulnerable under the impact of irreversible change;",,,,,,,,,,,,,,,,,,,,,,,,,,,,,,,,,,,,,,,,,,,,,,,,,,,,,,,,,,,,,,,,,,No,
1181.0,"Le Havre, the City Rebuilt by Auguste Perret",France,skipped; bhp,,,,,,,,,"(ii) to exhibit an important interchange of human values, over a span of time or within a cultural area of the world, on developments in architecture or technology, monumental arts, town-planning or landscape design; | (iv) to be an outstanding example of a type of building, architectural or technological ensemble or landscape which illustrates (a) significant stage(s) in human history;",,,,,,,,,,,,,,,,,,,,,,,,,,,,,,,,,,,,,,,,,,,,,,,,,,,,,,,,,,,,,,,,,,No,
569.0,Historic Centres of Berat and Gjirokastra,Albania,skipped; bvhp,,,,,,,,,"(iii) to bear a unique or at least exceptional testimony to a cultural tradition or to a civilization which is living or which has disappeared; | (iv) to be an outstanding example of a type of building, architectural or technological ensemble or landscape which illustrates (a) significant stage(s) in human history;",,,,,,,,,,,,,,,,,,,,,,,,,,,,,,,,,,,,,,,,,,,,,,,,,,,,,,,,,,,,,,,,,,No,
872.0,Historic Site of Lyon,France,skipped; but highly possible,,,,,,,,,"(ii) to exhibit an important interchange of human values, over a span of time or within a cultural area of the world, on developments in architecture or technology, monumental arts, town-planning or landscape design; | (iv) to be an outstanding example of a type of building, architectural or technological ensemble or landscape which illustrates (a) significant stage(s) in human history;",,,,,,,,,,,,,,,,,,,,,,,,,,,,,,,,,,,,,,,,,,,,,,,,,,,,,,,,,,,,,,,,,,No,
1608.0,Frontiers of the Roman Empire – The Danube Limes (Western Segment),"Austria,Germany,Slovakia",skipped; bvhp,,,,,,,,,"(ii) to exhibit an important interchange of human values, over a span of time or within a cultural area of the world, on developments in architecture or technology, monumental arts, town-planning or landscape design; | (iii) to bear a unique or at least exceptional testimony to a cultural tradition or to a civilization which is living or which has disappeared; | (iv) to be an outstanding example of a type of building, architectural or technological ensemble or landscape which illustrates (a) significant stage(s) in human history;",,,,,,,,,,,,,,,,,,,,,,,,,,,,,,,,,,,,,,,,,,,,,,,,,,,,,,,,,,,,,,,,,,No,
600.0,"Paris, Banks of the Seine",France,skipped;,,,,,,,,,"(i) to represent a masterpiece of human creative genius; | (ii) to exhibit an important interchange of human values, over a span of time or within a cultural area of the world, on developments in architecture or technology, monumental arts, town-planning or landscape design; | (iv) to be an outstanding example of a type of building, architectural or technological ensemble or landscape which illustrates (a) significant stage(s) in human history;",,,,,,,,,,,,,,,,,,,,,,,,,,,,,,,,,,,,,,,,,,,,,,,,,,,,,,,,,,,,,,,,,,No,
287.0,Rock-Art Sites of Tadrart Acacus,Libya,ouv absent; skipped; bvvvvvhp,,,,,,,,,(iii) to bear a unique or at least exceptional testimony to a cultural tradition or to a civilization which is living or which has disappeared;,,,,,,,,,,,,,,,,,,,,,,,,,,,,,,,,,,,,,,,,,,,,,,,,,,,,,,,,,,,,,,,,,,No,
184.0,Archaeological Site of Sabratha,Libya,ouv absent; skipped; bvhp,,,,,,,,,(iii) to bear a unique or at least exceptional testimony to a cultural tradition or to a civilization which is living or which has disappeared;,,,,,,,,,,,,,,,,,,,,,,,,,,,,,,,,,,,,,,,,,,,,,,,,,,,,,,,,,,,,,,,,,,No,
266.0,La Fortaleza and San Juan National Historic Site in Puerto Rico,United States of America,Military architecture (adaptations of European designs to Caribbean topography),Internal (DS/OUV),,16th to 20th centuries,Internal (DS/OUV),,Spanish / Hispanic world,Internal (DS/OUV),,"(vi) to be directly or tangibly associated with events or living traditions, with ideas, or with beliefs, with artistic and literary works of outstanding universal significance;",Internal (DS/OUV),,"Sandstone (also mentions brick, plaster, concrete)",Internal (DS/OUV),,,,,,,,,,,,,,,,,,,,,,,,,,,,,,,,,,,,,,,,,"Fortifications, fortress, arsenal, prison, governor residence, city wall, gate, forts, outworks",Internal (DS/OUV),,"Renaissance, Baroque, and French Enlightenment architectural designs",Internal (DS/OUV),,Historic European military construction methods adapted to tropical conditions,Internal (DS/OUV),,Vulnerable materials exposed to erosive action of the sea and heavy traffic,Internal (DS/OUV),,,,,Repairs address damage caused by early concrete use and environmental degradation,Internal (DS/OUV),,Good,,,Yes,
160.0,Palace and Park of Fontainebleau,France,skipped; bp,,,,,,,,,"(ii) to exhibit an important interchange of human values, over a span of time or within a cultural area of the world, on developments in architecture or technology, monumental arts, town-planning or landscape design; | (vi) to be directly or tangibly associated with events or living traditions, with ideas, or with beliefs, with artistic and literary works of outstanding universal significance;",,,,,,,,,,,,,,,,,,,,,,,,,,,,,,,,,,,,,,,,,,,,,,,,,,,,,,,,,,,,,,,,,,No,
381.0,Old City of Salamanca,Spain,skipped; bvhp,,,,,,,,,"(i) to represent a masterpiece of human creative genius; | (ii) to exhibit an important interchange of human values, over a span of time or within a cultural area of the world, on developments in architecture or technology, monumental arts, town-planning or landscape design; | (v) to be an outstanding example of a traditional human settlement, land-use, or sea-use which is representative of a culture (or cultures), or human interaction with the environment especially when it has become vulnerable under the impact of irreversible change;",,,,,,,,,,,,,,,,,,,,,,,,,,,,,,,,,,,,,,,,,,,,,,,,,,,,,,,,,,,,,,,,,,No,
1593.0,Mozu-Furuichi Kofun Group: Mounded Tombs of Ancient Japan,Japan,skipped;,,,,,,,,,"(iii) to bear a unique or at least exceptional testimony to a cultural tradition or to a civilization which is living or which has disappeared; | (iv) to be an outstanding example of a type of building, architectural or technological ensemble or landscape which illustrates (a) significant stage(s) in human history;",,,,,,,,,,,,,,,,,,,,,,,,,,,,,,,,,,,,,,,,,,,,,,,,,,,,,,,,,,,,,,,,,,No,
1439.0,Namhansanseong,Republic of Korea,skipped,,,,,,,,,"(ii) to exhibit an important interchange of human values, over a span of time or within a cultural area of the world, on developments in architecture or technology, monumental arts, town-planning or landscape design; | (iv) to be an outstanding example of a type of building, architectural or technological ensemble or landscape which illustrates (a) significant stage(s) in human history;",,,,,,,,,,,,,,,,,,,,,,,,,,,,,,,,,,,,,,,,,,,,,,,,,,,,,,,,,,,,,,,,,,No,
1229.0,Crac des Chevaliers and Qal’at Salah El-Din,Syrian Arab Republic,skipped; bvhp,,,,,,,,,"(ii) to exhibit an important interchange of human values, over a span of time or within a cultural area of the world, on developments in architecture or technology, monumental arts, town-planning or landscape design; | (iv) to be an outstanding example of a type of building, architectural or technological ensemble or landscape which illustrates (a) significant stage(s) in human history;",,,,,,,,,,,,,,,,,,,,,,,,,,,,,,,,,,,,,,,,,,,,,,,,,,,,,,,,,,,,,,,,,,No,
1344.0,Major Mining Sites of Wallonia,Belgium,coal mining heritage,,,,,,,,,"(ii) to exhibit an important interchange of human values, over a span of time or within a cultural area of the world, on developments in architecture or technology, monumental arts, town-planning or landscape design; | (iv) to be an outstanding example of a type of building, architectural or technological ensemble or landscape which illustrates (a) significant stage(s) in human history;",,,,,,,,,,,,,,,,,,,,,,,,,,,,,,,,,,,,,,,,,,,,,,,,,,,,,,,,,,,,,,,,,,Yes,
566.0,Historic City of Sucre,Bolivia (Plurinational State of),skipped; bp,,,,,,,,,"(iv) to be an outstanding example of a type of building, architectural or technological ensemble or landscape which illustrates (a) significant stage(s) in human history;",,,,,,,,,,,,,,,,,,,,,,,,,,,,,,,,,,,,,,,,,,,,,,,,,,,,,,,,,,,,,,,,,,No,
564.0,Old City of Zamość,Poland,skipped; bp,,,,,,,,,"(iv) to be an outstanding example of a type of building, architectural or technological ensemble or landscape which illustrates (a) significant stage(s) in human history;",,,,,,,,,,,,,,,,,,,,,,,,,,,,,,,,,,,,,,,,,,,,,,,,,,,,,,,,,,,,,,,,,,No,
23.0,Site of Palmyra,Syrian Arab Republic,skipped; but highly possible,,,,,,,,,"(i) to represent a masterpiece of human creative genius; | (ii) to exhibit an important interchange of human values, over a span of time or within a cultural area of the world, on developments in architecture or technology, monumental arts, town-planning or landscape design; | (iv) to be an outstanding example of a type of building, architectural or technological ensemble or landscape which illustrates (a) significant stage(s) in human history;",,,,,,,,,,,,,,,,,,,,,,,,,,,,,,,,,,,,,,,,,,,,,,,,,,,,,,,,,,,,,,,,,,No,
853.0,Early Christian Necropolis of Pécs (Sopianae),Hungary,skipped; bhp,,,,,,,,,"(iii) to bear a unique or at least exceptional testimony to a cultural tradition or to a civilization which is living or which has disappeared; | (iv) to be an outstanding example of a type of building, architectural or technological ensemble or landscape which illustrates (a) significant stage(s) in human history;",,,,,,,,,,,,,,,,,,,,,,,,,,,,,,,,,,,,,,,,,,,,,,,,,,,,,,,,,,,,,,,,,,No,
45.0,Rock-Hewn Churches of Ivanovo,Bulgaria,skipped; bvvvhp,,,,,,,,,"(ii) to exhibit an important interchange of human values, over a span of time or within a cultural area of the world, on developments in architecture or technology, monumental arts, town-planning or landscape design; | (iii) to bear a unique or at least exceptional testimony to a cultural tradition or to a civilization which is living or which has disappeared;",,,,,,,,,,,,,,,,,,,,,,,,,,,,,,,,,,,,,,,,,,,,,,,,,,,,,,,,,,,,,,,,,,No,
394.0,Venice and its Lagoon,Italy,skipped;,,,,,,,,,"(i) to represent a masterpiece of human creative genius; | (ii) to exhibit an important interchange of human values, over a span of time or within a cultural area of the world, on developments in architecture or technology, monumental arts, town-planning or landscape design; | (iii) to bear a unique or at least exceptional testimony to a cultural tradition or to a civilization which is living or which has disappeared; | (iv) to be an outstanding example of a type of building, architectural or technological ensemble or landscape which illustrates (a) significant stage(s) in human history; | (v) to be an outstanding example of a traditional human settlement, land-use, or sea-use which is representative of a culture (or cultures), or human interaction with the environment especially when it has become vulnerable under the impact of irreversible change; | (vi) to be directly or tangibly associated with events or living traditions, with ideas, or with beliefs, with artistic and literary works of outstanding universal significance;",,,,,,,,,,,,,,,,,,,,,,,,,,,,,,,,,,,,,,,,,,,,,,,,,,,,,,,,,,,,,,,,,,No,
1152.0,Þingvellir National Park,Iceland,skipped; skeptic,,,,,,,,,"(iii) to bear a unique or at least exceptional testimony to a cultural tradition or to a civilization which is living or which has disappeared; | (vi) to be directly or tangibly associated with events or living traditions, with ideas, or with beliefs, with artistic and literary works of outstanding universal significance;",,,,,,,,,,,,,,,,,,,,,,,,,,,,,,,,,,,,,,,,,,,,,,,,,,,,,,,,,,,,,,,,,,No,
1108.0,"Biblical Tels - Megiddo, Hazor, Beer Sheba",Israel,skipped; bp,,,,,,,,,"(ii) to exhibit an important interchange of human values, over a span of time or within a cultural area of the world, on developments in architecture or technology, monumental arts, town-planning or landscape design; | (iii) to bear a unique or at least exceptional testimony to a cultural tradition or to a civilization which is living or which has disappeared; | (iv) to be an outstanding example of a type of building, architectural or technological ensemble or landscape which illustrates (a) significant stage(s) in human history; | (vi) to be directly or tangibly associated with events or living traditions, with ideas, or with beliefs, with artistic and literary works of outstanding universal significance;",,,,,,,,,,,,,,,,,,,,,,,,,,,,,,,,,,,,,,,,,,,,,,,,,,,,,,,,,,,,,,,,,,No,
1004.0,Imperial Tombs of the Ming and Qing Dynasties,China,skipped;,,,,,,,,,"(i) to represent a masterpiece of human creative genius; | (ii) to exhibit an important interchange of human values, over a span of time or within a cultural area of the world, on developments in architecture or technology, monumental arts, town-planning or landscape design; | (iii) to bear a unique or at least exceptional testimony to a cultural tradition or to a civilization which is living or which has disappeared; | (iv) to be an outstanding example of a type of building, architectural or technological ensemble or landscape which illustrates (a) significant stage(s) in human history; | (vi) to be directly or tangibly associated with events or living traditions, with ideas, or with beliefs, with artistic and literary works of outstanding universal significance;",,,,,,,,,,,,,,,,,,,,,,,,,,,,,,,,,,,,,,,,,,,,,,,,,,,,,,,,,,,,,,,,,,No,
42.0,Boyana Church,Bulgaria,skipped; bvhp,,,,,,,,,"(ii) to exhibit an important interchange of human values, over a span of time or within a cultural area of the world, on developments in architecture or technology, monumental arts, town-planning or landscape design; | (iii) to bear a unique or at least exceptional testimony to a cultural tradition or to a civilization which is living or which has disappeared;",,,,,,,,,,,,,,,,,,,,,,,,,,,,,,,,,,,,,,,,,,,,,,,,,,,,,,,,,,,,,,,,,,No,
206.0,Central Zone of the Town of Angra do Heroismo in the Azores,Portugal,skipped;,,,,,,,,,"(iv) to be an outstanding example of a type of building, architectural or technological ensemble or landscape which illustrates (a) significant stage(s) in human history; | (vi) to be directly or tangibly associated with events or living traditions, with ideas, or with beliefs, with artistic and literary works of outstanding universal significance;",,,,,,,,,,,,,,,,,,,,,,,,,,,,,,,,,,,,,,,,,,,,,,,,,,,,,,,,,,,,,,,,,,No,
575.0,Ban Chiang Archaeological Site,Thailand,OUV absent; skipped; bvvhp,,,,,,,,,(iii) to bear a unique or at least exceptional testimony to a cultural tradition or to a civilization which is living or which has disappeared;,,,,,,,,,,,,,,,,,,,,,,,,,,,,,,,,,,,,,,,,,,,,,,,,,,,,,,,,,,,,,,,,,,No,
1473.0,Brâncuși Monumental Ensemble of Târgu Jiu,Romania,skipped; bvhp,,,,,,,,,"(i) to represent a masterpiece of human creative genius; | (ii) to exhibit an important interchange of human values, over a span of time or within a cultural area of the world, on developments in architecture or technology, monumental arts, town-planning or landscape design;",,,,,,,,,,,,,,,,,,,,,,,,,,,,,,,,,,,,,,,,,,,,,,,,,,,,,,,,,,,,,,,,,,No,
250.0,Great Living Chola Temples,India,skipped; bvhp,,,,,,,,,"(ii) to exhibit an important interchange of human values, over a span of time or within a cultural area of the world, on developments in architecture or technology, monumental arts, town-planning or landscape design; | (iii) to bear a unique or at least exceptional testimony to a cultural tradition or to a civilization which is living or which has disappeared;",,,,,,,,,,,,,,,,,,,,,,,,,,,,,,,,,,,,,,,,,,,,,,,,,,,,,,,,,,,,,,,,,,No,
881.0,Temple of Heaven: an Imperial Sacrificial Altar in Beijing,China,skipped; bp,,,,,,,,,"(i) to represent a masterpiece of human creative genius; | (ii) to exhibit an important interchange of human values, over a span of time or within a cultural area of the world, on developments in architecture or technology, monumental arts, town-planning or landscape design; | (iii) to bear a unique or at least exceptional testimony to a cultural tradition or to a civilization which is living or which has disappeared;",,,,,,,,,,,,,,,,,,,,,,,,,,,,,,,,,,,,,,,,,,,,,,,,,,,,,,,,,,,,,,,,,,No,
1507.0,"Phu Phrabat, a testimony to the Sīma stone tradition of the Dvaravati period",Thailand,ouv absent; bp,,,,,,,,,"(iii) to bear a unique or at least exceptional testimony to a cultural tradition or to a civilization which is living or which has disappeared; | (v) to be an outstanding example of a traditional human settlement, land-use, or sea-use which is representative of a culture (or cultures), or human interaction with the environment especially when it has become vulnerable under the impact of irreversible change;",,,,,,,,,,,,,,,,,,,,,,,,,,,,,,,,,,,,,,,,,,,,,,,,,,,,,,,,,,,,,,,,,,No,
925.0,Rock Shelters of Bhimbetka,India,ouv absent; bvvvhp,,,,,,,,,"(iii) to bear a unique or at least exceptional testimony to a cultural tradition or to a civilization which is living or which has disappeared; | (v) to be an outstanding example of a traditional human settlement, land-use, or sea-use which is representative of a culture (or cultures), or human interaction with the environment especially when it has become vulnerable under the impact of irreversible change;",,,,,,,,,,,,,,,,,,,,,,,,,,,,,,,,,,,,,,,,,,,,,,,,,,,,,,,,,,,,,,,,,,No,
1667.0,Koh Ker: Archaeological Site of Ancient Lingapura or Chok Gargyar,Cambodia,skipped; bvvvhp,,,,,,,,,"(ii) to exhibit an important interchange of human values, over a span of time or within a cultural area of the world, on developments in architecture or technology, monumental arts, town-planning or landscape design; | (iv) to be an outstanding example of a type of building, architectural or technological ensemble or landscape which illustrates (a) significant stage(s) in human history;",,,,,,,,,,,,,,,,,,,,,,,,,,,,,,,,,,,,,,,,,,,,,,,,,,,,,,,,,,,,,,,,,,No,
598.0,Churches of Moldavia,Romania,skipped; bhp,,,,,,,,,"(i) to represent a masterpiece of human creative genius; | (iv) to be an outstanding example of a type of building, architectural or technological ensemble or landscape which illustrates (a) significant stage(s) in human history;",,,,,,,,,,,,,,,,,,,,,,,,,,,,,,,,,,,,,,,,,,,,,,,,,,,,,,,,,,,,,,,,,,No,
741.0,Old Town Lunenburg,Canada,skipped;,,,,,,,,,"(iv) to be an outstanding example of a type of building, architectural or technological ensemble or landscape which illustrates (a) significant stage(s) in human history; | (v) to be an outstanding example of a traditional human settlement, land-use, or sea-use which is representative of a culture (or cultures), or human interaction with the environment especially when it has become vulnerable under the impact of irreversible change;",,,,,,,,,,,,,,,,,,,,,,,,,,,,,,,,,,,,,,,,,,,,,,,,,,,,,,,,,,,,,,,,,,No,
1456.0,Shahr-i Sokhta,Iran (Islamic Republic of),skipped; bvvvhp,,,,,,,,,"(ii) to exhibit an important interchange of human values, over a span of time or within a cultural area of the world, on developments in architecture or technology, monumental arts, town-planning or landscape design; | (iii) to bear a unique or at least exceptional testimony to a cultural tradition or to a civilization which is living or which has disappeared; | (iv) to be an outstanding example of a type of building, architectural or technological ensemble or landscape which illustrates (a) significant stage(s) in human history;",,,,,,,,,,,,,,,,,,,,,,,,,,,,,,,,,,,,,,,,,,,,,,,,,,,,,,,,,,,,,,,,,,No,
440.0,Mogao Caves,China,skipped; bvhp,,,,,,,,,"(i) to represent a masterpiece of human creative genius; | (ii) to exhibit an important interchange of human values, over a span of time or within a cultural area of the world, on developments in architecture or technology, monumental arts, town-planning or landscape design; | (iii) to bear a unique or at least exceptional testimony to a cultural tradition or to a civilization which is living or which has disappeared; | (iv) to be an outstanding example of a type of building, architectural or technological ensemble or landscape which illustrates (a) significant stage(s) in human history; | (v) to be an outstanding example of a traditional human settlement, land-use, or sea-use which is representative of a culture (or cultures), or human interaction with the environment especially when it has become vulnerable under the impact of irreversible change; | (vi) to be directly or tangibly associated with events or living traditions, with ideas, or with beliefs, with artistic and literary works of outstanding universal significance;",,,,,,,,,,,,,,,,,,,,,,,,,,,,,,,,,,,,,,,,,,,,,,,,,,,,,,,,,,,,,,,,,,No,
1502.0,"Archaeological Site of Nalanda Mahavihara at Nalanda, Bihar",India,skipped; bvhp,,,,,,,,,"(iv) to be an outstanding example of a type of building, architectural or technological ensemble or landscape which illustrates (a) significant stage(s) in human history; | (vi) to be directly or tangibly associated with events or living traditions, with ideas, or with beliefs, with artistic and literary works of outstanding universal significance;",,,,,,,,,,,,,,,,,,,,,,,,,,,,,,,,,,,,,,,,,,,,,,,,,,,,,,,,,,,,,,,,,,No,
971.0,Churches of Chiloé,Chile,skipped;,,,,,,,,,"(ii) to exhibit an important interchange of human values, over a span of time or within a cultural area of the world, on developments in architecture or technology, monumental arts, town-planning or landscape design; | (iii) to bear a unique or at least exceptional testimony to a cultural tradition or to a civilization which is living or which has disappeared;",,,,,,,,,,,,,,,,,,,,,,,,,,,,,,,,,,,,,,,,,,,,,,,,,,,,,,,,,,,,,,,,,,No,
377.0,Hattusha: the Hittite Capital,Türkiye,skipped; bvhp,,,,,,,,,"(i) to represent a masterpiece of human creative genius; | (ii) to exhibit an important interchange of human values, over a span of time or within a cultural area of the world, on developments in architecture or technology, monumental arts, town-planning or landscape design; | (iii) to bear a unique or at least exceptional testimony to a cultural tradition or to a civilization which is living or which has disappeared; | (iv) to be an outstanding example of a type of building, architectural or technological ensemble or landscape which illustrates (a) significant stage(s) in human history;",,,,,,,,,,,,,,,,,,,,,,,,,,,,,,,,,,,,,,,,,,,,,,,,,,,,,,,,,,,,,,,,,,No,
1711.0,Moidams – the Mound-Burial System of the Ahom Dynasty,India,skipped,,,,,,,,,"(iii) to bear a unique or at least exceptional testimony to a cultural tradition or to a civilization which is living or which has disappeared; | (iv) to be an outstanding example of a type of building, architectural or technological ensemble or landscape which illustrates (a) significant stage(s) in human history;",,,,,,,,,,,,,,,,,,,,,,,,,,,,,,,,,,,,,,,,,,,,,,,,,,,,,,,,,,,,,,,,,,No,
978.0,Old Town of Corfu,Greece,skipped; bp,,,,,,,,,"(iv) to be an outstanding example of a type of building, architectural or technological ensemble or landscape which illustrates (a) significant stage(s) in human history;",,,,,,,,,,,,,,,,,,,,,,,,,,,,,,,,,,,,,,,,,,,,,,,,,,,,,,,,,,,,,,,,,,No,
1079.0,Franciscan Missions in the Sierra Gorda of Querétaro,Mexico,skipped; bhp,,,,,,,,,"(ii) to exhibit an important interchange of human values, over a span of time or within a cultural area of the world, on developments in architecture or technology, monumental arts, town-planning or landscape design; | (iii) to bear a unique or at least exceptional testimony to a cultural tradition or to a civilization which is living or which has disappeared;",,,,,,,,,,,,,,,,,,,,,,,,,,,,,,,,,,,,,,,,,,,,,,,,,,,,,,,,,,,,,,,,,,No,
744.0,San Agustín Archaeological Park,Colombia,"Religious monuments, megalithic funerary monuments, burial mounds, terraces, funerary structures, stone statuary, and water/monument carvings in stream beds",Internal (DS/OUV),,Pre-Columbian megalithic funerary architecture,Internal (DS/OUV),,"1st to 8th / 9th century AD (Regional Classic period 1–900 AD, developing since around 1000 BC)",Internal (DS/OUV),,(iii) to bear a unique or at least exceptional testimony to a cultural tradition or to a civilization which is living or which has disappeared;,Internal (DS/OUV),,"Tuff, Volcanic Rock",Internal (DS/OUV),,Igneous Rock,,,,,,,,,Tuff and unspecified volcanic rock,Internal (DS/OUV),,,,,,,,,,,,,,,,,,,,Colombia,Internal (DS/OUV),,Local (carved into bedrock and local volcanic stone blocks),Internal (DS/OUV),,,,,"Stone corridors, columns, sarcophagi, funeral rooms, stream stone bed carvings",Internal (DS/OUV),,"Megalithic statuary, relief carvings, carved designs on bedrock",Internal (DS/OUV),,"Monolithic carvings, stone slabs, megalithic construction, earth and stone mounds",Internal (DS/OUV),,"Soil instability, bedrock erosion caused by rainfall and water flow (at Fuente de Lavapatas), wind erosion, biodeterioration",Internal (DS/OUV),,,,,"Preventive conservation, 16 reconstructed funerary mounds, systematic control of biodeterioration agents",Internal (DS/OUV),,Excellent,,,Yes,
1008.0,Archaeological Landscape of the First Coffee Plantations in the South-East of Cuba,Cuba,skipped; bp,,,,,,,,,"(iii) to bear a unique or at least exceptional testimony to a cultural tradition or to a civilization which is living or which has disappeared; | (iv) to be an outstanding example of a type of building, architectural or technological ensemble or landscape which illustrates (a) significant stage(s) in human history;",,,,,,,,,,,,,,,,,,,,,,,,,,,,,,,,,,,,,,,,,,,,,,,,,,,,,,,,,,,,,,,,,,No,
515.0,Abbey and Altenmünster of Lorsch,Germany,skipped; bvhp,,,,,,,,,"(iii) to bear a unique or at least exceptional testimony to a cultural tradition or to a civilization which is living or which has disappeared; | (iv) to be an outstanding example of a type of building, architectural or technological ensemble or landscape which illustrates (a) significant stage(s) in human history;",,,,,,,,,,,,,,,,,,,,,,,,,,,,,,,,,,,,,,,,,,,,,,,,,,,,,,,,,,,,,,,,,,No,
140.0,Buddhist Ruins of Takht-i-Bahi and Neighbouring City Remains at Sahr-i-Bahlol,Pakistan,skipped,,,,,,,,,"(iv) to be an outstanding example of a type of building, architectural or technological ensemble or landscape which illustrates (a) significant stage(s) in human history;",,,,,,,,,,,,,,,,,,,,,,,,,,,,,,,,,,,,,,,,,,,,,,,,,,,,,,,,,,,,,,,,,,No,
1541.0,"Kulangsu, a Historic International Settlement",China,skipped; bp,,,,,,,,,"(ii) to exhibit an important interchange of human values, over a span of time or within a cultural area of the world, on developments in architecture or technology, monumental arts, town-planning or landscape design; | (iv) to be an outstanding example of a type of building, architectural or technological ensemble or landscape which illustrates (a) significant stage(s) in human history;",,,,,,,,,,,,,,,,,,,,,,,,,,,,,,,,,,,,,,,,,,,,,,,,,,,,,,,,,,,,,,,,,,No,
557.0,Rock Carvings in Tanum,Sweden,"Building, Design, Monument, Plan",Internal (DS/OUV),,Bronze Age (c. 1700 BC – 500 BC),Internal (DS/OUV),,Nordic Bronze Age Europe,Internal (DS/OUV),,"(i) to represent a masterpiece of human creative genius; | (iii) to bear a unique or at least exceptional testimony to a cultural tradition or to a civilization which is living or which has disappeared; | (iv) to be an outstanding example of a type of building, architectural or technological ensemble or landscape which illustrates (a) significant stage(s) in human history;",Internal (DS/OUV),,Granite,Internal (DS/OUV),,Igneous Rock,Internal (DS/OUV),,,,,,,,Granitic Bedrock,Internal (DS/OUV),,"Pre-Quaternary / Scraped ~14,000 years ago during last glacial phase",Internal (DS/OUV),,Scandinavian Ice Sheet glaciated rock faces,Internal (DS/OUV),,,,,"Gently curved, exposed rock faces",Internal (DS/OUV),,,,,,,,Sweden,Internal (DS/OUV),,Local (Bedrock canvas),Internal (DS/OUV),,,,,"Natural Rock Panel / Bedrock ""Canvas""",Internal (DS/OUV),,"Rock Carvings / Petroglyphs (depicting humans, animals, weapons, boats)",Internal (DS/OUV),,Executed by pecking and grinding using stone hammers and points,Internal (DS/OUV),,Degradation due to granitic environment / environmental exposure,Internal (DS/OUV),,,,,Painted with non-destructive paint by trained specialists for clarity,Internal (DS/OUV),,Moderate,,,Yes,
956.0,Island of Saint-Louis,Senegal,skipped; bp,,,,,,,,,"(ii) to exhibit an important interchange of human values, over a span of time or within a cultural area of the world, on developments in architecture or technology, monumental arts, town-planning or landscape design; | (iv) to be an outstanding example of a type of building, architectural or technological ensemble or landscape which illustrates (a) significant stage(s) in human history;",,,,,,,,,,,,,,,,,,,,,,,,,,,,,,,,,,,,,,,,,,,,,,,,,,,,,,,,,,,,,,,,,,No,
1215.0,Cornwall and West Devon Mining Landscape,United Kingdom of Great Britain and Northern Ireland,skipped; bhp,,,,,,,,,"(ii) to exhibit an important interchange of human values, over a span of time or within a cultural area of the world, on developments in architecture or technology, monumental arts, town-planning or landscape design; | (iii) to bear a unique or at least exceptional testimony to a cultural tradition or to a civilization which is living or which has disappeared; | (iv) to be an outstanding example of a type of building, architectural or technological ensemble or landscape which illustrates (a) significant stage(s) in human history;",,,,,,,,,,,,,,,,,,,,,,,,,,,,,,,,,,,,,,,,,,,,,,,,,,,,,,,,,,,,,,,,,,No,
366.0,Chan Chan Archaeological Zone,Peru,skipped; bvvvhp,,,,,,,,,(i) to represent a masterpiece of human creative genius; | (iii) to bear a unique or at least exceptional testimony to a cultural tradition or to a civilization which is living or which has disappeared;,,,,,,,,,,,,,,,,,,,,,,,,,,,,,,,,,,,,,,,,,,,,,,,,,,,,,,,,,,,,,,,,,,No,
559.0,Royal Domain of Drottningholm,Sweden,skipped,,,,,,,,,"(iv) to be an outstanding example of a type of building, architectural or technological ensemble or landscape which illustrates (a) significant stage(s) in human history;",,,,,,,,,,,,,,,,,,,,,,,,,,,,,,,,,,,,,,,,,,,,,,,,,,,,,,,,,,,,,,,,,,No,
776.0,Itsukushima Shinto Shrine,Japan,skipped;,,,,,,,,,"(i) to represent a masterpiece of human creative genius; | (ii) to exhibit an important interchange of human values, over a span of time or within a cultural area of the world, on developments in architecture or technology, monumental arts, town-planning or landscape design; | (iv) to be an outstanding example of a type of building, architectural or technological ensemble or landscape which illustrates (a) significant stage(s) in human history; | (vi) to be directly or tangibly associated with events or living traditions, with ideas, or with beliefs, with artistic and literary works of outstanding universal significance;",,,,,,,,,,,,,,,,,,,,,,,,,,,,,,,,,,,,,,,,,,,,,,,,,,,,,,,,,,,,,,,,,,No,
393.0,Archaeological Site of Delphi,Greece,skipped; bvhp,,,,,,,,,"(i) to represent a masterpiece of human creative genius; | (ii) to exhibit an important interchange of human values, over a span of time or within a cultural area of the world, on developments in architecture or technology, monumental arts, town-planning or landscape design; | (iii) to bear a unique or at least exceptional testimony to a cultural tradition or to a civilization which is living or which has disappeared; | (iv) to be an outstanding example of a type of building, architectural or technological ensemble or landscape which illustrates (a) significant stage(s) in human history; | (vi) to be directly or tangibly associated with events or living traditions, with ideas, or with beliefs, with artistic and literary works of outstanding universal significance;",,,,,,,,,,,,,,,,,,,,,,,,,,,,,,,,,,,,,,,,,,,,,,,,,,,,,,,,,,,,,,,,,,No,
1196.0,"Architectural, Residential and Cultural Complex of the Radziwill Family at Nesvizh",Belarus,skipped;,,,,,,,,,"(ii) to exhibit an important interchange of human values, over a span of time or within a cultural area of the world, on developments in architecture or technology, monumental arts, town-planning or landscape design; | (iv) to be an outstanding example of a type of building, architectural or technological ensemble or landscape which illustrates (a) significant stage(s) in human history; | (vi) to be directly or tangibly associated with events or living traditions, with ideas, or with beliefs, with artistic and literary works of outstanding universal significance;",,,,,,,,,,,,,,,,,,,,,,,,,,,,,,,,,,,,,,,,,,,,,,,,,,,,,,,,,,,,,,,,,,No,
960.0,Monastery of Geghard and the Upper Azat Valley,Armenia,skipped; bvvvvhp,,,,,,,,,"(ii) to exhibit an important interchange of human values, over a span of time or within a cultural area of the world, on developments in architecture or technology, monumental arts, town-planning or landscape design;",,,,,,,,,,,,,,,,,,,,,,,,,,,,,,,,,,,,,,,,,,,,,,,,,,,,,,,,,,,,,,,,,,No,
1368.0,Fagus Factory in Alfeld,Germany,skipped;,,,,,,,,,"(ii) to exhibit an important interchange of human values, over a span of time or within a cultural area of the world, on developments in architecture or technology, monumental arts, town-planning or landscape design; | (iv) to be an outstanding example of a type of building, architectural or technological ensemble or landscape which illustrates (a) significant stage(s) in human history;",,,,,,,,,,,,,,,,,,,,,,,,,,,,,,,,,,,,,,,,,,,,,,,,,,,,,,,,,,,,,,,,,,No,
1592.0,Archaeological Ruins of Liangzhu City,China,skipped;,,,,,,,,,"(iii) to bear a unique or at least exceptional testimony to a cultural tradition or to a civilization which is living or which has disappeared; | (iv) to be an outstanding example of a type of building, architectural or technological ensemble or landscape which illustrates (a) significant stage(s) in human history;",,,,,,,,,,,,,,,,,,,,,,,,,,,,,,,,,,,,,,,,,,,,,,,,,,,,,,,,,,,,,,,,,,No,
511.0,Archaeological Site of Mystras,Greece,skipped; bvvhp,,,,,,,,,"(ii) to exhibit an important interchange of human values, over a span of time or within a cultural area of the world, on developments in architecture or technology, monumental arts, town-planning or landscape design; | (iii) to bear a unique or at least exceptional testimony to a cultural tradition or to a civilization which is living or which has disappeared; | (iv) to be an outstanding example of a type of building, architectural or technological ensemble or landscape which illustrates (a) significant stage(s) in human history;",,,,,,,,,,,,,,,,,,,,,,,,,,,,,,,,,,,,,,,,,,,,,,,,,,,,,,,,,,,,,,,,,,No,
777.0,Monasteries of Haghpat and Sanahin,Armenia,skipped; bvhp,,,,,,,,,"(ii) to exhibit an important interchange of human values, over a span of time or within a cultural area of the world, on developments in architecture or technology, monumental arts, town-planning or landscape design; | (iv) to be an outstanding example of a type of building, architectural or technological ensemble or landscape which illustrates (a) significant stage(s) in human history;",,,,,,,,,,,,,,,,,,,,,,,,,,,,,,,,,,,,,,,,,,,,,,,,,,,,,,,,,,,,,,,,,,No,
448.0,Nemrut Dağ,Türkiye,ouv absent; skipped; bvvvvhp,,,,,,,,,"(i) to represent a masterpiece of human creative genius; | (iii) to bear a unique or at least exceptional testimony to a cultural tradition or to a civilization which is living or which has disappeared; | (iv) to be an outstanding example of a type of building, architectural or technological ensemble or landscape which illustrates (a) significant stage(s) in human history;",,,,,,,,,,,,,,,,,,,,,,,,,,,,,,,,,,,,,,,,,,,,,,,,,,,,,,,,,,,,,,,,,,No,
1528.0,Talayotic Menorca,Spain,skipped;,,,,,,,,,"(iii) to bear a unique or at least exceptional testimony to a cultural tradition or to a civilization which is living or which has disappeared; | (iv) to be an outstanding example of a type of building, architectural or technological ensemble or landscape which illustrates (a) significant stage(s) in human history;",,,,,,,,,,,,,,,,,,,,,,,,,,,,,,,,,,,,,,,,,,,,,,,,,,,,,,,,,,,,,,,,,,No,
320.0,Works of Antoni Gaudí,Spain,skipped;,,,,,,,,,"(i) to represent a masterpiece of human creative genius; | (ii) to exhibit an important interchange of human values, over a span of time or within a cultural area of the world, on developments in architecture or technology, monumental arts, town-planning or landscape design; | (v) to be an outstanding example of a traditional human settlement, land-use, or sea-use which is representative of a culture (or cultures), or human interaction with the environment especially when it has become vulnerable under the impact of irreversible change;",,,,,,,,,,,,,,,,,,,,,,,,,,,,,,,,,,,,,,,,,,,,,,,,,,,,,,,,,,,,,,,,,,No,
1274.0,Protective town of San Miguel and the Sanctuary of Jesús Nazareno de Atotonilco,Mexico,skipped; ,,,,,,,,,"(ii) to exhibit an important interchange of human values, over a span of time or within a cultural area of the world, on developments in architecture or technology, monumental arts, town-planning or landscape design; | (iv) to be an outstanding example of a type of building, architectural or technological ensemble or landscape which illustrates (a) significant stage(s) in human history;",,,,,,,,,,,,,,,,,,,,,,,,,,,,,,,,,,,,,,,,,,,,,,,,,,,,,,,,,,,,,,,,,,No,
965.0,Rietveld Schröderhuis (Rietveld Schröder House),Netherlands (Kingdom of the),skipped;,,,,,,,,,"(i) to represent a masterpiece of human creative genius; | (ii) to exhibit an important interchange of human values, over a span of time or within a cultural area of the world, on developments in architecture or technology, monumental arts, town-planning or landscape design;",,,,,,,,,,,,,,,,,,,,,,,,,,,,,,,,,,,,,,,,,,,,,,,,,,,,,,,,,,,,,,,,,,No,
1633.0,The Slate Landscape of Northwest Wales,United Kingdom of Great Britain and Northern Ireland,"Architectural, Vernacular, Industrial, Traditional, Monumental, Georgian",Internal (DS/OUV),,Industrial Revolution (1780–1914) / 1780 to 1940,Internal (DS/OUV),,Industrial Revolution British / Welsh,Internal (DS/OUV),,"(ii) to exhibit an important interchange of human values, over a span of time or within a cultural area of the world, on developments in architecture or technology, monumental arts, town-planning or landscape design; | (iv) to be an outstanding example of a type of building, architectural or technological ensemble or landscape which illustrates (a) significant stage(s) in human history;",Internal (DS/OUV),,"Roofing Slate, Slate, Slate Slabs",Internal (DS/OUV),,Metamorphic Rock,,,,,,Welsh Slate,,,Slate,Internal (DS/OUV),,,,,Snowdonia / North Wales Slate Belt Formations,Internal (DS/OUV),,"Purple, Blue, Grey, Green",Internal (DS/OUV),,"Fine-grained, Foliated / Cleaved",Internal (DS/OUV),,"Quartz, Illite, Sericite, Chlorite",Internal (DS/OUV),,"Penrhyn Quarry, Dinorwig Quarry, Oakeley Quarry, Llechwedd Quarry, Ffestiniog Quarries (among six component areas)",Internal (DS/OUV),,United Kingdom of Great Britain and Northern Ireland,Internal (DS/OUV),,Local,Internal (DS/OUV),,"Local to regional transport via narrow-gauge railways to coastal export ports (e.g., Porthmadog, Port Penrhyn); transcontinental export worldwide.",Internal (DS/OUV),,"Roofing slates, architectural slabs, building walls, terraced housing, industrial buildings, chapels, schools, country houses",Internal (DS/OUV),,"Architectural slabs, interior fittings, hearths, gravestones",Internal (DS/OUV),,"Traditional drystone masonry, split slate block masonry, sawn slab construction",Internal (DS/OUV),,Highly durable and resistant to weathering; minor physical weathering on exposed tips/relict workings,Internal (DS/OUV),,Local Welsh Slate from remaining active quarries outside property boundaries,Internal (DS/OUV),,"Managed under statutory protections (Ancient Monuments Act 1979, Listed Buildings Act 1990) preserving relict industrial landscapes",Internal (DS/OUV),,Excellent,Internal (DS/OUV),,Yes,
1046.0,Alto Douro Wine Region,Portugal,skipped;,,,,,,,,,"(iii) to bear a unique or at least exceptional testimony to a cultural tradition or to a civilization which is living or which has disappeared; | (iv) to be an outstanding example of a type of building, architectural or technological ensemble or landscape which illustrates (a) significant stage(s) in human history; | (v) to be an outstanding example of a traditional human settlement, land-use, or sea-use which is representative of a culture (or cultures), or human interaction with the environment especially when it has become vulnerable under the impact of irreversible change;",,,,,,,,,,,,,,,,,,,,,,,,,,,,,,,,,,,,,,,,,,,,,,,,,,,,,,,,,,,,,,,,,,No,
269.0,Benedictine Convent of St John at Müstair,Switzerland,skipped; bp,,,,,,,,,(iii) to bear a unique or at least exceptional testimony to a cultural tradition or to a civilization which is living or which has disappeared;,,,,,,,,,,,,,,,,,,,,,,,,,,,,,,,,,,,,,,,,,,,,,,,,,,,,,,,,,,,,,,,,,,No,
875.0,Archaeological Ensemble of Tarraco,Spain,Roman / Romanesque,Internal (DS/OUV),,Republican period (3rd century BCE) to Early Christian Era,Internal (DS/OUV),,Roman,Internal (DS/OUV),,"(ii) to exhibit an important interchange of human values, over a span of time or within a cultural area of the world, on developments in architecture or technology, monumental arts, town-planning or landscape design; | (iii) to bear a unique or at least exceptional testimony to a cultural tradition or to a civilization which is living or which has disappeared;",Internal (DS/OUV),,Marble,Internal (DS/OUV),,,,,,,,,,,,,,,,,,,,,,,,,,,,,Mèdol quarry,Internal (DS/OUV),,spain,Internal (DS/OUV),,Both (Local quarry mentioned alongside imported marbles/materials from Rome),Internal (DS/OUV),,,,,"Building blocks, defensive walls, terraces, foundations",Internal (DS/OUV),,"Sculptural and architectural decoration, marbles",Internal (DS/OUV),,,,,,Internal (DS/OUV),,,,,,,,Good,,,Yes,
929.0,San Cristóbal de La Laguna,Spain,skipped; bp,,,,,,,,,"(i) to represent a masterpiece of human creative genius; | (ii) to exhibit an important interchange of human values, over a span of time or within a cultural area of the world, on developments in architecture or technology, monumental arts, town-planning or landscape design; | (v) to be an outstanding example of a traditional human settlement, land-use, or sea-use which is representative of a culture (or cultures), or human interaction with the environment especially when it has become vulnerable under the impact of irreversible change;",,,,,,,,,,,,,,,,,,,,,,,,,,,,,,,,,,,,,,,,,,,,,,,,,,,,,,,,,,,,,,,,,,No,
1010.0,Land of Frankincense,Oman,skipped; bvvvhp,,,,,,,,,"(iii) to bear a unique or at least exceptional testimony to a cultural tradition or to a civilization which is living or which has disappeared; | (iv) to be an outstanding example of a type of building, architectural or technological ensemble or landscape which illustrates (a) significant stage(s) in human history;",,,,,,,,,,,,,,,,,,,,,,,,,,,,,,,,,,,,,,,,,,,,,,,,,,,,,,,,,,,,,,,,,,No,
1700.0,"Landmarks of the Ancient Kingdom of Saba, Marib",Yemen,skipped; bvvvhp,,,,,,,,,"(iii) to bear a unique or at least exceptional testimony to a cultural tradition or to a civilization which is living or which has disappeared; | (iv) to be an outstanding example of a type of building, architectural or technological ensemble or landscape which illustrates (a) significant stage(s) in human history;",,,,,,,,,,,,,,,,,,,,,,,,,,,,,,,,,,,,,,,,,,,,,,,,,,,,,,,,,,,,,,,,,,No,
556.0,Engelsberg Ironworks,Sweden,skipped;,,,,,,,,,"(iv) to be an outstanding example of a type of building, architectural or technological ensemble or landscape which illustrates (a) significant stage(s) in human history;",,,,,,,,,,,,,,,,,,,,,,,,,,,,,,,,,,,,,,,,,,,,,,,,,,,,,,,,,,,,,,,,,,No,
1324.0,Historic Villages of Korea: Hahoe and Yangdong,Republic of Korea,skipped;,,,,,,,,,"(iii) to bear a unique or at least exceptional testimony to a cultural tradition or to a civilization which is living or which has disappeared; | (iv) to be an outstanding example of a type of building, architectural or technological ensemble or landscape which illustrates (a) significant stage(s) in human history;",,,,,,,,,,,,,,,,,,,,,,,,,,,,,,,,,,,,,,,,,,,,,,,,,,,,,,,,,,,,,,,,,,No,
143.0,"Historical Monuments at Makli, Thatta",Pakistan,skipped; bvvvhp,,,,,,,,,(iii) to bear a unique or at least exceptional testimony to a cultural tradition or to a civilization which is living or which has disappeared;,,,,,,,,,,,,,,,,,,,,,,,,,,,,,,,,,,,,,,,,,,,,,,,,,,,,,,,,,,,,,,,,,,No,
1440.0,Great Burkhan Khaldun Mountain and its surrounding sacred landscape,Mongolia,skipped;,,,,,,,,,"(iv) to be an outstanding example of a type of building, architectural or technological ensemble or landscape which illustrates (a) significant stage(s) in human history; | (vi) to be directly or tangibly associated with events or living traditions, with ideas, or with beliefs, with artistic and literary works of outstanding universal significance;",,,,,,,,,,,,,,,,,,,,,,,,,,,,,,,,,,,,,,,,,,,,,,,,,,,,,,,,,,,,,,,,,,No,
558.0,Skogskyrkogården,Sweden,Early 20th-century landscape and architectural design adapted to a cemetery,Internal (DS/OUV),,1917–1940,Internal (DS/OUV),,,Internal (DS/OUV),,"(ii) to exhibit an important interchange of human values, over a span of time or within a cultural area of the world, on developments in architecture or technology, monumental arts, town-planning or landscape design; | (iv) to be an outstanding example of a type of building, architectural or technological ensemble or landscape which illustrates (a) significant stage(s) in human history;",,,Granite ,Internal (DS/OUV),,Igneous Rock,,,,,,,,,,,,,,,,,,,,,,,,,,,,,,,,,,,,,,,"Granite wall (4 km-long surrounding wall), granite cross",Internal (DS/OUV),,,,,,,,,,,,,,Restoration programs for living material and buildings in accordance with original design,Internal (DS/OUV),,Good,,,Yes,
198.0,Cahokia Mounds State Historic Site,United States of America,skipped;,,,,,,,,,"(iii) to bear a unique or at least exceptional testimony to a cultural tradition or to a civilization which is living or which has disappeared; | (iv) to be an outstanding example of a type of building, architectural or technological ensemble or landscape which illustrates (a) significant stage(s) in human history;",,,,,,,,,,,,,,,,,,,,,,,,,,,,,,,,,,,,,,,,,,,,,,,,,,,,,,,,,,,,,,,,,,No,
1401.0,"Rabat, Modern Capital and Historic City: a Shared Heritage",Morocco,skipped; bvvvhp,,,,,,,,,"(ii) to exhibit an important interchange of human values, over a span of time or within a cultural area of the world, on developments in architecture or technology, monumental arts, town-planning or landscape design; | (iv) to be an outstanding example of a type of building, architectural or technological ensemble or landscape which illustrates (a) significant stage(s) in human history;",,,,,,,,,,,,,,,,,,,,,,,,,,,,,,,,,,,,,,,,,,,,,,,,,,,,,,,,,,,,,,,,,,No,
201.0,Ancient City of Polonnaruwa,Sri Lanka,ouv absent; skipped; bvvvhp,,,,,,,,,"(i) to represent a masterpiece of human creative genius; | (iii) to bear a unique or at least exceptional testimony to a cultural tradition or to a civilization which is living or which has disappeared; | (vi) to be directly or tangibly associated with events or living traditions, with ideas, or with beliefs, with artistic and literary works of outstanding universal significance;",,,,,,,,,,,,,,,,,,,,,,,,,,,,,,,,,,,,,,,,,,,,,,,,,,,,,,,,,,,,,,,,,,No,
514.0,Heart of Neolithic Orkney,United Kingdom of Great Britain and Northern Ireland,skipped; bvvvvhp,,,,,,,,,"(i) to represent a masterpiece of human creative genius; | (ii) to exhibit an important interchange of human values, over a span of time or within a cultural area of the world, on developments in architecture or technology, monumental arts, town-planning or landscape design; | (iii) to bear a unique or at least exceptional testimony to a cultural tradition or to a civilization which is living or which has disappeared; | (iv) to be an outstanding example of a type of building, architectural or technological ensemble or landscape which illustrates (a) significant stage(s) in human history;",,,,,,,,,,,,,,,,,,,,,,,,,,,,,,,,,,,,,,,,,,,,,,,,,,,,,,,,,,,,,,,,,,No,
1612.0,The work of engineer Eladio Dieste: Church of Atlántida,Uruguay,skipped; bvvvhp,,,,,,,,,"(iv) to be an outstanding example of a type of building, architectural or technological ensemble or landscape which illustrates (a) significant stage(s) in human history;",,,,,,,,,,,,,,,,,,,,,,,,,,,,,,,,,,,,,,,,,,,,,,,,,,,,,,,,,,,,,,,,,,No,
1236.0,León Cathedral,Nicaragua,skipped; bvvvhp,,,,,,,,,"(ii) to exhibit an important interchange of human values, over a span of time or within a cultural area of the world, on developments in architecture or technology, monumental arts, town-planning or landscape design; | (iv) to be an outstanding example of a type of building, architectural or technological ensemble or landscape which illustrates (a) significant stage(s) in human history;",,,,,,,,,,,,,,,,,,,,,,,,,,,,,,,,,,,,,,,,,,,,,,,,,,,,,,,,,,,,,,,,,,No,
1321.0,"The Architectural Work of Le Corbusier, an Outstanding Contribution to the Modern Movement","Argentina,Belgium,France,Germany,India,Japan,Switzerland",skipped;,,,,,,,,,"(i) to represent a masterpiece of human creative genius; | (ii) to exhibit an important interchange of human values, over a span of time or within a cultural area of the world, on developments in architecture or technology, monumental arts, town-planning or landscape design; | (vi) to be directly or tangibly associated with events or living traditions, with ideas, or with beliefs, with artistic and literary works of outstanding universal significance;",,,,,,,,,,,,,,,,,,,,,,,,,,,,,,,,,,,,,,,,,,,,,,,,,,,,,,,,,,,,,,,,,,No,
1158.0,Etruscan Necropolises of Cerveteri and Tarquinia,Italy,skipped; bvvvhp,,,,,,,,,"(i) to represent a masterpiece of human creative genius; | (iii) to bear a unique or at least exceptional testimony to a cultural tradition or to a civilization which is living or which has disappeared; | (iv) to be an outstanding example of a type of building, architectural or technological ensemble or landscape which illustrates (a) significant stage(s) in human history;",,,,,,,,,,,,,,,,,,,,,,,,,,,,,,,,,,,,,,,,,,,,,,,,,,,,,,,,,,,,,,,,,,No,
1709.0,Murujuga Cultural Landscape,Australia,ouv absent; but very highly possible,,,,,,,,,"(i) to represent a masterpiece of human creative genius; | (iii) to bear a unique or at least exceptional testimony to a cultural tradition or to a civilization which is living or which has disappeared; | (v) to be an outstanding example of a traditional human settlement, land-use, or sea-use which is representative of a culture (or cultures), or human interaction with the environment especially when it has become vulnerable under the impact of irreversible change;",,,,,,,,,,,,,,,,,,,,,,,,,,,,,,,,,,,,,,,,,,,,,,,,,,,,,,,,,,,,,,,,,,No,
293.0,Anjar,Lebanon,skipped; bvvhp,,,,,,,,,"(iii) to bear a unique or at least exceptional testimony to a cultural tradition or to a civilization which is living or which has disappeared; | (iv) to be an outstanding example of a type of building, architectural or technological ensemble or landscape which illustrates (a) significant stage(s) in human history;",,,,,,,,,,,,,,,,,,,,,,,,,,,,,,,,,,,,,,,,,,,,,,,,,,,,,,,,,,,,,,,,,,No,
1658.0,Old town of Kuldīga,Latvia,skipped; ,,,,,,,,,"(v) to be an outstanding example of a traditional human settlement, land-use, or sea-use which is representative of a culture (or cultures), or human interaction with the environment especially when it has become vulnerable under the impact of irreversible change;",,,,,,,,,,,,,,,,,,,,,,,,,,,,,,,,,,,,,,,,,,,,,,,,,,,,,,,,,,,,,,,,,,No,
642.0,Prambanan Temple Compounds,Indonesia,skipped; bvvvhp,,,,,,,,,"(i) to represent a masterpiece of human creative genius; | (iv) to be an outstanding example of a type of building, architectural or technological ensemble or landscape which illustrates (a) significant stage(s) in human history;",,,,,,,,,,,,,,,,,,,,,,,,,,,,,,,,,,,,,,,,,,,,,,,,,,,,,,,,,,,,,,,,,,No,
208.0,Cultural Landscape and Archaeological Remains of the Bamiyan Valley,Afghanistan,skipped; bvvvhp,,,,,,,,,"(i) to represent a masterpiece of human creative genius; | (ii) to exhibit an important interchange of human values, over a span of time or within a cultural area of the world, on developments in architecture or technology, monumental arts, town-planning or landscape design; | (iii) to bear a unique or at least exceptional testimony to a cultural tradition or to a civilization which is living or which has disappeared; | (iv) to be an outstanding example of a type of building, architectural or technological ensemble or landscape which illustrates (a) significant stage(s) in human history; | (vi) to be directly or tangibly associated with events or living traditions, with ideas, or with beliefs, with artistic and literary works of outstanding universal significance;",,,,,,,,,,,,,,,,,,,,,,,,,,,,,,,,,,,,,,,,,,,,,,,,,,,,,,,,,,,,,,,,,,No,
582.0,Old Rauma,Finland,skipped;,,,,,,,,,"(iv) to be an outstanding example of a type of building, architectural or technological ensemble or landscape which illustrates (a) significant stage(s) in human history; | (v) to be an outstanding example of a traditional human settlement, land-use, or sea-use which is representative of a culture (or cultures), or human interaction with the environment especially when it has become vulnerable under the impact of irreversible change;",,,,,,,,,,,,,,,,,,,,,,,,,,,,,,,,,,,,,,,,,,,,,,,,,,,,,,,,,,,,,,,,,,No,
954.0,Saint Catherine Area,Egypt,skipped; bvvvvhp,,,,,,,,,"(i) to represent a masterpiece of human creative genius; | (iii) to bear a unique or at least exceptional testimony to a cultural tradition or to a civilization which is living or which has disappeared; | (iv) to be an outstanding example of a type of building, architectural or technological ensemble or landscape which illustrates (a) significant stage(s) in human history; | (vi) to be directly or tangibly associated with events or living traditions, with ideas, or with beliefs, with artistic and literary works of outstanding universal significance;",,,,,,,,,,,,,,,,,,,,,,,,,,,,,,,,,,,,,,,,,,,,,,,,,,,,,,,,,,,,,,,,,,No,
1544.0,Historic City of Yazd,Iran (Islamic Republic of),skipped; bvvvhp,,,,,,,,,"(iii) to bear a unique or at least exceptional testimony to a cultural tradition or to a civilization which is living or which has disappeared; | (v) to be an outstanding example of a traditional human settlement, land-use, or sea-use which is representative of a culture (or cultures), or human interaction with the environment especially when it has become vulnerable under the impact of irreversible change;",,,,,,,,,,,,,,,,,,,,,,,,,,,,,,,,,,,,,,,,,,,,,,,,,,,,,,,,,,,,,,,,,,No,
970.0,Wachau Cultural Landscape,Austria,skipped; bp,,,,,,,,,"(ii) to exhibit an important interchange of human values, over a span of time or within a cultural area of the world, on developments in architecture or technology, monumental arts, town-planning or landscape design; | (iv) to be an outstanding example of a type of building, architectural or technological ensemble or landscape which illustrates (a) significant stage(s) in human history;",,,,,,,,,,,,,,,,,,,,,,,,,,,,,,,,,,,,,,,,,,,,,,,,,,,,,,,,,,,,,,,,,,No,
1101.0,Champaner-Pavagadh Archaeological Park,India,skipped; bvvvvvhp,,,,,,,,,"(iii) to bear a unique or at least exceptional testimony to a cultural tradition or to a civilization which is living or which has disappeared; | (iv) to be an outstanding example of a type of building, architectural or technological ensemble or landscape which illustrates (a) significant stage(s) in human history; | (v) to be an outstanding example of a traditional human settlement, land-use, or sea-use which is representative of a culture (or cultures), or human interaction with the environment especially when it has become vulnerable under the impact of irreversible change; | (vi) to be directly or tangibly associated with events or living traditions, with ideas, or with beliefs, with artistic and literary works of outstanding universal significance;",,,,,,,,,,,,,,,,,,,,,,,,,,,,,,,,,,,,,,,,,,,,,,,,,,,,,,,,,,,,,,,,,,No,
445.0,Brasilia,Brazil,skipped,,,,,,,,,"(i) to represent a masterpiece of human creative genius; | (iv) to be an outstanding example of a type of building, architectural or technological ensemble or landscape which illustrates (a) significant stage(s) in human history;",,,,,,,,,,,,,,,,,,,,,,,,,,,,,,,,,,,,,,,,,,,,,,,,,,,,,,,,,,,,,,,,,,No,
398.0,Castel del Monte,Italy,"Medieval military architecture (a blend of classical antiquity, Islamic Orient, and north European Cistercian Gothic).",Internal (DS/OUV),,Completed in 1240 (13th century).,Internal (DS/OUV),,Holy Roman Empire / Germanic Emperor (Emperor Frederick II of Hohenstaufen).,Internal (DS/OUV),,"(i) to represent a masterpiece of human creative genius; | (ii) to exhibit an important interchange of human values, over a span of time or within a cultural area of the world, on developments in architecture or technology, monumental arts, town-planning or landscape design; | (iii) to bear a unique or at least exceptional testimony to a cultural tradition or to a civilization which is living or which has disappeared;",Internal (DS/OUV),,"Limestone, Marble.",Internal (DS/OUV),,Sedimentary Rock,Internal (DS/OUV),,Mosaic interior decorative elements (materials decayed/removed).,Internal (DS/OUV),,,,,"Limestone (exterior blocks), Marble (interior elements).",Internal (DS/OUV),,,,,,,,,,,,,,,,,,,,,,,,,,,,,"Exterior block construction (limestone), octagonal towers, walls, octagonal plan.",Internal (DS/OUV),,"Interior decorative elements, floorings/walls (marble and mosaic).",Internal (DS/OUV),,Exterior limestone block masonry construction.,Internal (DS/OUV),,Degradation and removal/decay of interior marble and mosaic decorations.,Internal (DS/OUV),,,,,Good quality conservation work consistent with Italian standards carried out since 1878.,Internal (DS/OUV),,Good,,,Yes,
870.0,Historic Monuments of Ancient Nara,Japan,skipped; bp,,,,,,,,,"(ii) to exhibit an important interchange of human values, over a span of time or within a cultural area of the world, on developments in architecture or technology, monumental arts, town-planning or landscape design; | (iii) to bear a unique or at least exceptional testimony to a cultural tradition or to a civilization which is living or which has disappeared; | (iv) to be an outstanding example of a type of building, architectural or technological ensemble or landscape which illustrates (a) significant stage(s) in human history; | (vi) to be directly or tangibly associated with events or living traditions, with ideas, or with beliefs, with artistic and literary works of outstanding universal significance;",,,,,,,,,,,,,,,,,,,,,,,,,,,,,,,,,,,,,,,,,,,,,,,,,,,,,,,,,,,,,,,,,,No,
812.0,Ancient City of Ping Yao,China,skipped; bp,,,,,,,,,"(ii) to exhibit an important interchange of human values, over a span of time or within a cultural area of the world, on developments in architecture or technology, monumental arts, town-planning or landscape design; | (iii) to bear a unique or at least exceptional testimony to a cultural tradition or to a civilization which is living or which has disappeared; | (iv) to be an outstanding example of a type of building, architectural or technological ensemble or landscape which illustrates (a) significant stage(s) in human history;",,,,,,,,,,,,,,,,,,,,,,,,,,,,,,,,,,,,,,,,,,,,,,,,,,,,,,,,,,,,,,,,,,No,
1026.0,Val d'Orcia,Italy,skipped; ,,,,,,,,,"(iv) to be an outstanding example of a type of building, architectural or technological ensemble or landscape which illustrates (a) significant stage(s) in human history; | (vi) to be directly or tangibly associated with events or living traditions, with ideas, or with beliefs, with artistic and literary works of outstanding universal significance;",,,,,,,,,,,,,,,,,,,,,,,,,,,,,,,,,,,,,,,,,,,,,,,,,,,,,,,,,,,,,,,,,,No,
1708.0,Via Appia. <em>Regina Viarum</em>,Italy,skipped; bvvvvvhp,,,,,,,,,"(iii) to bear a unique or at least exceptional testimony to a cultural tradition or to a civilization which is living or which has disappeared; | (iv) to be an outstanding example of a type of building, architectural or technological ensemble or landscape which illustrates (a) significant stage(s) in human history; | (vi) to be directly or tangibly associated with events or living traditions, with ideas, or with beliefs, with artistic and literary works of outstanding universal significance;",,,,,,,,,,,,,,,,,,,,,,,,,,,,,,,,,,,,,,,,,,,,,,,,,,,,,,,,,,,,,,,,,,No,
1412.0,Red Bay Basque Whaling Station,Canada,skipped;,,,,,,,,,"(iii) to bear a unique or at least exceptional testimony to a cultural tradition or to a civilization which is living or which has disappeared; | (iv) to be an outstanding example of a type of building, architectural or technological ensemble or landscape which illustrates (a) significant stage(s) in human history;",,,,,,,,,,,,,,,,,,,,,,,,,,,,,,,,,,,,,,,,,,,,,,,,,,,,,,,,,,,,,,,,,,No,
922.0,"Rani-ki-Vav (the Queen’s Stepwell) at Patan, Gujarat",India,skipped; bvvvvhp,,,,,,,,,"(i) to represent a masterpiece of human creative genius; | (iv) to be an outstanding example of a type of building, architectural or technological ensemble or landscape which illustrates (a) significant stage(s) in human history;",,,,,,,,,,,,,,,,,,,,,,,,,,,,,,,,,,,,,,,,,,,,,,,,,,,,,,,,,,,,,,,,,,No,
1550.0,Asmara: A Modernist African City,Eritrea,"skipped
",,,,,,,,,"(ii) to exhibit an important interchange of human values, over a span of time or within a cultural area of the world, on developments in architecture or technology, monumental arts, town-planning or landscape design; | (iv) to be an outstanding example of a type of building, architectural or technological ensemble or landscape which illustrates (a) significant stage(s) in human history;",,,,,,,,,,,,,,,,,,,,,,,,,,,,,,,,,,,,,,,,,,,,,,,,,,,,,,,,,,,,,,,,,,No,
242.0,Ajanta Caves,India,skipped; bvvvhp,,,,,,,,,"(i) to represent a masterpiece of human creative genius; | (ii) to exhibit an important interchange of human values, over a span of time or within a cultural area of the world, on developments in architecture or technology, monumental arts, town-planning or landscape design; | (iii) to bear a unique or at least exceptional testimony to a cultural tradition or to a civilization which is living or which has disappeared; | (vi) to be directly or tangibly associated with events or living traditions, with ideas, or with beliefs, with artistic and literary works of outstanding universal significance;",,,,,,,,,,,,,,,,,,,,,,,,,,,,,,,,,,,,,,,,,,,,,,,,,,,,,,,,,,,,,,,,,,No,
1426.0,"Decorated Cave of Pont d’Arc, known as Grotte Chauvet-Pont d’Arc, Ardèche",France,"Monument, Design, Plan, Cave/Subterranean Space",Internal (DS/OUV),,"Aurignacian period (30,000–32,000 BP / Palaeolithic)",Internal (DS/OUV),,Aurignacian people (Early Upper Palaeolithic),Internal (DS/OUV),,(i) to represent a masterpiece of human creative genius; | (iii) to bear a unique or at least exceptional testimony to a cultural tradition or to a civilization which is living or which has disappeared;,Internal (DS/OUV),,Limestone,Internal (DS/OUV),,Sedimentary Rock,Internal (DS/OUV),,,,,,,,Limestone,Internal (DS/OUV),,,,,,,,,,,,,,,,,,,,France,,,Local (In-situ natural cave formed within the local limestone plateau),Internal (DS/OUV),,,,,"Natural cavern walls, floor, and limestone plateau structure housing the drawings",Internal (DS/OUV),,"Rock art, drawings, and engravings on cave walls",Internal (DS/OUV),,,,,"Rockfall (~20,000 years BP sealed the cave); humidity/air composition variations identified as key threats",Internal (DS/OUV),,,,,Non-intervention policy inside the original cave; stainless steel bridging installed to prevent floor damage; full facsimile reconstruction created offsite (Espace de Restitution),Internal (DS/OUV),,Excellent,,,Yes,
163.0,"Roman Theatre and its Surroundings and the ""Triumphal Arch"" of Orange",France,skipped; bvvvhp,,,,,,,,,"(iii) to bear a unique or at least exceptional testimony to a cultural tradition or to a civilization which is living or which has disappeared; | (vi) to be directly or tangibly associated with events or living traditions, with ideas, or with beliefs, with artistic and literary works of outstanding universal significance;",,,,,,,,,,,,,,,,,,,,,,,,,,,,,,,,,,,,,,,,,,,,,,,,,,,,,,,,,,,,,,,,,,No,
772.0,Fertö / Neusiedlersee Cultural Landscape,"Austria,Hungary","Rural architecture, 18th- and 19th-century palaces, vernacular architecture, domestic buildings, fortifications, settlements, urban architecture",Internal (DS/OUV),,"16th century (refortification), 17th–19th centuries (domestic buildings and palaces), 12th–13th centuries (village networks), medieval times",Internal (DS/OUV),,"Hallstatt culture (Early Iron Age), Roman, Medieval Hungarian/European, Tatar, Turkish",Internal (DS/OUV),,"(v) to be an outstanding example of a traditional human settlement, land-use, or sea-use which is representative of a culture (or cultures), or human interaction with the environment especially when it has become vulnerable under the impact of irreversible change;",Internal (DS/OUV),,Limestone,Internal (DS/OUV),,Sedimentary Rock,Internal (DS/OUV),,,,,Leitha limestone,Internal (DS/OUV),,Limestone,Internal (DS/OUV),,,,,,,,,,,,,,,,,Quarried near the lake,Internal (DS/OUV),,Austria / Hungary (Local region near Fertö/Neusiedlersee),Internal (DS/OUV),,Local,Internal (DS/OUV),,"Local settlements, Sopron, and Vienna",Internal (DS/OUV),,"Building stone for settlements, palaces, domestic buildings, fortifications, and walls",Internal (DS/OUV),,,,,Traditional building / vernacular construction,Internal (DS/OUV),,,,,,,,Erection and adaptation of domestic buildings; protection of historic areas,Internal (DS/OUV),,,,,Yes,
975.0,Zollverein Coal Mine Industrial Complex in Essen,Germany,"Modern Movement, Expressionism, Cubism, Functionalism, Bauhaus",Internal (DS/OUV),,"19th and 20th centuries (specifically between the two World Wars / ""Roaring Twenties"")",Internal (DS/OUV),,European primary heavy industry / Modern Industrial era,Internal (DS/OUV),,"(ii) to exhibit an important interchange of human values, over a span of time or within a cultural area of the world, on developments in architecture or technology, monumental arts, town-planning or landscape design; | (iii) to bear a unique or at least exceptional testimony to a cultural tradition or to a civilization which is living or which has disappeared;",Internal (DS/OUV),,coal mentioned but not as building stone,,,,,,,,,,,,,,,,,,,,,,,,,,,,,,,,,,,,,,,,,,,,,,,,,,,,,,,,,,,,,,,No,
229.0,"Place Stanislas, Place de la Carrière and Place d'Alliance in Nancy",France,skipped; bvvhp,,,,,,,,,"(i) to represent a masterpiece of human creative genius; | (iv) to be an outstanding example of a type of building, architectural or technological ensemble or landscape which illustrates (a) significant stage(s) in human history;",,,,,,,,,,,,,,,,,,,,,,,,,,,,,,,,,,,,,,,,,,,,,,,,,,,,,,,,,,,,,,,,,,No,
1283.0,Fortifications of Vauban,France,skipped; bvvhp,,,,,,,,,"(i) to represent a masterpiece of human creative genius; | (ii) to exhibit an important interchange of human values, over a span of time or within a cultural area of the world, on developments in architecture or technology, monumental arts, town-planning or landscape design; | (iv) to be an outstanding example of a type of building, architectural or technological ensemble or landscape which illustrates (a) significant stage(s) in human history;",,,,,,,,,,,,,,,,,,,,,,,,,,,,,,,,,,,,,,,,,,,,,,,,,,,,,,,,,,,,,,,,,,No,
1099.0,Mapungubwe Cultural Landscape,South Africa,"Palace sites, capital sites, satellite settlements",Internal (DS/OUV),,AD 900–1300 (abandoned 14th century AD),Internal (DS/OUV),,,,,"(ii) to exhibit an important interchange of human values, over a span of time or within a cultural area of the world, on developments in architecture or technology, monumental arts, town-planning or landscape design; | (iii) to bear a unique or at least exceptional testimony to a cultural tradition or to a civilization which is living or which has disappeared; | (iv) to be an outstanding example of a type of building, architectural or technological ensemble or landscape which illustrates (a) significant stage(s) in human history; | (v) to be an outstanding example of a traditional human settlement, land-use, or sea-use which is representative of a culture (or cultures), or human interaction with the environment especially when it has become vulnerable under the impact of irreversible change;",,,,,,,,,,,,,,,,,,,,,Geo-morphological formations of Limpopo/Shashe confluence,Internal (DS/OUV),,,,,,,,"Coal, Diamond, Gold",Internal (DS/OUV),,,,,,,,,,,,,,Remains of palace sites and capital settlements,Internal (DS/OUV),,"Gold, ivory, Chinese porcelain, Persian glass beads (Artifacts/Trade items)",Internal (DS/OUV),,,,,"Climatic forces, erosion of old excavations",Internal (DS/OUV),,,,,,,,Excellent,,,Yes,
1134.0,"Grimeton Radio Station, Varberg",Sweden,skipped; ,,,,,,,,,"(ii) to exhibit an important interchange of human values, over a span of time or within a cultural area of the world, on developments in architecture or technology, monumental arts, town-planning or landscape design; | (iv) to be an outstanding example of a type of building, architectural or technological ensemble or landscape which illustrates (a) significant stage(s) in human history;",,,,,,,,,,,,,,,,,,,,,,,,,,,,,,,,,,,,,,,,,,,,,,,,,,,,,,,,,,,,,,,,,,No,
792.0,Historic Monuments Zone of Querétaro,Mexico,SKIPPED; BVVHP,,,,,,,,,"(ii) to exhibit an important interchange of human values, over a span of time or within a cultural area of the world, on developments in architecture or technology, monumental arts, town-planning or landscape design; | (iv) to be an outstanding example of a type of building, architectural or technological ensemble or landscape which illustrates (a) significant stage(s) in human history;",,,,,,,,,,,,,,,,,,,,,,,,,,,,,,,,,,,,,,,,,,,,,,,,,,,,,,,,,,,,,,,,,,No,
1389.0,Site of Xanadu,China,SKIPPED; BVVVVHP,,,,,,,,,"(ii) to exhibit an important interchange of human values, over a span of time or within a cultural area of the world, on developments in architecture or technology, monumental arts, town-planning or landscape design; | (iii) to bear a unique or at least exceptional testimony to a cultural tradition or to a civilization which is living or which has disappeared; | (iv) to be an outstanding example of a type of building, architectural or technological ensemble or landscape which illustrates (a) significant stage(s) in human history; | (vi) to be directly or tangibly associated with events or living traditions, with ideas, or with beliefs, with artistic and literary works of outstanding universal significance;",,,,,,,,,,,,,,,,,,,,,,,,,,,,,,,,,,,,,,,,,,,,,,,,,,,,,,,,,,,,,,,,,,No,
1279.0,Mount Wutai,China,skipped; bvvvvvhp,,,,,,,,,"(ii) to exhibit an important interchange of human values, over a span of time or within a cultural area of the world, on developments in architecture or technology, monumental arts, town-planning or landscape design; | (iii) to bear a unique or at least exceptional testimony to a cultural tradition or to a civilization which is living or which has disappeared; | (iv) to be an outstanding example of a type of building, architectural or technological ensemble or landscape which illustrates (a) significant stage(s) in human history; | (vi) to be directly or tangibly associated with events or living traditions, with ideas, or with beliefs, with artistic and literary works of outstanding universal significance;",,,,,,,,,,,,,,,,,,,,,,,,,,,,,,,,,,,,,,,,,,,,,,,,,,,,,,,,,,,,,,,,,,No,
1678.0,Astronomical Observatories of Kazan Federal University,Russian Federation,skipped; bp,,,,,,,,,"(ii) to exhibit an important interchange of human values, over a span of time or within a cultural area of the world, on developments in architecture or technology, monumental arts, town-planning or landscape design; | (iv) to be an outstanding example of a type of building, architectural or technological ensemble or landscape which illustrates (a) significant stage(s) in human history;",,,,,,,,,,,,,,,,,,,,,,,,,,,,,,,,,,,,,,,,,,,,,,,,,,,,,,,,,,,,,,,,,,No,
96.0,Stari Ras and Sopoćani,Serbia,skipped; bvhp,,,,,,,,,(i) to represent a masterpiece of human creative genius; | (iii) to bear a unique or at least exceptional testimony to a cultural tradition or to a civilization which is living or which has disappeared;,,,,,,,,,,,,,,,,,,,,,,,,,,,,,,,,,,,,,,,,,,,,,,,,,,,,,,,,,,,,,,,,,,No,
1239.0,Berlin Modernism Housing Estates,Germany,skipped; ,,,,,,,,,"(ii) to exhibit an important interchange of human values, over a span of time or within a cultural area of the world, on developments in architecture or technology, monumental arts, town-planning or landscape design; | (iv) to be an outstanding example of a type of building, architectural or technological ensemble or landscape which illustrates (a) significant stage(s) in human history;",,,,,,,,,,,,,,,,,,,,,,,,,,,,,,,,,,,,,,,,,,,,,,,,,,,,,,,,,,,,,,,,,,No,
1001.0,Mount Qingcheng and the Dujiangyan Irrigation System,China,skipped,,,,,,,,,"(ii) to exhibit an important interchange of human values, over a span of time or within a cultural area of the world, on developments in architecture or technology, monumental arts, town-planning or landscape design; | (iv) to be an outstanding example of a type of building, architectural or technological ensemble or landscape which illustrates (a) significant stage(s) in human history; | (vi) to be directly or tangibly associated with events or living traditions, with ideas, or with beliefs, with artistic and literary works of outstanding universal significance;",,,,,,,,,,,,,,,,,,,,,,,,,,,,,,,,,,,,,,,,,,,,,,,,,,,,,,,,,,,,,,,,,,No,
1096.0,White City of Tel-Aviv – the Modern Movement,Israel,skipped;,,,,,,,,,"(ii) to exhibit an important interchange of human values, over a span of time or within a cultural area of the world, on developments in architecture or technology, monumental arts, town-planning or landscape design; | (iv) to be an outstanding example of a type of building, architectural or technological ensemble or landscape which illustrates (a) significant stage(s) in human history;",,,,,,,,,,,,,,,,,,,,,,,,,,,,,,,,,,,,,,,,,,,,,,,,,,,,,,,,,,,,,,,,,,No,
1245.0,San Marino Historic Centre and Mount Titano,San Marino,skipped; bvhp,,,,,,,,,(iii) to bear a unique or at least exceptional testimony to a cultural tradition or to a civilization which is living or which has disappeared;,,,,,,,,,,,,,,,,,,,,,,,,,,,,,,,,,,,,,,,,,,,,,,,,,,,,,,,,,,,,,,,,,,No,
778.0,Lushan National Park,China,skipped; bp,,,,,,,,,"(ii) to exhibit an important interchange of human values, over a span of time or within a cultural area of the world, on developments in architecture or technology, monumental arts, town-planning or landscape design; | (iii) to bear a unique or at least exceptional testimony to a cultural tradition or to a civilization which is living or which has disappeared; | (iv) to be an outstanding example of a type of building, architectural or technological ensemble or landscape which illustrates (a) significant stage(s) in human history; | (vi) to be directly or tangibly associated with events or living traditions, with ideas, or with beliefs, with artistic and literary works of outstanding universal significance;",,,,,,,,,,,,,,,,,,,,,,,,,,,,,,,,,,,,,,,,,,,,,,,,,,,,,,,,,,,,,,,,,,No,
36.0,Medina of Tunis,Tunisia,"skipped, bvhp",,,,,,,,,"(ii) to exhibit an important interchange of human values, over a span of time or within a cultural area of the world, on developments in architecture or technology, monumental arts, town-planning or landscape design; | (iii) to bear a unique or at least exceptional testimony to a cultural tradition or to a civilization which is living or which has disappeared; | (v) to be an outstanding example of a traditional human settlement, land-use, or sea-use which is representative of a culture (or cultures), or human interaction with the environment especially when it has become vulnerable under the impact of irreversible change;",,,,,,,,,,,,,,,,,,,,,,,,,,,,,,,,,,,,,,,,,,,,,,,,,,,,,,,,,,,,,,,,,,No,
959.0,Historic Quarter of the Seaport City of Valparaíso,Chile,"skipped, ",,,,,,,,,(iii) to bear a unique or at least exceptional testimony to a cultural tradition or to a civilization which is living or which has disappeared;,,,,,,,,,,,,,,,,,,,,,,,,,,,,,,,,,,,,,,,,,,,,,,,,,,,,,,,,,,,,,,,,,,No,
1329.0,At-Turaif District in ad-Dir'iyah,Saudi Arabia,"Architectural, Building, Plan, Structure, Traditional; Najdi architectural style, palaces, fortified urban ensemble within an oasis",Internal (DS/OUV),,Founded in the 15th century (with increased role in the 18th and early 19th century),Internal (DS/OUV),,Saudi Dynasty / House of Saud (Central Arabian plateau / Najdi culture),Internal (DS/OUV),,"(iv) to be an outstanding example of a type of building, architectural or technological ensemble or landscape which illustrates (a) significant stage(s) in human history; | (v) to be an outstanding example of a traditional human settlement, land-use, or sea-use which is representative of a culture (or cultures), or human interaction with the environment especially when it has become vulnerable under the impact of irreversible change; | (vi) to be directly or tangibly associated with events or living traditions, with ideas, or with beliefs, with artistic and literary works of outstanding universal significance;",Internal (DS/OUV),,Adobe (Mud brick),Internal (DS/OUV),,,,,,,,,,,,,,,,,,,,,,,,,,,,,,,,,,,Local (adapted to its environment / ad-Dir'iyah oasis setting),Internal (DS/OUV),,,,,"Major palatial complexes, palaces, citadel, fortified urban ensemble, walls",Internal (DS/OUV),,Geometrical decoration (Najdi decorative style),Internal (DS/OUV),,Traditional adobe/mud building methods,Internal (DS/OUV),,,,,,,,"Major programme of restoration work respecting original locations, plans, and traditional techniques",Internal (DS/OUV),,Moderate,,,Yes,
330.0,Chavin (Archaeological Site),Peru,skipped; bvvvhp,,,,,,,,,(iii) to bear a unique or at least exceptional testimony to a cultural tradition or to a civilization which is living or which has disappeared;,,,,,,,,,,,,,,,,,,,,,,,,,,,,,,,,,,,,,,,,,,,,,,,,,,,,,,,,,,,,,,,,,,No,
1027.0,Mining Area of the Great Copper Mountain in Falun,Sweden,skipped: no geological material detected,,,,,,,,,"(ii) to exhibit an important interchange of human values, over a span of time or within a cultural area of the world, on developments in architecture or technology, monumental arts, town-planning or landscape design; | (iii) to bear a unique or at least exceptional testimony to a cultural tradition or to a civilization which is living or which has disappeared; | (v) to be an outstanding example of a traditional human settlement, land-use, or sea-use which is representative of a culture (or cultures), or human interaction with the environment especially when it has become vulnerable under the impact of irreversible change;",,,,,,,,,,,,,,,,,,,,,,,,,,,,,,,,,,,,,,,,,,,,,,,,,,,,,,,,,,,,,,,,,,No,
1250.0,Central University City Campus of the <i>Universidad Nacional Autónoma de México</i> (UNAM),Mexico,skipped,,,,,,,,,"(i) to represent a masterpiece of human creative genius; | (ii) to exhibit an important interchange of human values, over a span of time or within a cultural area of the world, on developments in architecture or technology, monumental arts, town-planning or landscape design; | (iv) to be an outstanding example of a type of building, architectural or technological ensemble or landscape which illustrates (a) significant stage(s) in human history;",,,,,,,,,,,,,,,,,,,,,,,,,,,,,,,,,,,,,,,,,,,,,,,,,,,,,,,,,,,,,,,,,,No,
1437.0,Erbil Citadel,Iraq,skipped; bvvvhp,,,,,,,,,"(iv) to be an outstanding example of a type of building, architectural or technological ensemble or landscape which illustrates (a) significant stage(s) in human history;",,,,,,,,,,,,,,,,,,,,,,,,,,,,,,,,,,,,,,,,,,,,,,,,,,,,,,,,,,,,,,,,,,No,
868.0,Routes of Santiago de Compostela in France,France,skipped; bvvhp,,,,,,,,,"(ii) to exhibit an important interchange of human values, over a span of time or within a cultural area of the world, on developments in architecture or technology, monumental arts, town-planning or landscape design; | (iv) to be an outstanding example of a type of building, architectural or technological ensemble or landscape which illustrates (a) significant stage(s) in human history; | (vi) to be directly or tangibly associated with events or living traditions, with ideas, or with beliefs, with artistic and literary works of outstanding universal significance;",,,,,,,,,,,,,,,,,,,,,,,,,,,,,,,,,,,,,,,,,,,,,,,,,,,,,,,,,,,,,,,,,,No,
803.0,Las Médulas,Spain,"Indigenous, Vernacular, Monument",Internal (DS/OUV),,1st century AD to early 3rd century AD (Roman Imperial period),Internal (DS/OUV),,Roman Imperial,Internal (DS/OUV),,"(i) to represent a masterpiece of human creative genius; | (ii) to exhibit an important interchange of human values, over a span of time or within a cultural area of the world, on developments in architecture or technology, monumental arts, town-planning or landscape design; | (iii) to bear a unique or at least exceptional testimony to a cultural tradition or to a civilization which is living or which has disappeared; | (v) to be an outstanding example of a traditional human settlement, land-use, or sea-use which is representative of a culture (or cultures), or human interaction with the environment especially when it has become vulnerable under the impact of irreversible change;",Internal (DS/OUV),,Conglomerate (Auriferous conglomerate),Internal (DS/OUV),,Sedimentary Rock,,,,,,,,,Auriferous / Friable conglomerate,Internal (DS/OUV),,,,,Sterile strata / Auriferous conglomerate layers,Internal (DS/OUV),,,,,Friable,Internal (DS/OUV),,Gold (auriferous deposits),Internal (DS/OUV),,In-situ mining site (Las Médulas main pit / La Frisga pit),Internal (DS/OUV),,Spain,Internal (DS/OUV),,Local,Internal (DS/OUV),,,,,"Foundation, Hydraulic canals / gravity canals, dams, galleries, conduits",Internal (DS/OUV),,,,,"Cut/carved gravity canals, hydraulic mining (ruina montium)",Internal (DS/OUV),,,,,,,,Short sections of water channels cleared; site conserved organically as a natural/historic monument,Internal (DS/OUV),,Excellent,,,Yes,
1480.0,Victorian Gothic and Art Deco Ensembles of Mumbai,India,skipped; bvvvvhp,,,,,,,,,"(ii) to exhibit an important interchange of human values, over a span of time or within a cultural area of the world, on developments in architecture or technology, monumental arts, town-planning or landscape design; | (iv) to be an outstanding example of a type of building, architectural or technological ensemble or landscape which illustrates (a) significant stage(s) in human history;",,,,,,,,,,,,,,,,,,,,,,,,,,,,,,,,,,,,,,,,,,,,,,,,,,,,,,,,,,,,,,,,,,No,
873.0,"Provins, Town of Medieval Fairs",France,skipped; bp,,,,,,,,,"(ii) to exhibit an important interchange of human values, over a span of time or within a cultural area of the world, on developments in architecture or technology, monumental arts, town-planning or landscape design; | (iv) to be an outstanding example of a type of building, architectural or technological ensemble or landscape which illustrates (a) significant stage(s) in human history;",,,,,,,,,,,,,,,,,,,,,,,,,,,,,,,,,,,,,,,,,,,,,,,,,,,,,,,,,,,,,,,,,,No,
941.0,Archaeological Sites of Mycenae and Tiryns,Greece,skipped; bvvvhp,,,,,,,,,"(i) to represent a masterpiece of human creative genius; | (ii) to exhibit an important interchange of human values, over a span of time or within a cultural area of the world, on developments in architecture or technology, monumental arts, town-planning or landscape design; | (iii) to bear a unique or at least exceptional testimony to a cultural tradition or to a civilization which is living or which has disappeared; | (iv) to be an outstanding example of a type of building, architectural or technological ensemble or landscape which illustrates (a) significant stage(s) in human history; | (vi) to be directly or tangibly associated with events or living traditions, with ideas, or with beliefs, with artistic and literary works of outstanding universal significance;",,,,,,,,,,,,,,,,,,,,,,,,,,,,,,,,,,,,,,,,,,,,,,,,,,,,,,,,,,,,,,,,,,No,
780.0,Archaeological Site of Aigai (modern name Vergina),Greece,skipped; bvvvhp,,,,,,,,,(i) to represent a masterpiece of human creative genius; | (iii) to bear a unique or at least exceptional testimony to a cultural tradition or to a civilization which is living or which has disappeared;,,,,,,,,,,,,,,,,,,,,,,,,,,,,,,,,,,,,,,,,,,,,,,,,,,,,,,,,,,,,,,,,,,No,
495.0,"Strasbourg, Grande-Île and <em>Neustadt</em>",France,skipped; bp,,,,,,,,,"(ii) to exhibit an important interchange of human values, over a span of time or within a cultural area of the world, on developments in architecture or technology, monumental arts, town-planning or landscape design; | (iv) to be an outstanding example of a type of building, architectural or technological ensemble or landscape which illustrates (a) significant stage(s) in human history;",,,,,,,,,,,,,,,,,,,,,,,,,,,,,,,,,,,,,,,,,,,,,,,,,,,,,,,,,,,,,,,,,,No,
13.0,Melka Kunture and Balchit: Archaeological and Palaeontological Sites in the Highland Area of Ethiopia,Ethiopia,"Elevation, Plan",Internal (DS/OUV),,"Early Hominins (Homo erectus, Homo heidelbergensis, archaic Homo sapiens)",Internal (DS/OUV),,"Early Hominins (Homo erectus, Homo heidelbergensis, archaic Homo sapiens)",Internal (DS/OUV),,"(iii) to bear a unique or at least exceptional testimony to a cultural tradition or to a civilization which is living or which has disappeared; | (iv) to be an outstanding example of a type of building, architectural or technological ensemble or landscape which illustrates (a) significant stage(s) in human history; | (v) to be an outstanding example of a traditional human settlement, land-use, or sea-use which is representative of a culture (or cultures), or human interaction with the environment especially when it has become vulnerable under the impact of irreversible change;",Internal (DS/OUV),,"Obsidian, Tuff, Volcanic Rock, Volcanic Tuff",,,Igneous Rock,,,,,,"Volcanic Glass (Obsidian), Volcanic Tuff",Internal (DS/OUV),,"Volcanic rock, volcanic tuff, sedimentary and alluvial deposits, volcanic glass",Internal (DS/OUV),,Pleistocene (Quaternary),Internal (DS/OUV),,,,,,,,"Glassy (Obsidian), Pyroclastic / Fine-to-Coarse-grained (Tuff)",Internal (DS/OUV),,,,,Local volcanic/obsidian procurement outcrops (Balchit obsidian source),Internal (DS/OUV),,,,,Local (Procured within the Upper Awash Valley / Balchit area),Internal (DS/OUV),,,,,Stratigraphic matrix/layers burying palaified surfaces and tool assemblages,Internal (DS/OUV),,,,,"Lithic Knapping (Oldowan, Acheulean, MSA, LSA techno-complexes)",Internal (DS/OUV),,Seasonal erosion caused by overflows of the Awash River,Internal (DS/OUV),,,,,Excavated sections backfilled; display section protected under site shelter/museum,Internal (DS/OUV),,Good,,,Yes,
1582.0,The Colonial Transisthmian Route of Panamá,Panama,skipped; bvvvhp,,,,,,,,,"(ii) to exhibit an important interchange of human values, over a span of time or within a cultural area of the world, on developments in architecture or technology, monumental arts, town-planning or landscape design; | (iv) to be an outstanding example of a type of building, architectural or technological ensemble or landscape which illustrates (a) significant stage(s) in human history;",,,,,,,,,,,,,,,,,,,,,,,,,,,,,,,,,,,,,,,,,,,,,,,,,,,,,,,,,,,,,,,,,,No,
35.0,Asante Traditional Buildings,Ghana,skipped; bvvvhp,,,,,,,,,"(v) to be an outstanding example of a traditional human settlement, land-use, or sea-use which is representative of a culture (or cultures), or human interaction with the environment especially when it has become vulnerable under the impact of irreversible change;",,,,,,,,,,,,,,,,,,,,,,,,,,,,,,,,,,,,,,,,,,,,,,,,,,,,,,,,,,,,,,,,,,No,
977.0,"Gochang, Hwasun and Ganghwa Dolmen Sites",Republic of Korea,skipped; bvvvvhp,,,,,,,,,(iii) to bear a unique or at least exceptional testimony to a cultural tradition or to a civilization which is living or which has disappeared;,,,,,,,,,,,,,,,,,,,,,,,,,,,,,,,,,,,,,,,,,,,,,,,,,,,,,,,,,,,,,,,,,,No,
1372.0,The Persian Garden,Iran (Islamic Republic of),skipped; bp,,,,,,,,,"(i) to represent a masterpiece of human creative genius; | (ii) to exhibit an important interchange of human values, over a span of time or within a cultural area of the world, on developments in architecture or technology, monumental arts, town-planning or landscape design; | (iii) to bear a unique or at least exceptional testimony to a cultural tradition or to a civilization which is living or which has disappeared; | (iv) to be an outstanding example of a type of building, architectural or technological ensemble or landscape which illustrates (a) significant stage(s) in human history; | (vi) to be directly or tangibly associated with events or living traditions, with ideas, or with beliefs, with artistic and literary works of outstanding universal significance;",,,,,,,,,,,,,,,,,,,,,,,,,,,,,,,,,,,,,,,,,,,,,,,,,,,,,,,,,,,,,,,,,,No,
1387.0,University of Coimbra – Alta and Sofia,Portugal,skipped; bvvvhp,,,,,,,,,"(ii) to exhibit an important interchange of human values, over a span of time or within a cultural area of the world, on developments in architecture or technology, monumental arts, town-planning or landscape design; | (iv) to be an outstanding example of a type of building, architectural or technological ensemble or landscape which illustrates (a) significant stage(s) in human history; | (vi) to be directly or tangibly associated with events or living traditions, with ideas, or with beliefs, with artistic and literary works of outstanding universal significance;",,,,,,,,,,,,,,,,,,,,,,,,,,,,,,,,,,,,,,,,,,,,,,,,,,,,,,,,,,,,,,,,,,No,
1336.0,Archaeological Sites of the Island of Meroe,Sudan,skipped; bvvvvvvhp,,,,,,,,,"(ii) to exhibit an important interchange of human values, over a span of time or within a cultural area of the world, on developments in architecture or technology, monumental arts, town-planning or landscape design; | (iii) to bear a unique or at least exceptional testimony to a cultural tradition or to a civilization which is living or which has disappeared; | (iv) to be an outstanding example of a type of building, architectural or technological ensemble or landscape which illustrates (a) significant stage(s) in human history; | (v) to be an outstanding example of a traditional human settlement, land-use, or sea-use which is representative of a culture (or cultures), or human interaction with the environment especially when it has become vulnerable under the impact of irreversible change;",,,,,,,,,,,,,,,,,,,,,,,,,,,,,,,,,,,,,,,,,,,,,,,,,,,,,,,,,,,,,,,,,,No,
1585.0,Trans-Iranian Railway,Iran (Islamic Republic of),skipped;,,,,,,,,,"(ii) to exhibit an important interchange of human values, over a span of time or within a cultural area of the world, on developments in architecture or technology, monumental arts, town-planning or landscape design; | (iv) to be an outstanding example of a type of building, architectural or technological ensemble or landscape which illustrates (a) significant stage(s) in human history;",,,,,,,,,,,,,,,,,,,,,,,,,,,,,,,,,,,,,,,,,,,,,,,,,,,,,,,,,,,,,,,,,,No,
460.0,Trinidad and the Valley de los Ingenios,Cuba,skipped; bvvvhp,,,,,,,,,"(iv) to be an outstanding example of a type of building, architectural or technological ensemble or landscape which illustrates (a) significant stage(s) in human history; | (v) to be an outstanding example of a traditional human settlement, land-use, or sea-use which is representative of a culture (or cultures), or human interaction with the environment especially when it has become vulnerable under the impact of irreversible change;",,,,,,,,,,,,,,,,,,,,,,,,,,,,,,,,,,,,,,,,,,,,,,,,,,,,,,,,,,,,,,,,,,No,
668.0,Angkor,Cambodia,skipped; bvvvvhp,,,,,,,,,"(i) to represent a masterpiece of human creative genius; | (ii) to exhibit an important interchange of human values, over a span of time or within a cultural area of the world, on developments in architecture or technology, monumental arts, town-planning or landscape design; | (iii) to bear a unique or at least exceptional testimony to a cultural tradition or to a civilization which is living or which has disappeared; | (iv) to be an outstanding example of a type of building, architectural or technological ensemble or landscape which illustrates (a) significant stage(s) in human history;",,,,,,,,,,,,,,,,,,,,,,,,,,,,,,,,,,,,,,,,,,,,,,,,,,,,,,,,,,,,,,,,,,No,
534.0,Garden Kingdom of Dessau-Wörlitz,Germany,skipped;,,,,,,,,,"(ii) to exhibit an important interchange of human values, over a span of time or within a cultural area of the world, on developments in architecture or technology, monumental arts, town-planning or landscape design; | (iv) to be an outstanding example of a type of building, architectural or technological ensemble or landscape which illustrates (a) significant stage(s) in human history;",,,,,,,,,,,,,,,,,,,,,,,,,,,,,,,,,,,,,,,,,,,,,,,,,,,,,,,,,,,,,,,,,,No,
1468.0,Moravian Church Settlements,"Denmark,Germany,United Kingdom of Great Britain and Northern Ireland,United States of America",skipped; unknown; no images,,,,,,,,,"(iii) to bear a unique or at least exceptional testimony to a cultural tradition or to a civilization which is living or which has disappeared; | (iv) to be an outstanding example of a type of building, architectural or technological ensemble or landscape which illustrates (a) significant stage(s) in human history;",,,,,,,,,,,,,,,,,,,,,,,,,,,,,,,,,,,,,,,,,,,,,,,,,,,,,,,,,,,,,,,,,,No,
1411.0,Ancient City of Tauric Chersonese and its Chora,Ukraine,skipped; bvvhp,,,,,,,,,"(ii) to exhibit an important interchange of human values, over a span of time or within a cultural area of the world, on developments in architecture or technology, monumental arts, town-planning or landscape design; | (v) to be an outstanding example of a traditional human settlement, land-use, or sea-use which is representative of a culture (or cultures), or human interaction with the environment especially when it has become vulnerable under the impact of irreversible change;",,,,,,,,,,,,,,,,,,,,,,,,,,,,,,,,,,,,,,,,,,,,,,,,,,,,,,,,,,,,,,,,,,No,
27.0,Mesa Verde National Park,United States of America,"Cliff dwellings, mesa-top villages, pit-house settlements, masonry-walled villages",Internal (DS/OUV),,6th to the 12th century (c. 450 to 1300),Internal (DS/OUV),,Ancestral Pueblo Indian / Native American,Internal (DS/OUV),,(iii) to bear a unique or at least exceptional testimony to a cultural tradition or to a civilization which is living or which has disappeared;,Internal (DS/OUV),,Sandstone,Internal (DS/OUV),,Sedimentary Rock,,,,,,,,,,,,,,,,,,,,,,,,,,,,,,,,,Local (alcove/mesa plateau setting),Internal (DS/OUV),,,,,"Built of sandstone and mud mortar (multi-storey cliff dwellings, rooms, towers, balconies, walls)",Internal (DS/OUV),,Rock art,Internal (DS/OUV),,"Sandstone and mud mortar masonry, masonry-walled structures",Internal (DS/OUV),,Erosion following wildland fires,Internal (DS/OUV),,,Internal (DS/OUV),,"Stabilized, routine monitoring, condition assessment, and preservation treatment",Internal (DS/OUV),,Excellent,,,Yes,
1450.0,Thimlich Ohinga Archaeological Site,Kenya,skipped; bvvvhp,,,,,,,,,"(iii) to bear a unique or at least exceptional testimony to a cultural tradition or to a civilization which is living or which has disappeared; | (iv) to be an outstanding example of a type of building, architectural or technological ensemble or landscape which illustrates (a) significant stage(s) in human history; | (v) to be an outstanding example of a traditional human settlement, land-use, or sea-use which is representative of a culture (or cultures), or human interaction with the environment especially when it has become vulnerable under the impact of irreversible change;",,,,,,,,,,,,,,,,,,,,,,,,,,,,,,,,,,,,,,,,,,,,,,,,,,,,,,,,,,,,,,,,,,No,
1466.0,San Antonio Missions,United States of America,skipped; bvvhp,,,,,,,,,"(ii) to exhibit an important interchange of human values, over a span of time or within a cultural area of the world, on developments in architecture or technology, monumental arts, town-planning or landscape design;",,,,,,,,,,,,,,,,,,,,,,,,,,,,,,,,,,,,,,,,,,,,,,,,,,,,,,,,,,,,,,,,,,No,
1328.0,Central Sector of the Imperial Citadel of Thang Long - Hanoi,Viet Nam,skipped; bvhp,,,,,,,,,"(ii) to exhibit an important interchange of human values, over a span of time or within a cultural area of the world, on developments in architecture or technology, monumental arts, town-planning or landscape design; | (iii) to bear a unique or at least exceptional testimony to a cultural tradition or to a civilization which is living or which has disappeared; | (vi) to be directly or tangibly associated with events or living traditions, with ideas, or with beliefs, with artistic and literary works of outstanding universal significance;",,,,,,,,,,,,,,,,,,,,,,,,,,,,,,,,,,,,,,,,,,,,,,,,,,,,,,,,,,,,,,,,,,No,
855.0,Flemish Béguinages,Belgium,skipped,,,,,,,,,"(ii) to exhibit an important interchange of human values, over a span of time or within a cultural area of the world, on developments in architecture or technology, monumental arts, town-planning or landscape design; | (iii) to bear a unique or at least exceptional testimony to a cultural tradition or to a civilization which is living or which has disappeared; | (iv) to be an outstanding example of a type of building, architectural or technological ensemble or landscape which illustrates (a) significant stage(s) in human history;",,,,,,,,,,,,,,,,,,,,,,,,,,,,,,,,,,,,,,,,,,,,,,,,,,,,,,,,,,,,,,,,,,No,
666.0,"Lumbini, the Birthplace of the Lord Buddha",Nepal,"Monument, Plan, Structure; temples",Internal (DS/OUV),,3rd century BC to the present century (Maya Devi Temple / Brick structures); 3rd century BC to 5th century AD (Viharas); 3rd century BC to 15th century AD (Stupas); 249 BC (Asoka Pillar),Internal (DS/OUV),,Mauryan / Ancient & Medieval Indian–Nepalese Buddhist,Internal (DS/OUV),,"(iii) to bear a unique or at least exceptional testimony to a cultural tradition or to a civilization which is living or which has disappeared; | (vi) to be directly or tangibly associated with events or living traditions, with ideas, or with beliefs, with artistic and literary works of outstanding universal significance;",Internal (DS/OUV),,Sandstone,Internal (DS/OUV),,Sedimentary Rock,Internal (DS/OUV),,Brick (Ceramic/burnt clay masonry),Internal (DS/OUV),,,,,Sandstone,Internal (DS/OUV),,,,,,,,,,,,,,,,,,,,,,,,,,,,,Sandstone Ashoka pillar; Brick cross-wall system in Maya Devi Temple; Monasteries (Viharas); Stupas (Shrines),Internal (DS/OUV),,Brahmi Pali Inscription on Ashoka Pillar,Internal (DS/OUV),,Cross-wall system (Brick),Internal (DS/OUV),,"Natural degradation, impact of humidity",Internal (DS/OUV),,,,,"Active conservation, monitoring, series of excavations since 1896 discovery",Internal (DS/OUV),,Excellent,,,No,
1478.0,Erzgebirge/Krušnohoří Mining Region,"Czechia,Germany",skipped; bvhp,,,,,,,,,"(ii) to exhibit an important interchange of human values, over a span of time or within a cultural area of the world, on developments in architecture or technology, monumental arts, town-planning or landscape design; | (iii) to bear a unique or at least exceptional testimony to a cultural tradition or to a civilization which is living or which has disappeared; | (iv) to be an outstanding example of a type of building, architectural or technological ensemble or landscape which illustrates (a) significant stage(s) in human history;",,,,,,,,,,,,,,,,,,,,,,,,,,,,,,,,,,,,,,,,,,,,,,,,,,,,,,,,,,,,,,,,,,No,
1351.0,Camino Real de Tierra Adentro,Mexico,skipped; bvvvvhp,,,,,,,,,"(ii) to exhibit an important interchange of human values, over a span of time or within a cultural area of the world, on developments in architecture or technology, monumental arts, town-planning or landscape design; | (iv) to be an outstanding example of a type of building, architectural or technological ensemble or landscape which illustrates (a) significant stage(s) in human history;",,,,,,,,,,,,,,,,,,,,,,,,,,,,,,,,,,,,,,,,,,,,,,,,,,,,,,,,,,,,,,,,,,No,
1058.0,Portuguese City of Mazagan (El Jadida),Morocco,skipped; bvhp,,,,,,,,,"(ii) to exhibit an important interchange of human values, over a span of time or within a cultural area of the world, on developments in architecture or technology, monumental arts, town-planning or landscape design; | (iv) to be an outstanding example of a type of building, architectural or technological ensemble or landscape which illustrates (a) significant stage(s) in human history;",,,,,,,,,,,,,,,,,,,,,,,,,,,,,,,,,,,,,,,,,,,,,,,,,,,,,,,,,,,,,,,,,,No,
430.0,Frontiers of the Roman Empire,"Germany,United Kingdom of Great Britain and Northern Ireland",skipped; pictures absent,,,,,,,,,"(ii) to exhibit an important interchange of human values, over a span of time or within a cultural area of the world, on developments in architecture or technology, monumental arts, town-planning or landscape design; | (iii) to bear a unique or at least exceptional testimony to a cultural tradition or to a civilization which is living or which has disappeared; | (iv) to be an outstanding example of a type of building, architectural or technological ensemble or landscape which illustrates (a) significant stage(s) in human history;",,,,,,,,,,,,,,,,,,,,,,,,,,,,,,,,,,,,,,,,,,,,,,,,,,,,,,,,,,,,,,,,,,No,
702.0,Earliest 16th-Century Monasteries on the Slopes of Popocatepetl,Mexico,skipped; bvhp,,,,,,,,,"(ii) to exhibit an important interchange of human values, over a span of time or within a cultural area of the world, on developments in architecture or technology, monumental arts, town-planning or landscape design; | (iv) to be an outstanding example of a type of building, architectural or technological ensemble or landscape which illustrates (a) significant stage(s) in human history;",,,,,,,,,,,,,,,,,,,,,,,,,,,,,,,,,,,,,,,,,,,,,,,,,,,,,,,,,,,,,,,,,,No,
1223.0,"Melaka and George Town, Historic Cities of the Straits of Malacca",Malaysia,skipped; bvhp,,,,,,,,,"(ii) to exhibit an important interchange of human values, over a span of time or within a cultural area of the world, on developments in architecture or technology, monumental arts, town-planning or landscape design; | (iii) to bear a unique or at least exceptional testimony to a cultural tradition or to a civilization which is living or which has disappeared; | (iv) to be an outstanding example of a type of building, architectural or technological ensemble or landscape which illustrates (a) significant stage(s) in human history;",,,,,,,,,,,,,,,,,,,,,,,,,,,,,,,,,,,,,,,,,,,,,,,,,,,,,,,,,,,,,,,,,,No,
1631.0,Frontiers of the Roman Empire – The Lower German Limes,"Germany,Netherlands (Kingdom of the)",skipped; ,,,,,,,,,"(ii) to exhibit an important interchange of human values, over a span of time or within a cultural area of the world, on developments in architecture or technology, monumental arts, town-planning or landscape design; | (iii) to bear a unique or at least exceptional testimony to a cultural tradition or to a civilization which is living or which has disappeared; | (iv) to be an outstanding example of a type of building, architectural or technological ensemble or landscape which illustrates (a) significant stage(s) in human history;",,,,,,,,,,,,,,,,,,,,,,,,,,,,,,,,,,,,,,,,,,,,,,,,,,,,,,,,,,,,,,,,,,No,
1242.0,Parthian Fortresses of Nisa,Turkmenistan,skipped; bvvvvhp,,,,,,,,,"(ii) to exhibit an important interchange of human values, over a span of time or within a cultural area of the world, on developments in architecture or technology, monumental arts, town-planning or landscape design; | (iii) to bear a unique or at least exceptional testimony to a cultural tradition or to a civilization which is living or which has disappeared;",,,,,,,,,,,,,,,,,,,,,,,,,,,,,,,,,,,,,,,,,,,,,,,,,,,,,,,,,,,,,,,,,,No,
986.0,Ciudad Universitaria de Caracas,Venezuela (Bolivarian Republic of),skipped;,,,,,,,,,"(i) to represent a masterpiece of human creative genius; | (iv) to be an outstanding example of a type of building, architectural or technological ensemble or landscape which illustrates (a) significant stage(s) in human history;",,,,,,,,,,,,,,,,,,,,,,,,,,,,,,,,,,,,,,,,,,,,,,,,,,,,,,,,,,,,,,,,,,No,
170.0,Medina of Fez,Morocco,skipped; bp,,,,,,,,,"(ii) to exhibit an important interchange of human values, over a span of time or within a cultural area of the world, on developments in architecture or technology, monumental arts, town-planning or landscape design; | (v) to be an outstanding example of a traditional human settlement, land-use, or sea-use which is representative of a culture (or cultures), or human interaction with the environment especially when it has become vulnerable under the impact of irreversible change;",,,,,,,,,,,,,,,,,,,,,,,,,,,,,,,,,,,,,,,,,,,,,,,,,,,,,,,,,,,,,,,,,,No,
1595.0,The Archaeological Ensemble of 17th Century Port Royal,Jamaica,skipped; bp,,,,,,,,,"(iv) to be an outstanding example of a type of building, architectural or technological ensemble or landscape which illustrates (a) significant stage(s) in human history; | (vi) to be directly or tangibly associated with events or living traditions, with ideas, or with beliefs, with artistic and literary works of outstanding universal significance;",,,,,,,,,,,,,,,,,,,,,,,,,,,,,,,,,,,,,,,,,,,,,,,,,,,,,,,,,,,,,,,,,,No,
763.0,Lednice-Valtice Cultural Landscape,Czechia,skipped; bp,,,,,,,,,"(i) to represent a masterpiece of human creative genius; | (ii) to exhibit an important interchange of human values, over a span of time or within a cultural area of the world, on developments in architecture or technology, monumental arts, town-planning or landscape design; | (iv) to be an outstanding example of a type of building, architectural or technological ensemble or landscape which illustrates (a) significant stage(s) in human history;",,,,,,,,,,,,,,,,,,,,,,,,,,,,,,,,,,,,,,,,,,,,,,,,,,,,,,,,,,,,,,,,,,No,
737.0,"Haeinsa Temple Janggyeong Panjeon, the Depositories for the <I>Tripitaka Koreana</I> Woodblocks",Republic of Korea,skipped,,,,,,,,,"(iv) to be an outstanding example of a type of building, architectural or technological ensemble or landscape which illustrates (a) significant stage(s) in human history; | (vi) to be directly or tangibly associated with events or living traditions, with ideas, or with beliefs, with artistic and literary works of outstanding universal significance;",,,,,,,,,,,,,,,,,,,,,,,,,,,,,,,,,,,,,,,,,,,,,,,,,,,,,,,,,,,,,,,,,,No,
738.0,Jongmyo Shrine,Republic of Korea,skipped; ,,,,,,,,,"(iv) to be an outstanding example of a type of building, architectural or technological ensemble or landscape which illustrates (a) significant stage(s) in human history;",,,,,,,,,,,,,,,,,,,,,,,,,,,,,,,,,,,,,,,,,,,,,,,,,,,,,,,,,,,,,,,,,,No,
1208.0,Bam and its Cultural Landscape,Iran (Islamic Republic of),skipped; bvvvvhp,,,,,,,,,"(ii) to exhibit an important interchange of human values, over a span of time or within a cultural area of the world, on developments in architecture or technology, monumental arts, town-planning or landscape design; | (iii) to bear a unique or at least exceptional testimony to a cultural tradition or to a civilization which is living or which has disappeared; | (iv) to be an outstanding example of a type of building, architectural or technological ensemble or landscape which illustrates (a) significant stage(s) in human history; | (v) to be an outstanding example of a traditional human settlement, land-use, or sea-use which is representative of a culture (or cultures), or human interaction with the environment especially when it has become vulnerable under the impact of irreversible change;",,,,,,,,,,,,,,,,,,,,,,,,,,,,,,,,,,,,,,,,,,,,,,,,,,,,,,,,,,,,,,,,,,No,
359.0,Thracian Tomb of Sveshtari,Bulgaria,skipped; bvhp,,,,,,,,,(i) to represent a masterpiece of human creative genius; | (iii) to bear a unique or at least exceptional testimony to a cultural tradition or to a civilization which is living or which has disappeared;,,,,,,,,,,,,,,,,,,,,,,,,,,,,,,,,,,,,,,,,,,,,,,,,,,,,,,,,,,,,,,,,,,No,
125.0,Natural and Culturo-Historical Region of Kotor,Montenegro,skipped; bvhp,,,,,,,,,"(i) to represent a masterpiece of human creative genius; | (ii) to exhibit an important interchange of human values, over a span of time or within a cultural area of the world, on developments in architecture or technology, monumental arts, town-planning or landscape design; | (iii) to bear a unique or at least exceptional testimony to a cultural tradition or to a civilization which is living or which has disappeared; | (iv) to be an outstanding example of a type of building, architectural or technological ensemble or landscape which illustrates (a) significant stage(s) in human history;",,,,,,,,,,,,,,,,,,,,,,,,,,,,,,,,,,,,,,,,,,,,,,,,,,,,,,,,,,,,,,,,,,No,
1504.0,Stećci Medieval Tombstone Graveyards,"Bosnia and Herzegovina,Croatia,Montenegro,Serbia",skipped; bvhp,,,,,,,,,"(iii) to bear a unique or at least exceptional testimony to a cultural tradition or to a civilization which is living or which has disappeared; | (vi) to be directly or tangibly associated with events or living traditions, with ideas, or with beliefs, with artistic and literary works of outstanding universal significance;",,,,,,,,,,,,,,,,,,,,,,,,,,,,,,,,,,,,,,,,,,,,,,,,,,,,,,,,,,,,,,,,,,No,
1319.0,Royal Tombs of the Joseon Dynasty,Republic of Korea,skipped; bvhp,,,,,,,,,"(iii) to bear a unique or at least exceptional testimony to a cultural tradition or to a civilization which is living or which has disappeared; | (iv) to be an outstanding example of a type of building, architectural or technological ensemble or landscape which illustrates (a) significant stage(s) in human history; | (vi) to be directly or tangibly associated with events or living traditions, with ideas, or with beliefs, with artistic and literary works of outstanding universal significance;",,,,,,,,,,,,,,,,,,,,,,,,,,,,,,,,,,,,,,,,,,,,,,,,,,,,,,,,,,,,,,,,,,No,
1333.0,Konso Cultural Landscape,Ethiopia,skipped;bp,,,,,,,,,"(iii) to bear a unique or at least exceptional testimony to a cultural tradition or to a civilization which is living or which has disappeared; | (v) to be an outstanding example of a traditional human settlement, land-use, or sea-use which is representative of a culture (or cultures), or human interaction with the environment especially when it has become vulnerable under the impact of irreversible change;",,,,,,,,,,,,,,,,,,,,,,,,,,,,,,,,,,,,,,,,,,,,,,,,,,,,,,,,,,,,,,,,,,No,
83.0,Palace and Park of Versailles,France,skipped; bhp,,,,,,,,,"(i) to represent a masterpiece of human creative genius; | (ii) to exhibit an important interchange of human values, over a span of time or within a cultural area of the world, on developments in architecture or technology, monumental arts, town-planning or landscape design; | (vi) to be directly or tangibly associated with events or living traditions, with ideas, or with beliefs, with artistic and literary works of outstanding universal significance;",,,,,,,,,,,,,,,,,,,,,,,,,,,,,,,,,,,,,,,,,,,,,,,,,,,,,,,,,,,,,,,,,,No,
1661.0,"Modernist Kaunas: Architecture of Optimism, 1919-1939",Lithuania,skipped,,,,,,,,,"(iv) to be an outstanding example of a type of building, architectural or technological ensemble or landscape which illustrates (a) significant stage(s) in human history;",,,,,,,,,,,,,,,,,,,,,,,,,,,,,,,,,,,,,,,,,,,,,,,,,,,,,,,,,,,,,,,,,,No,
1533.0,Venetian Works of Defence between the 16th and 17th Centuries: <em>Stato da Terra</em> – Western <em>Stato da Mar</em>,"Croatia,Italy,Montenegro","skipped, bvhp",,,,,,,,,"(iii) to bear a unique or at least exceptional testimony to a cultural tradition or to a civilization which is living or which has disappeared; | (iv) to be an outstanding example of a type of building, architectural or technological ensemble or landscape which illustrates (a) significant stage(s) in human history;",,,,,,,,,,,,,,,,,,,,,,,,,,,,,,,,,,,,,,,,,,,,,,,,,,,,,,,,,,,,,,,,,,No,
1529.0,Taputapuātea,France,skipped,,,,,,,,,"(iii) to bear a unique or at least exceptional testimony to a cultural tradition or to a civilization which is living or which has disappeared; | (iv) to be an outstanding example of a type of building, architectural or technological ensemble or landscape which illustrates (a) significant stage(s) in human history; | (vi) to be directly or tangibly associated with events or living traditions, with ideas, or with beliefs, with artistic and literary works of outstanding universal significance;",,,,,,,,,,,,,,,,,,,,,,,,,,,,,,,,,,,,,,,,,,,,,,,,,,,,,,,,,,,,,,,,,,No,
1569.0,The Maison Carrée of Nîmes,France,skipped; bvhp,,,,,,,,,"(iv) to be an outstanding example of a type of building, architectural or technological ensemble or landscape which illustrates (a) significant stage(s) in human history;",,,,,,,,,,,,,,,,,,,,,,,,,,,,,,,,,,,,,,,,,,,,,,,,,,,,,,,,,,,,,,,,,,No,
632.0,Cultural and Historic Ensemble of the Solovetsky Islands,Russian Federation,skipped; bp,,,,,,,,,"(iv) to be an outstanding example of a type of building, architectural or technological ensemble or landscape which illustrates (a) significant stage(s) in human history;",,,,,,,,,,,,,,,,,,,,,,,,,,,,,,,,,,,,,,,,,,,,,,,,,,,,,,,,,,,,,,,,,,No,
565.0,Kasbah of Algiers,Algeria,skipped,,,,,,,,,"(ii) to exhibit an important interchange of human values, over a span of time or within a cultural area of the world, on developments in architecture or technology, monumental arts, town-planning or landscape design; | (v) to be an outstanding example of a traditional human settlement, land-use, or sea-use which is representative of a culture (or cultures), or human interaction with the environment especially when it has become vulnerable under the impact of irreversible change;",,,,,,,,,,,,,,,,,,,,,,,,,,,,,,,,,,,,,,,,,,,,,,,,,,,,,,,,,,,,,,,,,,No,
310.0,Cave of Altamira and Paleolithic Cave Art of Northern Spain,Spain,Cave art,Internal (DS/OUV),,"Upper Palaeolithic (35,000 – 11,000 BP / BC)",Internal (DS/OUV),,Aurignacian to Magdalenian period (Homo sapiens / Upper Palaeolithic Hunter-gatherers),Internal (DS/OUV),,(i) to represent a masterpiece of human creative genius; | (iii) to bear a unique or at least exceptional testimony to a cultural tradition or to a civilization which is living or which has disappeared;,Internal (DS/OUV),,Flint (used as a tool),,,Igneous Rock,,,,,,,,,Karst caves / limestone cavities (implied by karst environment),Internal (DS/OUV),,Upper Palaeolithic (Quaternary),Internal (DS/OUV),,,,,,,,,,,"Iron oxides, Manganese oxides",,,Direct originating from the immediate environment,Internal (DS/OUV),,Spain,Internal (DS/OUV),,Local (materials directly originating from the immediate environment),Internal (DS/OUV),,,,,"Ceiling, Foundation, Gallery, Wall",Internal (DS/OUV),,"Rock / Cave Art (painting, engraving, carving, sculpture)",Internal (DS/OUV),,,,,"Natural causes, water run-off, external climatic influences, microbiological activities",Internal (DS/OUV),,,,,No restoration has ever been carried out on Palaeolithic works of art,Internal (DS/OUV),,Good,,,Yes,
1726.0,"The Palaces of King Ludwig II of Bavaria: Neuschwanstein, Linderhof, Schachen and Herrenchiemsee",Germany,skipped; bvhp,,,,,,,,,"(iv) to be an outstanding example of a type of building, architectural or technological ensemble or landscape which illustrates (a) significant stage(s) in human history;",,,,,,,,,,,,,,,,,,,,,,,,,,,,,,,,,,,,,,,,,,,,,,,,,,,,,,,,,,,,,,,,,,No,
1201.0,Mount Mulanje Cultural Landscape,Malawi,ouv absent; skipped,,,,,,,,,"(iii) to bear a unique or at least exceptional testimony to a cultural tradition or to a civilization which is living or which has disappeared; | (vi) to be directly or tangibly associated with events or living traditions, with ideas, or with beliefs, with artistic and literary works of outstanding universal significance;",,,,,,,,,,,,,,,,,,,,,,,,,,,,,,,,,,,,,,,,,,,,,,,,,,,,,,,,,,,,,,,,,,No,
1127.0,Muskauer Park / Park Mużakowski,"Germany,Poland",skipped; bp,,,,,,,,,"(i) to represent a masterpiece of human creative genius; | (iv) to be an outstanding example of a type of building, architectural or technological ensemble or landscape which illustrates (a) significant stage(s) in human history;",,,,,,,,,,,,,,,,,,,,,,,,,,,,,,,,,,,,,,,,,,,,,,,,,,,,,,,,,,,,,,,,,,No,
751.0,Verla Groundwood and Board Mill,Finland,skipped; bvhp,,,,,,,,,"(iv) to be an outstanding example of a type of building, architectural or technological ensemble or landscape which illustrates (a) significant stage(s) in human history;",,,,,,,,,,,,,,,,,,,,,,,,,,,,,,,,,,,,,,,,,,,,,,,,,,,,,,,,,,,,,,,,,,No,
1002.0,Ancient Villages in Southern Anhui – Xidi and Hongcun,China,skipped; bvhp,,,,,,,,,"(iii) to bear a unique or at least exceptional testimony to a cultural tradition or to a civilization which is living or which has disappeared; | (iv) to be an outstanding example of a type of building, architectural or technological ensemble or landscape which illustrates (a) significant stage(s) in human history; | (v) to be an outstanding example of a traditional human settlement, land-use, or sea-use which is representative of a culture (or cultures), or human interaction with the environment especially when it has become vulnerable under the impact of irreversible change;",,,,,,,,,,,,,,,,,,,,,,,,,,,,,,,,,,,,,,,,,,,,,,,,,,,,,,,,,,,,,,,,,,No,
1511.0,"Mbanza Kongo, Vestiges of the Capital of the former Kingdom of Kongo",Angola,skipped; ,,,,,,,,,"(iii) to bear a unique or at least exceptional testimony to a cultural tradition or to a civilization which is living or which has disappeared; | (iv) to be an outstanding example of a type of building, architectural or technological ensemble or landscape which illustrates (a) significant stage(s) in human history;",,,,,,,,,,,,,,,,,,,,,,,,,,,,,,,,,,,,,,,,,,,,,,,,,,,,,,,,,,,,,,,,,,No,
44.0,Thracian Tomb of Kazanlak,Bulgaria,skipped; bp,,,,,,,,,"(i) to represent a masterpiece of human creative genius; | (iii) to bear a unique or at least exceptional testimony to a cultural tradition or to a civilization which is living or which has disappeared; | (iv) to be an outstanding example of a type of building, architectural or technological ensemble or landscape which illustrates (a) significant stage(s) in human history;",,,,,,,,,,,,,,,,,,,,,,,,,,,,,,,,,,,,,,,,,,,,,,,,,,,,,,,,,,,,,,,,,,No,
1187.0,Struve Geodetic Arc,"Belarus,Estonia,Finland,Latvia,Lithuania,Norway,Republic of Moldova,Russian Federation,Sweden,Ukraine",skipped; bvhp,,,,,,,,,"(ii) to exhibit an important interchange of human values, over a span of time or within a cultural area of the world, on developments in architecture or technology, monumental arts, town-planning or landscape design; | (iv) to be an outstanding example of a type of building, architectural or technological ensemble or landscape which illustrates (a) significant stage(s) in human history; | (vi) to be directly or tangibly associated with events or living traditions, with ideas, or with beliefs, with artistic and literary works of outstanding universal significance;",,,,,,,,,,,,,,,,,,,,,,,,,,,,,,,,,,,,,,,,,,,,,,,,,,,,,,,,,,,,,,,,,,No,
1553.0,Archaeological Border complex of Hedeby and the Danevirke,Germany,skipped; bvvvvhp,,,,,,,,,"(iii) to bear a unique or at least exceptional testimony to a cultural tradition or to a civilization which is living or which has disappeared; | (iv) to be an outstanding example of a type of building, architectural or technological ensemble or landscape which illustrates (a) significant stage(s) in human history;",,,,,,,,,,,,,,,,,,,,,,,,,,,,,,,,,,,,,,,,,,,,,,,,,,,,,,,,,,,,,,,,,,No,
1039.0,Yungang Grottoes,China,skipped; bvvvvvhp,,,,,,,,,"(i) to represent a masterpiece of human creative genius; | (ii) to exhibit an important interchange of human values, over a span of time or within a cultural area of the world, on developments in architecture or technology, monumental arts, town-planning or landscape design; | (iii) to bear a unique or at least exceptional testimony to a cultural tradition or to a civilization which is living or which has disappeared; | (iv) to be an outstanding example of a type of building, architectural or technological ensemble or landscape which illustrates (a) significant stage(s) in human history;",,,,,,,,,,,,,,,,,,,,,,,,,,,,,,,,,,,,,,,,,,,,,,,,,,,,,,,,,,,,,,,,,,No,
830.0,Costiera Amalfitana,Italy,skipped; bp,,,,,,,,,"(ii) to exhibit an important interchange of human values, over a span of time or within a cultural area of the world, on developments in architecture or technology, monumental arts, town-planning or landscape design; | (iv) to be an outstanding example of a type of building, architectural or technological ensemble or landscape which illustrates (a) significant stage(s) in human history; | (v) to be an outstanding example of a traditional human settlement, land-use, or sea-use which is representative of a culture (or cultures), or human interaction with the environment especially when it has become vulnerable under the impact of irreversible change;",,,,,,,,,,,,,,,,,,,,,,,,,,,,,,,,,,,,,,,,,,,,,,,,,,,,,,,,,,,,,,,,,,No,
1548.0,Valongo Wharf Archaeological Site,Brazil,skipped; bp,,,,,,,,,"(vi) to be directly or tangibly associated with events or living traditions, with ideas, or with beliefs, with artistic and literary works of outstanding universal significance;",,,,,,,,,,,,,,,,,,,,,,,,,,,,,,,,,,,,,,,,,,,,,,,,,,,,,,,,,,,,,,,,,,No,
813.0,Classical Gardens of Suzhou,China,skipped; ,,,,,,,,,"(i) to represent a masterpiece of human creative genius; | (ii) to exhibit an important interchange of human values, over a span of time or within a cultural area of the world, on developments in architecture or technology, monumental arts, town-planning or landscape design; | (iii) to bear a unique or at least exceptional testimony to a cultural tradition or to a civilization which is living or which has disappeared; | (iv) to be an outstanding example of a type of building, architectural or technological ensemble or landscape which illustrates (a) significant stage(s) in human history; | (v) to be an outstanding example of a traditional human settlement, land-use, or sea-use which is representative of a culture (or cultures), or human interaction with the environment especially when it has become vulnerable under the impact of irreversible change;",,,,,,,,,,,,,,,,,,,,,,,,,,,,,,,,,,,,,,,,,,,,,,,,,,,,,,,,,,,,,,,,,,No,
138.0,Archaeological Ruins at Moenjodaro,Pakistan,skipped; bvvvvvhp,,,,,,,,,"(ii) to exhibit an important interchange of human values, over a span of time or within a cultural area of the world, on developments in architecture or technology, monumental arts, town-planning or landscape design; | (iii) to bear a unique or at least exceptional testimony to a cultural tradition or to a civilization which is living or which has disappeared;",,,,,,,,,,,,,,,,,,,,,,,,,,,,,,,,,,,,,,,,,,,,,,,,,,,,,,,,,,,,,,,,,,No,
1302.0,"La Chaux-de-Fonds / Le Locle, Watchmaking Town Planning",Switzerland,skipped; bvhp,,,,,,,,,"(iv) to be an outstanding example of a type of building, architectural or technological ensemble or landscape which illustrates (a) significant stage(s) in human history;",,,,,,,,,,,,,,,,,,,,,,,,,,,,,,,,,,,,,,,,,,,,,,,,,,,,,,,,,,,,,,,,,,No,
705.0,Ancient Building Complex in the Wudang Mountains,China,skipped; bp,,,,,,,,,"(i) to represent a masterpiece of human creative genius; | (ii) to exhibit an important interchange of human values, over a span of time or within a cultural area of the world, on developments in architecture or technology, monumental arts, town-planning or landscape design; | (vi) to be directly or tangibly associated with events or living traditions, with ideas, or with beliefs, with artistic and literary works of outstanding universal significance;",,,,,,,,,,,,,,,,,,,,,,,,,,,,,,,,,,,,,,,,,,,,,,,,,,,,,,,,,,,,,,,,,,No,
1178.0,Humberstone and Santa Laura Saltpeter Works,Chile,skipped; bvvhp,,,,,,,,,"(ii) to exhibit an important interchange of human values, over a span of time or within a cultural area of the world, on developments in architecture or technology, monumental arts, town-planning or landscape design; | (iii) to bear a unique or at least exceptional testimony to a cultural tradition or to a civilization which is living or which has disappeared; | (iv) to be an outstanding example of a type of building, architectural or technological ensemble or landscape which illustrates (a) significant stage(s) in human history;",,,,,,,,,,,,,,,,,,,,,,,,,,,,,,,,,,,,,,,,,,,,,,,,,,,,,,,,,,,,,,,,,,No,
734.0,Historic Villages of Shirakawa-go and Gokayama,Japan,skipped,,,,,,,,,"(iv) to be an outstanding example of a type of building, architectural or technological ensemble or landscape which illustrates (a) significant stage(s) in human history; | (v) to be an outstanding example of a traditional human settlement, land-use, or sea-use which is representative of a culture (or cultures), or human interaction with the environment especially when it has become vulnerable under the impact of irreversible change;",,,,,,,,,,,,,,,,,,,,,,,,,,,,,,,,,,,,,,,,,,,,,,,,,,,,,,,,,,,,,,,,,,No,
1538.0,"Ivrea, industrial city of the 20th century",Italy,skipped;,,,,,,,,,"(iv) to be an outstanding example of a type of building, architectural or technological ensemble or landscape which illustrates (a) significant stage(s) in human history;",,,,,,,,,,,,,,,,,,,,,,,,,,,,,,,,,,,,,,,,,,,,,,,,,,,,,,,,,,,,,,,,,,No,
217.0,Ancient City of Nessebar,Bulgaria,skipped; bvvvvhp,,,,,,,,,"(iii) to bear a unique or at least exceptional testimony to a cultural tradition or to a civilization which is living or which has disappeared; | (iv) to be an outstanding example of a type of building, architectural or technological ensemble or landscape which illustrates (a) significant stage(s) in human history;",,,,,,,,,,,,,,,,,,,,,,,,,,,,,,,,,,,,,,,,,,,,,,,,,,,,,,,,,,,,,,,,,,No,
1224.0,Temple of Preah Vihear,Cambodia,skipped; bvvvhp,,,,,,,,,(i) to represent a masterpiece of human creative genius;,,,,,,,,,,,,,,,,,,,,,,,,,,,,,,,,,,,,,,,,,,,,,,,,,,,,,,,,,,,,,,,,,,No,
946.0,Old Bridge Area of the Old City of Mostar,Bosnia and Herzegovina,skipped; bvvvvhp,,,,,,,,,"(vi) to be directly or tangibly associated with events or living traditions, with ideas, or with beliefs, with artistic and literary works of outstanding universal significance;",,,,,,,,,,,,,,,,,,,,,,,,,,,,,,,,,,,,,,,,,,,,,,,,,,,,,,,,,,,,,,,,,,No,
1253.0,"Gamzigrad-Romuliana, Palace of Galerius",Serbia,skipped; bvvvvhp,,,,,,,,,"(iii) to bear a unique or at least exceptional testimony to a cultural tradition or to a civilization which is living or which has disappeared; | (iv) to be an outstanding example of a type of building, architectural or technological ensemble or landscape which illustrates (a) significant stage(s) in human history;",,,,,,,,,,,,,,,,,,,,,,,,,,,,,,,,,,,,,,,,,,,,,,,,,,,,,,,,,,,,,,,,,,No,
34.0,"Forts and Castles, Volta, Greater Accra, Central and Western Regions",Ghana,skipped; bp,,,,,,,,,"(vi) to be directly or tangibly associated with events or living traditions, with ideas, or with beliefs, with artistic and literary works of outstanding universal significance;",,,,,,,,,,,,,,,,,,,,,,,,,,,,,,,,,,,,,,,,,,,,,,,,,,,,,,,,,,,,,,,,,,No,
1298.0,Stoclet House,Belgium,skipped; bp,,,,,,,,,"(i) to represent a masterpiece of human creative genius; | (ii) to exhibit an important interchange of human values, over a span of time or within a cultural area of the world, on developments in architecture or technology, monumental arts, town-planning or landscape design;",,,,,,,,,,,,,,,,,,,,,,,,,,,,,,,,,,,,,,,,,,,,,,,,,,,,,,,,,,,,,,,,,,No,
1423.0,Cultural Landscape of Maymand,Iran (Islamic Republic of),skipped;,,,,,,,,,"(v) to be an outstanding example of a traditional human settlement, land-use, or sea-use which is representative of a culture (or cultures), or human interaction with the environment especially when it has become vulnerable under the impact of irreversible change;",,,,,,,,,,,,,,,,,,,,,,,,,,,,,,,,,,,,,,,,,,,,,,,,,,,,,,,,,,,,,,,,,,No,
1506.0,The Persian Qanat,Iran (Islamic Republic of),skipped; bvvvvhp,,,,,,,,,"(iii) to bear a unique or at least exceptional testimony to a cultural tradition or to a civilization which is living or which has disappeared; | (iv) to be an outstanding example of a type of building, architectural or technological ensemble or landscape which illustrates (a) significant stage(s) in human history;",,,,,,,,,,,,,,,,,,,,,,,,,,,,,,,,,,,,,,,,,,,,,,,,,,,,,,,,,,,,,,,,,,No,
166.0,Sydney Opera House,Australia,skipped; bp,,,,,,,,,(i) to represent a masterpiece of human creative genius;,,,,,,,,,,,,,,,,,,,,,,,,,,,,,,,,,,,,,,,,,,,,,,,,,,,,,,,,,,,,,,,,,,No,
1555.0,Colonies of Benevolence,"Belgium,Netherlands (Kingdom of the)",skipped; but peat mentioned,,,,,,,,,"(ii) to exhibit an important interchange of human values, over a span of time or within a cultural area of the world, on developments in architecture or technology, monumental arts, town-planning or landscape design; | (iv) to be an outstanding example of a type of building, architectural or technological ensemble or landscape which illustrates (a) significant stage(s) in human history;",,,,,,,,,,,,,,,,,,,,,,,,,,,,,,,,,,,,,,,,,,,,,,,,,,,,,,,,,,,,,,,,,,Yes,
1683.0,Eisinga Planetarium in Franeker,Netherlands (Kingdom of the),skipped; ,,,,,,,,,"(iv) to be an outstanding example of a type of building, architectural or technological ensemble or landscape which illustrates (a) significant stage(s) in human history;",,,,,,,,,,,,,,,,,,,,,,,,,,,,,,,,,,,,,,,,,,,,,,,,,,,,,,,,,,,,,,,,,,No,
555.0,Birka and Hovgården,Sweden,skipped,,,,,,,,,"(iii) to bear a unique or at least exceptional testimony to a cultural tradition or to a civilization which is living or which has disappeared; | (iv) to be an outstanding example of a type of building, architectural or technological ensemble or landscape which illustrates (a) significant stage(s) in human history;",,,,,,,,,,,,,,,,,,,,,,,,,,,,,,,,,,,,,,,,,,,,,,,,,,,,,,,,,,,,,,,,,,No,
613.0,Ruins of León Viejo,Nicaragua,skipped; bvvvhp,,,,,,,,,"(iii) to bear a unique or at least exceptional testimony to a cultural tradition or to a civilization which is living or which has disappeared; | (iv) to be an outstanding example of a type of building, architectural or technological ensemble or landscape which illustrates (a) significant stage(s) in human history;",,,,,,,,,,,,,,,,,,,,,,,,,,,,,,,,,,,,,,,,,,,,,,,,,,,,,,,,,,,,,,,,,,No,
1716.0,Hegmataneh,Iran (Islamic Republic of),skipped; bvvvvvhp,,,,,,,,,"(ii) to exhibit an important interchange of human values, over a span of time or within a cultural area of the world, on developments in architecture or technology, monumental arts, town-planning or landscape design; | (iii) to bear a unique or at least exceptional testimony to a cultural tradition or to a civilization which is living or which has disappeared;",,,,,,,,,,,,,,,,,,,,,,,,,,,,,,,,,,,,,,,,,,,,,,,,,,,,,,,,,,,,,,,,,,No,
1322.0,Historic Town of Grand-Bassam,Côte d'Ivoire,skipped;,,,,,,,,,"(iii) to bear a unique or at least exceptional testimony to a cultural tradition or to a civilization which is living or which has disappeared; | (iv) to be an outstanding example of a type of building, architectural or technological ensemble or landscape which illustrates (a) significant stage(s) in human history;",,,,,,,,,,,,,,,,,,,,,,,,,,,,,,,,,,,,,,,,,,,,,,,,,,,,,,,,,,,,,,,,,,,
938.0,Sukur Cultural Landscape,Nigeria,skipped; images absent,,,,,,,,,"(iii) to bear a unique or at least exceptional testimony to a cultural tradition or to a civilization which is living or which has disappeared; | (v) to be an outstanding example of a traditional human settlement, land-use, or sea-use which is representative of a culture (or cultures), or human interaction with the environment especially when it has become vulnerable under the impact of irreversible change; | (vi) to be directly or tangibly associated with events or living traditions, with ideas, or with beliefs, with artistic and literary works of outstanding universal significance;",,,,,,,,,,,,,,,,,,,,,,,,,,,,,,,,,,,,,,,,,,,,,,,,,,,,,,,,,,,,,,,,,,No,
1040.0,Masada,Israel,skipped; bvvvvhp,,,,,,,,,"(iii) to bear a unique or at least exceptional testimony to a cultural tradition or to a civilization which is living or which has disappeared; | (iv) to be an outstanding example of a type of building, architectural or technological ensemble or landscape which illustrates (a) significant stage(s) in human history; | (vi) to be directly or tangibly associated with events or living traditions, with ideas, or with beliefs, with artistic and literary works of outstanding universal significance;",,,,,,,,,,,,,,,,,,,,,,,,,,,,,,,,,,,,,,,,,,,,,,,,,,,,,,,,,,,,,,,,,,No,
1542.0,Dilmun Burial Mounds,Bahrain,skipped; bvvvvhp,,,,,,,,,"(iii) to bear a unique or at least exceptional testimony to a cultural tradition or to a civilization which is living or which has disappeared; | (iv) to be an outstanding example of a type of building, architectural or technological ensemble or landscape which illustrates (a) significant stage(s) in human history;",,,,,,,,,,,,,,,,,,,,,,,,,,,,,,,,,,,,,,,,,,,,,,,,,,,,,,,,,,,,,,,,,,No,
1441.0,Van Nellefabriek,Netherlands (Kingdom of the),skipped;,,,,,,,,,"(ii) to exhibit an important interchange of human values, over a span of time or within a cultural area of the world, on developments in architecture or technology, monumental arts, town-planning or landscape design; | (iv) to be an outstanding example of a type of building, architectural or technological ensemble or landscape which illustrates (a) significant stage(s) in human history;",,,,,,,,,,,,,,,,,,,,,,,,,,,,,,,,,,,,,,,,,,,,,,,,,,,,,,,,,,,,,,,,,,No,
1140.0,"Koutammakou, the Land of the Batammariba","Benin,Togo",skipped; bp,,,,,,,,,"(v) to be an outstanding example of a traditional human settlement, land-use, or sea-use which is representative of a culture (or cultures), or human interaction with the environment especially when it has become vulnerable under the impact of irreversible change; | (vi) to be directly or tangibly associated with events or living traditions, with ideas, or with beliefs, with artistic and literary works of outstanding universal significance;",,,,,,,,,,,,,,,,,,,,,,,,,,,,,,,,,,,,,,,,,,,,,,,,,,,,,,,,,,,,,,,,,,No,
1413.0,Bergpark Wilhelmshöhe,Germany,skipped; bvvhp,,,,,,,,,"(iii) to bear a unique or at least exceptional testimony to a cultural tradition or to a civilization which is living or which has disappeared; | (iv) to be an outstanding example of a type of building, architectural or technological ensemble or landscape which illustrates (a) significant stage(s) in human history;",,,,,,,,,,,,,,,,,,,,,,,,,,,,,,,,,,,,,,,,,,,,,,,,,,,,,,,,,,,,,,,,,,No,
1310.0,"Cidade Velha, Historic Centre of Ribeira Grande",Cabo Verde,skipped; bvvvhp,,,,,,,,,"(ii) to exhibit an important interchange of human values, over a span of time or within a cultural area of the world, on developments in architecture or technology, monumental arts, town-planning or landscape design; | (iii) to bear a unique or at least exceptional testimony to a cultural tradition or to a civilization which is living or which has disappeared; | (vi) to be directly or tangibly associated with events or living traditions, with ideas, or with beliefs, with artistic and literary works of outstanding universal significance;",,,,,,,,,,,,,,,,,,,,,,,,,,,,,,,,,,,,,,,,,,,,,,,,,,,,,,,,,,,,,,,,,,No,
1256.0,"Bordeaux, Port of the Moon",France,skipped; bvvvhp,,,,,,,,,"(ii) to exhibit an important interchange of human values, over a span of time or within a cultural area of the world, on developments in architecture or technology, monumental arts, town-planning or landscape design; | (iv) to be an outstanding example of a type of building, architectural or technological ensemble or landscape which illustrates (a) significant stage(s) in human history;",,,,,,,,,,,,,,,,,,,,,,,,,,,,,,,,,,,,,,,,,,,,,,,,,,,,,,,,,,,,,,,,,,No,
1276.0,Rhaetian Railway in the Albula / Bernina Landscapes,"Italy,Switzerland",skipped;,,,,,,,,,"(ii) to exhibit an important interchange of human values, over a span of time or within a cultural area of the world, on developments in architecture or technology, monumental arts, town-planning or landscape design; | (iv) to be an outstanding example of a type of building, architectural or technological ensemble or landscape which illustrates (a) significant stage(s) in human history;",,,,,,,,,,,,,,,,,,,,,,,,,,,,,,,,,,,,,,,,,,,,,,,,,,,,,,,,,,,,,,,,,,No,
1689.0,Hopewell Ceremonial Earthworks,United States of America,skipped,,,,,,,,,(i) to represent a masterpiece of human creative genius; | (iii) to bear a unique or at least exceptional testimony to a cultural tradition or to a civilization which is living or which has disappeared;,,,,,,,,,,,,,,,,,,,,,,,,,,,,,,,,,,,,,,,,,,,,,,,,,,,,,,,,,,,,,,,,,,No,
570.0,Butrint,Albania,skipped; bvvhp,,,,,,,,,(iii) to bear a unique or at least exceptional testimony to a cultural tradition or to a civilization which is living or which has disappeared;,,,,,,,,,,,,,,,,,,,,,,,,,,,,,,,,,,,,,,,,,,,,,,,,,,,,,,,,,,,,,,,,,,No,
669.0,Routes of Santiago de Compostela: <i>Camino Francés</i> and Routes of Northern Spain,Spain,skipped; bvvhp,,,,,,,,,"(ii) to exhibit an important interchange of human values, over a span of time or within a cultural area of the world, on developments in architecture or technology, monumental arts, town-planning or landscape design; | (iv) to be an outstanding example of a type of building, architectural or technological ensemble or landscape which illustrates (a) significant stage(s) in human history; | (vi) to be directly or tangibly associated with events or living traditions, with ideas, or with beliefs, with artistic and literary works of outstanding universal significance;",,,,,,,,,,,,,,,,,,,,,,,,,,,,,,,,,,,,,,,,,,,,,,,,,,,,,,,,,,,,,,,,,,No,
78.0,Independence Hall,United States of America,skipped,,,,,,,,,"(vi) to be directly or tangibly associated with events or living traditions, with ideas, or with beliefs, with artistic and literary works of outstanding universal significance;",,,,,,,,,,,,,,,,,,,,,,,,,,,,,,,,,,,,,,,,,,,,,,,,,,,,,,,,,,,,,,,,,,No,
697.0,"Jelling Mounds, Runic Stones and Church",Denmark,skipped; bvvvhp,,,,,,,,,(iii) to bear a unique or at least exceptional testimony to a cultural tradition or to a civilization which is living or which has disappeared;,,,,,,,,,,,,,,,,,,,,,,,,,,,,,,,,,,,,,,,,,,,,,,,,,,,,,,,,,,,,,,,,,,No,
79.0,Paphos,Cyprus,skippped; bvvhp,,,,,,,,,"(iii) to bear a unique or at least exceptional testimony to a cultural tradition or to a civilization which is living or which has disappeared; | (vi) to be directly or tangibly associated with events or living traditions, with ideas, or with beliefs, with artistic and literary works of outstanding universal significance;",,,,,,,,,,,,,,,,,,,,,,,,,,,,,,,,,,,,,,,,,,,,,,,,,,,,,,,,,,,,,,,,,,No,
840.0,Viñales Valley,Cuba,"Colonial architecture, Vernacular architecture",Internal (DS/OUV),,Colonised at the beginning of the 19th century,Internal (DS/OUV),,"Multi-ethnic / Multi-cultural society (Synthesis of indigenous peoples, Spanish conquerors, and African slaves)",Internal (DS/OUV),,"(iv) to be an outstanding example of a type of building, architectural or technological ensemble or landscape which illustrates (a) significant stage(s) in human history;",Internal (DS/OUV),,Limestone,Internal (DS/OUV),,Sedimentary Rock,Internal (DS/OUV),,,,,,,,Karst / Limestone mogotes,Internal (DS/OUV),,,,,Sierra de los Organos,Internal (DS/OUV),,,,,,,,,,,,,,,,,Local and natural materials,Internal (DS/OUV),,,,,"Homes, family farms, tobacco drying barns / sheds, single-storey wooden houses",Internal (DS/OUV),,,,,Vernacular / Wood construction,Internal (DS/OUV),,Karst weathering / Hurricanes / Natural disasters,Internal (DS/OUV),,,,,,,,Good,,,Yes,
1453.0,Precolumbian Chiefdom Settlements with Stone Spheres of the Diquís,Costa Rica,"Settlement structures, artificial mounds, paved areas, burial sites, linear arrangements, stone spheres, residential areas, subordinate/principal centres",Internal (DS/OUV),,AD 500–1500 (Precolumbian period),Internal (DS/OUV),,Precolumbian hierarchical chiefdom societies (Diquís Delta chiefdoms),Internal (DS/OUV),,(iii) to bear a unique or at least exceptional testimony to a cultural tradition or to a civilization which is living or which has disappeared;,,,Limestone (specifically noted at Grijalba-2 site; Stone Spheres,Internal (DS/OUV),,Sedimentary Rock,Internal (DS/OUV),,,,,,,,Limestone,,,,,,,,,,,,,,,,,,,,,,,,,,,,,,"Mounds, paved areas, residential areas, subordinate centre structures, linear arrangements",Internal (DS/OUV),,"Stone spheres (placed in original positions, linear arrangements, or residential areas as artistic/symbolic/power markers)",Internal (DS/OUV),,Spherical stone crafting/sculpting (0.7 m to 2.57 m diameter); paved areas,Internal (DS/OUV),,,,,,,,Reburied excavation pits following recording; re-presentation/indication needed for relocated spheres,Internal (DS/OUV),,Moderate,,,Yes,
1282.0,Decorated Farmhouses of Hälsingland,Sweden,skipped,,,,,,,,,"(v) to be an outstanding example of a traditional human settlement, land-use, or sea-use which is representative of a culture (or cultures), or human interaction with the environment especially when it has become vulnerable under the impact of irreversible change;",,,,,,,,,,,,,,,,,,,,,,,,,,,,,,,,,,,,,,,,,,,,,,,,,,,,,,,,,,,,,,,,,,No,
1343.0,"Cultural Sites of Al Ain (Hafit, Hili, Bidaa Bint Saud and Oases Areas)",United Arab Emirates,skipped; bvvvhp,,,,,,,,,"(iii) to bear a unique or at least exceptional testimony to a cultural tradition or to a civilization which is living or which has disappeared; | (iv) to be an outstanding example of a type of building, architectural or technological ensemble or landscape which illustrates (a) significant stage(s) in human history; | (v) to be an outstanding example of a traditional human settlement, land-use, or sea-use which is representative of a culture (or cultures), or human interaction with the environment especially when it has become vulnerable under the impact of irreversible change;",,,,,,,,,,,,,,,,,,,,,,,,,,,,,,,,,,,,,,,,,,,,,,,,,,,,,,,,,,,,,,,,,,No,
1272.0,São Francisco Square in the Town of São Cristóvão,Brazil,skipped; photographs absent,,,,,,,,,"(ii) to exhibit an important interchange of human values, over a span of time or within a cultural area of the world, on developments in architecture or technology, monumental arts, town-planning or landscape design; | (iv) to be an outstanding example of a type of building, architectural or technological ensemble or landscape which illustrates (a) significant stage(s) in human history;",,,,,,,,,,,,,,,,,,,,,,,,,,,,,,,,,,,,,,,,,,,,,,,,,,,,,,,,,,,,,,,,,,No,
1112.0,Kaiping Diaolou and Villages,China,skipped; bp,,,,,,,,,"(ii) to exhibit an important interchange of human values, over a span of time or within a cultural area of the world, on developments in architecture or technology, monumental arts, town-planning or landscape design; | (iii) to bear a unique or at least exceptional testimony to a cultural tradition or to a civilization which is living or which has disappeared; | (iv) to be an outstanding example of a type of building, architectural or technological ensemble or landscape which illustrates (a) significant stage(s) in human history;",,,,,,,,,,,,,,,,,,,,,,,,,,,,,,,,,,,,,,,,,,,,,,,,,,,,,,,,,,,,,,,,,,No,
1469.0,The par force hunting landscape in North Zealand,Denmark,skipped; bp,,,,,,,,,"(ii) to exhibit an important interchange of human values, over a span of time or within a cultural area of the world, on developments in architecture or technology, monumental arts, town-planning or landscape design; | (iv) to be an outstanding example of a type of building, architectural or technological ensemble or landscape which illustrates (a) significant stage(s) in human history;",,,,,,,,,,,,,,,,,,,,,,,,,,,,,,,,,,,,,,,,,,,,,,,,,,,,,,,,,,,,,,,,,,No,
624.0,Town of Bamberg,Germany,skipped,,,,,,,,,"(ii) to exhibit an important interchange of human values, over a span of time or within a cultural area of the world, on developments in architecture or technology, monumental arts, town-planning or landscape design; | (iv) to be an outstanding example of a type of building, architectural or technological ensemble or landscape which illustrates (a) significant stage(s) in human history;",,,,,,,,,,,,,,,,,,,,,,,,,,,,,,,,,,,,,,,,,,,,,,,,,,,,,,,,,,,,,,,,,,No,
1721.0,Umm Al-Jimāl,Jordan,"Rural settlement, domestic and religious architecture, Roman military buildings re-purposed",Internal (DS/OUV),,5th century CE to end of 8th century CE (earliest structures date to 1st century CE),Internal (DS/OUV),,"Nabataean, Roman, Byzantine, Early Islamic, Hauranian",Internal (DS/OUV),,(iii) to bear a unique or at least exceptional testimony to a cultural tradition or to a civilization which is living or which has disappeared;,Internal (DS/OUV),,Basalt,Internal (DS/OUV),,Igneous Rock,Internal (DS/OUV),,,,,,,,basalt,Internal (DS/OUV),,,,,Hauran basaltic plateau,Internal (DS/OUV),,,,,,,,,,,,,,Jordan,Internal (DS/OUV),,Local (Hauran basaltic plateau),Internal (DS/OUV),,,,,"Multi-storey houses, courtyards, churches, military buildings, town wall, reservoirs/water channels",Internal (DS/OUV),,Capitals,Internal (DS/OUV),,Hauranian building styles and designs (dry/basaltic masonry),Internal (DS/OUV),,,,,,,,"Minimal restoration; Mostly consolidation, limited anastylosis, reconstruction of House 119",Internal (DS/OUV),,Good,,,Yes,
175.0,Medici Villas and Gardens in Tuscany,Italy,skipped; bp,,,,,,,,,"(ii) to exhibit an important interchange of human values, over a span of time or within a cultural area of the world, on developments in architecture or technology, monumental arts, town-planning or landscape design; | (iv) to be an outstanding example of a type of building, architectural or technological ensemble or landscape which illustrates (a) significant stage(s) in human history; | (vi) to be directly or tangibly associated with events or living traditions, with ideas, or with beliefs, with artistic and literary works of outstanding universal significance;",,,,,,,,,,,,,,,,,,,,,,,,,,,,,,,,,,,,,,,,,,,,,,,,,,,,,,,,,,,,,,,,,,No,
1449.0,Tomioka Silk Mill and Related Sites,Japan,skipped,,,,,,,,,"(ii) to exhibit an important interchange of human values, over a span of time or within a cultural area of the world, on developments in architecture or technology, monumental arts, town-planning or landscape design; | (iv) to be an outstanding example of a type of building, architectural or technological ensemble or landscape which illustrates (a) significant stage(s) in human history;",,,,,,,,,,,,,,,,,,,,,,,,,,,,,,,,,,,,,,,,,,,,,,,,,,,,,,,,,,,,,,,,,,No,
243.0,Ellora Caves,India,"Rock-cut architecture (Viharas/Monasteries, Chaityagriha/Sanctuary, and Monolithic Temples)",Internal (DS/OUV),,"5th century to 12th century A.D. (Three phases: Buddhist 5th–8th c., Brahmanical 7th–10th c., Jaina 9th–12th c.)",Internal (DS/OUV),,"Ancient India (Buddhism, Brahmanism/Hinduism, and Jainism)",Internal (DS/OUV),,"(i) to represent a masterpiece of human creative genius; | (iii) to bear a unique or at least exceptional testimony to a cultural tradition or to a civilization which is living or which has disappeared; | (vi) to be directly or tangibly associated with events or living traditions, with ideas, or with beliefs, with artistic and literary works of outstanding universal significance;",Internal (DS/OUV),,Basalt,,,Igneous Rock,,,,,,,,,,,,,,,,,,,,,,,,,,,Direct in-situ rock excavation (Charanandri Hills / Basalt Cliff),Internal (DS/OUV),,India,Internal (DS/OUV),,Local (in-situ monolithic excavation),Internal (DS/OUV),,,,,"Excavated sanctuaries, pillared halls (mandapas), rock-cut monolithic temples, monasteries (viharas)",Internal (DS/OUV),,"Sculptured compositions, high plastic quality relief carvings, and ceiling paintings",Internal (DS/OUV),,Rock-cut monolithic excavation (dug directly into the cliff side),Internal (DS/OUV),,Seepage and cracking in the caves,Internal (DS/OUV),,,,,"Comprehensive Conservation Management Plan implementation, condition survey",Internal (DS/OUV),,Good,,,Yes,
244.0,Elephanta Caves,India,skipped; bvvvvvhp,,,,,,,,,(i) to represent a masterpiece of human creative genius; | (iii) to bear a unique or at least exceptional testimony to a cultural tradition or to a civilization which is living or which has disappeared;,,,,,,,,,,,,,,,,,,,,,,,,,,,,,,,,,,,,,,,,,,,,,,,,,,,,,,,,,,,,,,,,,,No,
1698.0,Sado Island Gold Mines,Japan,na,Internal (DS/OUV),,Edo period (1603–1868),Internal (DS/OUV),,Tokugawa Shogunate / Japan,Internal (DS/OUV),,"(iv) to be an outstanding example of a type of building, architectural or technological ensemble or landscape which illustrates (a) significant stage(s) in human history;",Internal (DS/OUV),,Gold and silver deposits / placer deposits / ore veins,Internal (DS/OUV),,Igneous Rock,Internal (DS/OUV),,,,,,,,,,,,,,Hydrothermal vein formation / Placer deposits,Internal (DS/OUV),,,,,,,,"Gold, Silver",Internal (DS/OUV),,"Nishimikawa Placer Gold Mine, Aikawa-Tsurushi Gold and Silver Mine, Tsurushi Silver Mine",Internal (DS/OUV),,Japan,Internal (DS/OUV),,Local,Internal (DS/OUV),,,,,"Terrace, Waterways, Headraces, Tunnels, Post-holes",Internal (DS/OUV),,,,,Unmechanised mining/processing structures,Internal (DS/OUV),,Weathering of volcanic rock,Internal (DS/OUV),,,,,Managed and preserved under national legal frameworks,Internal (DS/OUV),,Good,,,Yes,
1718.0,Frontiers of the Roman Empire – Dacia,Romania,skipped,,,,,,,,,"(ii) to exhibit an important interchange of human values, over a span of time or within a cultural area of the world, on developments in architecture or technology, monumental arts, town-planning or landscape design; | (iii) to bear a unique or at least exceptional testimony to a cultural tradition or to a civilization which is living or which has disappeared; | (iv) to be an outstanding example of a type of building, architectural or technological ensemble or landscape which illustrates (a) significant stage(s) in human history;",,,,,,,,,,,,,,,,,,,,,,,,,,,,,,,,,,,,,,,,,,,,,,,,,,,,,,,,,,,,,,,,,,No,
1523.0,Churches of the Pskov School of Architecture,Russian Federation,skipped; bp,,,,,,,,,"(ii) to exhibit an important interchange of human values, over a span of time or within a cultural area of the world, on developments in architecture or technology, monumental arts, town-planning or landscape design;",,,,,,,,,,,,,,,,,,,,,,,,,,,,,,,,,,,,,,,,,,,,,,,,,,,,,,,,,,,,,,,,,,No,
1338.0,"The Jantar Mantar, Jaipur",India,skipped; bvvvvvhp,,,,,,,,,"(iii) to bear a unique or at least exceptional testimony to a cultural tradition or to a civilization which is living or which has disappeared; | (iv) to be an outstanding example of a type of building, architectural or technological ensemble or landscape which illustrates (a) significant stage(s) in human history;",,,,,,,,,,,,,,,,,,,,,,,,,,,,,,,,,,,,,,,,,,,,,,,,,,,,,,,,,,,,,,,,,,No,
278.0,Babylon,Iraq,skipped; bvvvhp,,,,,,,,,"(iii) to bear a unique or at least exceptional testimony to a cultural tradition or to a civilization which is living or which has disappeared; | (vi) to be directly or tangibly associated with events or living traditions, with ideas, or with beliefs, with artistic and literary works of outstanding universal significance;",,,,,,,,,,,,,,,,,,,,,,,,,,,,,,,,,,,,,,,,,,,,,,,,,,,,,,,,,,,,,,,,,,No,
299.0,Tyre,Lebanon,skipped; bvvvvvhp,,,,,,,,,"(iii) to bear a unique or at least exceptional testimony to a cultural tradition or to a civilization which is living or which has disappeared; | (vi) to be directly or tangibly associated with events or living traditions, with ideas, or with beliefs, with artistic and literary works of outstanding universal significance;",,,,,,,,,,,,,,,,,,,,,,,,,,,,,,,,,,,,,,,,,,,,,,,,,,,,,,,,,,,,,,,,,,No,
739.0,Schokland and Surroundings,Netherlands (Kingdom of the),skipped,,,,,,,,,"(iii) to bear a unique or at least exceptional testimony to a cultural tradition or to a civilization which is living or which has disappeared; | (v) to be an outstanding example of a traditional human settlement, land-use, or sea-use which is representative of a culture (or cultures), or human interaction with the environment especially when it has become vulnerable under the impact of irreversible change;",,,,,,,,,,,,,,,,,,,,,,,,,,,,,,,,,,,,,,,,,,,,,,,,,,,,,,,,,,,,,,,,,,No,
1370.0,Caves of Maresha and Bet-Guvrin in the Judean Lowlands as a Microcosm of the Land of the Caves,Israel,"Underground chambers / artificial cave complexes (cisterns, oil presses, baths, columbaria, stables, hideaways, tombs, places of worship)",Internal (DS/OUV),,"8th century BCE (Iron Age) to the Crusades (spanning ~2,000 years)",Internal (DS/OUV),,"Judean / Hellenistic, Roman, Byzantine, and Crusader cultures",Internal (DS/OUV),,,Internal (DS/OUV),,Chalk,Internal (DS/OUV),,Sedimentary Rock,Internal (DS/OUV),,,,,,,,Thick and homogeneous soft chalk,Internal (DS/OUV),,Lower Judea formation (Sub-strata),Internal (DS/OUV),,,,,,,,"Homogeneous, soft",Internal (DS/OUV),,,,,Excavated / quarried directly in-situ underneath the ancient towns,Internal (DS/OUV),,Israel,Internal (DS/OUV),,Local (Subsurface bedrock),Internal (DS/OUV),,,,,"Subterranean chamber walls, vaulted arches, supporting pillars, underground channels",Internal (DS/OUV),,,,,Rock-cut / Hand-carved underground excavation,Internal (DS/OUV),,Risk of water infiltration leading to potential vault collapse; rock instability,Internal (DS/OUV),,,,,"Policy of low-key restoration, avoiding over-interpretation/reconstruction; technical consolidation of cave walls and vaults",Internal (DS/OUV),,Excellent,,,Yes,
1207.0,<i>Aflaj</i> Irrigation Systems of Oman,Oman,skipped; bvvvvhp,,,,,,,,,"(v) to be an outstanding example of a traditional human settlement, land-use, or sea-use which is representative of a culture (or cultures), or human interaction with the environment especially when it has become vulnerable under the impact of irreversible change;",,,,,,,,,,,,,,,,,,,,,,,,,,,,,,,,,,,,,,,,,,,,,,,,,,,,,,,,,,,,,,,,,,No,
1222.0,Bisotun,Iran (Islamic Republic of),Relief / Inscription / Monumental bas-relief,Internal (DS/OUV),,521 BC (Achaemenid Period),Internal (DS/OUV),,Achaemenid (Persian Empire),Internal (DS/OUV),,"(ii) to exhibit an important interchange of human values, over a span of time or within a cultural area of the world, on developments in architecture or technology, monumental arts, town-planning or landscape design; | (iii) to bear a unique or at least exceptional testimony to a cultural tradition or to a civilization which is living or which has disappeared;",Internal (DS/OUV),,Limestone,Internal (DS/OUV),,Sedimentary Rock,Internal (DS/OUV),,,,,,,,Limestone,Internal (DS/OUV),,,,,,,,,,,,,,,,,,,,Iran (Islamic Republic of),Internal (DS/OUV),,Local (carved into Mt. Bisotun cliff),Internal (DS/OUV),,,,,Mountain cliff face / Monumental Inscription,Internal (DS/OUV),,Bas-relief carving,Internal (DS/OUV),,Rock-relief carving / Cuneiform incision,Internal (DS/OUV),,"Erosion, Water infiltration behind the bas-relief",Internal (DS/OUV),,Emergency actions taken to counteract water infiltration effects,Internal (DS/OUV),,Threatened by water infiltration,Internal (DS/OUV),,Moderate,,,Yes,
1262.0,Armenian Monastic Ensembles of Iran,Iran (Islamic Republic of),skipped; bvvvhp,,,,,,,,,"(ii) to exhibit an important interchange of human values, over a span of time or within a cultural area of the world, on developments in architecture or technology, monumental arts, town-planning or landscape design; | (iii) to bear a unique or at least exceptional testimony to a cultural tradition or to a civilization which is living or which has disappeared; | (vi) to be directly or tangibly associated with events or living traditions, with ideas, or with beliefs, with artistic and literary works of outstanding universal significance;",,,,,,,,,,,,,,,,,,,,,,,,,,,,,,,,,,,,,,,,,,,,,,,,,,,,,,,,,,,,,,,,,,No,
1346.0,Tabriz Historic Bazaar Complex,Iran (Islamic Republic of),skipped,,,,,,,,,"(ii) to exhibit an important interchange of human values, over a span of time or within a cultural area of the world, on developments in architecture or technology, monumental arts, town-planning or landscape design; | (iii) to bear a unique or at least exceptional testimony to a cultural tradition or to a civilization which is living or which has disappeared; | (iv) to be an outstanding example of a type of building, architectural or technological ensemble or landscape which illustrates (a) significant stage(s) in human history;",,,,,,,,,,,,,,,,,,,,,,,,,,,,,,,,,,,,,,,,,,,,,,,,,,,,,,,,,,,,,,,,,,No,
1624.0,Chankillo Archaeoastronomical Complex,Peru,skipped; bhp,,,,,,,,,"(i) to represent a masterpiece of human creative genius; | (iv) to be an outstanding example of a type of building, architectural or technological ensemble or landscape which illustrates (a) significant stage(s) in human history;",,,,,,,,,,,,,,,,,,,,,,,,,,,,,,,,,,,,,,,,,,,,,,,,,,,,,,,,,,,,,,,,,,No,
1063.0,Tokaj Wine Region Historic Cultural Landscape,Hungary,"Wine Cellars (vaulted & excavated), Terraces, Built Stone Walls, Hedges, Historic Villages/Towns, Churches",Internal (DS/OUV),,"Since 1110 (e.g., Cellar of King Kalman in Tarcal); Documented history from 1561",Internal (DS/OUV),,"Hungarian / Viticultural Tradition (survived over 1,000 years)",Internal (DS/OUV),,"(iii) to bear a unique or at least exceptional testimony to a cultural tradition or to a civilization which is living or which has disappeared; | (v) to be an outstanding example of a traditional human settlement, land-use, or sea-use which is representative of a culture (or cultures), or human interaction with the environment especially when it has become vulnerable under the impact of irreversible change;",Internal (DS/OUV),,Volcanic Rock,Internal (DS/OUV),,Sedimentary Rock,Internal (DS/OUV),,,,,,,,"Volcanic Rocks (volcanic slopes, volcanic rocks into which cellars are carved)",Internal (DS/OUV),,,,,Zemplén Mountains foothills,Internal (DS/OUV),,,,,,,,,,,NA (Mines/quarries mentioned generally under threats),Internal (DS/OUV),,Hungary,Internal (DS/OUV),,Local (excavated directly into local volcanic rocks),Internal (DS/OUV),,,,,"Wine cellar excavation/vaulting, terraces, built stone walls, base structures",Internal (DS/OUV),,,,,"Built stone walls, hand-carved underground cellars, vaulted and excavated cellars",Internal (DS/OUV),,"Disappearance of wetlands, impact of mines/quarries, climate change threats",Internal (DS/OUV),,,,,Restoration in conformity with the Venice Charter over the past half-century,Internal (DS/OUV),,Excellent,Internal (DS/OUV),,Yes,
352.0,Rock Art of Alta,Norway,cave art,Internal (DS/OUV),,c. 5000 B.C. to c. A.D. 0 (Year 0) / c. 4200 to 500 B.C.,Internal (DS/OUV),,Prehistoric Hunter-Gatherers / Circumpolar Prehistoric Societies,Internal (DS/OUV),,(iii) to bear a unique or at least exceptional testimony to a cultural tradition or to a civilization which is living or which has disappeared;,Internal (DS/OUV),,"Sandstone,",Internal (DS/OUV),,Sedimentary Rock,Internal (DS/OUV),,"Red Slate, Slate; Quartz-rich Sandstone, Red Ochre Clay (pigment)",Internal (DS/OUV),,,,,"Quartz-rich Sandstone, Slates",Internal (DS/OUV),,,,,Post-glacial raised shoreline / Bedrock panels,Internal (DS/OUV),,Red (Slate & Ochre pigment),Internal (DS/OUV),,"Very hard, fine-grained",Internal (DS/OUV),,Quartz,Internal (DS/OUV),,In situ bedrock (No quarrying; carved directly into bedrock panels and loose boulders),Internal (DS/OUV),,Norway,Internal (DS/OUV),,Local (In situ bedrock),Internal (DS/OUV),,,,,Substrate / Canvas (Petroglyphs and rock paintings inscribed onto rock faces/slabs),Internal (DS/OUV),,"Engravings, Chiselled petroglyphs, Painted rock art",Internal (DS/OUV),,Chiselling / Hammering / Painting with red ochre clay and animal fat,Internal (DS/OUV),,"Natural erosion, vegetation, frost weathering, cracking, lichen growth",Internal (DS/OUV),,,,,Lichen removal/cleaning techniques; Red paint repainting on carved tracks for visitor visibility,Internal (DS/OUV),,Good,,,Yes,
930.0,Palmeral of Elche,Spain,skipped,,,,,,,,,"(ii) to exhibit an important interchange of human values, over a span of time or within a cultural area of the world, on developments in architecture or technology, monumental arts, town-planning or landscape design; | (v) to be an outstanding example of a traditional human settlement, land-use, or sea-use which is representative of a culture (or cultures), or human interaction with the environment especially when it has become vulnerable under the impact of irreversible change;",,,,,,,,,,,,,,,,,,,,,,,,,,,,,,,,,,,,,,,,,,,,,,,,,,,,,,,,,,,,,,,,,,No,
1225.0,Ruins of Loropéni,Burkina Faso,Fortress / Walled Settlement / Monument,Internal (DS/OUV),,≥ 11th century AD (apogee 14th–17th centuries),Internal (DS/OUV),,Lohron or Koulango peoples,Internal (DS/OUV),,(iii) to bear a unique or at least exceptional testimony to a cultural tradition or to a civilization which is living or which has disappeared;,Internal (DS/OUV),,"Laterite, Laterite stone",Internal (DS/OUV),,,,,,,,,,,,,,,,,,,,,,,,,,,,,,,,,,,,,,,,,Perimeter walls (up to 6 metres in height),Internal (DS/OUV),,,,,,,,,,,,,,,,,Poor,,,Yes,
1397.0,Masjed-e Jāmé of Isfahan,Iran (Islamic Republic of),skipped; bvvvhp,,,,,,,,,"(ii) to exhibit an important interchange of human values, over a span of time or within a cultural area of the world, on developments in architecture or technology, monumental arts, town-planning or landscape design;",,,,,,,,,,,,,,,,,,,,,,,,,,,,,,,,,,,,,,,,,,,,,,,,,,,,,,,,,,,,,,,,,,No,
1675.0,Silk Roads: Zarafshan-Karakum Corridor,"Tajikistan,Turkmenistan,Uzbekistan",skipped; bhp,,,,,,,,,"(ii) to exhibit an important interchange of human values, over a span of time or within a cultural area of the world, on developments in architecture or technology, monumental arts, town-planning or landscape design; | (iii) to bear a unique or at least exceptional testimony to a cultural tradition or to a civilization which is living or which has disappeared; | (v) to be an outstanding example of a traditional human settlement, land-use, or sea-use which is representative of a culture (or cultures), or human interaction with the environment especially when it has become vulnerable under the impact of irreversible change;",,,,,,,,,,,,,,,,,,,,,,,,,,,,,,,,,,,,,,,,,,,,,,,,,,,,,,,,,,,,,,,,,,No,
1199.0,Kunya-Urgench,Turkmenistan,skipped; but highly possible,,,,,,,,,"(ii) to exhibit an important interchange of human values, over a span of time or within a cultural area of the world, on developments in architecture or technology, monumental arts, town-planning or landscape design; | (iii) to bear a unique or at least exceptional testimony to a cultural tradition or to a civilization which is living or which has disappeared;",,,,,,,,,,,,,,,,,,,,,,,,,,,,,,,,,,,,,,,,,,,,,,,,,,,,,,,,,,,,,,,,,,No,
968.0,Agricultural Landscape of Southern Öland,Sweden,"Agrarian landscape, villages, stone walls",Internal (DS/OUV),,"~5,000 years (Prehistoric, Iron Age, Medieval, 18th/19th centuries)",Internal (DS/OUV),,Öland farmers / Agrarian settlement,Internal (DS/OUV),,"(iv) to be an outstanding example of a type of building, architectural or technological ensemble or landscape which illustrates (a) significant stage(s) in human history; | (v) to be an outstanding example of a traditional human settlement, land-use, or sea-use which is representative of a culture (or cultures), or human interaction with the environment especially when it has become vulnerable under the impact of irreversible change;",Internal (DS/OUV),,Limestone,Internal (DS/OUV),,Sedimentary Rock,,,,,,,,,Limestone (bedrock/plateau),Internal (DS/OUV),,,,,,,,,,,,,,,,,,,,,,,Local (Derived from local limestone bedrock),Internal (DS/OUV),,,,,,,,,,,,,,,,,,,,,,,Excellent,,,Yes,
1021.0,Tsodilo,Botswana,"Monument, Plan, Traditional; Rock Art; cave paintings",Internal (DS/OUV),,"Over 100,000 years (spanning from the Stone Age to the 19th century)",,,Hambukushu and San communities,Internal (DS/OUV),,"(i) to represent a masterpiece of human creative genius; | (iii) to bear a unique or at least exceptional testimony to a cultural tradition or to a civilization which is living or which has disappeared; | (vi) to be directly or tangibly associated with events or living traditions, with ideas, or with beliefs, with artistic and literary works of outstanding universal significance;",Internal (DS/OUV),,,,,,,,,,,,,,,,,,,,Massive quartzite rock formations rising from ancient sand dunes,Internal (DS/OUV),,,,,,,,,,,,,,,,,Local (Natural outcrops of the Kalahari Desert),Internal (DS/OUV),,,,,Natural rock shelters and caves providing habitation/shelter,Internal (DS/OUV),,"Canvas/substrate for over 4,500 rock paintings",Internal (DS/OUV),,,,,High degree of resistance to erosion due to quartzitic rock,Internal (DS/OUV),,,,,Limited to preventive strategies without altering the art and its substrate,Internal (DS/OUV),,Excellent,,,Yes,
188.0,M'Zab Valley,Algeria,skipped; bp,,,,,,,,,"(ii) to exhibit an important interchange of human values, over a span of time or within a cultural area of the world, on developments in architecture or technology, monumental arts, town-planning or landscape design; | (iii) to bear a unique or at least exceptional testimony to a cultural tradition or to a civilization which is living or which has disappeared; | (v) to be an outstanding example of a traditional human settlement, land-use, or sea-use which is representative of a culture (or cultures), or human interaction with the environment especially when it has become vulnerable under the impact of irreversible change;",,,,,,,,,,,,,,,,,,,,,,,,,,,,,,,,,,,,,,,,,,,,,,,,,,,,,,,,,,,,,,,,,,No,
1277.0,"Hiraizumi – Temples, Gardens and Archaeological Sites Representing the Buddhist Pure Land",Japan,skipped; ,,,,,,,,,"(ii) to exhibit an important interchange of human values, over a span of time or within a cultural area of the world, on developments in architecture or technology, monumental arts, town-planning or landscape design; | (vi) to be directly or tangibly associated with events or living traditions, with ideas, or with beliefs, with artistic and literary works of outstanding universal significance;",,,,,,,,,,,,,,,,,,,,,,,,,,,,,,,,,,,,,,,,,,,,,,,,,,,,,,,,,,,,,,,,,,,
1668.0,The Persian Caravanserai,Iran (Islamic Republic of),skipped; bvvvhp,,,,,,,,,"(ii) to exhibit an important interchange of human values, over a span of time or within a cultural area of the world, on developments in architecture or technology, monumental arts, town-planning or landscape design; | (iii) to bear a unique or at least exceptional testimony to a cultural tradition or to a civilization which is living or which has disappeared;",,,,,,,,,,,,,,,,,,,,,,,,,,,,,,,,,,,,,,,,,,,,,,,,,,,,,,,,,,,,,,,,,,No,
1618.0,"Paseo del Prado and Buen Retiro, a landscape of Arts and Sciences",Spain,skipped; bp,,,,,,,,,"(ii) to exhibit an important interchange of human values, over a span of time or within a cultural area of the world, on developments in architecture or technology, monumental arts, town-planning or landscape design; | (iv) to be an outstanding example of a type of building, architectural or technological ensemble or landscape which illustrates (a) significant stage(s) in human history; | (vi) to be directly or tangibly associated with events or living traditions, with ideas, or with beliefs, with artistic and literary works of outstanding universal significance;",,,,,,,,,,,,,,,,,,,,,,,,,,,,,,,,,,,,,,,,,,,,,,,,,,,,,,,,,,,,,,,,,,No,
1671.0,The Cosmological Axis of Yogyakarta and its Historic Landmarks,Indonesia,skipped; bhp,,,,,,,,,"(ii) to exhibit an important interchange of human values, over a span of time or within a cultural area of the world, on developments in architecture or technology, monumental arts, town-planning or landscape design; | (iii) to bear a unique or at least exceptional testimony to a cultural tradition or to a civilization which is living or which has disappeared;",,,,,,,,,,,,,,,,,,,,,,,,,,,,,,,,,,,,,,,,,,,,,,,,,,,,,,,,,,,,,,,,,,No,
1623.0,Padua’s fourteenth-century fresco cycles,Italy,skipped; bvhp,,,,,,,,,"(ii) to exhibit an important interchange of human values, over a span of time or within a cultural area of the world, on developments in architecture or technology, monumental arts, town-planning or landscape design;",,,,,,,,,,,,,,,,,,,,,,,,,,,,,,,,,,,,,,,,,,,,,,,,,,,,,,,,,,,,,,,,,,No,
1313.0,Heritage of Mercury. Almadén and Idrija,"Slovenia,Spain",skipped; bvhp,,,,,,,,,"(ii) to exhibit an important interchange of human values, over a span of time or within a cultural area of the world, on developments in architecture or technology, monumental arts, town-planning or landscape design; | (iv) to be an outstanding example of a type of building, architectural or technological ensemble or landscape which illustrates (a) significant stage(s) in human history;",,,,,,,,,,,,,,,,,,,,,,,,,,,,,,,,,,,,,,,,,,,,,,,,,,,,,,,,,,,,,,,,,,No,
1371.0,Cultural Landscape of the Serra de Tramuntana,Spain,skipped; bvhp,,,,,,,,,"(ii) to exhibit an important interchange of human values, over a span of time or within a cultural area of the world, on developments in architecture or technology, monumental arts, town-planning or landscape design; | (iv) to be an outstanding example of a type of building, architectural or technological ensemble or landscape which illustrates (a) significant stage(s) in human history; | (v) to be an outstanding example of a traditional human settlement, land-use, or sea-use which is representative of a culture (or cultures), or human interaction with the environment especially when it has become vulnerable under the impact of irreversible change;",,,,,,,,,,,,,,,,,,,,,,,,,,,,,,,,,,,,,,,,,,,,,,,,,,,,,,,,,,,,,,,,,,No,
1650.0,The Porticoes of Bologna,Italy,skipped; bvhp,,,,,,,,,"(iv) to be an outstanding example of a type of building, architectural or technological ensemble or landscape which illustrates (a) significant stage(s) in human history;",,,,,,,,,,,,,,,,,,,,,,,,,,,,,,,,,,,,,,,,,,,,,,,,,,,,,,,,,,,,,,,,,,No,
1030.0,Derwent Valley Mills,United Kingdom of Great Britain and Northern Ireland,skipped; bvhp,,,,,,,,,"(ii) to exhibit an important interchange of human values, over a span of time or within a cultural area of the world, on developments in architecture or technology, monumental arts, town-planning or landscape design; | (iv) to be an outstanding example of a type of building, architectural or technological ensemble or landscape which illustrates (a) significant stage(s) in human history;",,,,,,,,,,,,,,,,,,,,,,,,,,,,,,,,,,,,,,,,,,,,,,,,,,,,,,,,,,,,,,,,,,No,
1477.0,Baekje Historic Areas,Republic of Korea,skipped; bp,,,,,,,,,"(ii) to exhibit an important interchange of human values, over a span of time or within a cultural area of the world, on developments in architecture or technology, monumental arts, town-planning or landscape design; | (iii) to bear a unique or at least exceptional testimony to a cultural tradition or to a civilization which is living or which has disappeared;",,,,,,,,,,,,,,,,,,,,,,,,,,,,,,,,,,,,,,,,,,,,,,,,,,,,,,,,,,,,,,,,,,No,
1680.0,Jodensavanne Archaeological Site: Jodensavanne Settlement and Cassipora Creek Cemetery,Suriname,skipped; bp,,,,,,,,,(iii) to bear a unique or at least exceptional testimony to a cultural tradition or to a civilization which is living or which has disappeared;,,,,,,,,,,,,,,,,,,,,,,,,,,,,,,,,,,,,,,,,,,,,,,,,,,,,,,,,,,,,,,,,,,No,
429.0,New Lanark,United Kingdom of Great Britain and Northern Ireland,skipped; bvhp,,,,,,,,,"(ii) to exhibit an important interchange of human values, over a span of time or within a cultural area of the world, on developments in architecture or technology, monumental arts, town-planning or landscape design; | (iv) to be an outstanding example of a type of building, architectural or technological ensemble or landscape which illustrates (a) significant stage(s) in human history; | (vi) to be directly or tangibly associated with events or living traditions, with ideas, or with beliefs, with artistic and literary works of outstanding universal significance;",,,,,,,,,,,,,,,,,,,,,,,,,,,,,,,,,,,,,,,,,,,,,,,,,,,,,,,,,,,,,,,,,,No,
824.0,"Botanical Garden (Orto Botanico), Padua",Italy,skipped; bp,,,,,,,,,"(ii) to exhibit an important interchange of human values, over a span of time or within a cultural area of the world, on developments in architecture or technology, monumental arts, town-planning or landscape design; | (iii) to bear a unique or at least exceptional testimony to a cultural tradition or to a civilization which is living or which has disappeared;",,,,,,,,,,,,,,,,,,,,,,,,,,,,,,,,,,,,,,,,,,,,,,,,,,,,,,,,,,,,,,,,,,No,
1425.0,"The Climats, terroirs of Burgundy",France,"Palace, Wall, Hospices, Chateau, Enclosures",Internal (DS/OUV),,High Middle Ages / Almost two millennia,Internal (DS/OUV),,"Benedictine and Cistercian monastic orders, Valois Dukes of Burgundy",Internal (DS/OUV),,"(iii) to bear a unique or at least exceptional testimony to a cultural tradition or to a civilization which is living or which has disappeared; | (v) to be an outstanding example of a traditional human settlement, land-use, or sea-use which is representative of a culture (or cultures), or human interaction with the environment especially when it has become vulnerable under the impact of irreversible change;",Internal (DS/OUV),,Limestone,,,Sedimentary Rock,Internal (DS/OUV),,,,,,,,Clay-limestone (soils),Internal (DS/OUV),,,,,,,,,,,,,,,,,,,,,,,,,,,,,"Stone walls, enclosures, stone-piles (meurgers), edifices of power",Internal (DS/OUV),,,,,,,,,,,,,,,,,Good,,,Yes,
484.0,Xanthos-Letoon,Türkiye,skipped; bvvvvhp,,,,,,,,,"(ii) to exhibit an important interchange of human values, over a span of time or within a cultural area of the world, on developments in architecture or technology, monumental arts, town-planning or landscape design; | (iii) to bear a unique or at least exceptional testimony to a cultural tradition or to a civilization which is living or which has disappeared;",,,,,,,,,,,,,,,,,,,,,,,,,,,,,,,,,,,,,,,,,,,,,,,,,,,,,,,,,,,,,,,,,,No,
1613.0,The Great Spa Towns of Europe,"Austria,Belgium,Czechia,France,Germany,Italy,United Kingdom of Great Britain and Northern Ireland",skipped; bvhp,,,,,,,,,"(ii) to exhibit an important interchange of human values, over a span of time or within a cultural area of the world, on developments in architecture or technology, monumental arts, town-planning or landscape design; | (iii) to bear a unique or at least exceptional testimony to a cultural tradition or to a civilization which is living or which has disappeared;",,,skiiped; bvvhp,,,,,,,,,,,,,,,,,,,,,,,,,,,,,,,,,,,,,,,,,,,,,,,,,,,,,,,,,,,,,,,No,
1028.0,Saltaire,United Kingdom of Great Britain and Northern Ireland,skipped; bvhp,,,,,,,,,"(ii) to exhibit an important interchange of human values, over a span of time or within a cultural area of the world, on developments in architecture or technology, monumental arts, town-planning or landscape design; | (iv) to be an outstanding example of a type of building, architectural or technological ensemble or landscape which illustrates (a) significant stage(s) in human history;",,,,,,,,,,,,,,,,,,,,,,,,,,,,,,,,,,,,,,,,,,,,,,,,,,,,,,,,,,,,,,,,,,No,
1614.0,Mathildenhöhe Darmstadt,Germany,skipped; bvhp,,,,,,,,,"(ii) to exhibit an important interchange of human values, over a span of time or within a cultural area of the world, on developments in architecture or technology, monumental arts, town-planning or landscape design; | (iv) to be an outstanding example of a type of building, architectural or technological ensemble or landscape which illustrates (a) significant stage(s) in human history;",,,,,,,,,,,,,,,,,,,,,,,,,,,,,,,,,,,,,,,,,,,,,,,,,,,,,,,,,,,,,,,,,,No,
449.0,Peking Man Site at Zhoukoudian,China,Natural limestone caves,Internal (DS/OUV),,Middle Pleistocene to Palaeolithic,Internal (DS/OUV),,Prehistoric human societies / Early humans,Internal (DS/OUV),,"(iii) to bear a unique or at least exceptional testimony to a cultural tradition or to a civilization which is living or which has disappeared; | (vi) to be directly or tangibly associated with events or living traditions, with ideas, or with beliefs, with artistic and literary works of outstanding universal significance;",Internal (DS/OUV),,Limestone,Internal (DS/OUV),,,,,,,,,,,,,,Middle Pleistocene (Era of hominid habitation),Internal (DS/OUV),,,,,,,,,,,,,,,,,,,,"Local (""natural limestone caves in this area"")",Internal (DS/OUV),,,,,Natural caves used as a survival environment,Internal (DS/OUV),,,,,,,,,,,,,,,,,Excellent,,,Yes,
943.0,Belfries of Belgium and France,"Belgium,France",skipped; bvvhp,,,,,,,,,"(ii) to exhibit an important interchange of human values, over a span of time or within a cultural area of the world, on developments in architecture or technology, monumental arts, town-planning or landscape design; | (iv) to be an outstanding example of a type of building, architectural or technological ensemble or landscape which illustrates (a) significant stage(s) in human history;",,,,,,,,,,,,,,,,,,,,,,,,,,,,,,,,,,,,,,,,,,,,,,,,,,,,,,,,,,,,,,,,,,No,
1024.0,Late Baroque Towns of the Val di Noto (South-Eastern Sicily),Italy,skipped; bvvvhp,,,,,,,,,"(i) to represent a masterpiece of human creative genius; | (ii) to exhibit an important interchange of human values, over a span of time or within a cultural area of the world, on developments in architecture or technology, monumental arts, town-planning or landscape design; | (iv) to be an outstanding example of a type of building, architectural or technological ensemble or landscape which illustrates (a) significant stage(s) in human history; | (v) to be an outstanding example of a traditional human settlement, land-use, or sea-use which is representative of a culture (or cultures), or human interaction with the environment especially when it has become vulnerable under the impact of irreversible change;",,,,,,,,,,,,,,,,,,,,,,,,,,,,,,,,,,,,,,,,,,,,,,,,,,,,,,,,,,,,,,,,,,No,
1081.0,Orkhon Valley Cultural Landscape,Mongolia,skipped; bvhp,,,,,,,,,"(ii) to exhibit an important interchange of human values, over a span of time or within a cultural area of the world, on developments in architecture or technology, monumental arts, town-planning or landscape design; | (iii) to bear a unique or at least exceptional testimony to a cultural tradition or to a civilization which is living or which has disappeared; | (iv) to be an outstanding example of a type of building, architectural or technological ensemble or landscape which illustrates (a) significant stage(s) in human history;",,,,,,,,,,,,,,,,,,,,,,,,,,,,,,,,,,,,,,,,,,,,,,,,,,,,,,,,,,,,,,,,,,No,
912.0,Dazu Rock Carvings,China,skipped; bvvvvhp,,,,,,,,,"(i) to represent a masterpiece of human creative genius; | (ii) to exhibit an important interchange of human values, over a span of time or within a cultural area of the world, on developments in architecture or technology, monumental arts, town-planning or landscape design; | (iii) to bear a unique or at least exceptional testimony to a cultural tradition or to a civilization which is living or which has disappeared;",,,,,,,,,,,,,,,,,,,,,,,,,,,,,,,,,,,,,,,,,,,,,,,,,,,,,,,,,,,,,,,,,,No,
831.0,Archaeological Area of Agrigento,Italy,skipped; bvvvvhp,,,,,,,,,"(i) to represent a masterpiece of human creative genius; | (ii) to exhibit an important interchange of human values, over a span of time or within a cultural area of the world, on developments in architecture or technology, monumental arts, town-planning or landscape design; | (iii) to bear a unique or at least exceptional testimony to a cultural tradition or to a civilization which is living or which has disappeared; | (iv) to be an outstanding example of a type of building, architectural or technological ensemble or landscape which illustrates (a) significant stage(s) in human history;",,,,,,,,,,,,,,,,,,,,,,,,,,,,,,,,,,,,,,,,,,,,,,,,,,,,,,,,,,,,,,,,,,No,
1627.0,Cultural Heritage Sites of Ancient Khuttal,Tajikistan,skipped,,,,,,,,,"(ii) to exhibit an important interchange of human values, over a span of time or within a cultural area of the world, on developments in architecture or technology, monumental arts, town-planning or landscape design; | (iii) to bear a unique or at least exceptional testimony to a cultural tradition or to a civilization which is living or which has disappeared;",,,,,,,,,,,,,,,,,,,,,,,,,,,,,,,,,,,,,,,,,,,,,,,,,,,,,,,,,,,,,,,,,,No,
730.0,Crespi d'Adda,Italy,skipped; bp,,,,,,,,,"(iv) to be an outstanding example of a type of building, architectural or technological ensemble or landscape which illustrates (a) significant stage(s) in human history; | (v) to be an outstanding example of a traditional human settlement, land-use, or sea-use which is representative of a culture (or cultures), or human interaction with the environment especially when it has become vulnerable under the impact of irreversible change;",,,,,,,,,,,,,,,,,,,,,,,,,,,,,,,,,,,,,,,,,,,,,,,,,,,,,,,,,,,,,,,,,,No,
620.0,"Levoča, Spišský Hrad and the Associated Cultural Monuments",Slovakia,skipped;,,,,,,,,,"(iv) to be an outstanding example of a type of building, architectural or technological ensemble or landscape which illustrates (a) significant stage(s) in human history;",,,,,,,,,,,,,,,,,,,,,,,,,,,,,,,,,,,,,,,,,,,,,,,,,,,,,,,,,,,,,,,,,,No,
1116.0,Quebrada de Humahuaca,Argentina,skipped; bvvvhp,,,,,,,,,"(ii) to exhibit an important interchange of human values, over a span of time or within a cultural area of the world, on developments in architecture or technology, monumental arts, town-planning or landscape design; | (iv) to be an outstanding example of a type of building, architectural or technological ensemble or landscape which illustrates (a) significant stage(s) in human history; | (v) to be an outstanding example of a traditional human settlement, land-use, or sea-use which is representative of a culture (or cultures), or human interaction with the environment especially when it has become vulnerable under the impact of irreversible change;",,,,,,,,,,,,,,,,,,,,,,,,,,,,,,,,,,,,,,,,,,,,,,,,,,,,,,,,,,,,,,,,,,No,
595.0,Pythagoreion and Heraion of Samos,Greece,skipped; bvvvhp,,,,,,,,,"(ii) to exhibit an important interchange of human values, over a span of time or within a cultural area of the world, on developments in architecture or technology, monumental arts, town-planning or landscape design; | (iii) to bear a unique or at least exceptional testimony to a cultural tradition or to a civilization which is living or which has disappeared;",,,,,,,,,,,,,,,,,,,,,,,,,,,,,,,,,,,,,,,,,,,,,,,,,,,,,,,,,,,,,,,,,,No,
1471.0,Necropolis of Bet She’arim: A Landmark of Jewish Renewal,Israel,Catacombs / Necropolis,Internal (DS/OUV),,2nd to 4th centuries AD,Internal (DS/OUV),,Ancient Judaism (Roman/Greco-Roman influence),Internal (DS/OUV),,"(ii) to exhibit an important interchange of human values, over a span of time or within a cultural area of the world, on developments in architecture or technology, monumental arts, town-planning or landscape design; | (iii) to bear a unique or at least exceptional testimony to a cultural tradition or to a civilization which is living or which has disappeared;",Internal (DS/OUV),,Limestone,Internal (DS/OUV),,Sedimentary Rock,Internal (DS/OUV),,,,,,,,Limestone,Internal (DS/OUV),,,,,,,,,,,,,,,,,,,,,,,Local (Hewed directly into the slopes / in-situ),Internal (DS/OUV),,,,,Hewed into slopes to create subterranean catacombs,Internal (DS/OUV),,"Carved artworks, human images, multi-language inscriptions, decorative details",Internal (DS/OUV),,Hewed (man-made excavation into bedrock),Internal (DS/OUV),,,,,,,,,,,Good,,,Yes,
300.0,Historic District of Old Québec,Canada,skipped; bhp,,,,,,,,,"(iv) to be an outstanding example of a type of building, architectural or technological ensemble or landscape which illustrates (a) significant stage(s) in human history; | (vi) to be directly or tangibly associated with events or living traditions, with ideas, or with beliefs, with artistic and literary works of outstanding universal significance;",,,,,,,,,,,,,,,,,,,,,,,,,,,,,,,,,,,,,,,,,,,,,,,,,,,,,,,,,,,,,,,,,,No,
1705.0,Schwerin Residence Ensemble,Germany,skipped; bvhp,,,,,,,,,"(iv) to be an outstanding example of a type of building, architectural or technological ensemble or landscape which illustrates (a) significant stage(s) in human history;",,,,,,,,,,,,,,,,,,,,,,,,,,,,,,,,,,,,,,,,,,,,,,,,,,,,,,,,,,,,,,,,,,No,
981.0,Bolgar Historical and Archaeological Complex,Russian Federation,skipped; bvvvhp,,,,,,,,,"(ii) to exhibit an important interchange of human values, over a span of time or within a cultural area of the world, on developments in architecture or technology, monumental arts, town-planning or landscape design; | (vi) to be directly or tangibly associated with events or living traditions, with ideas, or with beliefs, with artistic and literary works of outstanding universal significance;",,,,,,,,,,,,,,,,,,,,,,,,,,,,,,,,,,,,,,,,,,,,,,,,,,,,,,,,,,,,,,,,,,No,
1714.0,Beijing Central Axis: A Building Ensemble Exhibiting the Ideal Order of the Chinese Capital,China,skipped; bvvhp,,,,,,,,,"(iii) to bear a unique or at least exceptional testimony to a cultural tradition or to a civilization which is living or which has disappeared; | (iv) to be an outstanding example of a type of building, architectural or technological ensemble or landscape which illustrates (a) significant stage(s) in human history;",,,,,,,,,,,,,,,,,,,,,,,,,,,,,,,,,,,,,,,,,,,,,,,,,,,,,,,,,,,,,,,,,,No,
709.0,Upper Svaneti,Georgia,skipped; bvvvhp,,,,,,,,,"(iv) to be an outstanding example of a type of building, architectural or technological ensemble or landscape which illustrates (a) significant stage(s) in human history; | (v) to be an outstanding example of a traditional human settlement, land-use, or sea-use which is representative of a culture (or cultures), or human interaction with the environment especially when it has become vulnerable under the impact of irreversible change;",,,,,,,,,,,,,,,,,,,,,,,,,,,,,,,,,,,,,,,,,,,,,,,,,,,,,,,,,,,,,,,,,,No,
972.0,Gusuku Sites and Related Properties of the Kingdom of Ryukyu,Japan,skipped; bp,,,,,,,,,"(ii) to exhibit an important interchange of human values, over a span of time or within a cultural area of the world, on developments in architecture or technology, monumental arts, town-planning or landscape design; | (iii) to bear a unique or at least exceptional testimony to a cultural tradition or to a civilization which is living or which has disappeared; | (vi) to be directly or tangibly associated with events or living traditions, with ideas, or with beliefs, with artistic and literary works of outstanding universal significance;",,,,,,,,,,,,,,,,,,,,,,,,,,,,,,,,,,,,,,,,,,,,,,,,,,,,,,,,,,,,,,,,,,No,
783.0,Luther Memorials in Eisleben and Wittenberg,Germany,skipped; bvhp,,,,,,,,,"(iv) to be an outstanding example of a type of building, architectural or technological ensemble or landscape which illustrates (a) significant stage(s) in human history; | (vi) to be directly or tangibly associated with events or living traditions, with ideas, or with beliefs, with artistic and literary works of outstanding universal significance;",,,,,,,,,,,,,,,,,,,,,,,,,,,,,,,,,,,,,,,,,,,,,,,,,,,,,,,,,,,,,,,,,,No,
896.0,"Museumsinsel (Museum Island), Berlin",Germany,skipped; bvvhp,,,,,,,,,"(ii) to exhibit an important interchange of human values, over a span of time or within a cultural area of the world, on developments in architecture or technology, monumental arts, town-planning or landscape design; | (iv) to be an outstanding example of a type of building, architectural or technological ensemble or landscape which illustrates (a) significant stage(s) in human history;",,,,,,,,,,,,,,,,,,,,,,,,,,,,,,,,,,,,,,,,,,,,,,,,,,,,,,,,,,,,,,,,,,No,
897.0,Wartburg Castle,Germany,skipped; bvvhp,,,,,,,,,"(iii) to bear a unique or at least exceptional testimony to a cultural tradition or to a civilization which is living or which has disappeared; | (vi) to be directly or tangibly associated with events or living traditions, with ideas, or with beliefs, with artistic and literary works of outstanding universal significance;",,,,,,,,,,,,,,,,,,,,,,,,,,,,,,,,,,,,,,,,,,,,,,,,,,,,,,,,,,,,,,,,,,No,
994.0,Curonian Spit,"Lithuania,Russian Federation",skipped; bp,,,,,,,,,"(v) to be an outstanding example of a traditional human settlement, land-use, or sea-use which is representative of a culture (or cultures), or human interaction with the environment especially when it has become vulnerable under the impact of irreversible change;",,,,,,,,,,,,,,,,,,,,,,,,,,,,,,,,,,,,,,,,,,,,,,,,,,,,,,,,,,,,,,,,,,No,
1588.0,Bagan,Myanmar,skipped; bvvvhp,,,,,,,,,"(iii) to bear a unique or at least exceptional testimony to a cultural tradition or to a civilization which is living or which has disappeared; | (iv) to be an outstanding example of a type of building, architectural or technological ensemble or landscape which illustrates (a) significant stage(s) in human history; | (vi) to be directly or tangibly associated with events or living traditions, with ideas, or with beliefs, with artistic and literary works of outstanding universal significance;",,,,,,,,,,,,,,,,,,,,,,,,,,,,,,,,,,,,,,,,,,,,,,,,,,,,,,,,,,,,,,,,,,No,
722.0,Rice Terraces of the Philippine Cordilleras,Philippines,skipped; bp,,,,,,,,,"(iii) to bear a unique or at least exceptional testimony to a cultural tradition or to a civilization which is living or which has disappeared; | (iv) to be an outstanding example of a type of building, architectural or technological ensemble or landscape which illustrates (a) significant stage(s) in human history; | (v) to be an outstanding example of a traditional human settlement, land-use, or sea-use which is representative of a culture (or cultures), or human interaction with the environment especially when it has become vulnerable under the impact of irreversible change;",,,,,,,,,,,,,,,,,,,,,,,,,,,,,,,,,,,,,,,,,,,,,,,,,,,,,,,,,,,,,,,,,,No,
1561.0,Quanzhou: Emporium of the World in Song-Yuan China,China,skipped; bvvvhp,,,,,,,,,"(iv) to be an outstanding example of a type of building, architectural or technological ensemble or landscape which illustrates (a) significant stage(s) in human history;",,,,,,,,,,,,,,,,,,,,,,,,,,,,,,,,,,,,,,,,,,,,,,,,,,,,,,,,,,,,,,,,,,No,
1113.0,Fujian <em>Tulou</em>,China,skipped; bvvvhp,,,,,,,,,"(iii) to bear a unique or at least exceptional testimony to a cultural tradition or to a civilization which is living or which has disappeared; | (iv) to be an outstanding example of a type of building, architectural or technological ensemble or landscape which illustrates (a) significant stage(s) in human history; | (v) to be an outstanding example of a traditional human settlement, land-use, or sea-use which is representative of a culture (or cultures), or human interaction with the environment especially when it has become vulnerable under the impact of irreversible change;",,,,,,,,,,,,,,,,,,,,,,,,,,,,,,,,,,,,,,,,,,,,,,,,,,,,,,,,,,,,,,,,,,No,
1305.0,Historic Monuments of Dengfeng in “The Centre of Heaven and Earth”,China,skipped; bvhp,,,,,,,,,"(iii) to bear a unique or at least exceptional testimony to a cultural tradition or to a civilization which is living or which has disappeared; | (vi) to be directly or tangibly associated with events or living traditions, with ideas, or with beliefs, with artistic and literary works of outstanding universal significance;",,,,,,,,,,,,,,,,,,,,,,,,,,,,,,,,,,,,,,,,,,,,,,,,,,,,,,,,,,,,,,,,,,No,
1589.0,Landscape for Breeding and Training of Ceremonial Carriage Horses at Kladruby nad Labem,Czechia,skipped; bp,,,,,,,,,"(iv) to be an outstanding example of a type of building, architectural or technological ensemble or landscape which illustrates (a) significant stage(s) in human history; | (v) to be an outstanding example of a traditional human settlement, land-use, or sea-use which is representative of a culture (or cultures), or human interaction with the environment especially when it has become vulnerable under the impact of irreversible change;",,,,,,,,,,,,,,,,,,,,,,,,,,,,,,,,,,,,,,,,,,,,,,,,,,,,,,,,,,,,,,,,,,No,
1446.0,Baptism Site “Bethany Beyond the Jordan” (Al-Maghtas),Jordan,skipped; bvhp,,,,,,,,,"(iii) to bear a unique or at least exceptional testimony to a cultural tradition or to a civilization which is living or which has disappeared; | (vi) to be directly or tangibly associated with events or living traditions, with ideas, or with beliefs, with artistic and literary works of outstanding universal significance;",,,,,,,,,,,,,,,,,,,,,,,,,,,,,,,,,,,,,,,,,,,,,,,,,,,,,,,,,,,,,,,,,,No,
1435.0,Monumental Earthworks of Poverty Point,United States of America,skipped;,,,,,,,,,(iii) to bear a unique or at least exceptional testimony to a cultural tradition or to a civilization which is living or which has disappeared;,,,,,,,,,,,,,,,,,,,,,,,,,,,,,,,,,,,,,,,,,,,,,,,,,,,,,,,,,,,,,,,,,,No,
1293.0,Hegra Archaeological Site (al-Hijr / Madā ͐ in Ṣāliḥ),Saudi Arabia,"Monumental tombs with decorated facades, water wells",Internal (DS/OUV),,1st century BC to 1st century AD,Internal (DS/OUV),,Nabataean,Internal (DS/OUV),,"(ii) to exhibit an important interchange of human values, over a span of time or within a cultural area of the world, on developments in architecture or technology, monumental arts, town-planning or landscape design; | (iii) to bear a unique or at least exceptional testimony to a cultural tradition or to a civilization which is living or which has disappeared;",Internal (DS/OUV),,Sandstone,Internal (DS/OUV),,Sedimentary Rock,,,,,,,,,,,,,,,,,,,,,,,,,,,In-situ (directly cut into the rock/ground),Internal (DS/OUV),,,,,,,,,,,Monuments and artificial water wells,Internal (DS/OUV),,Decorated facades and decorative motifs,Internal (DS/OUV),,Directly cut/sunk into the rock and sandstone,Internal (DS/OUV),,,,,,,,,,,Excellent,,,Yes,
1587.0,Megalithic Jar Sites in Xiengkhuang – Plain of Jars,Lao People's Democratic Republic,skipped; bvvvhp,,,,,,,,,(iii) to bear a unique or at least exceptional testimony to a cultural tradition or to a civilization which is living or which has disappeared;,,,,,,,,,,,,,,,,,,,,,,,,,,,,,,,,,,,,,,,,,,,,,,,,,,,,,,,,,,,,,,,,,,No,
1467.0,Speicherstadt and Kontorhaus District with Chilehaus,Germany,skipped; bp,,,,,,,,,"(iv) to be an outstanding example of a type of building, architectural or technological ensemble or landscape which illustrates (a) significant stage(s) in human history;",,,,,,,,,,,,,,,,,,,,,,,,,,,,,,,,,,,,,,,,,,,,,,,,,,,,,,,,,,,,,,,,,,No,
916.0,Robben Island,South Africa,skipped; bp,,,,,,,,,"(iii) to bear a unique or at least exceptional testimony to a cultural tradition or to a civilization which is living or which has disappeared; | (vi) to be directly or tangibly associated with events or living traditions, with ideas, or with beliefs, with artistic and literary works of outstanding universal significance;",,,,,,,,,,,,,,,,,,,,,,,,,,,,,,,,,,,,,,,,,,,,,,,,,,,,,,,,,,,,,,,,,,No,
622.0,Vlkolínec,Slovakia,skipped; bvhp,,,,,,,,,"(iv) to be an outstanding example of a type of building, architectural or technological ensemble or landscape which illustrates (a) significant stage(s) in human history; | (v) to be an outstanding example of a traditional human settlement, land-use, or sea-use which is representative of a culture (or cultures), or human interaction with the environment especially when it has become vulnerable under the impact of irreversible change;",,,,,,,,,,,,,,,,,,,,,,,,,,,,,,,,,,,,,,,,,,,,,,,,,,,,,,,,,,,,,,,,,,No,
1602.0,Ancient Ferrous Metallurgy Sites of Burkina Faso,Burkina Faso,skipped; bvhp,,,,,,,,,"(iii) to bear a unique or at least exceptional testimony to a cultural tradition or to a civilization which is living or which has disappeared; | (iv) to be an outstanding example of a type of building, architectural or technological ensemble or landscape which illustrates (a) significant stage(s) in human history; | (vi) to be directly or tangibly associated with events or living traditions, with ideas, or with beliefs, with artistic and literary works of outstanding universal significance;",,,,,,,,,,,,,,,,,,,,,,,,,,,,,,,,,,,,,,,,,,,,,,,,,,,,,,,,,,,,,,,,,,Yes,
775.0,Hiroshima Peace Memorial (Genbaku Dome),Japan,skipped; bp,,,,,,,,,"(vi) to be directly or tangibly associated with events or living traditions, with ideas, or with beliefs, with artistic and literary works of outstanding universal significance;",,,,,,,,,,,,,,,,,,,,,,,,,,,,,,,,,,,,,,,,,,,,,,,,,,,,,,,,,,,,,,,,,,No,
761.0,Kunta Kinteh Island and Related Sites,Gambia,skipped; bvvhp,,,,,,,,,"(iii) to bear a unique or at least exceptional testimony to a cultural tradition or to a civilization which is living or which has disappeared; | (vi) to be directly or tangibly associated with events or living traditions, with ideas, or with beliefs, with artistic and literary works of outstanding universal significance;",,,,,,,,,,,,,,,,,,,,,,,,,,,,,,,,,,,,,,,,,,,,,,,,,,,,,,,,,,,,,,,,,,No,
1695.0,Zagori Cultural Landscape,Greece,"Traditional, Vernacular (Byzantine and Ottoman influences)",Internal (DS/OUV),,18th and 19th centuries,Internal (DS/OUV),,Greek / Byzantine and Ottoman,Internal (DS/OUV),,"(v) to be an outstanding example of a traditional human settlement, land-use, or sea-use which is representative of a culture (or cultures), or human interaction with the environment especially when it has become vulnerable under the impact of irreversible change;",Internal (DS/OUV),,Limestone,Internal (DS/OUV),,Sedimentary Rock,,,,,,,,,,,,,,,,,,,,,,,,,,,,,,,,,"Local (""sustainable management of natural resources"" from the environment)",Internal (DS/OUV),,,,,"Stone-arched bridges, traditional buildings, cobbled paths, staircases",Internal (DS/OUV),,,,,"Limestone masonry, drystone walling",Internal (DS/OUV),,Vulnerable due to socio-cultural and environmental pressures,Internal (DS/OUV),,,,,"Continued use of traditional craftsmanship, authentic techniques, and materials",Internal (DS/OUV),,Excellent,,,Yes,
1143.0,Vegaøyan – The Vega Archipelago,Norway,skipped; bhp,,,,,,,,,"(v) to be an outstanding example of a traditional human settlement, land-use, or sea-use which is representative of a culture (or cultures), or human interaction with the environment especially when it has become vulnerable under the impact of irreversible change;",,,,,,,,,,,,,,,,,,,,,,,,,,,,,,,,,,,,,,,,,,,,,,,,,,,,,,,,,,,,,,,,,,No,
1100.0,Rio de Janeiro: Carioca Landscapes between the Mountain and the Sea,Brazil,skipped; bvvhp,,,,,,,,,"(v) to be an outstanding example of a traditional human settlement, land-use, or sea-use which is representative of a culture (or cultures), or human interaction with the environment especially when it has become vulnerable under the impact of irreversible change; | (vi) to be directly or tangibly associated with events or living traditions, with ideas, or with beliefs, with artistic and literary works of outstanding universal significance;",,,,,,,,,,,,,,,,,,,,,,,,,,,,,,,,,,,,,,,,,,,,,,,,,,,,,,,,,,,,,,,,,,No,
216.0,Rila Monastery,Bulgaria,skipped; bvhp,,,,,,,,,"(vi) to be directly or tangibly associated with events or living traditions, with ideas, or with beliefs, with artistic and literary works of outstanding universal significance;",,,,,,,,,,,,,,,,,,,,,,,,,,,,,,,,,,,,,,,,,,,,,,,,,,,,,,,,,,,,,,,,,,No,
1731.0,Sardis and the Lydian Tumuli of Bin Tepe,Türkiye,skipped; bvhp,,,,,,,,,(iii) to bear a unique or at least exceptional testimony to a cultural tradition or to a civilization which is living or which has disappeared;,,,,,,,,,,,,,,,,,,,,,,,,,,,,,,,,,,,,,,,,,,,,,,,,,,,,,,,,,,,,,,,,,,No,
200.0,Sacred City of Anuradhapura,Sri Lanka,No ouv present; skipped; bp,,,,,,,,,"(ii) to exhibit an important interchange of human values, over a span of time or within a cultural area of the world, on developments in architecture or technology, monumental arts, town-planning or landscape design; | (iii) to bear a unique or at least exceptional testimony to a cultural tradition or to a civilization which is living or which has disappeared; | (vi) to be directly or tangibly associated with events or living traditions, with ideas, or with beliefs, with artistic and literary works of outstanding universal significance;",,,,,,,,,,,,,,,,,,,,,,,,,,,,,,,,,,,,,,,,,,,,,,,,,,,,,,,,,,,,,,,,,,No,
1669.0,Gordion,Türkiye,skipped; bvvhp,,,,,,,,,(iii) to bear a unique or at least exceptional testimony to a cultural tradition or to a civilization which is living or which has disappeared;,,,,,,,,,,,,,,,,,,,,,,,,,,,,,,,,,,,,,,,,,,,,,,,,,,,,,,,,,,,,,,,,,,No,
102.0,Al Qal'a of Beni Hammad,Algeria,skipped; bvhp,,,,,,,,,(iii) to bear a unique or at least exceptional testimony to a cultural tradition or to a civilization which is living or which has disappeared;,,,,,,,,,,,,,,,,,,,,,,,,,,,,,,,,,,,,,,,,,,,,,,,,,,,,,,,,,,,,,,,,,,No,
1359.0,Saloum Delta,Senegal,skipped; bvhp,,,,,,,,,"(iii) to bear a unique or at least exceptional testimony to a cultural tradition or to a civilization which is living or which has disappeared; | (iv) to be an outstanding example of a type of building, architectural or technological ensemble or landscape which illustrates (a) significant stage(s) in human history; | (v) to be an outstanding example of a traditional human settlement, land-use, or sea-use which is representative of a culture (or cultures), or human interaction with the environment especially when it has become vulnerable under the impact of irreversible change;",,,,,,,,,,,,,,,,,,,,,,,,,,,,,,,,,,,,,,,,,,,,,,,,,,,,,,,,,,,,,,,,,,No,
1068.0,<I>Sacri Monti</I> of Piedmont and Lombardy,Italy,skipped; ,,,,,,,,,"(ii) to exhibit an important interchange of human values, over a span of time or within a cultural area of the world, on developments in architecture or technology, monumental arts, town-planning or landscape design; | (iv) to be an outstanding example of a type of building, architectural or technological ensemble or landscape which illustrates (a) significant stage(s) in human history;",,,,,,,,,,,,,,,,,,,,,,,,,,,,,,,,,,,,,,,,,,,,,,,,,,,,,,,,,,,,,,,,,,No,
1580.0,Water Management System of Augsburg,Germany,skipped;,,,,,,,,,"(ii) to exhibit an important interchange of human values, over a span of time or within a cultural area of the world, on developments in architecture or technology, monumental arts, town-planning or landscape design; | (iv) to be an outstanding example of a type of building, architectural or technological ensemble or landscape which illustrates (a) significant stage(s) in human history;",,,,,,,,,,,,,,,,,,,,,,,,,,,,,,,,,,,,,,,,,,,,,,,,,,,,,,,,,,,,,,,,,,No,
1483.0,Singapore Botanic Gardens,Singapore,skipped; bp,,,,,,,,,"(ii) to exhibit an important interchange of human values, over a span of time or within a cultural area of the world, on developments in architecture or technology, monumental arts, town-planning or landscape design; | (iv) to be an outstanding example of a type of building, architectural or technological ensemble or landscape which illustrates (a) significant stage(s) in human history;",,,,,,,,,,,,,,,,,,,,,,,,,,,,,,,,,,,,,,,,,,,,,,,,,,,,,,,,,,,,,,,,,,No,
1486.0,Rjukan-Notodden Industrial Heritage Site,Norway,skipped; bp,,,,,,,,,"(ii) to exhibit an important interchange of human values, over a span of time or within a cultural area of the world, on developments in architecture or technology, monumental arts, town-planning or landscape design; | (iv) to be an outstanding example of a type of building, architectural or technological ensemble or landscape which illustrates (a) significant stage(s) in human history;",,,,,,,,,,,,,,,,,,,,,,,,,,,,,,,,,,,,,,,,,,,,,,,,,,,,,,,,,,,,,,,,,,No,
31.0,Auschwitz Birkenau <br /><small>German Nazi Concentration and Extermination Camp (1940-1945)</small>,Poland,skipped; bhp,,,,,,,,,"(vi) to be directly or tangibly associated with events or living traditions, with ideas, or with beliefs, with artistic and literary works of outstanding universal significance;",,,,,,,,,,,,,,,,,,,,,,,,,,,,,,,,,,,,,,,,,,,,,,,,,,,,,,,,,,,,,,,,,,No,
1527.0,Caves and Ice Age Art in the Swabian Jura,Germany,Caves (natural structures used as dwellings/sites),Internal (DS/OUV),,"43,000 to 33,000 years ago (Aurignacian layers)",Internal (DS/OUV),,First modern humans in Europe / Neanderthals,Internal (DS/OUV),,(iii) to bear a unique or at least exceptional testimony to a cultural tradition or to a civilization which is living or which has disappeared;,,,Limestone,Internal (DS/OUV),,,,,,,,,,,,,,,,,,,,,,,,,,,,,,,,,,,,,,,,,Natural cliffs and caves (protecting archaeological deposits),Internal (DS/OUV),,,,,,,,,,,,,,,,,Good,,,No,
1597.0,Writing-on-Stone / Áísínai’pi,Canada,"Indigenous, Plan, Traditional (Element: Wall)",Internal (DS/OUV),,"ca. 4,500 BP - 3,500 years BP and the Contact Period (1,000 years BP to mid-nineteenth century; oldest art possibly ca. 3,000 years BP).",Internal (DS/OUV),,Blackfoot Confederacy (Siksikáíítsitapi) / Indigenous peoples,Internal (DS/OUV),,(iii) to bear a unique or at least exceptional testimony to a cultural tradition or to a civilization which is living or which has disappeared;,Internal (DS/OUV),,Sandstone,Internal (DS/OUV),,Sedimentary Rock,Internal (DS/OUV),,,,,,Internal (DS/OUV),,Sandstone,Internal (DS/OUV),,,,,Hoodoos (columns of rock sculpted by erosion),Internal (DS/OUV),,,,,,,,,,,,,,Canada,Internal (DS/OUV),,Local (in situ archaeological remains),Internal (DS/OUV),,,,,Walls (Natural landscape features),Internal (DS/OUV),,Engravings and paintings (thousands of rock art images),Internal (DS/OUV),,,,,Erosion (sculpted the hoodoos),Internal (DS/OUV),,,,,,,,Excellent,,,Yes,
1141.0,Proto-urban Site of Sarazm,Tajikistan,skipped; bvhp,,,,,,,,,"(ii) to exhibit an important interchange of human values, over a span of time or within a cultural area of the world, on developments in architecture or technology, monumental arts, town-planning or landscape design; | (iii) to bear a unique or at least exceptional testimony to a cultural tradition or to a civilization which is living or which has disappeared;",,,,,,,,,,,,,,,,,,,,,,,,,,,,,,,,,,,,,,,,,,,,,,,,,,,,,,,,,,,,,,,,,,No,
714.0,Rock Paintings of the Sierra de San Francisco,Mexico,skipped; bvhp,,,,,,,,,(i) to represent a masterpiece of human creative genius; | (iii) to bear a unique or at least exceptional testimony to a cultural tradition or to a civilization which is living or which has disappeared;,,,,,,,,,,,,,,,,,,,,,,,,,,,,,,,,,,,,,,,,,,,,,,,,,,,,,,,,,,,,,,,,,,No,
606.0,Serra da Capivara National Park,Brazil,skipped; pictures absent,,,,,,,,,(iii) to bear a unique or at least exceptional testimony to a cultural tradition or to a civilization which is living or which has disappeared;,,,,,,,,,,,,,,,,,,,,,,,,,,,,,,,,,,,,,,,,,,,,,,,,,,,,,,,,,,,,,,,,,,No,
476.0,Chongoni Rock-Art Area,Malawi,Rock art shelters / Rock overhangs,Internal (DS/OUV),,Late Stone Age to 20th century,Internal (DS/OUV),,"BaTwa hunter-gatherers, Chewa agriculturalists, Ngoni",Internal (DS/OUV),,"(iii) to bear a unique or at least exceptional testimony to a cultural tradition or to a civilization which is living or which has disappeared; | (vi) to be directly or tangibly associated with events or living traditions, with ideas, or with beliefs, with artistic and literary works of outstanding universal significance;",Internal (DS/OUV),,Granite,Internal (DS/OUV),,,,,,,,,,,,,,,,,,,,,,,,,,,,,,,,,,,,,,,,,Protective setting (Topography of rock overhangs),Internal (DS/OUV),,Surface/canvas for rock paintings,Internal (DS/OUV),,,,,"Natural weathering processes, water ingress",Internal (DS/OUV),,,,,,,,Excellent,,,Yes,
806.0,Hallstatt-Dachstein / Salzkammergut Cultural Landscape,Austria,skipped; bp,,,,,,,,,"(iii) to bear a unique or at least exceptional testimony to a cultural tradition or to a civilization which is living or which has disappeared; | (iv) to be an outstanding example of a type of building, architectural or technological ensemble or landscape which illustrates (a) significant stage(s) in human history;",,,,,,,,,,,,,,,,,,,,,,,,,,,,,,,,,,,,,,,,,,,,,,,,,,,,,,,,,,,,,,,,,,No,
915.0,Fossil Hominid Sites of South Africa,South Africa,"Paleontological site; Plan, Structure, Pinnacle, Caves, Rocky Outcrops",Internal (DS/OUV),,4.5 million to 1 million years ago (Hominid occupation era),Internal (DS/OUV),,"Early hominids (Australopithecus africanus, Paranthropus)",Internal (DS/OUV),,,Internal (DS/OUV),,"Breccia, Dolomitic Limestone, Limestone",Internal (DS/OUV),,,,,,,,,,,,,,Pliocene (Faunal evolution predating hominid occupation),Internal (DS/OUV),,,,,,,,,,,,,,Limestone quarry at Dart Pinnacle,Internal (DS/OUV),,South Africa,Internal (DS/OUV),,Local (natural settings and caves),Internal (DS/OUV),,,,,Natural caves and cave fillings preserving fossils,Internal (DS/OUV),,,,,,,,,,,,,,,,,Good,,,No,
1474.0,Tusi Sites,China,skipped; bp,,,,,,,,,"(ii) to exhibit an important interchange of human values, over a span of time or within a cultural area of the world, on developments in architecture or technology, monumental arts, town-planning or landscape design; | (iii) to bear a unique or at least exceptional testimony to a cultural tradition or to a civilization which is living or which has disappeared;",,,,,,,,,,,,,,,,,,,,,,,,,,,,,,,,,,,,,,,,,,,,,,,,,,,,,,,,,,,,,,,,,,No,
1265.0,Richtersveld Cultural and Botanical Landscape,South Africa,skipped;,,,,,,,,,"(i) to represent a masterpiece of human creative genius; | (v) to be an outstanding example of a traditional human settlement, land-use, or sea-use which is representative of a culture (or cultures), or human interaction with the environment especially when it has become vulnerable under the impact of irreversible change;",,,,,,,,,,,,,,,,,,,,,,,,,,,,,,,,,,,,,,,,,,,,,,,,,,,,,,,,,,,,,,,,,,No,
1620.0,Sítio Roberto Burle Marx,Brazil,skipped; bp,,,,,,,,,"(ii) to exhibit an important interchange of human values, over a span of time or within a cultural area of the world, on developments in architecture or technology, monumental arts, town-planning or landscape design; | (iv) to be an outstanding example of a type of building, architectural or technological ensemble or landscape which illustrates (a) significant stage(s) in human history;",,,,,,,,,,,,,,,,,,,,,,,,,,,,,,,,,,,,,,,,,,,,,,,,,,,,,,,,,,,,,,,,,,No,
1464.0,Fray Bentos Industrial Landscape,Uruguay,skipped; ,,,,,,,,,"(ii) to exhibit an important interchange of human values, over a span of time or within a cultural area of the world, on developments in architecture or technology, monumental arts, town-planning or landscape design; | (iv) to be an outstanding example of a type of building, architectural or technological ensemble or landscape which illustrates (a) significant stage(s) in human history;",,,,,,,,,,,,,,,,,,,,,,,,,,,,,,,,,,,,,,,,,,,,,,,,,,,,,,,,,,,,,,,,,,No,
1535.0,Sacred Island of Okinoshima and Associated Sites in the Munakata Region,Japan,skipped; ,,,,,,,,,"(ii) to exhibit an important interchange of human values, over a span of time or within a cultural area of the world, on developments in architecture or technology, monumental arts, town-planning or landscape design; | (iii) to bear a unique or at least exceptional testimony to a cultural tradition or to a civilization which is living or which has disappeared;",,,,,,,,,,,,,,,,,,,,,,,,,,,,,,,,,,,,,,,,,,,,,,,,,,,,,,,,,,,,,,,,,,No,
1537.0,Ancient City of Qalhat,Oman,skipped; bvvvhp,,,,,,,,,"(ii) to exhibit an important interchange of human values, over a span of time or within a cultural area of the world, on developments in architecture or technology, monumental arts, town-planning or landscape design; | (iii) to bear a unique or at least exceptional testimony to a cultural tradition or to a civilization which is living or which has disappeared;",,,,,,,,,,,,,,,,,,,,,,,,,,,,,,,,,,,,,,,,,,,,,,,,,,,,,,,,,,,,,,,,,,No,
231.0,Red Fort Complex,India,"Fort, Palace (Islamic, Persian, Timurid, and Hindu traditions; Mughal Architecture)",Internal (DS/OUV),,"1546 (Salimgarh), 1526 AD (Mughal initiated), Shah Jahan era",Internal (DS/OUV),,Mughal Empire,Internal (DS/OUV),,"(ii) to exhibit an important interchange of human values, over a span of time or within a cultural area of the world, on developments in architecture or technology, monumental arts, town-planning or landscape design; | (iii) to bear a unique or at least exceptional testimony to a cultural tradition or to a civilization which is living or which has disappeared; | (vi) to be directly or tangibly associated with events or living traditions, with ideas, or with beliefs, with artistic and literary works of outstanding universal significance;",,,Red sandstone,Internal (DS/OUV),,,,,,,,,,,,,,,,,,,,,,,,,,,,,,,,,,,,,,,,,Massive enclosing walls,Internal (DS/OUV),,,,,,,,,,,,,,,,,Good,,,Yes,
995.0,Jesuit Block and Estancias of Córdoba,Argentina,skipped; bp,,,,,,,,,"(ii) to exhibit an important interchange of human values, over a span of time or within a cultural area of the world, on developments in architecture or technology, monumental arts, town-planning or landscape design; | (iv) to be an outstanding example of a type of building, architectural or technological ensemble or landscape which illustrates (a) significant stage(s) in human history;",,,,,,,,,,,,,,,,,,,,,,,,,,,,,,,,,,,,,,,,,,,,,,,,,,,,,,,,,,,,,,,,,,No,
936.0,"Cueva de las Manos, Río Pinturas",Argentina,"Cave, Rock shelter",Internal (DS/OUV),,"13,000–9,500 years ago; Artistic sequence from 10th millennium BP to AD 700.",Internal (DS/OUV),,Earliest South American hunter-gatherer groups / Ancestors of Tehuelche people,Internal (DS/OUV),,(iii) to bear a unique or at least exceptional testimony to a cultural tradition or to a civilization which is living or which has disappeared;,Internal (DS/OUV),,"Rock (Specifically mentioned as cave walls, rock shelters, and stable rock strata)",Internal (DS/OUV),,,,,Mineral Pigments,Internal (DS/OUV),,,,,,,,,,,,,,"Red, purple, white, yellow, black (Referencing the pigments)",Internal (DS/OUV),,,,,"Iron oxides, kaolin, natrojarosite, manganese oxide",Internal (DS/OUV),,,,,,,,,,,,,,Rock shelter screening / Cave structure,Internal (DS/OUV),,Natural canvas for rock art and stencilled outlines,Internal (DS/OUV),,,,,"Protected by very low humidity, no water infiltration, and stable rock strata.",Internal (DS/OUV),,,,,,,,Excellent,,,Yes,
202.0,Ancient City of Sigiriya,Sri Lanka,rock art,,,477–495,Internal (DS/OUV),,"NA (King Kassapa I is mentioned, but no specific civilization)",Internal (DS/OUV),,"(i) to represent a masterpiece of human creative genius; | (ii) to exhibit an important interchange of human values, over a span of time or within a cultural area of the world, on developments in architecture or technology, monumental arts, town-planning or landscape design; | (iii) to bear a unique or at least exceptional testimony to a cultural tradition or to a civilization which is living or which has disappeared; | (v) to be an outstanding example of a traditional human settlement, land-use, or sea-use which is representative of a culture (or cultures), or human interaction with the environment especially when it has become vulnerable under the impact of irreversible change;",,,Granite,Internal (DS/OUV),,Igneous Rock,Internal (DS/OUV),," Bricks, Plaster",Internal (DS/OUV),,,,,,,,,,,,,,,,,,,,,,,,,,,,,,,,,,,Used as a foundational peak (180m high) and for a gigantic lion structure (galleries/staircases emerging from mouth).,Internal (DS/OUV),,,,,Constructed of bricks and plaster,Internal (DS/OUV),,,,,,,,,,,,,,Yes,
1145.0,Petroglyphs of the Archaeological Landscape of Tanbaly,Kazakhstan,"Petroglyphs, stone enclosures (boxes and cists), mounds (kurgans) of stone and earth, altars, tombs, gallery",Internal (DS/OUV),,Second half of the second millennium BC to the early 20th century (Bronze Age to Early Iron Age and onwards),Internal (DS/OUV),,Pastoral peoples of the central Asian steppes,Internal (DS/OUV),,(iii) to bear a unique or at least exceptional testimony to a cultural tradition or to a civilization which is living or which has disappeared;,Internal (DS/OUV),,"shale/slate (maybe) ""Shiny black stones"", bedrock, rock massifs",Internal (DS/OUV),,Metamorphic Rock,,,,,,,,,,,,,,,,,,"Shiny black, bluish black (Bronze/Early Iron Age carvings), light grey (latest carvings)",Internal (DS/OUV),,,,,,,,,,,,,,Local (in-situ natural landscape / unsheltered rock faces),Internal (DS/OUV),,,,,Stone enclosures with boxes and cists; mounds of stone and earth,Internal (DS/OUV),,Rock carvings (Petroglyphs) / Rock art,Internal (DS/OUV),,Picketing technique with stone or metal tools,Internal (DS/OUV),,Vulnerable to exfoliation due to water ingress and stratification of the bedrock parallel to the surface; exacerbated by extreme daily/seasonal temperature variations,Internal (DS/OUV),,,,,,,,Excellent,,,Yes,
1748.0,Cambodian Memorial Sites: From centres of repression to places of peace and reflection,Cambodia,skipped; bp,,,,,,,,,"(vi) to be directly or tangibly associated with events or living traditions, with ideas, or with beliefs, with artistic and literary works of outstanding universal significance;",,,,,,,,,,,,,,,,,,,,,,,,,,,,,,,,,,,,,,,,,,,,,,,,,,,,,,,,,,,,,,,,,,No,
1564.0,Tr’ondëk-Klondike,Canada,skipped; ,,,,,,,,,"(iv) to be an outstanding example of a type of building, architectural or technological ensemble or landscape which illustrates (a) significant stage(s) in human history;",,,,,,,,,,,,,,,,,,,,,,,,,,,,,,,,,,,,,,,,,,,,,,,,,,,,,,,,,,,,,,,,,,No,
1246.0,Iwami Ginzan Silver Mine and its Cultural Landscape,Japan,"Mining archaeological sites, smelting/refining sites, settlements, fortresses, shrines, port towns, traditional wooden buildings.",Internal (DS/OUV),,16th to 20th centuries; Edo Period (1603 to 1868).,Internal (DS/OUV),,Japan (with trade links to Korea and China).,Internal (DS/OUV),,"(ii) to exhibit an important interchange of human values, over a span of time or within a cultural area of the world, on developments in architecture or technology, monumental arts, town-planning or landscape design; | (iii) to bear a unique or at least exceptional testimony to a cultural tradition or to a civilization which is living or which has disappeared; | (v) to be an outstanding example of a traditional human settlement, land-use, or sea-use which is representative of a culture (or cultures), or human interaction with the environment especially when it has become vulnerable under the impact of irreversible change;",Internal (DS/OUV),,Silver ore,Internal (DS/OUV),,,,,,,,,,,,,,,,,,,,,,,,,,"Silver, Gold",Internal (DS/OUV),,Iwami Ginzan Silver Mine (cluster of mountains rising to 600m).,Internal (DS/OUV),,Japan (south-west of Honshu Island).,Internal (DS/OUV),,Local (mined on-site until resource exhaustion).,Internal (DS/OUV),,,,,"NA (Geological materials are not noted for structural use; ""traditional wooden buildings"" are used for structures).",Internal (DS/OUV),,,,,,,,,,,,,,"Careful maintenance, treatment, and repairs are noted for the traditional wooden buildings.",Internal (DS/OUV),,Excellent,,,Yes,
1318.0,Longobards in Italy. Places of the Power (568-774 A.D.),Italy,skipped; bvvvvhp,,,,,,,,,"(ii) to exhibit an important interchange of human values, over a span of time or within a cultural area of the world, on developments in architecture or technology, monumental arts, town-planning or landscape design; | (iii) to bear a unique or at least exceptional testimony to a cultural tradition or to a civilization which is living or which has disappeared; | (vi) to be directly or tangibly associated with events or living traditions, with ideas, or with beliefs, with artistic and literary works of outstanding universal significance;",,,,,,,,,,,,,,,,,,,,,,,,,,,,,,,,,,,,,,,,,,,,,,,,,,,,,,,,,,,,,,,,,,No,
1287.0,Mantua and Sabbioneta,Italy,skipped; bvvvvhp,,,,,,,,,"(ii) to exhibit an important interchange of human values, over a span of time or within a cultural area of the world, on developments in architecture or technology, monumental arts, town-planning or landscape design; | (iii) to bear a unique or at least exceptional testimony to a cultural tradition or to a civilization which is living or which has disappeared;",,,,,,,,,,,,,,,,,,,,,,,,,,,,,,,,,,,,,,,,,,,,,,,,,,,,,,,,,,,,,,,,,,Yes,
1704.0,Wixárika Route through Sacred Sites to Wirikuta (Tatehuarí Huajuyé),Mexico,skipped; bvvvvhp,,,,,,,,,"(iii) to bear a unique or at least exceptional testimony to a cultural tradition or to a civilization which is living or which has disappeared; | (vi) to be directly or tangibly associated with events or living traditions, with ideas, or with beliefs, with artistic and literary works of outstanding universal significance;",,,,,,,,,,,,,,,,,,,,,,,,,,,,,,,,,,,,,,,,,,,,,,,,,,,,,,,,,,,,,,,,,,No,
1586.0,"Memorial sites of the Genocide: Nyamata, Murambi, Gisozi and Bisesero",Rwanda,skipped; bp,,,,,,,,,"(vi) to be directly or tangibly associated with events or living traditions, with ideas, or with beliefs, with artistic and literary works of outstanding universal significance;",,,,,,,,,,,,,,,,,,,,,,,,,,,,,,,,,,,,,,,,,,,,,,,,,,,,,,,,,,,,,,,,,,No,
1137.0,Kernavė Archaeological Site (Cultural Reserve of Kernavė),Lithuania,kipped; bp,,,,,,,,,"(iii) to bear a unique or at least exceptional testimony to a cultural tradition or to a civilization which is living or which has disappeared; | (iv) to be an outstanding example of a type of building, architectural or technological ensemble or landscape which illustrates (a) significant stage(s) in human history;",,,,,,,,,,,,,,,,,,,,,,,,,,,,,,,,,,,,,,,,,,,,,,,,,,,,,,,,,,,,,,,,,,No,
846.0,Classical Weimar,Germany,skipped; bhp,,,,,,,,,"(iii) to bear a unique or at least exceptional testimony to a cultural tradition or to a civilization which is living or which has disappeared; | (vi) to be directly or tangibly associated with events or living traditions, with ideas, or with beliefs, with artistic and literary works of outstanding universal significance;",,,,,,,,,,,,,,,,,,,,,,,,,,,,,,,,,,,,,,,,,,,,,,,,,,,,,,,,,,,,,,,,,,No,
1656.0,Jewish-Medieval Heritage of Erfurt,Germany,skipped; bvvvvhp,,,,,,,,,"(iv) to be an outstanding example of a type of building, architectural or technological ensemble or landscape which illustrates (a) significant stage(s) in human history;",,,,,,,,,,,,,,,,,,,,,,,,,,,,,,,,,,,,,,,,,,,,,,,,,,,,,,,,,,,,,,,,,,No,
1663.0,National Archaeological Park Tak’alik Ab’aj,Guatemala,skipped; bvhp,,,,,,,,,"(ii) to exhibit an important interchange of human values, over a span of time or within a cultural area of the world, on developments in architecture or technology, monumental arts, town-planning or landscape design; | (iii) to bear a unique or at least exceptional testimony to a cultural tradition or to a civilization which is living or which has disappeared;",,,,,,,,,,,,,,,,,,,,,,,,,,,,,,,,,,,,,,,,,,,,,,,,,,,,,,,,,,,,,,,,,,No,
1496.0,The 20th-Century Architecture of Frank Lloyd Wright,United States of America,skipped,,,,,,,,,"(ii) to exhibit an important interchange of human values, over a span of time or within a cultural area of the world, on developments in architecture or technology, monumental arts, town-planning or landscape design;",,,,,,,,,,,,,,,,,,,,,,,,,,,,,,,,,,,,,,,,,,,,,,,,,,,,,,,,,,,,,,,,,,No,
1044.0,Aranjuez Cultural Landscape,Spain,skipped; bvhp,,,,,,,,,"(ii) to exhibit an important interchange of human values, over a span of time or within a cultural area of the world, on developments in architecture or technology, monumental arts, town-planning or landscape design; | (iv) to be an outstanding example of a type of building, architectural or technological ensemble or landscape which illustrates (a) significant stage(s) in human history;",,,,,,,,,,,,,,,,,,,,,,,,,,,,,,,,,,,,,,,,,,,,,,,,,,,,,,,,,,,,,,,,,,No,
1312.0,Tower of Hercules,Spain,"Lighthouse, Tower, Monument, Roman building",Internal (DS/OUV),,Late 1st century A.D.,Internal (DS/OUV),,Roman / Greco-Roman antiquity,Internal (DS/OUV),,(iii) to bear a unique or at least exceptional testimony to a cultural tradition or to a civilization which is living or which has disappeared;,,,"Only general terms like ""rock"" and ""masonry"" are used",Internal (DS/OUV),,,,,,,,,,,,,,,,,,,,,,,,,,,,,,,,,,,,,,,,,Built on a 57-metre high rock; central Roman masonry core,Internal (DS/OUV),,,,,Roman masonry,Internal (DS/OUV),,,,,,,,Restored in the 18th century by architect Eustaquio Giannini; augmented the Roman core with two octagonal forms.,Internal (DS/OUV),,Excellent,,,Yes,
1740.0,Petroglyphs along the Bangucheon Stream,Republic of Korea,petroglyphs,Internal (DS/OUV),,"5,000 BCE to the 9th century CE (Neolithic period through the Bronze Age and up to the Silla period)",Internal (DS/OUV),,Coastal inhabitants of the peninsula / East Asia (Silla period),Internal (DS/OUV),,(i) to represent a masterpiece of human creative genius; | (iii) to bear a unique or at least exceptional testimony to a cultural tradition or to a civilization which is living or which has disappeared;,,,,Internal (DS/OUV),,,,,,,,,,,,,,,,,,,,,,,,,,,,,,,,,,,,,,,,,,,,Rock panels used as canvases for dense concentrations of engraved images/petroglyphs,Internal (DS/OUV),,Carved and engraved using stone and metal tools,Internal (DS/OUV),,Environmental pressures (potential drying out of the Daegok-ri panel due to the Sayeon Dam),Internal (DS/OUV),,,,,Topographical transformations have been restored; active conservation projects by specialists,Internal (DS/OUV),,Excellent,,,Yes,
1498.0,"Seowon, Korean Neo-Confucian Academies",Republic of Korea,skipped,,,,,,,,,(iii) to bear a unique or at least exceptional testimony to a cultural tradition or to a civilization which is living or which has disappeared;,,,,,,,,,,,,,,,,,,,,,,,,,,,,,,,,,,,,,,,,,,,,,,,,,,,,,,,,,,,,,,,,,,No,
1562.0,"Sansa, Buddhist Mountain Monasteries in Korea",Republic of Korea,skipped; bp,,,,,,,,,(iii) to bear a unique or at least exceptional testimony to a cultural tradition or to a civilization which is living or which has disappeared;,,,,,,,,,,,,,,,,,,,,,,,,,,,,,,,,,,,,,,,,,,,,,,,,,,,,,,,,,,,,,,,,,,No,
1194.0,Cultural Landscape of Bali Province: the <em>Subak</em> System as a Manifestation of the <em>Tri Hita Karana</em> Philosophy,Indonesia,skipped;,,,,,,,,,"(iii) to bear a unique or at least exceptional testimony to a cultural tradition or to a civilization which is living or which has disappeared; | (v) to be an outstanding example of a traditional human settlement, land-use, or sea-use which is representative of a culture (or cultures), or human interaction with the environment especially when it has become vulnerable under the impact of irreversible change; | (vi) to be directly or tangibly associated with events or living traditions, with ideas, or with beliefs, with artistic and literary works of outstanding universal significance;",,,,,,,,,,,,,,,,,,,,,,,,,,,,,,,,,,,,,,,,,,,,,,,,,,,,,,,,,,,,,,,,,,No,
193.0,Tipasa,Algeria,skipped; bvvvhp,,,,,,,,,"(iii) to bear a unique or at least exceptional testimony to a cultural tradition or to a civilization which is living or which has disappeared; | (iv) to be an outstanding example of a type of building, architectural or technological ensemble or landscape which illustrates (a) significant stage(s) in human history;",,,,,,,,,,,,,,,,,,,,,,,,,,,,,,,,,,,,,,,,,,,,,,,,,,,,,,,,,,,,,,,,,,No,
1315.0,Shushtar Historical Hydraulic System,Iran (Islamic Republic of),skipped; bvvvhp,,,,,,,,,"(i) to represent a masterpiece of human creative genius; | (ii) to exhibit an important interchange of human values, over a span of time or within a cultural area of the world, on developments in architecture or technology, monumental arts, town-planning or landscape design; | (v) to be an outstanding example of a traditional human settlement, land-use, or sea-use which is representative of a culture (or cultures), or human interaction with the environment especially when it has become vulnerable under the impact of irreversible change;",,,,,,,,,,,,,,,,,,,,,,,,,,,,,,,,,,,,,,,,,,,,,,,,,,,,,,,,,,,,,,,,,,No,
1558.0,Žatec and the Landscape of Saaz Hops,Czechia,skipped,,,,,,,,,"(iii) to bear a unique or at least exceptional testimony to a cultural tradition or to a civilization which is living or which has disappeared; | (iv) to be an outstanding example of a type of building, architectural or technological ensemble or landscape which illustrates (a) significant stage(s) in human history; | (v) to be an outstanding example of a traditional human settlement, land-use, or sea-use which is representative of a culture (or cultures), or human interaction with the environment especially when it has become vulnerable under the impact of irreversible change;",,,,,,,,,,,,,,,,,,,,,,,,,,,,,,,,,,,,,,,,,,,,,,,,,,,,,,,,,,,,,,,,,,No,
1117.0,Landscape of the Pico Island Vineyard Culture,Portugal,"Linear walls, rectangular plots (currais), manor houses, conventional houses, wine cellars, warehouses, churches, pathways, wells, ports, ramps",Internal (DS/OUV),,15th century (reached peak in the 19th century),Internal (DS/OUV),,First settlers (15th century) / Generations of farmers (Specific civilization name NA),Internal (DS/OUV),,"(iii) to bear a unique or at least exceptional testimony to a cultural tradition or to a civilization which is living or which has disappeared; | (v) to be an outstanding example of a traditional human settlement, land-use, or sea-use which is representative of a culture (or cultures), or human interaction with the environment especially when it has become vulnerable under the impact of irreversible change;",Internal (DS/OUV),,"Basalt, Lava",Internal (DS/OUV),,Igneous Rock,Internal (DS/OUV),,,,,,,,,,,,,,,,,Black,Internal (DS/OUV),,"Irregular, weatherworn",Internal (DS/OUV),,,,,,,,,,,Local,Internal (DS/OUV),,,,,Construction of protective walls for plots (currais) against wind and salt spray; buildings,Internal (DS/OUV),,,,,Stone-walled / linear walls (Specific masonry technique name NA),Internal (DS/OUV),,,,,Threat noted: Importing of stone for re-building that is not consistent with local materials,Internal (DS/OUV),,"Maintenance and recovery of landscape, reconstructing ruins, removing invasive plants",Internal (DS/OUV),,Good,Internal (DS/OUV),,Yes,
422.0,The English Lake District,United Kingdom of Great Britain and Northern Ireland,skipped; bvvvhp,,,,,,,,,"(ii) to exhibit an important interchange of human values, over a span of time or within a cultural area of the world, on developments in architecture or technology, monumental arts, town-planning or landscape design; | (v) to be an outstanding example of a traditional human settlement, land-use, or sea-use which is representative of a culture (or cultures), or human interaction with the environment especially when it has become vulnerable under the impact of irreversible change; | (vi) to be directly or tangibly associated with events or living traditions, with ideas, or with beliefs, with artistic and literary works of outstanding universal significance;",,,,,,,,,,,,,,,,,,,,,,,,,,,,,,,,,,,,,,,,,,,,,,,,,,,,,,,,,,,,,,,,,,No,
1107.0,Incense Route - Desert Cities in the Negev,Israel,skipped; bvvhp,,,,,,,,,"(iii) to bear a unique or at least exceptional testimony to a cultural tradition or to a civilization which is living or which has disappeared; | (v) to be an outstanding example of a traditional human settlement, land-use, or sea-use which is representative of a culture (or cultures), or human interaction with the environment especially when it has become vulnerable under the impact of irreversible change;",,,skipped; bvvhp,,,,,,,,,,,,,,,,,,,,,,,,,,,,,,,,,,,,,,,,,,,,,,,,,,,,,,,,,,,,,,,No,
1681.0,"ESMA Museum and Site of Memory – Former Clandestine Centre of Detention, Torture and Extermination",Argentina,skipped; ,,,,,,,,,"(vi) to be directly or tangibly associated with events or living traditions, with ideas, or with beliefs, with artistic and literary works of outstanding universal significance;",,,,,,,,,,,,,,,,,,,,,,,,,,,,,,,,,,,,,,,,,,,,,,,,,,,,,,,,,,,,,,,,,,No,
1577.0,Budj Bim Cultural Landscape,Australia,"Aquaculture system (channels, weirs, dams, ponds, sinkholes)",Internal (DS/OUV),,"Over a period of at least 6,600 years",Internal (DS/OUV),,Gunditjmara Aboriginal people,Internal (DS/OUV),,"(iii) to bear a unique or at least exceptional testimony to a cultural tradition or to a civilization which is living or which has disappeared; | (v) to be an outstanding example of a traditional human settlement, land-use, or sea-use which is representative of a culture (or cultures), or human interaction with the environment especially when it has become vulnerable under the impact of irreversible change;",Internal (DS/OUV),,"Volcanic rock, Lava, Stone",Internal (DS/OUV),,Igneous Rock,,,,,,,,,Volcanic rock / Lava flow,Internal (DS/OUV),,,,,Budj Bim lava flows,,,,,,,,,,,,,,,Australia,Internal (DS/OUV),,"Local (""abundant local volcanic rock"")",Internal (DS/OUV),,,,,"Constructed channels, weirs, and dams for water flow management",Internal (DS/OUV),,,,,"Stone-walled facilities, stone weirs",Internal (DS/OUV),,,,,,,,Reinstatement of traditional water flows via the construction of a cultural weir in 2010,Internal (DS/OUV),,Excellent,,,Yes,
1495.0,Hidden Christian Sites in the Nagasaki Region,Japan,skipped; bp,,,,,,,,,(iii) to bear a unique or at least exceptional testimony to a cultural tradition or to a civilization which is living or which has disappeared;,,,,,,,,,,,,,,,,,,,,,,,,,,,,,,,,,,,,,,,,,,,,,,,,,,,,,,,,,,,,,,,,,,No,
1634.0,Settlement and Artificial Mummification of the Chinchorro Culture in the Arica and Parinacota Region,Chile,skipped; bvhp,,,,,,,,,"(iii) to bear a unique or at least exceptional testimony to a cultural tradition or to a civilization which is living or which has disappeared; | (v) to be an outstanding example of a traditional human settlement, land-use, or sea-use which is representative of a culture (or cultures), or human interaction with the environment especially when it has become vulnerable under the impact of irreversible change;",,,,,,,,,,,,,,,,,,,,,,,,,,,,,,,,,,,,,,,,,,,,,,,,,,,,,,,,,,,,,,,,,,No,
1070.0,"Citadel, Ancient City and Fortress Buildings of Derbent",Russian Federation,skipped; bvhp,,,,,,,,,"(iii) to bear a unique or at least exceptional testimony to a cultural tradition or to a civilization which is living or which has disappeared; | (iv) to be an outstanding example of a type of building, architectural or technological ensemble or landscape which illustrates (a) significant stage(s) in human history;",,,,,,,,,,,,,,,,,,,,,,,,,,,,,,,,,,,,,,,,,,,,,,,,,,,,,,,,,,,,,,,,,,No,
621.0,Historic Centre of Telč,Czechia,skipped; bp,,,,,,,,,"(i) to represent a masterpiece of human creative genius; | (iv) to be an outstanding example of a type of building, architectural or technological ensemble or landscape which illustrates (a) significant stage(s) in human history;",,,,,,,,,,,,,,,,,,,,,,,,,,,,,,,,,,,,,,,,,,,,,,,,,,,,,,,,,,,,,,,,,,No,
