Site ID,Site Name,Country,Architecture Type,Architecture Type_Ref,Architecture Type_Ext,Construction Period,Construction Period_Ref,Construction Period_Ext,Civilization,Civilization_Ref,Civilization_Ext,UNESCO Criteria,UNESCO Criteria_Ref,UNESCO Criteria_Ext,Mentioned Major Stone(s),Mentioned Major Stone(s)_Ref,Mentioned Major Stone(s)_Ext,Rock Class,Rock Class_Ref,Rock Class_Ext,Secondary Stone,Secondary Stone_Ref,Secondary Stone_Ext,Local Stone Name,Local Stone Name_Ref,Local Stone Name_Ext,Lithology,Lithology_Ref,Lithology_Ext,Geological Age,Geological Age_Ref,Geological Age_Ext,Formation,Formation_Ref,Formation_Ext,Colour,Colour_Ref,Colour_Ext,Texture,Texture_Ref,Texture_Ext,Minerals,Minerals_Ref,Minerals_Ext,Quarry,Quarry_Ref,Quarry_Ext,Quarry Country,Quarry Country_Ref,Quarry Country_Ext,Local vs Imported,Local vs Imported_Ref,Local vs Imported_Ext,Transport Distance,Transport Distance_Ref,Transport Distance_Ext,Structural Use,Structural Use_Ref,Structural Use_Ext,Decorative Use,Decorative Use_Ref,Decorative Use_Ext,Masonry Technique,Masonry Technique_Ref,Masonry Technique_Ext,Weathering,Weathering_Ref,Weathering_Ext,Replacement Stone,Replacement Stone_Ref,Replacement Stone_Ext,Restoration,Restoration_Ref,Restoration_Ext,Condition,Condition_Ref,Condition_Ext,UNESCO Mention,Other references,flag_extracted,Stone_Potential_Flag,Potential_Tier_Description,Index
252,Taj Mahal,India,Indo-Islamic sepulchral architecture; nan,Internal (DS/OUV),,1632 AD - 1653 AD (Main mausoleum completed 1648 AD),Internal (DS/OUV),,Mughal Empire,Internal (DS/OUV),,(i) to represent a masterpiece of human creative genius;,Internal (DS/OUV),,White Marble,Internal (DS/OUV),,Sedimentary Rock,,,Red Sandstone,Internal (DS/OUV),,Makrana Marble (Sang-e-Marmar / Pure White Calcite Marble),External,https://iugs-geoheritage.org/geoheritage_stones/makrana-marble/,Metamorphic (Granoblastic Calcitic Marble with ~98–100% Calcite); Secondary stone is Sedimentary Quartzarenite Sandstone,External,https://iugs-geoheritage.org/geoheritage_stones/makrana-marble/,Proterozoic,External,https://iugs-geoheritage.org/geoheritage_stones/makrana-marble/,"Ajmer Formation, Kumbhalgarh Group, Delhi Supergroup",External,https://www.ijraset.com/best-journal/an-appraisal-of-hydrogeological-conditions-and-fluoride-problem-in-makrana-block-of-nagaur-district-in-rajasthan-india,Pure white with greyish veins,Internal (DS/OUV),,"Fine to medium-grained, crystalline granoblastic, interlocking texture",External,https://iugs-geoheritage.org/geoheritage_stones/makrana-marble/,"Calcite (>98%), with minor quartz, muscovite, and silicate impurities in grey streaks",External,https://iugs-geoheritage.org/geoheritage_stones/makrana-marble/,"Makrana (Nagaur District, Rajasthan) for marble; Tantpur/Dholpur for red sandstone",External,https://bgm.revistas.csic.es/index.php/bgm/article/view/773/749,india,Internal (DS/OUV),,"Imported (Transported from Nagaur, Rajasthan to Agra, Uttar Pradesh)",External,https://iugs-geoheritage.org/geoheritage_stones/makrana-marble/,"~300 km to 350 km (from Makrana, Rajasthan to Agra)",External,https://www.researchgate.net/publication/330155141_Makrana_Marble_a_Popular_Heritage_Stone_Resource_from_NW_India,"Main tomb structure, minarets, platforms, domes, and wall veneering.",Internal (DS/OUV),,"Exquisite octagonal marble lattice screens, pietra dura stone intarsia inlay (using precious/semi-precious stones), floral relief motifs, and Arabic calligraphic inscriptions.",Internal (DS/OUV),,Brick-in-lime mortar core veneered with dressed stone slices.,Internal (DS/OUV),,Atmospheric pollution-induced discolouration; micro-cracking and bio-deterioration,External,https://www.researchgate.net/publication/354053657_Role_of_air_pollutant_for_deterioration_of_Taj_Mahal_by_identifying_corrosion_products_on_surface_of_metals,,,,"Traditional clay pack treatments (Fuller's earth / multani mitti) for cleaning marble yellowing; air quality monitoring; banning coal/coke usage in the 10,400 $\text{km}^2$ Taj Trapezium Zone (TTZ)",Internal (DS/OUV),,Good,Internal (DS/OUV),,Yes,"Other References	
1. ICOMOS Advisory Body Evaluation (1983)


2. Kaur et al. (2019) – Makrana Marble: A Popular Heritage Stone Resource from NW India


3. ResearchGate: Role of Air Pollutants for Deterioration of Taj Mahal


4. GIA – Gemstones in the Era of the Taj Mahal and the Mughals",,,Tier 9: Unflagged,
726,Historic Centre of Naples,Italy,"Greek, Roman, Byzantine, Norman, French Gothic, Tuscan/Aragonese, Renaissance, Baroque, Neoclassical; nan",Internal (DS/OUV),,9th Century B.C. (Parthenope/Palaepolis) – 18th Century A.D. (Bourbon era) & modern continuity,Internal (DS/OUV),,"Greek, Roman, Byzantine, Norman, Swabian, Angevin, Aragonese, Spanish, Bourbon",Internal (DS/OUV),,"(ii) to exhibit an important interchange of human values, over a span of time or within a cultural area of the world, on developments in architecture or technology, monumental arts, town-planning or landscape design; | (iv) to be an outstanding example of a type of building, architectural or technological ensemble or landscape which illustrates (a) significant stage(s) in human history;",Internal (DS/OUV),,"Yellow Tufa, Grey Piperno, White Marble",Internal (DS/OUV),,Igneous Rock,,,,,,,,,,,,,,,,,,"Yellow (Tufa), Grey (Piperno), White (Marble)",Internal (DS/OUV),,,,,,,,"Naples subsoil (Fontanelle, Capodimonte, Rione Sanità, Pizzofalcone) & western Campi Flegrei (Pianura, Soccavo)",External,https://virtualexplorer.com.au/article/2010/261/urban-geology-in-the-neapolitan-area/materials.html,Italy,Internal (DS/OUV),,Local (Yellow Tufa and Piperno derived locally from subsoil/Bay area); White Marble imported/regional,Internal (DS/OUV),,,,,"Load-bearing masonry walls, foundations, city wall fortifications (e.g., Castel Nuovo, Castel dell'Ovo)",Internal (DS/OUV),,"Facades, columns, capitals, lintels, bas-reliefs, ornamental details, sculptures",Internal (DS/OUV),,,,,,,,,,,,,,Moderate,Internal (DS/OUV),,Yes,"• Journal of the Virtual Explorer: Urban Geology in the Neapolitan Area


• ResearchGate: Piperno from Campi Flegrei


• CORE: Influence of Water on Neapolitan Yellow Tuff",,,Tier 9: Unflagged,
1016,Historical Centre of the City of Arequipa,Peru,"Colonial, Andean Baroque (Mestizo Baroque), Rococo, Neoclassical, Vernacular (Casonas), Historicist; nan",Internal (DS/OUV),,16th to 20th Century A.D.,Internal (DS/OUV),,"Spanish Colonial, European integrated with Native / Indigenous (Pre-Hispanic / Inca influence)",Internal (DS/OUV),,,Internal (DS/OUV),,Sillar (Volcanic Stone / Volcanic Rock),Internal (DS/OUV),,Igneous Rock,External,"Bustamante, R., Vazquez, P., & Prendes, N. (2021). Properties of the Ignimbrites in the Architecture of the Historical Center of Arequipa, Peru. Applied Sciences, 11(22), 10571. https://doi.org/10.3390/app112210571

",Andesite (Lava rock / River boulders),Internal (DS/OUV),,Sillar (specifically Sillar de Arequipa),Internal (DS/OUV),,Dacitic to Rhyolitic Non-welded / Indurated Ignimbrite (Vitric Tuff / Pyroclastic Flow Deposit),External,"Bustamante, R., Vazquez, P., & Prendes, N. (2021). Properties of the Ignimbrites in the Architecture of the Historical Center of Arequipa, Peru. Applied Sciences, 11(22), 10571. https://doi.org/10.3390/app112210571
",,,,na,,,Predominantly White (also Pink/Reddish hues),Internal (DS/OUV),,,,,,,,"Canteras de Añashuayco (Añashuayco Ravine / Paccha Quarry), Airport Quarry",External,"1: https://idus.us.es/bitstreams/f94e9778-fdc8-489b-9d19-a0bab25d1fd7/download
 
2: https://meetingorganizer.copernicus.org/EGU21/EGU21-8355.html",Peru,Internal (DS/OUV),,Local (Extracted from nearby volcanic quarries surrounding the city),Internal (DS/OUV),,,,,"Robust load-bearing walls, foundations, semi-circular arches, porticos, thick vaults, pillars, bridges (Puente Real / Puente Grau)",Internal (DS/OUV),,"Intricate Baroque facade relief carvings, carved corbels, protruding pediments, cornices, decorative doorways, window flanking pillars",Internal (DS/OUV),,"Ashlar masonry (Sillar blocks, voussoirs, paving tiles cut to sizes such as 40x40x20 cubic cm), intricate hand carving by native masons",Internal (DS/OUV),,"Damage due to seismic activity (earthquakes), low-intensity volcanic activity, ENSO/flooding, high atmospheric pollution from vehicle emissions, and erosion",Internal (DS/OUV),,,,,Rebuilding and adaptive reuse following major earthquakes; ~20% of declared casonas/monuments are fully restored,Internal (DS/OUV),,Moderate,Internal (DS/OUV),,Yes,Advisory Body Evaluation (ICOMOS 2000); Peruvian National Law Nº 28296; Municipal Ordinance Nº 13-99; Peer-reviewed geological and architectural studies on Arequipa ignimbrites,,,Tier 9: Unflagged,
173,Stone Town of Zanzibar,United Republic of Tanzania,"a complex fusion of Swahili, Arab, Indian, and European influences; nan",Internal (DS/OUV),,18th and 19th centuries,Internal (DS/OUV),,Swahili / Coastal East African,Internal (DS/OUV),,"(ii) to exhibit an important interchange of human values, over a span of time or within a cultural area of the world, on developments in architecture or technology, monumental arts, town-planning or landscape design; | (iii) to bear a unique or at least exceptional testimony to a cultural tradition or to a civilization which is living or which has disappeared; | (vi) to be directly or tangibly associated with events or living traditions, with ideas, or with beliefs, with artistic and literary works of outstanding universal significance;",Internal (DS/OUV),,Coralline ragstone / Coral stone,Internal (DS/OUV),,Sedimentary Rock,,,Laterite,Internal (DS/OUV),,Coral rag / Nyumba za mawe material,External,"Salum, Salum & Chami, Maximilian. (2026). Reclaiming Darajani Creek: colonial sanitation, urban transformation, conservation and heritage memory in Stone Town of Zanzibar, a UNESCO World Heritage Site. Built Heritage. 10. 10.1186/s43238-026-00265-9. ",Na,,,,,,,,,,,,,,,,,,Local coastal coral reef exposures and shallow borrow pits / quarries across Unguja Island,External,"Salum, Salum & Chami, Maximilian. (2026). Reclaiming Darajani Creek: colonial sanitation, urban transformation, conservation and heritage memory in Stone Town of Zanzibar, a UNESCO World Heritage Site. Built Heritage. 10. 10.1186/s43238-026-00265-9. ",United Republic of Tanzania (Zanzibar / Unguja),Internal (DS/OUV),,Local,Internal (DS/OUV),,,,,"Primary load-bearing masonry walls for two-storey mansions, palaces, forts, and residential buildings",Internal (DS/OUV),,"Carved wooden doors, verandahs, and lime-plaster mouldings",Internal (DS/OUV),,"Coral ragstone set in thick lime mortar, encased in lime plaster and wash",Internal (DS/OUV),,"Salt aerosol attack, high atmospheric humidity, tropical moisture, and rainfall deterioration",Internal (DS/OUV),,Locally sourced coral ragstone and traditional lime mortars,Internal (DS/OUV),,Guided by the Stone Town Conservation and Development Authority (STCDA) Master Plan (1994) and Management Plan (2007) using traditional skills and materials,Internal (DS/OUV),,Moderate,,,Yes,"World Bank - Michenzani Green Corridor HIA Report

Limestone Resources of Tanzania: Geological Overview

Reclaiming Darajani Creek (Built Heritage / ResearchGate)",,,Tier 9: Unflagged,
174,Historic Centre of Florence,Italy,"Renaissance, Gothic, Romanesque, Medieval, Roman; nan",Internal (DS/OUV),,13th–17th Century (with ancient Roman foundation from 59 BC),Internal (DS/OUV),,Florentine / Italian Renaissance & Etruscan/Roman,Internal (DS/OUV),,,Internal (DS/OUV),,"Pietra Forte, Pietra Serena",Internal (DS/OUV),,Sedimentary Rock,,,"Carrara Marble, Marmo di Corylo, Rosso di Cotto",Internal (DS/OUV),,"Pietra Forte, Pietra Serena",Internal (DS/OUV),,Turbiditic silicic-carbonate sandstone (Pietra Forte); Feldspathic greywacke sandstone (Pietra Serena),External,https://www.researchgate.net/publication/347198129_Pietraforte_the_Florentine_building_material_from_the_Middle_Ages_to_contemporary_architecture,Upper Cretaceous (Pietra Forte); Upper Oligocene–Lower Miocene (Pietra Serena),External,https://www.researchgate.net/publication/347198129_Pietraforte_the_Florentine_building_material_from_the_Middle_Ages_to_contemporary_architecture,Pietraforte Formation (Ligurian Domain); Macigno Formation (Tuscan Nappe),External,https://www.researchgate.net/publication/347198129_Pietraforte_the_Florentine_building_material_from_the_Middle_Ages_to_contemporary_architecture,Yellowish-brown/ochraceous (Pietra Forte); Cerulean/greyish-blue (Pietra Serena),External,https://www.researchgate.net/publication/347198129_Pietraforte_the_Florentine_building_material_from_the_Middle_Ages_to_contemporary_architecture,"Fine-to-medium grained, graded bedding",External,https://www.researchgate.net/publication/347198129_Pietraforte_the_Florentine_building_material_from_the_Middle_Ages_to_contemporary_architecture,"Quartz, Feldspars (Plagioclase), Micas, Calcite, Dolomite fragments",External,https://www.researchgate.net/publication/347198129_Pietraforte_the_Florentine_building_material_from_the_Middle_Ages_to_contemporary_architecture,"Boboli Hill Quarries, Costa San Giorgio (Pietra Forte); Fiesole & Monte Ceceri Quarries (Pietra Serena); Apuan Alps / Carrara (Marble)",External,https://www.isprambiente.gov.it/it/pubblicazioni/periodici-tecnici/memorie-descrittive-della-carta-geologica-ditalia/stones.pdf,Italy,Internal (DS/OUV),,Local (Pietra Forte & Pietra Serena); Regional Import (Carrara Marble),Internal (DS/OUV),,Local (< 5–10 km for sandstones); ~100 km (for Carrara Marble),External,https://www.isprambiente.gov.it/it/pubblicazioni/periodici-tecnici/memorie-descrittive-della-carta-geologica-ditalia/stones.pdf,"Fortified walls, palaces, bridges, structural pillars, foundations, exterior load-bearing masonry",Internal (DS/OUV),,"Interior pilasters, cornices, door/window frames, statues, facades, plasterwork, frescoes",Internal (DS/OUV),,"Rustication (ashlar), cobblestone paving, traditional Florentine stone masonry",Internal (DS/OUV),,"Exfoliation, atmospheric pollution degradation, humidity erosion, flood risk",Internal (DS/OUV),,,,,"Ongoing urban restoration, 2006 Management Plan, emergency flood risk measures",Internal (DS/OUV),,Good,Internal (DS/OUV),,Yes,"Webpage (Uploaded Document)	
1. UNESCO Official Dossier


2. Pietraforte Sandstone Research Study


3. ISPRA Geological Survey of Italian Stones",,,Tier 9: Unflagged,
1645,Dholavira: a Harappan City,India,"Fortified city, Water Reservoirs, and Cemetery; nan",Internal (DS/OUV),,"ca. 3000–1500 BCE (Bronze Age / Early, Mature, and Late Harappan phases)",Internal (DS/OUV),,Harappan Civilization (Indus Valley Civilization),Internal (DS/OUV),,"(iii) to bear a unique or at least exceptional testimony to a cultural tradition or to a civilization which is living or which has disappeared; | (iv) to be an outstanding example of a type of building, architectural or technological ensemble or landscape which illustrates (a) significant stage(s) in human history;",Internal (DS/OUV),,"Sandstone, Limestone, Agate, Carnelian, Steatite",Internal (DS/OUV),,Sedimentary Rock,Internal (DS/OUV),,"Agate, Carnelian, Steatite, Banded Limestone",Internal (DS/OUV),,Khadir Sandstone / Calcareous Sandstone,Internal (DS/OUV),,"Calcareous Sandstone, Calcareous Mudstone, Fossiliferous Limestone",Internal (DS/OUV),,,,,Khadir Formation (Kachchh Basin),External,,"Yellowish-brown, reddish-brown, buff sandstone, white/banded limestone",Internal (DS/OUV),,,,,,,,Ancient stone quarry sites on Khadir Island (located in the buffer zone),Internal (DS/OUV),,India,Internal (DS/OUV),,"Local: Architectural Sandstone & Limestone from Khadir Island.

Imported/Traded: Raw minerals, metals, and semi-precious stones via regional trade.",Internal (DS/OUV),,Local: 1–5 km (Khadir Island for masonry stones).,,,"Fortification walls, Citadel, Castle, Bailey, Gateways, Water Reservoirs, Drains, and Mortuary structures.",Internal (DS/OUV),,"Polished stone column bases/rings, bead jewellery manufacturing (Agate, Carnelian, Steatite).",Internal (DS/OUV),,Cut/dressed stone masonry with mud-brick cores; mortise-and-tenon joints in stone pillars.,Internal (DS/OUV),,,,,,,,"Minimum intervention, in-situ consolidation, stabilization using scientific conservation principles by Archaeological Survey of India (ASI).",Internal (DS/OUV),,Good,Internal (DS/OUV),,Yes,"1. ICOMOS Evaluation Document


2. UNESCO Official Dossier Ref 1645


3. Kachchh Basin Geological Survey (Sharma et al., 2020)",,,Tier 9: Unflagged,
945,Chhatrapati Shivaji Terminus (formerly Victoria Terminus),India,Victorian Gothic Revival blended with traditional Indian architecture; nan,Internal (DS/OUV),,10 years starting in 1878 (1878–1888),Internal (DS/OUV),,19th-Century British Commonwealth / Colonial India,Internal (DS/OUV),,"(ii) to exhibit an important interchange of human values, over a span of time or within a cultural area of the world, on developments in architecture or technology, monumental arts, town-planning or landscape design; | (iv) to be an outstanding example of a type of building, architectural or technological ensemble or landscape which illustrates (a) significant stage(s) in human history;",Internal (DS/OUV),,"Yellow Malad Stone, Italian Marble, Polished Granite, White Limestone",Internal (DS/OUV),,Igneous Rock,Internal (DS/OUV),,"Italian Marble, Polished Granite, White Limestone",Internal (DS/OUV),,Local Yellow Malad Stone (Yellow Basalt),Internal (DS/OUV),,"Trachytic/Basaltic tuff (Malad yellow stone), crystalline marble, fine-grained limestone",External,Maitri Dore (2014),,,,,,,"Yellow (Malad stone), White (Limestone/Marble)",Internal (DS/OUV),,,,,na,,,Malad Quarries (Mumbai); Carrara (Italy),Internal (DS/OUV),,India (Malad stone) and Italy (Marble),Internal (DS/OUV),,Mixed (Local yellow Malad stone; Imported Italian marble),Internal (DS/OUV),,Local (<25 km) for Malad stone; International long-distance sea route for Italian marble,Internal (DS/OUV),,"Octagonal ribbed masonry dome, drum, turrets, pointed arches, main entrance gates, columns, and exterior walls",Internal (DS/OUV),,"3D-stone carvings of local flora and fauna, gargoyles, allegorical grotesques, arched tympana, portrait roundels, relief busts, decorated rose windows, lion/tiger gate pillars",Internal (DS/OUV),,"Ashlar stone masonry, octagonal ribbed dome masonry, bas-relief and openwork stone carving",Internal (DS/OUV),,Atmospheric degradation from air pollution/traffic emissions and chemical weathering from coastal saline air,Internal (DS/OUV),,,,,"Phase II conservation works ongoing under the long-term management plan by the Architectural Conservation Cell (ACC, initiated 1997)",Internal (DS/OUV),,Good,Internal (DS/OUV),,Yes,"ICOMOS Advisory Body Evaluation, 
Official UNESCO Dossier, and 
Maitri Dore (2014)",,,Tier 9: Unflagged,
3,Aachen Cathedral,Germany,Palatine Chapel / Cathedral (Carolingian octagonal core with Gothic choir and additions); nan,Internal (DS/OUV),,Began c. 790–800 (c. 793–813; consecrated 805),Internal (DS/OUV),,Carolingian (Frankish) Empire / Holy Roman Empire,Internal (DS/OUV),,,Internal (DS/OUV),,Marble,Internal (DS/OUV),,Metamorphic Rock,,,"Local quarry stone (Sandstone/Limestone), Granite (1840s replacement columns)",,,Aachen Bluestone / Aachener Blaustein (fossiliferous limestone),,,"Fossiliferous Limestone, Marble, Sandstone",,,Na,,,,,,Greek and Italian marble tones,Internal (DS/OUV),,,,,,,,"Local quarries (Aachen area); Ancient spolia sourced from Rome, Ravenna, and Cologne (St. Gereon)",External,https://en.wikipedia.org/wiki/Aachen_Cathedral,"Germany, Italy, Greece",External,https://en.wikipedia.org/wiki/Aachen_Cathedral,"Local (immediate vicinity) to Long-distance (>1,000 km from Rome and Ravenna)",External,https://en.wikipedia.org/wiki/Aachen_Cathedral,,,,"Eight main octagonal piers, vaulted arcades, load-bearing exterior walls, octagonal drum, and dome cupola",Internal (DS/OUV),,"Antique interior marble columns/facade lining, Carolingian stone throne, Proserpine relief sarcophagus",Internal (DS/OUV),,,,,,,,,,,,,,Good,,,Yes,"ICOMOS Advisory Body Evaluation, Wikipedia: Aachen Cathedral Entry, and Wikimedia Commons Stone Archives",,,Tier 9: Unflagged,
1056,Mahabodhi Temple Complex at Bodh Gaya,India,"Classical style of Indian temple architecture (featuring a 50m curvilinear shikhara/tower, chaitya niches, stupas, and shrines); nan",Internal (DS/OUV),,3rd century B.C.,Internal (DS/OUV),,Mauryan Period & Late Gupta Period (Indian Buddhist),Internal (DS/OUV),,,Internal (DS/OUV),,Sandstone ,Internal (DS/OUV),,Sedimentary Rock,,,Black stone,Internal (DS/OUV),,,,,"Sandstone, Black ston",Internal (DS/OUV),,,,,,,,Black (for footprint stone / Padas); NA for sandstone colour,Internal (DS/OUV),,Polished (for Vajrasana),Internal (DS/OUV),,,,,,,,,Internal (DS/OUV),,,,,,,,"Sandstone: Pillars of the balustrade, Vajrasana (Diamond Throne) platform.


Black Stone: Footprint slab (Padas).


(Bricks form the main body, walls, and tower)",Internal (DS/OUV),,"Sculpted human faces, animals, decorative honeysuckle and geese motifs, chaitya niches, carved Buddha footprints",Internal (DS/OUV),,Late Gupta period brick masonry; stone carving for balustrades and relics,Internal (DS/OUV),,,,,,,,Suffered long abandonment (13th–18th century A.D.); extensively restored in the 19th century A.D. and further conserved in the late 20th century under guidance of the Archaeological Survey of India (ASI),Internal (DS/OUV),,Excellent,Internal (DS/OUV),,Yes,"ICOMOS Advisory Body Evaluation;
 Bodhgaya Temple Management Committee (BTMC), Archaeological Survey of India (ASI)",,,Tier 9: Unflagged,
249,Group of Monuments at Mahabalipuram,India,Skipped; bvvvhp,Internal (DS/OUV),,"6th–9th centuries CE (Pallava period, primarily under King Narasimhavarman I Mamalla and Narasimhavarman II Rajasimha)",Internal (DS/OUV),,Pallava Dynasty / South Indian Classical,Internal (DS/OUV),,"(i) to represent a masterpiece of human creative genius; | (ii) to exhibit an important interchange of human values, over a span of time or within a cultural area of the world, on developments in architecture or technology, monumental arts, town-planning or landscape design; | (iii) to bear a unique or at least exceptional testimony to a cultural tradition or to a civilization which is living or which has disappeared; | (vi) to be directly or tangibly associated with events or living traditions, with ideas, or with beliefs, with artistic and literary works of outstanding universal significance;",Internal (DS/OUV),,,,,,,,,,,,,,,,,,,,,,,,,,,,,,,,,,,India,Internal (DS/OUV),,Local (carved in live bedrock),Internal (DS/OUV),,Minimal to none (In-situ carving or immediate local quarrying),,,,Internal (DS/OUV),,"Bas-relief panels, monolithic animal sculptures, carved pillars, and wall motifs",Internal (DS/OUV),,Direct rock-cut carving (monolithic) and dressed ashlar masonry blocks,Internal (DS/OUV),,,,,,,,Regular maintenance and conservation schedule by the Archaeological Survey of India (ASI); sand excavation around buried structures,,,Moderate,Internal (DS/OUV),,No,"• Rao et al. (2006) - Journal of Earth System Science


• Vora & Sundaresh - CSIR-NIO Study


• Sundaresh et al. - CSIR-NIO Marine Archaeology Study",,,Tier 9: Unflagged,
788,Early Christian Monuments of Ravenna,Italy,Early Christian / Byzantine Monuments; nan,Internal (DS/OUV),,5th – 6th Century AD,Internal (DS/OUV),,Late Roman / Early Christian / Byzantine,Internal (DS/OUV),,"(i) to represent a masterpiece of human creative genius; | (ii) to exhibit an important interchange of human values, over a span of time or within a cultural area of the world, on developments in architecture or technology, monumental arts, town-planning or landscape design; | (iii) to bear a unique or at least exceptional testimony to a cultural tradition or to a civilization which is living or which has disappeared; | (iv) to be an outstanding example of a type of building, architectural or technological ensemble or landscape which illustrates (a) significant stage(s) in human history;",Internal (DS/OUV),,"Istrian Stone (Pietra d'Istria), Marble",Internal (DS/OUV),,Sedimentary Rock,Internal (DS/OUV),,"Proconnesian Marble, Greek Marbles, Porphyry",Internal (DS/OUV),,Pietra d'Istria,Internal (DS/OUV),,Microcrystalline Limestone (Istrian Stone); Crystalline Marble; Igneous Porphyry,Internal (DS/OUV),,Cretaceous (for Istrian Limestone),,,,,,"White/Pale Grey (Istrian Stone), Polychrome (Marble), Deep Red/Purple (Porphyry)",Internal (DS/OUV),,"Fine-grained / Compact (Istrian Stone), Crystalline (Marble)",Internal (DS/OUV),,Calcite (Limestone / Marble),Internal (DS/OUV),,Istria Quarries (Coastal Istrian Peninsula),Internal (DS/OUV),,Croatia / Slovenia (Historic Istrian Region),Internal (DS/OUV),,Imported,Internal (DS/OUV),,~400 km (maritime across/around the Adriatic Sea),Internal (DS/OUV),,"Heavy ashlar wall masonry (opus quadratum), load-bearing piers, monolithic cupola roof dome (Mausoleum of Theodoric)",Internal (DS/OUV),,"Interior column capitals, wall revetments, sarcophagi / burial tub",Internal (DS/OUV),,"Opus quadratum (dressed stone blocks without mortar for the Mausoleum of Theodoric), fine brickwork for basilicas",Internal (DS/OUV),,,,,,,,,,,Good,,,Yes,,,,Tier 9: Unflagged,
241,Group of Monuments at Hampi,India,"Dravidian Architecture (Temples, Gopurams, Mandapas) and Indo-Islamic Architecture (Secular buildings like Queen's Bath and Elephant Stables).; nan",Internal (DS/OUV),,"14th to 16th Century CE (Vijayanagara Empire, 1336–1565 CE; building activity spanning over 200 years).",Internal (DS/OUV),,Vijayanagara Empire (The last great Hindu Kingdom of South India).,Internal (DS/OUV),,,Internal (DS/OUV),,Granite,Internal (DS/OUV),,Igneous Rock,,,,,,,,,Local Granite / Closepet Granite,,,,,,,,,,,,,,,,,,,,,India,Internal (DS/OUV),,"Local (""constructed from local granite"", ""utilizing locally available material"")",Internal (DS/OUV),,,Internal (DS/OUV),,"Fortification walls, temple complexes, pillared halls (Mandapas), shrines, entrance towers (Gopurams), ceremonial pavilions, heavy roof slabs, stone chariot (granite ratha), stepped tanks (Pushkarani), bridges, and water channels.",Internal (DS/OUV),,"Intricately carved stone chariot (Vittala Temple), ornate decorated pillars, relief sculptures, carved entrance gopurams, and sculpted lintels/capitals.",Internal (DS/OUV),,"Post-and-lintel system, lantern-roofed construction, dry-stone masonry with paper joints (rubble core for fortification walls), brick-and-lime mortar superstructures (for Gopuras), and heavy granite roof slabs sealed with lime mortar waterproofing.",Internal (DS/OUV),,,,,,,,"Ongoing conservation and preservation by the Archaeological Survey of India (ASI) and Department of Archaeology and Museums (DAM), guided by the Integrated Management Plan (IMP) and Hampi World Heritage Area Management Authority (HWHAMA).",Internal (DS/OUV),,Good,,,,Official ICOMOS Evaluation & UNESCO Dossier Documents,,,Tier 9: Unflagged,
228,"Historic Centre of Avignon: Papal Palace, Episcopal Ensemble and Avignon Bridge",France,"Gothic, Romanesque, Baroque; nan",Internal (DS/OUV),,12th to 14th/15th Century (1150–1377 AD),Internal (DS/OUV),,Medieval Christian Europe / Avignon Papacy,Internal (DS/OUV),,,Internal (DS/OUV),,,,,,,,,,,,,,,,,,,,,,,,,,,,,,,,,,,,,,,,,,,,"Heavy vaults, flying buttresses, arches, piers, towers (Trouillas Tower), ramparts",Internal (DS/OUV),,"Frescoes (Simone Martini, Matteo Giovanetti), carved Gothic chapels, monumental portals",Internal (DS/OUV),,,Internal (DS/OUV),,,,,,,,"20th-century restoration campaigns, fresco stabilization, structural wall rebuilding",Internal (DS/OUV),,Good,Internal (DS/OUV),,No,,,,Tier 9: Unflagged,
395,"Piazza del Duomo, Pisa",Italy,"Religious Ensemble / Pisan Romanesque Architecture (Cathedral, Baptistery, Campanile/Leaning Tower, Campo Santo); nan",Internal (DS/OUV),,11th–14th Century (begun in 1064),Internal (DS/OUV),,Medieval Italian / Maritime Republic of Pisa,Internal (DS/OUV),,,Internal (DS/OUV),,Marble (General Mention); Carrara Marble,Internal (DS/OUV),,Metamorphic Rock,,,,,,,,,,,,,,,,,,,,,"White/Light Grey (Marble),",Internal (DS/OUV),,,,,"Carrara Quarries (Apuan Alps), San Giuliano Terme (Monti Pisani), Giglio Island Quarries",External,"Fratini, F., Rescic, S., Cuzman, O. A., & Pierattini, P. (2022). The Alteration of Giglio Island Granite: Relevance to the Conservation of Monumental Architecture. Applied Sciences, 12(9), 4588. https://doi.org/10.3390/app12094588

",Italy,Internal (DS/OUV),,Mixed (Local from Monti Pisani ~10 km; Regional from Carrara ~60 km & Giglio ~150 km),External,"Fratini, F., Rescic, S., Cuzman, O. A., & Pierattini, P. (2022). The Alteration of Giglio Island Granite: Relevance to the Conservation of Monumental Architecture. Applied Sciences, 12(9), 4588. https://doi.org/10.3390/app12094588
",~10 km (San Giuliano) to ~150 km (Giglio Island via sea/river),External,"Fratini, F., Rescic, S., Cuzman, O. A., & Pierattini, P. (2022). The Alteration of Giglio Island Granite: Relevance to the Conservation of Monumental Architecture. Applied Sciences, 12(9), 4588. https://doi.org/10.3390/app12094588
","Foundation ashlar, structural load-bearing walls, exterior arcades, columns",Internal (DS/OUV),,"Polychrome facade cladding, carved pulpits, loggias, relief panels, arches",Internal (DS/OUV),,,,,,,,,,,"Geotechnical soil extraction & counterweighting (tower stabilization), marble surface cleaning, consolidation",Internal (DS/OUV),,Good,Internal (DS/OUV),,Yes,"Fratini, F., Rescic, S., Cuzman, O. A., & Pierattini, P. (2022). The Alteration of Giglio Island Granite: Relevance to the Conservation of Monumental Architecture. Applied Sciences, 12(9), 4588. https://doi.org/10.3390/app12094588
",,,Tier 9: Unflagged,
827,"Cathedral, Torre Civica and Piazza Grande, Modena",Italy,"Cathedral, Bell Tower (""Ghirlandina""), Civic Square; nan",Internal (DS/OUV),,1099 – 1319 AD,Internal (DS/OUV),,1099 – 1319 AD,Internal (DS/OUV),,"(i) to represent a masterpiece of human creative genius; | (ii) to exhibit an important interchange of human values, over a span of time or within a cultural area of the world, on developments in architecture or technology, monumental arts, town-planning or landscape design; | (iii) to bear a unique or at least exceptional testimony to a cultural tradition or to a civilization which is living or which has disappeared; | (iv) to be an outstanding example of a type of building, architectural or technological ensemble or landscape which illustrates (a) significant stage(s) in human history;",Internal (DS/OUV),,Ancient Roman stones ,,,,,,,,,,,,,,,,,,,,,,,,,,,,,,Reused ancient Roman architectural remains (Mutina ruins),Internal (DS/OUV),,Italy,Internal (DS/OUV),,Local reuse (spolia from ancient Roman sites in Modena),Internal (DS/OUV),,,,,,,,"Relief sculptures (Wiligelmo), exterior wall reliefs, internal capitals, metopes",Internal (DS/OUV),,Ashlar stone cladding over brick/masonry core; Roman stone reuse,Internal (DS/OUV),,"Stone deterioration, environmental pollution, micro-cracks from seismic shaking",Internal (DS/OUV),,Replacement of eight original metopes with copies (originals moved to museum),Internal (DS/OUV),,"Post-WWII conservative restoration, 1950s crypt restoration, 1970s–1980s stone deterioration repairs, post-1996 and 2012 seismic interventions",Internal (DS/OUV),,Excellent,Internal (DS/OUV),,No,UNESCO Dossier & ICOMOS Document Links,,,Tier 9: Unflagged,
442,Monticello and the University of Virginia in Charlottesville,United States of America,Neoclassical / Classical Antiquity; nan,Internal (DS/OUV),,Monticello: 1769–1809; Academical Village: 1817–1828,Internal (DS/OUV),,Early American Republic / United States,Internal (DS/OUV),,,Internal (DS/OUV),,,,,,,,,,,,,,,,,,,,,,,,,,,,,,,,,,,,,,,,,,,,"Doric columns, porticos, dome, floor supports (steel beams added)",Internal (DS/OUV),,"Cornices, friezes, classical orders, interior décor",Internal (DS/OUV),,,,,,,,,,,Steel beam floor insertion (mid-20th century); Rotunda interior reconstruction in 1970s following 1895 fire,,,Excellent,Internal (DS/OUV),,No,ICOMOS Advisory Body Evaluation Document,,,Tier 9: Unflagged,
232,"Humayun's Tomb, Delhi",India,Garden-Tomb / Dynastic Mausoleum (Mughal / Indo-Islamic Architecture); nan,Internal (DS/OUV),,1560s–1570 (1562 to 1571 CE),Internal (DS/OUV),,Mughal Empire,Internal (DS/OUV),,"(ii) to exhibit an important interchange of human values, over a span of time or within a cultural area of the world, on developments in architecture or technology, monumental arts, town-planning or landscape design; | (iv) to be an outstanding example of a type of building, architectural or technological ensemble or landscape which illustrates (a) significant stage(s) in human history;",Internal (DS/OUV),,"Red Sandstone, White Marble",Internal (DS/OUV),,Sedimentary Rock,,,Black Marble (used for inlay/borders),Internal (DS/OUV),,Delhi Quartzite (used in core/structural masonry underpinning red sandstone cladding),External,Peer-Reviewed Literature / ASI Conservation Reports,,,,,,,,,,"Red, White, Black",Internal (DS/OUV),,,,,,,,,,,,Internal (DS/OUV),,,,,,,,"High terraced platform with vaulted cells, core masonry walls, double dome superstructure",Internal (DS/OUV),,"Cladding in red sandstone, white marble double-dome, black and white marble inlaid borders, stone screens (jalis), glazed ceramic tiles on chhatris",Internal (DS/OUV),,"Dressed stone masonry with ashlar cladding, tie-bars, and lime mortar joining; marble inlay (Pietra Dura precursor)",Internal (DS/OUV),,,,,Traditional red sandstone and white marble matching original quarry characteristics,Internal (DS/OUV),,"Removal of 20th-century cement/concrete layers and replacement with traditional lime mortar, lime concrete, and reset original stone paving (AKTC / ASI Project)",Internal (DS/OUV),,Good,Internal (DS/OUV),,Yes,"ICOMOS Evaluation, Aga Khan Trust for Culture (AKTC) Conservation Reports, 
Peer-Reviewed Scientific Studies (Lowry, 1986; Naik et al., 2024; Kumar, 2026)",,,Tier 9: Unflagged,
758,Millenary Benedictine Abbey of Pannonhalma and its Natural Environment,Hungary,"Monastic complex (Abbey, Basilica/Church, Cloister, Crypt, Refectory, Chapel, Millennium Monument, Library); nan",Internal (DS/OUV),,"Monastic complex (Abbey, Basilica/Church, Cloister, Crypt, Refectory, Chapel, Millennium Monument, Library)",Internal (DS/OUV),,Medieval & Early Modern European / Hungarian Christian (Benedictine Monasticism),Internal (DS/OUV),,,Internal (DS/OUV),,"Red Marble, Limestone, Brick",Internal (DS/OUV),,Metamorphic Rock,,,,,,,,,,,,,,,,,,"Red / Reddish, Grey/White (Limestone)",Internal (DS/OUV),,,,,,,,Gerecse Mountains quarries (Tardos area),External,,Hungary,External,,Regional / Domestic (Carpathian Basin),External,,~50–80 km (Gerecse to Pannonhalma),External,,"Walls, foundations, piers, arches, vaults, Millennium Monument core structure",Internal (DS/OUV),,"Porta Speciosa facing, decorative small columns, sculptured cloister stones, portico columns (Ionic), tympanum relief",Internal (DS/OUV),,"Ashlar masonry, carved decorative stonework",Internal (DS/OUV),,Severe deterioration (noted specifically on the 26m dome/drum of the Millennium Monument),Internal (DS/OUV),,,,,Dome removal (1937–38); 1960s cloister excavations/restorations; Romantic style restoration (1865); 20th-century conservation phases,Internal (DS/OUV),,Good,Internal (DS/OUV),,Yes,"Archaeometriai Műhely Journal (Bernadett, 2024)",,,Tier 9: Unflagged,
389,Studenica Monastery,Serbia,Monastic complex; Raška School of eastern medieval church architecture blending Romanesque (exterior) and Byzantine (interior/frescoes) styles. Single-nave domed churches.; nan,Internal (DS/OUV),,Late 12th century (established ~1183–1196 by Stefan Nemanja); King’s Church added in 1314,Internal (DS/OUV),,Medieval Serbian State / Serbian Orthodox Church (Nemanjić Dynasty).,Internal (DS/OUV),,,Internal (DS/OUV),,White Marble,Internal (DS/OUV),,Metamorphic Rock,,,,,,Studenica Marble (Studenički mermer),External,"Debljović Ristić, N., Šekularac, N., Mijović, D., & Ivanović Šekularac, J. (2019). Studenica Marble: Significance, Use, Conservation. Sustainability, 11(14), 3916. https://doi.org/10.3390/su11143916",,,,,,,,,,White / Light Grey,Internal (DS/OUV),,,,,,,,Quarries located in the immediate protected surrounding zone near the monastery (along the Studenica/Radočelo mountain area),Internal (DS/OUV),,Serbia,Internal (DS/OUV),,Local,Internal (DS/OUV),,Short / Local transport (within a few kilometers of the complex),Internal (DS/OUV),,"Load-bearing exterior walls, portals, window openings (biforas/triforas), and structural masonry of the Church of the Virgin",Internal (DS/OUV),,"Sculpted relief portals, decorative capitals, cornices, and window frames",Internal (DS/OUV),,Ashlar masonry (polished white marble blocks precisely cut and fitted in Romanesque style),Internal (DS/OUV),,"Environmental pressure, surface weathering, and water accumulation/moisture near the monastery walls",Internal (DS/OUV),,Matching local marble used during conservation projects following historical research,Internal (DS/OUV),,Ongoing conservation and archaeological investigations; major restoration in the exonarthex of the Church of the Virgin using traditional materials and techniques,Internal (DS/OUV),,Good,Internal (DS/OUV),,Yes,"1. ICOMOS Advisory Body Evaluation (1986)
2. Debljović Ristić et al. (2019) Studenica Marble: Significance, Use, Conservation, Sustainability
3. Petrović et al. (2025) Geotourism Based on Geoheritage as a Basis for Sustainable Development of Golija Nature Park, Land 1 ",,,Tier 9: Unflagged,
1648,Sudanese style mosques in northern Côte d’Ivoire,Côte d'Ivoire,Sudanese-style mosque architecture; nan,Internal (DS/OUV),,Originated 12th–14th centuries (Djenné); spread 15th century; surviving mosques built mainly between the 17th and 19th centuries,Internal (DS/OUV),,Islamic / Mandinka (Mande) and local indigenous Gur communities,Internal (DS/OUV),,,Internal (DS/OUV),,"Adobe (earthen blocks / cob), Wood (toron frameworks)",Internal (DS/OUV),,,Internal (DS/OUV),,,,,,,,"Clay, silt, organic temper, and localized lateritic earth",Internal (DS/OUV),,,,,,,,"Earth tones (brownish-yellow, tan, reddish-brown earthen plaster)",Internal (DS/OUV),,Smooth to coarse earthen plaster finish,Internal (DS/OUV),,,,,,,,Côte d'Ivoire,Internal (DS/OUV),,Local,Internal (DS/OUV),,Immediate vicinity / Local,Internal (DS/OUV),,"Load-bearing walls, vertical buttresses, massive pilasters, truncated pyramid minarets, qibla towers, roof support",Internal (DS/OUV),,"Projecting wooden poles (torons), pottery or ostrich egg finials topping buttresses and minarets, mitres crowning roof",Internal (DS/OUV),,"Cob (bousillage) and adobe (earthen brick) masonry layered with earthen plaster, reinforced with timber scaffolding (torons)",Internal (DS/OUV),,"Erosion and degradation caused by humid climatic conditions, intense rain, urbanization, and population growth",Internal (DS/OUV),,"Earth, timber, and traditional clay plasters (Reversible modern materials used in recent interventions need replacement with traditional adobe/cob)",Internal (DS/OUV),,"Regular community-led maintenance, re-plastering by traditional masons, local grassroots management committees",Internal (DS/OUV),,Poor,Internal (DS/OUV),,Yes,"Advisory Body Evaluation (ICOMOS), Decree No. 2020-121, Law No. 87-806, Law No. 98-750",,,Tier 9: Unflagged,
288,Castles of Augustusburg and Falkenlust at Brühl,Germany,"Palatial ensemble comprising a 18th-century Rococo residence (Augustusburg Palace), a hunting lodge (Falkenlust), adjoining orangeries, and French-style gardens.; nan",,,,,,,,,"(ii) to exhibit an important interchange of human values, over a span of time or within a cultural area of the world, on developments in architecture or technology, monumental arts, town-planning or landscape design; | (iv) to be an outstanding example of a type of building, architectural or technological ensemble or landscape which illustrates (a) significant stage(s) in human history;",,,Jasper,,,Igneous Rock,,,,,,,,,,,,,,,,,,,,,,,,,,,,,,,,,,,,,,,,,,,,,,,,,,,,,,,,,,,,Yes,,,,Tier 9: Unflagged,
535,"Collegiate Church, Castle and Old Town of Quedlinburg",Germany,skipped; bvvvvhp,Internal (DS/OUV),,Founded 10th century (922–936 AD); current Romanesque church built 1070–1129 AD; timber-framed houses span the 16th–17th centuries.,Internal (DS/OUV),,Ottonian Empire / Holy Roman Empire / Medieval German State.,Internal (DS/OUV),,"(iv) to be an outstanding example of a type of building, architectural or technological ensemble or landscape which illustrates (a) significant stage(s) in human history;",Internal (DS/OUV),,,,,,,,,,,,,,,,,,,,,,,,,,,,,,,,,,,,,,,,,,,,,,,,,,,,,,,,,,,,,,,,,No,,,,Tier 9: Unflagged,
1025,"Villa d'Este, Tivoli",Italy,"Palace and water garden (Grottoes, fountains, ornamental basins); nan",Internal (DS/OUV),,16th Century (Laid out in 1550s; works began around 1560),Internal (DS/OUV),,Italian Renaissance / Mannerist / Baroque elements,Internal (DS/OUV),,,Internal (DS/OUV),,,,,,,,Volcanic Tuff / Stucco (Jet noted in automated classification),Internal (DS/OUV),,,,,,,,,,,,,,,,,,,,,,,,,,,,,,,,,,,"Main body of the palace, stair ramps, retaining walls, terrace foundations",Internal (DS/OUV),,"Fountains (e.g., Fontana del Bicchierone), grottoes, balustrades, ornamental basins",Internal (DS/OUV),,,,,Rapid deterioration of decorations/fountains due to micro-climatic conditions and continuous water contact,Internal (DS/OUV),,,,,Methodical mural and fountain restorations per the Venice Charter,Internal (DS/OUV),,Excellent,,,No,"- UNESCO Dossier & OUV Statement


- ISPRA Travertines of Central Italy


- Centroni, A. (2008). Villa d'Este a Tivoli: quattro secoli di storia e restauri",,,Tier 9: Unflagged,
171,Fort and Shalamar Gardens in Lahore,Pakistan,Fortified Palace & Water Garden Enclosure Complex; nan,Internal (DS/OUV),,16th – 17th Century (Akbar 1542–1605 through Shah Jahan 1627–1658; Shalamar Gardens completed 1641–1642),Internal (DS/OUV),,Mughal Empire,Internal (DS/OUV),,,Internal (DS/OUV),,"Red Sandstone, White Marble",Internal (DS/OUV),,Sedimentary Rock,,,"Semi-precious stones (pietra dura / inlay), Glass mosaics, Gilt",Internal (DS/OUV),,,,,,,,,,,,,,"Red/Terracotta (Sandstone); Pure White, Milky White, Grey/Pink Streaked (Marble)",Internal (DS/OUV),,,,,,,,,,,,,,,,,,,,"Baked brick masonry core with red sandstone courses, enclosing walls, gateways, bastions, and supporting pillars/pavilions",Internal (DS/OUV),,"Luxurious marble palaces, screens, inlay of semi-precious stones (pietra dura), glass mosaics (Shish Mahal), gilt, and zoomorphic corbels",Internal (DS/OUV),,"Ashlar stone cladding over baked brick, carved stone lattice (jaali) screens, corbelled brackets, and stone inlay/pietra dura",Internal (DS/OUV),,"Deterioration of hydraulic systems, moisture-induced micro-cracking, thermo-hygric expansion/bowing in marble, atmospheric pollution decay",Internal (DS/OUV),,Traditional lime mortar and matching red sandstone/marble matching historical composition during controlled restoration,Internal (DS/OUV),,Traditional lime mortar and matching red sandstone/marble matching historical composition during controlled restoration,Internal (DS/OUV),,Moderate,,,Yes,"1. Makrana Marble: A Popular Heritage Stone Resource
2. The Art of Pietra-dura during the 17th Century Mughal Era
3. Conservation Challenges and Emerging Trends in Pakistan",,,Tier 9: Unflagged,
1103,Mausoleum of Khoja Ahmed Yasawi,Kazakhstan,Multifunctional structure of the khanaqa type (combines a mausoleum and a mosque); nan,Internal (DS/OUV),,1389–1405 (Timurid period),Internal (DS/OUV),,Timurid Empire / Central Asian Islamic Civilization,Internal (DS/OUV),,,Internal (DS/OUV),,,Internal (DS/OUV),,,,,Alabaster (muqarnas stalactites); Gypsum plaster,Internal (DS/OUV),,,,,Gypsum / Alabaster (Hydrous calcium sulfate),,,,,,,,,White/Off-white (Alabaster/Gypsum plaster); Green (glazed tiles),Internal (DS/OUV),,Fine-grained (Alabaster/Gypsum),Internal (DS/OUV),,"Gypsum, Carbonates, nitrates, sulfates, chlorides (in salt efflorescence)",External,https://vestnik.kazgasa.kz/frontend/web/uploads/personal-documents/1694774149_nhRmhd.pdf,,,,,,,Local clay for fired bricks; Persian master craft influence for decorative techniques,Internal (DS/OUV),,,Internal (DS/OUV),,"Vaults, domes (conic-spherical dome), walls, arches, drums",Internal (DS/OUV),,"Alabaster stalactites (muqarnas) in dome intrados, glazed tile facing, inscriptions (Kufic and Suls)",Internal (DS/OUV),,Fired brick masonry with plaster carving and glazed tile revetments,Internal (DS/OUV),,"Deterioration from rising damp, salt efflorescence (nitrates, chlorides, sulfates, carbonates), and high water table",Internal (DS/OUV),,,,,"Rebuilding of northern citadel wall in 1970s; ongoing conservation projects under ""Kazrestavratziya""",Internal (DS/OUV),,Moderate,Internal (DS/OUV),,No,"1: Sainova, G. А., Аubakirov, N. P., Аkbasova, А. D., Yuldashbek, D. H., & Sunakbaeva, D. K. (2023). The Influence of Salt Deposits on the Preservation of the Historical and Architectural Monument of the Mausoleum of Khoja Ahmed Yasawi.

2: Valentinovna, M. A. Islamic architecture of Iran in the era of Timur and Timurids: specificity of the artistic image.",,,Tier 9: Unflagged,
373,"Stonehenge, Avebury and Associated Sites",United Kingdom of Great Britain and Northern Ireland,"Megalithic stone circles, henges, barrows, avenues, and earthen earthworks/mounds.; nan",Internal (DS/OUV),,Circa 3700 BC – 1600 BC (Neolithic to Early Bronze Age); focal stone circle built ~2500 BC.,Internal (DS/OUV),,Prehistoric Britain (Neolithic and Bronze Age societies).,Internal (DS/OUV),,,Internal (DS/OUV),,"Wiltshire Sarsen Sandstone and Bluestone (dolerite, rhyolite, tuffs)",Internal (DS/OUV),,Sedimentary Rock,,,"Chalk (used in earthworks/mounds like Silbury Hill), Altar Stone (Metasandstone), Quartz veins, packing stones",Internal (DS/OUV),,"Sarsen (Silcrete), Chalk",,,,,,,,,,,,,,,,,,,,,,,,United Kingdom (England & Wales),Internal (DS/OUV),,"Sarsens: Local/Regional (~25 km).
Bluestones: Imported (~200–240 km).",External,"Nash, D. J., Ciborowski, T. J. R., Ullyott, J. S., Pearson, M. P., Darvill, T., Greaney, S., Maniatis, G., & Whitaker, K. A. (2020). Origins of the sarsen megaliths at Stonehenge. Science Advances, 6(31), eabc0133. https://doi.org/10.1126/sciadv.abc0133",~25 km for Sarsens; up to 240 km for Bluestones.,Internal (DS/OUV),,"Standing megalithic uprights, horizontal lintels, central trilithons, inner/outer concentric circles, horseshoe arrangements, packing stones.",Internal (DS/OUV),,Unique surface shaping/dressing of megalithic stones; intentional arrangement of bluestone contrast.,Internal (DS/OUV),,"Mortise-and-tenon jointing, tongue-and-groove lintel capping, dressed/shaped megaliths.",Internal (DS/OUV),,"Weathering from surface erosion, natural environmental exposure, animal burrowing, and historic visitor traffic.",Internal (DS/OUV),,,,,"Early to mid-20th-century interventions involving excavation, re-erection of fallen or buried stones to their original positions, and modern site consolidation.",,,Good,Internal (DS/OUV),,Yes,"1. Nash et al., 2020 - Science Advances


2. Parker Pearson et al., 2015 - Antiquity


3. Whitaker, 2019 - Oxford Journal of Archaeology


4. Lott, 2013 - Quarterly Journal of Engineering Geology and Hydrogeology",,,Tier 9: Unflagged,
677,Baroque Churches of the Philippines,Philippines,Earthquake Baroque / Fortress Baroque (Peripheral Baroque); nan,Internal (DS/OUV),,"16th – 18th centuries (Spanish Colonial Period)
",Internal (DS/OUV),,"Spanish Colonial Philippines (fusion of Spanish/European, Chinese, and native Philippine traditions)",Internal (DS/OUV),,,Internal (DS/OUV),,"Tuff (e.g., volcanic tuff/adobe), Coralline / Coralline Limestone, Brick",Internal (DS/OUV),,Igneous Rock,Internal (DS/OUV),,"Brick, Lime (mortar), Coral blocks",Internal (DS/OUV),,Adobe stone (volcanic tuff in Manila/Luzon); Coral stone / De capaza,Internal (DS/OUV),,"Volcanic Tuff, Biogenic Coralline Limestone, Clay Brick",Internal (DS/OUV),,,,,na,,,,,,"Porous, coarse-grained (coralline/tuffaceous)",,,"Calcite (limestone), Volcanic ash/feldspar/silicate minerals (tuff)",,,"Local coastal coral reefs and nearby river quarries (e.g., Meycauayan/Guadalupe tuff quarries)",External,,"Local coastal coral reefs and nearby river quarries (e.g., Meycauayan/Guadalupe tuff quarries)",Internal (DS/OUV),,Local,Internal (DS/OUV),,,,,"Load-bearing exterior walls, massive buttresses (contrafuertes), bell towers, stone barrel vaults",Internal (DS/OUV),,"High Baroque retablos (altars), volutes, pediment reliefs, carved facades, trompe-l'œil ceiling paintings",Internal (DS/OUV),,"Thick unreinforced block masonry consolidated with lime mortar
",Internal (DS/OUV),,"Environmental degradation and surface erosion due to time, tropical humidity, and salt air",,,,,,Careful governmental and tri-partite restoration using original materials to preserve integrity,,,Excellent,,,Yes,ICOMOS Advisory Body Evaluation; Presidential Decrees 260 & 375; RA 10066 (National Heritage Law),,,Tier 9: Unflagged,
789,Historic Centre of the City of Pienza,Italy,"Italian Renaissance, Late Gothic (interior of Cathedral); nan",Internal (DS/OUV),,Late 15th Century (began in 1459 under Pope Pius II),Internal (DS/OUV),,Italian Renaissance / Western Christian,Internal (DS/OUV),,,Internal (DS/OUV),,Travertine,,,Sedimentary Rock,,,,,,,,,,,,,,,,,,,,,,,, NA,,,,,,,,,,,,,,,"Load-bearing walls, columns, bell tower foundation, framing",Internal (DS/OUV),,"Herringbone square paving, facade details, capitals, mouldings",Internal (DS/OUV),,"Ashlar masonry, carved stone framing, herringbone paving",Internal (DS/OUV),,,,,,,,Programs ongoing since early 20th century in accordance with Restoration Charters,Internal (DS/OUV),,Good,Internal (DS/OUV),,Yes,https://www.mdpi.com/2571-9408/7/1/17,,,Tier 9: Unflagged,
736,Seokguram Grotto and Bulguksa Temple,Republic of Korea,Buddhist Religious Architectural Complex / Artificial Stone Grotto & Wooden Temple on Stone Terraces; nan,Internal (DS/OUV),,8th Century (Built circa 751–774 CE),Internal (DS/OUV),,Silla Kingdom (Silla Dynasty),Internal (DS/OUV),,,Internal (DS/OUV),,"Granite, White Granite",,,,Internal (DS/OUV),,,,,,,,,,,,,,,,,"Light gray to off-white (""White Granite"")",Internal (DS/OUV),,Equigranular to porphyritic masonry blocks and reliefs,Internal (DS/OUV),,,,,Mount Toham (Mount Tohamsan) quarries,Internal (DS/OUV),,Republic of Korea,Internal (DS/OUV),,Local (sourced directly from Mount Tohamsan),Internal (DS/OUV),,Short distance / Local site extraction (< 5 km),External,Inferred from Mount Toham location,"Artificial domed grotto, stone foundations, raised terraces, steps, and pagodas (Seokgatap and Dabotap)",Internal (DS/OUV),,"Monumental Buddha statue, high and low relief carvings (devas, bodhisattvas, disciples, guardians)",Internal (DS/OUV),,Dry-laid fine granite masonry; innovative dome construction using over 360 stone slabs and locking stones,Internal (DS/OUV),,"Moisture and condensation, mold/mildew/moss growth, acid rain, salty fogs, and atmospheric weathering",Internal (DS/OUV),,Concrete (used during 1913–1915 and 1960s restorations for protective outer domes),Internal (DS/OUV),,1913–1915 dismantle & concrete dome construction; 1960s dual concrete dome addition; wooden antechamber & glass barrier installation,Internal (DS/OUV),,Moderate,Internal (DS/OUV),,Yes,Official UNESCO World Heritage Dossier #736; ICOMOS Advisory Body Evaluation Document,,,Tier 9: Unflagged,
704,Temple and Cemetery of Confucius and the Kong Family Mansion in Qufu,China,Skipped; bvhp,Internal (DS/OUV),,"478 BC to Jin, Ming, and Qing Dynasties",Internal (DS/OUV),,Ancient Chinese / Imperial China (Confucian Culture),Internal (DS/OUV),,"(i) to represent a masterpiece of human creative genius; | (iv) to be an outstanding example of a type of building, architectural or technological ensemble or landscape which illustrates (a) significant stage(s) in human history; | (vi) to be directly or tangibly associated with events or living traditions, with ideas, or with beliefs, with artistic and literary works of outstanding universal significance;",Internal (DS/OUV),,,Internal (DS/OUV),,Sedimentary Rock,Internal (DS/OUV),,,,,,,,,,,,,,,,,,,,"Fine-grained, Carved / Relief",Internal (DS/OUV),,,,,,,,,,,,,,,,,"Dragon-wrapped columns, balusters, pillars, gate foundations",Internal (DS/OUV),,"Han stone reliefs, stone dragon carvings, stelae, memorial stone tablets",Internal (DS/OUV),,"High-relief carving, openwork carving, dressed stone ashlar",Internal (DS/OUV),,,,,,,,,,,Excellent,,,No,,,,Tier 9: Unflagged,
958,Walled City of Baku with the Shirvanshah's Palace and Maiden Tower,Azerbaijan,Skipped; nan,,,,,,,,,,,,,,,,,,,,,,,,,,,,,,,,,,,,,,,,,,,,,,,,,,,,,,,,,,,,,,,,,,,,,,,,,,,,,,,Tier 9: Unflagged,
1605,"Jaipur City, Rajasthan",India,Skipped; nan,,,,,,,,,,,,,,,,,,,,,,,,,,,,,,,,,,,,,,,,,,,,,,,,,,,,,,,,,,,,,,,,,,,,,,,,,,,,,,,Tier 9: Unflagged,
633,White Monuments of Vladimir and Suzdal,Russian Federation,"Ecclesiastical / Religious and Public Monuments (Cathedral, Church, Monastery, Castle/Palace, Fortress/Kremlin, Golden Gate); nan",Internal (DS/OUV),,12th–13th centuries (with 16th–17th century reconstructions/additions),,,Ancient Russian Principality / North-East Rus,Internal (DS/OUV),,,Internal (DS/OUV),,White Limestone,Internal (DS/OUV),,Sedimentary Rock,,,,,,"White Stone (""white-stone architecture / structures"")",Internal (DS/OUV),,Limestone,,,,,,,,,White,Internal (DS/OUV),,Regular blocks,Internal (DS/OUV),,Lime (in white lime mortar),Internal (DS/OUV),,,,,,,,,,,,,,"Load-bearing stonework faced in regular blocks of white limestone (walls, cubic towers, naves, drums, apses)",Internal (DS/OUV),,"Carved reliefs, exterior wall reliefs, fine stone carvings (over a thousand stone carvings on King David theme)",Internal (DS/OUV),,"Stonework faced in regular blocks of white limestone, ashlar masonry style",Internal (DS/OUV),,Atmospheric and vehicle pollution affecting white stone facades,Internal (DS/OUV),,White stone (Used in traditional restoration),Internal (DS/OUV),,"Restoration using traditional techniques, old construction methods, and authentic materials (white stone, white lime, wood, metal)",Internal (DS/OUV),,Good,Internal (DS/OUV),,Yes,,,,Tier 9: Unflagged,
1361,"Historic Jeddah, the Gate to Makkah",Saudi Arabia,"Multi-cultural Red Sea architectural tradition, characterized by imposing Roshan tower houses and lower houses, mosques, ribat-s, suqs, and small public squares.; nan",Internal (DS/OUV),,"7th century AD / 7th century AH (established as port/gate), with major development of tower houses occurring in the late 19th century (especially post-1869 after the Suez Canal opening).",Internal (DS/OUV),,"Islamic / Arabian Red Sea cultural world (influenced by Indian Ocean trade routes and a cosmopolitan population of pilgrims and merchants from Asia, Africa, and the Middle East).",Internal (DS/OUV),,,Internal (DS/OUV),,Coral Stone,Internal (DS/OUV),,Sedimentary Rock,,,,,,Coral stone / Coral,Internal (DS/OUV),,,,,,,,,,,,,,,,,,,,,,,,,,Local (Red Sea coastal coral building traditions),Internal (DS/OUV),,,,,Coral stone/coral masonry used for constructing lower houses and tower houses (combined with embedded wooden beams).,Internal (DS/OUV),,Precious woodwork / Roshan wooden screens decorating facades (no stone decorative details mentioned).,Internal (DS/OUV),,"Coral masonry construction with embedded wooden beams; isolated, outward-oriented houses with specific technical devices for internal ventilation.",Internal (DS/OUV),,"Decay and deterioration of historic structures due to humidity, heat, abandonment, and squatting by poor immigrants.",Internal (DS/OUV),,,,,"Punctual restoration, stabilization, and revitalization projects aimed at nursing buildings back to life; minor maintenance on original masonries.",Internal (DS/OUV),,Good,,,Yes,,,,Tier 9: Unflagged,
809,Episcopal Complex of the Euphrasian Basilica in the Historic Centre of Poreč,Croatia,skipped; nan,,,,,,,,,,,,,,,,,,,,,,,,,,,,,,,,,,,,,,,,,,,,,,,,,,,,,,,,,,,,,,,,,,,,,,,,,,,,,,,Tier 9: Unflagged,
537,"Monasteries of Daphni, Hosios Loukas and Nea Moni of Chios",Greece,"Middle Byzantine religious architecture (cross-in-square plan with octagonal central space under a dome, squinches, Katholikon); nan",Internal (DS/OUV),,Middle Byzantine period (11th and 12th centuries),Internal (DS/OUV),,Byzantine / Middle Byzantine,Internal (DS/OUV),,,Internal (DS/OUV),,Marble,Internal (DS/OUV),,Metamorphic Rock,,,Stone (courses of stone enclosed by bricks),Internal (DS/OUV),,,,,,,,,,,,,,,,,,,,,,,,,,,,,,,,,,,Masonry walls (courses of stone enclosed by bricks),Internal (DS/OUV),,"Marble works, marble revetment, pavements, architectural sculptures",Internal (DS/OUV),,Cloisonné / courses of stone enclosed by bricks,Internal (DS/OUV),,,,,,,,"Restoration of masonry, dome, and marble revetments/mosaics following earthquake damage (1881 earthquake at Nea Moni, 1999 earthquake at Daphni); early 20th-century Byzantinist interventions at Hosios Loukas",Internal (DS/OUV),,Good,,,Yes,,,,Tier 9: Unflagged,
1720,The Historic Town and Archaeological Site of Gedi,Kenya,"Swahili coastal architecture (domestic, religious, civic, tombs, palace complex, grand mosque, sunken courts, city walls); nan",Internal (DS/OUV),,10th to 17th centuries (particularly 15th–17th centuries),Internal (DS/OUV),,Swahili Islamic Civilization,Internal (DS/OUV),,,Internal (DS/OUV),,Coral stone / Coral rag,Internal (DS/OUV),,Sedimentary Rock,,,,,,Coral rag,Internal (DS/OUV),,,,,,,,,,,,,,,,,,,,,,,Kenya,Internal (DS/OUV),,Local (Building stones); Imported luxury items (Porcelain/Glass),Internal (DS/OUV),,,,,"Walls, domestic structures, mosques, tombs, palace complex, wells, water sumps",Internal (DS/OUV),,Mosques and tombs embellished with carvings and inset Chinese porcelain,Internal (DS/OUV),,Coral rag/stone laid with lime mortar and earth mortar,Internal (DS/OUV),,Vulnerable; affected by vegetation and potential fire risks,Internal (DS/OUV),,,,,Traditional building materials and methods respected during maintenance,Internal (DS/OUV),,Good,,,Yes,,,,Tier 9: Unflagged,
857,"La Grand-Place, Brussels",Belgium,"Eclectic blending of Gothic, Renaissance, and Baroque styles; nan",Internal (DS/OUV),,Earliest reference 12th century; major rebuilding late 17th century (post-1695 bombardment); restorations in 19th century,Internal (DS/OUV),,Western European / Brabant (Mercantile Northern Europe),Internal (DS/OUV),,,Internal (DS/OUV),,"Euville Stone, Calcareous Sandstone, Sandstone",Internal (DS/OUV),,Sedimentary Rock,,,Gobertange calcareous sandstone (Bruxellian),Internal (DS/OUV),,Gobertange stone / Bruxellian,Internal (DS/OUV),,"Calcareous sandstone, limestone",Internal (DS/OUV),,,,,,,,,,,,,,,,,Gobertange / Euville,Internal (DS/OUV),,Belgium (Gobertange) / France (Euville),Internal (DS/OUV),,Both (Local Gobertange sandstone & imported/regional Euville stone),Internal (DS/OUV),,,,,"Stone façades, foundations, paved square",Internal (DS/OUV),,"Sculpted ornaments, gables, pinnacles, statues",Internal (DS/OUV),,"Ashlar stone masonry, historicist restoration / reproduction",Internal (DS/OUV),,Erosion and atmospheric pollution,Internal (DS/OUV),,Gobertange calcareous sandstone and Euville stone used during 19th-century restorations,Internal (DS/OUV),,Major historicist restoration campaigns in late 19th century and ongoing regional heritage interventions,Internal (DS/OUV),,Excellent,,,Yes,,,,Tier 9: Unflagged,
292,Cologne Cathedral,Germany,"Gothic, High Gothic, Romanesque; nan",Internal (DS/OUV),,"Begun in 1248, completed in 1880 (with western section/nave/transept begun in 1330)",Internal (DS/OUV),,European Christianity,Internal (DS/OUV),,,Internal (DS/OUV),,Limestone,Internal (DS/OUV),,Sedimentary Rock,,,,,,,,,,,,,,,,,,Black (referring to the high altar limestone slab),Internal (DS/OUV),,,,,,,,,,,,,,,,,,,,High altar slab (monolithic slab),Internal (DS/OUV),,Liturgical appointments / High altar slab,Internal (DS/OUV),,Medieval forms and techniques,Internal (DS/OUV),,,,,,,,"Maintenance, conservation, and restoration in the medieval tradition by Cathedral Workshop",,,Good,,,Yes,,,,Tier 9: Unflagged,
1052,Tugendhat Villa in Brno,Czechia,skipped; nan,,,,,,,,,,,,,,,,,,,,,,,,,,,,,,,,,,,,,,,,,,,,,,,,,,,,,,,,,,,,,,,,,,,,,,,,,,,,,,,Tier 9: Unflagged,
91,"Historic Centre of Rome, the Properties of the Holy See in that City Enjoying Extraterritorial Rights and San Paolo Fuori le Mura","Holy See,Italy",Skipped; nan,,,,,,,,,,,,,,,,,,,,,,,,,,,,,,,,,,,,,,,,,,,,,,,,,,,,,,,,,,,,,,,,,,,,,,,,,,,,,,,Tier 9: Unflagged,
524,Buddhist Monuments at Sanchi,India,skipped; No stone mentioned!; nan,,,,,,,,,,,,,,,,,,,,,,,,,,,,,,,,,,,,,,,,,,,,,,,,,,,,,,,,,,,,,,,,,,,,,,,,,,,,,,,Tier 9: Unflagged,
400,"Budapest, including the Banks of the Danube, the Buda Castle Quarter and Andrássy Avenue",Hungary,"Eclectic, Gothic, Neo-Gothic, Renaissance, Neo-Renaissance, Baroque, Art Nouveau; nan",Internal (DS/OUV),,"Roman era (Aquincum), Medieval (13th century / 1241–1242, King Bela IV), 14th century, 18th century, 19th century (1849, 1862, 1872–1885), 20th century (1893–1896, 1960–1980)",Internal (DS/OUV),,"Roman (Aquincum), Hungarian Monarchy, Austro-Hungarian Empire, Ottoman/Turkish Occupation period",Internal (DS/OUV),,,Internal (DS/OUV),,Limestone,Internal (DS/OUV),,Sedimentary Rock,,,,,,,,,,,,,,,,,,,,,,,,,,,,,,,,,,,,,,,"Castle/Spur foundations, Bridges, Embankments, Underground Railway, Fortifications (Citadel), Retaining Structures",Internal (DS/OUV),,"Decorative facade elements, Street furniture, Monuments, Architectural embellishments",Internal (DS/OUV),,,,,"Deterioration of limestone structures, Humidity affecting wooden roof structures, Metal structure corrosion, Air pollution, Climate change impacts (extreme water levels of the Danube)",Internal (DS/OUV),,,,,Partial reconstruction and restoration of the Buda Castle Quarter (1960–1980); authentic renovation of three Danube bridges; ongoing maintenance,,,Excellent,,,Yes,,,,Tier 9: Unflagged,
1376,Historic Bridgetown and its Garrison,Barbados,skipped; Site with no information; nan,,,,,,,,,,,,,,,,,,,,,,,,,,,,,,,,,,,,,,,,,,,,,,,,,,,,,,,,,,,,,,,,,,,,,,,,,,,,,,,Tier 9: Unflagged,
942,The Historic Centre (Chorá) with the Monastery of Saint-John the Theologian and the Cave of the Apocalypse on the Island of Pátmos,Greece,"skipped, but promising; nan",,,,,,,,,,,,,,,,,,,,,,,,,,,,,,,,,,,,,,,,,,,,,,,,,,,,,,,,,,,,,,,,,,,,,,,,,,,,,,,Tier 9: Unflagged,
545,"Kremlin and Red Square, Moscow",Russian Federation,skipped; bp,,,,,,,,,"(i) to represent a masterpiece of human creative genius; | (ii) to exhibit an important interchange of human values, over a span of time or within a cultural area of the world, on developments in architecture or technology, monumental arts, town-planning or landscape design; | (iv) to be an outstanding example of a type of building, architectural or technological ensemble or landscape which illustrates (a) significant stage(s) in human history; | (vi) to be directly or tangibly associated with events or living traditions, with ideas, or with beliefs, with artistic and literary works of outstanding universal significance;",,,,,,,,,,,,,,,,,,,,,,,,,,,,,,,,,,,,,,,,,,,,,,,,,,,,,,,,,,,,,,,,,,No,,bp,bp,Tier 8: Moderate Probability Stone Fabric (Possible),
1005,Major Town Houses of the Architect Victor Horta (Brussels),Belgium,skipped; nan,,,,,,,,,,,,,,,,,,,,,,,,,,,,,,,,,,,,,,,,,,,,,,,,,,,,,,,,,,,,,,,,,,,,,,,,,,,,,,,Tier 9: Unflagged,
707,"Historic Ensemble of the Potala Palace, Lhasa",China,skipped; nan,,,,,,,,,,,,,,,,,,,,,,,,,,,,,,,,,,,,,,,,,,,,,,,,,,,,,,,,,,,,,,,,,,,,,,,,,,,,,,,Tier 9: Unflagged,
392,Temple of Apollo Epicurius at Bassae,Greece,Columned Temple / Sanctuary; nan,Internal (DS/OUV),,Second half of the 5th century BC (420–400 BC),Internal (DS/OUV),,Ancient Greek / Classical Greek Civilization,Internal (DS/OUV),,,Internal (DS/OUV),,Limestone,Internal (DS/OUV),,Sedimentary Rock,,,,,,Local limestone,Internal (DS/OUV),,,,,,,,,,,Grey (Arcadian mountain limestone),Internal (DS/OUV),,,,,,,,Local quarries (surrounding Arkadian mountains),Internal (DS/OUV),,Greece,Internal (DS/OUV),,Local,Internal (DS/OUV),,,,,"Colonnade (Doric outer columns), Cella, Adyton, Columns (Ionic and Corinthian)",Internal (DS/OUV),,"Sculptured frieze, Corinthian capital",Internal (DS/OUV),,Classical Greek dry masonry (Archaic/Doric blend),Internal (DS/OUV),,"Deterioration from extreme weather, temperature variations, strong wind, water, and seismic activity",Internal (DS/OUV),,Local limestone (matching the original material used in the monument),Internal (DS/OUV),,"Systemic restoration ongoing since 2001; installation of a protective shelter, anti-seismic netting, and drainage system",Internal (DS/OUV),,Excellent,,,Yes,,,,Tier 9: Unflagged,
540,Historic Centre of Saint Petersburg and Related Groups of Monuments,Russian Federation,"Baroque, Pure Neoclassical, Architectural; nan",Internal (DS/OUV),,18th Century (Begun in 1703 under Peter the Great; continuous major development through the 18th and 19th centuries),Internal (DS/OUV),,Russian / Russian-European,Internal (DS/OUV),,,Internal (DS/OUV),,Marble,Internal (DS/OUV),,Metamorphic Rock,Internal (DS/OUV),,Peat (Mentioned in geological/terrain context as peat bogs),,,,,,"Marble, Peat",Internal (DS/OUV),,,,,,,,,,,,,,,,,,,,,,,,,,,,,"Architectural styles in stone and marble for capital structures, fortresses, bases, palaces",Internal (DS/OUV),,"Palaces (Winter Palace, Marble Palace), convents, imperial residences, monuments",Internal (DS/OUV),,Built using authentic techniques and historical restoration materials,Internal (DS/OUV),,"Impacts of traffic, air pollution, and relative humidity",Internal (DS/OUV),,,,,High quality of restoration and reconstruction efforts accomplished on the basis of historical documents using authentic techniques and materials,Internal (DS/OUV),,Excellent,,,Yes,,,,Tier 9: Unflagged,
1570,"Kakatiya Rudreshwara (Ramappa) Temple, Telangana",India,"Main Shiva temple in a walled temple complex with smaller temples and Mandapa structures; Kakatiyan style featuring sandbox foundations and light-weight porous ""floating bricks""; nan",Internal (DS/OUV),,Kakatiya Period (1123–1323 CE); temple construction began in 1213 CE and continued for ~40 years under rulers Rudradeva and Recharla Rudra,Internal (DS/OUV),,Kakatiya Dynasty,Internal (DS/OUV),,(i) to represent a masterpiece of human creative genius; | (iii) to bear a unique or at least exceptional testimony to a cultural tradition or to a civilization which is living or which has disappeared;,Internal (DS/OUV),,"Sandstone
",Internal (DS/OUV),,Sedimentary Rock,Internal (DS/OUV),,"Granite, Dolerite, Light-weight porous bricks (""floating bricks"") and sand (used in sandbox foundation)",Internal (DS/OUV),,,,,"Fine-grained, hard dolerite (chiseled to metallic polish); Sandstone; Granite",Internal (DS/OUV),,,,,,,,,,,Hard dolerite with a fine lustre / metallic finish; porous lightweight bricks,Internal (DS/OUV),,,,,,,,India,Internal (DS/OUV),,Local (Erected using five types of local materials),Internal (DS/OUV),,,,,"Sandstone: Main temple structure and walls


Granite: Columns and beams


Sand: Sandbox foundation


Porous Clay Bricks: Lightweight pyramidal Vimana (horizontally stepped tower)",Internal (DS/OUV),,"Dolerite: Carved bracket figures, sculptures, and detailed relief carvings with intact lustre",Internal (DS/OUV),,Sandbox foundation technology; mortise-and-tenon or interlocking stone joinery; anastylosis (planned/applied for Kameshwara temple),Internal (DS/OUV),,,,,Remanufactured lightweight floating bricks (reconstructed after studies to match 13th-century techniques),Internal (DS/OUV),,Well-preserved; highly intact visual and structural integrity; protected from natural disasters due to innovative earthquake-resistant construction techniques,Internal (DS/OUV),,Excellent,Internal (DS/OUV),,Yes,,,,Tier 9: Unflagged,
313,Historic Centre of Cordoba,Spain,skipped; nan,,,,,,,,,,,,,,,,,,,,,,,,,,,,,,,,,,,,,,,,,,,,,,,,,,,,,,,,,,,,,,,,,,,,,,,,,,,,,,,Tier 9: Unflagged,
822,Historic Centre (Old Town) of Tallinn,Estonia,"Medieval northern European trading city, public and burgher buildings, churches, fortifications, domestic merchant architecture; nan",Internal (DS/OUV),,13th to 16th centuries (with 17th–20th century additions),Internal (DS/OUV),,"Teutonic Order, Hanseatic League",Internal (DS/OUV),,,Internal (DS/OUV),,Limestone (explicitly mentioned forming the high hill of Toompea),Internal (DS/OUV),,Sedimentary Rock,,,,,,,,,,,,,,,,,,,,,,,,,,,,,,,,,Local (Upper town constructed on local limestone hill),Internal (DS/OUV),,,,,"Castle, Cathedral, Town Wall, Fortifications, Urban Foundation",,,,,,,,,Fire and war ravages (historical structural risks),Internal (DS/OUV),,,,,"Historical residential refurbishment, maintenance of wooden quarters",Internal (DS/OUV),,Excellent,,,Yes,,,,Tier 9: Unflagged,
890,Historic Centre of the Town of Diamantina,Brazil,"Baroque architecture, Portuguese-inspired architectural patterns, wood architecture, semi-detached houses (1 or 2 floors), churches with single towers; nan",Internal (DS/OUV),,18th and 19th century,Internal (DS/OUV),,Portuguese explorers / colonial prospectors & Portuguese Crown in an American context,Internal (DS/OUV),,,Internal (DS/OUV),,Flagstone,Internal (DS/OUV),,,,,Diamond,,,,,,,,,,,,Cristais Mountains,Internal (DS/OUV),,"Grey (flagstone paving), white ground with bright colours (semi-detached houses)",Internal (DS/OUV),,,,,,,,,,,,,,Local (rocky mountains/hillsides surrounding the city),Internal (DS/OUV),,,,,"Wood (Baroque architecture, semi-detached houses), Church foundations and towers",Internal (DS/OUV),,"Geometric facades, detailed wood architecture",Internal (DS/OUV),,"Flagstone paving (streets), continuous scaled structures on uneven terrain",Internal (DS/OUV),,,,,,,,Recovery of essential public and private historical landmark spaces and buildings via the Monumenta Program,Internal (DS/OUV),,Good,,,Yes,,,,Tier 9: Unflagged,
910,Brimstone Hill Fortress National Park,Saint Kitts and Nevis,Military architecture / Fortress / Citadel (Polygonal System); nan,Internal (DS/OUV),,"17th and 18th centuries (Evolved starting in 1690, Citadel completed end of 1700s, served until 1853)",Internal (DS/OUV),,British (built by African slave labour) / European colonial,Internal (DS/OUV),,,Internal (DS/OUV),,"Basalt, Limestone",Internal (DS/OUV),,Igneous Rock,,,,,,,,,"Basalt, Limestone",,,,,,,,,,,,,,,,,,Quarries on the middle and lower slopes of the hill,Internal (DS/OUV),,Saint Kitts and Nevis (Island of St. Christopher / St. Kitts),Internal (DS/OUV),,Local,,,,,,"Dressed stone (basalt) blocks with a rubble core used for principal structures (bastions, barracks, retaining walls, Citadel)",Internal (DS/OUV),,Local limestone used as a decorative element for quoins and for facing round doorways and embrasures,Internal (DS/OUV),,Dressed stone blocks with a rubble core; traditional working techniques; mortars prepared with Portland cement mixed with lime,Internal (DS/OUV),,"Rock falls, land slippage, and heavy rainfall impact",Internal (DS/OUV),,New stone worked according to traditional techniques,Internal (DS/OUV),,"Stabilization, restoration, and reconstruction projects (e.g., discrete use of modern materials like Portland cement mixed with lime in recommended proportions, timber reconstructions)",Internal (DS/OUV),,Good,Internal (DS/OUV),,Yes,,,,Tier 9: Unflagged,
787,The <I>Trulli</I> of Alberobello,Italy,Traditional vernacular dry-stone dwellings/huts (trulli) with corbelled conical roofs; historic urban landscape; nan,Internal (DS/OUV),,"Prehistoric building technique; existing structures date as early as mid-14th century, expanding significantly in 1620 until the late 18th century",Internal (DS/OUV),,Mediterranean / Italian (Puglia / Itria Valley agricultural community),Internal (DS/OUV),,,Internal (DS/OUV),,Limestone,Internal (DS/OUV),,Sedimentary Rock,,,,,,Chianche or Chiancarelle (corbelled limestone slabs used for roofs),Internal (DS/OUV),,"Roughly worked limestone boulders, limestone bedrock, and corbelled limestone slabs (chianche)",Internal (DS/OUV),,,,,,,,White / Whitewashed (lime whitewash),Internal (DS/OUV),,,,,,,,Excavated on-site (sub-floor cisterns) and collected from neighbouring fields and nearby rock outcrops,Internal (DS/OUV),,Italy,Internal (DS/OUV),,Local,Internal (DS/OUV),,On-site to immediate neighbouring fields / local region,Internal (DS/OUV),,Dry-stone double-skinned walls built directly onto limestone bedrock with a rubble core; corbelled conical double-skinned roofs (chianche slabs),Internal (DS/OUV),,Decorative pinnacles terminating the conical roofs; mythological/religious symbols drawn in white ash,Internal (DS/OUV),,Dry-wall / dry-stone construction (mortarless / without cement or mortar); corbelled stone roof construction,Internal (DS/OUV),,,,,,,,Lime whitewash (traditional material); conservative restoration regulated by local Recovery Plans and the Handbook of Trulli Restoration,,,Moderate,,,Yes,,,,Tier 9: Unflagged,
426,Palace of Westminster and Westminster Abbey including Saint Margaret’s Church,United Kingdom of Great Britain and Northern Ireland,skipped; nan,,,,,,,,,,,,,,,,,,,,,,,,,,,,,,,,,,,,,,,,,,,,,,,,,,,,,,,,,,,,,,,,,,,,,,,,,,,,,,,Tier 9: Unflagged,
344,Pont du Gard (Roman Aqueduct),France,Aqueduct / Aqueduct bridge; nan,Internal (DS/OUV),,Middle of the 1st century AD (shortly before the Christian era / early Imperial era),Internal (DS/OUV),,Ancient Roman,Internal (DS/OUV),,,Internal (DS/OUV),,"Large stone blocks (lower two levels), small stone rubble, abutting flagstones (upper canal)",Internal (DS/OUV),,,,,,,,,,,,,,,,,,,,,,,,,,,,,,,,,,,,,,,,,"Three-storey aqueduct bridge (arches, piers, voussoirs, piers with protective lips) carrying a water conduit",Internal (DS/OUV),,,,,"Large stone blocks assembled on lower levels; small rubble with flagstones at upper level; dry assembly with stonecutters' and quarrymen's marks, engraved positioning codes, and juxtaposed rollers of voussoirs",Internal (DS/OUV),,"Loss of stones, disappearance of 12 arches upstream during the Middle Ages, and spoliation/cutting into piers for road usage",Internal (DS/OUV),,,,,"Repair of piers (1699–1702), construction of corbels, attachment of Pitot road bridge (1746), and continuous restoration campaigns since the end of the 17th century",Internal (DS/OUV),,Excellent,,,Yes,,,,Tier 9: Unflagged,
130,Ħal Saflieni Hypogeum,Malta,Underground cemetery / subterranean 'labyrinth' / rock-cut chambers; nan,Internal (DS/OUV),,"c. 4000 B.C. to 2500 B.C. (Żebbuġ, Ġgantija and Tarxien Phases)",Internal (DS/OUV),,Maltese Prehistory (Neolithic),Internal (DS/OUV),,,Internal (DS/OUV),,"Soft globigerina limestone, coralline limestone",Internal (DS/OUV),,Sedimentary Rock,Internal (DS/OUV),,"Chert, flint, obsidian",Internal (DS/OUV),,"Globigerina limestone, coralline limestone",Internal (DS/OUV),,,,,,,,,,,Red ochre,Internal (DS/OUV),,Soft,,,Red ochre,,,Scooped out of the brow of a hill / hewn entirely out of the natural rock,Internal (DS/OUV),,Malta,Internal (DS/OUV),,Local,Internal (DS/OUV),,,,,"Subterranean levels of chambers, corbelled masonry imitation roofs, trilithon doorway imitations",Internal (DS/OUV),,Spiral and honeycomb painted designs in red ochre,Internal (DS/OUV),,"Rock-cut excavation using chert, flint, obsidian tools and antlers; corbelled masonry",Internal (DS/OUV),,"Fluctuating temperature and relative humidity levels, water infiltration, biological infestations",Internal (DS/OUV),,,,,Acquisition and dismantling of houses directly above the site; light level and visitor number controls,Internal (DS/OUV),,Excellent,,,Yes,,,,Tier 9: Unflagged,
990,"Assisi, the Basilica of San Francesco and Other Franciscan Sites",Italy,"Umbrian hill town, medieval city, basilicas, sanctuaries, fort, hermitage sites; nan",Internal (DS/OUV),,"Ancient Roman origins, 13th century (medieval) through late 15th–18th centuries",Internal (DS/OUV),,"Umbrian-Roman, Medieval, Renaissance",Internal (DS/OUV),,,Internal (DS/OUV),,Limestone,Internal (DS/OUV),,Sedimentary Rock,,,,,,Assisi type of stone,Internal (DS/OUV),,,,,,,,,,,,,,,,,,,,Mount Subasio slopes (local hill context),Internal (DS/OUV),,Italy,,,Local,,,,,,"Walls, foundations, vaults, basilicas, fort (Rocca Maggiore), sanctuaries",,,,,,Stone construction / terraced Roman town foundation,Internal (DS/OUV),,,,,,,,Restoration works carried out following earthquake damage (e.g. collapse of parts of the vaults in the Basilica of San Francesco),,,Excellent,,,Yes,,,,Tier 9: Unflagged,
1625,Cordouan Lighthouse,France,"Renaissance, Mannerism, Neoclassicism (18th century addition), Monumental, Tower; nan",Internal (DS/OUV),,"Turn of the 16th and 17th centuries (1584), remodelled/heightened late 18th century (1788–1789)",Internal (DS/OUV),,French (Kingdom of France),Internal (DS/OUV),,,Internal (DS/OUV),,Limestone (dressed blocks),Internal (DS/OUV),,Sedimentary Rock,,,,,,,,,,,,,,,,,,White,Internal (DS/OUV),,,,,,,,,,,,,,,,,,,,"Monumental tower, frustoconical tower, pilasters, columns, dome, light chamber, 8 levels (67m high)",Internal (DS/OUV),,"Pilasters, columns, sculptures, modillions, gargoyles, king's apartments, chapel",Internal (DS/OUV),,"Dressed blocks, stereotomy / stereometry",Internal (DS/OUV),,"Highly exposed and hostile/aggressive maritime environment (extreme meteorological conditions, hazards, ocean exposure)",Internal (DS/OUV),,,,,Heightened/strengthened in 1788–1789; regular technical adaptations and restorations in 19th & 20th centuries (addition of annular buildings),,,Good,,,Yes,,,,Tier 9: Unflagged,
90,Abu Mena,Egypt,"Monastery, Pilgrimage Centre, Ecclesiastical Complex (Churches, Baptistery, Basilicas, Hostels/Rest Houses, Public Baths, Workshops); nan",Internal (DS/OUV),,4th to 7th centuries AD (A.D. 296 – 7th Century AD),Internal (DS/OUV),,Early Christian / Coptic,Internal (DS/OUV),,,Internal (DS/OUV),,"Limestone, Marble",Internal (DS/OUV),,Sedimentary Rock,,,,,,,,,,,,,,,,,,,,,,,,,,,,,,,,,,,,,,,Ashlar masonry for main buildings / wall construction,Internal (DS/OUV),,"Columns (made of Marble), Mosaics, fine lime plaster",Internal (DS/OUV),,Ashlar masonry set in lime mortar; Mud bricks covered with fine lime plaster for simpler buildings,Internal (DS/OUV),,"Risks from heavy rains, winds, humidity, fires, and rising underground water related to agricultural irrigation",Internal (DS/OUV),,,,,Ongoing periodic maintenance and active dewatering project to lower underground water table,Internal (DS/OUV),,Moderate,Internal (DS/OUV),,Yes,,,,Tier 9: Unflagged,
660,Buddhist Monuments in the Horyu-ji Area,Japan,Wooden architecture / Buddhist temple architecture; nan,Internal (DS/OUV),,Late 7th century or early 8th century (Rebuilding commenced after 670 fire),Internal (DS/OUV),,Japanese / Adaptation of Chinese Buddhist culture via the Korean peninsula,Internal (DS/OUV),,,Internal (DS/OUV),,,,,,,,,,,,,,,,,,,,,,,,,,,,,,,,,,,,,,,,,,,,,,,,,,,,,,,,,,,,,,,,,,,,,Tier 9: Unflagged,
1670,Sacred Ensembles of the Hoysalas,India,Temple / Temple complexes; nan,Internal (DS/OUV),,12th to 13th centuries (1117 CE onwards),Internal (DS/OUV),,Hoysala Dynasty / Kingdom,Internal (DS/OUV),,,Internal (DS/OUV),,Chloritic schist / Schist,Internal (DS/OUV),,Metamorphic Rock,Internal (DS/OUV),,,,,Soapstone,Internal (DS/OUV),,Chloritic Schist,Internal (DS/OUV),,,,,,,,,,,,,,Chlorite (inferred from chloritic schist),Internal (DS/OUV),,,,,,,,,,,,,,"Stellate sanctum, circumambulatory platform, adhisthana, walls, temples",Internal (DS/OUV),,"Sculptural gallery, multi-tiered friezes, hyper-real sculptures, stone carvings, Sala legend sculptures",Internal (DS/OUV),,"Stellate plan, horizontal friezes, fine stone carving",Internal (DS/OUV),,,,,,,,"Past alterations noted (loss of superstructures, loss of enclosure walls)",Internal (DS/OUV),,Good,Internal (DS/OUV),,Yes,,,,Tier 9: Unflagged,
1379,Margravial Opera House Bayreuth,Germany,Baroque theatre architecture / Court opera house; nan,Internal (DS/OUV),,1745–1750,Internal (DS/OUV),,18th-century European / Princely Court (Margravine Wilhelmine of Brandenburg-Bayreuth),Internal (DS/OUV),,,Internal (DS/OUV),,Sandstone,Internal (DS/OUV),,Sedimentary Rock,Internal (DS/OUV),,,,,,,,,,,,,,,,,,,,,,,,,,,,,Germany (Inferable from site location),,,,,,,,,Sandstone façade (designed by Joseph Saint Pierre),Internal (DS/OUV),,,,,,,,,,,,,,Overall conservation and restoration plan approved by State Party; restoration program concluded,,,Good,,,Yes,,,,Tier 9: Unflagged,
404,"Acropolis, Athens",Greece,"Classical Greek / Sanctuary & Monumental Complex (Parthenon, Erechtheion, Propylaea, Temple of Athena Nike); nan",Internal (DS/OUV),,5th Century BC (with earliest fortifications dating to 13th Century BC),Internal (DS/OUV),,Ancient Greek / Classical Athenian (Mycenaean origin),Internal (DS/OUV),,,Internal (DS/OUV),,White Marble,Internal (DS/OUV),,Metamorphic Rock,Internal (DS/OUV),,,,,,,,,,,,,,,,,White,Internal (DS/OUV),,,,,,,,Mt. Penteli (Pentelikon),Internal (DS/OUV),,Greece,Internal (DS/OUV),,Pentelic Marble / Penteli Marble,,,,,,"Temples, Propylaea, Fortification Walls, Foundations, Altars",Internal (DS/OUV),,Sculptural and Architectural elements,Internal (DS/OUV),,Ancient classical masonry/building techniques,Internal (DS/OUV),,Eroded architectural elements,Internal (DS/OUV),,White marble quarried from Mt. Penteli,Internal (DS/OUV),,Integrated intervention program ongoing since 1975 following the principles of the Venice Charter,Internal (DS/OUV),,Excellent,,,Yes,,,,Tier 9: Unflagged,
810,Historic City of Trogir,Croatia,"Hellenistic orthogonal plan, Romanesque churches, Gothic and Renaissance buildings/palaces, Baroque, Byzantine, Venetian fortifications, Fortress (Camerlengo), Cathedral, Basilica, Town Hall; nan",Internal (DS/OUV),,"Hellenistic period (3rd century BC), Medieval period, 13th to 16th century (Cathedral built ~1200–late 16th century), 14th–15th century (Town Hall), Venetian period",Internal (DS/OUV),,"Greek colonists, Roman, Byzantine, Hungarian, Venetian",Internal (DS/OUV),,,Internal (DS/OUV),,Limestone,Internal (DS/OUV),,Sedimentary Rock,,,,,,Local limestone,Internal (DS/OUV),,,,,,,,,,,Mellowed with a golden patina,Internal (DS/OUV),,,,,,,,,,,Croatia,Internal (DS/OUV),,Local,Internal (DS/OUV),,,,,"Walls, residential blocks, fortifications, cathedral, basilica, bell tower, foundations, town hall, palaces",Internal (DS/OUV),,"Sculpture, portals (south portal, main west portal by Master Radovan)",Internal (DS/OUV),,"Megalithic wall, Vaulting (main nave)",Internal (DS/OUV),,"Sea level rise, climate change, past heavy vehicle traffic, patina accumulation",Internal (DS/OUV),,Authentic materials (where replacement is necessary),Internal (DS/OUV),,Rejection of abrasive stone cleaning in favor of maintaining patina; authentic materials and traditional techniques employed,Internal (DS/OUV),,Good,,,Yes,,,,Tier 9: Unflagged,
326,Petra,Jordan,"Architectural, Architecture, Building, Byzantine, Design, Facade, Monument, Monumental, Plan, Structure, Traditional (also Nabataean, Hellenistic, Roman, Graeco-Roman); nan",Internal (DS/OUV),,"Prehistoric times; first centuries BC to AD (Nabataean, Roman, Byzantine); Iron Age, Chalcolithic, Crusader/Medieval",Internal (DS/OUV),,"Nabataean, Roman, Byzantine, Hellenistic, Assyrian, Greek, Crusader",Internal (DS/OUV),,,Internal (DS/OUV),,"Red Sandstone, Sandstone",Internal (DS/OUV),,Sedimentary Rock,Internal (DS/OUV),,,,,,,,Sandstone,Internal (DS/OUV),,,,,,,,,,,,,,,,,,,,,,,Local (rock-cut directly into surrounding cliffs and gorges),Internal (DS/OUV),,,,,"Half-built, half-carved rock-cut structures, tombs, temples, water channels, dams, cisterns, city walls, arches",Internal (DS/OUV),,"Monumental rock-cut facades, capitals, funerary stelae",Internal (DS/OUV),,Rock-cut / Ashlar Freestanding Masonry,Internal (DS/OUV),,"Ongoing erosion due to wind and rain, exacerbated by windblown sand and natural decay of the sandstone architecture",Internal (DS/OUV),,,,,Stabilization of freestanding monuments including Qasr al Bint temple and the vaulted structure supporting the Byzantine forecourt,Internal (DS/OUV),,Moderate,,,Yes,,,,Tier 9: Unflagged,
601,"Cathedral of Notre-Dame, Former Abbey of Saint-Rémi and Palace of Tau, Reims",France,skipped; nan,,,,,,,,,,,,,,,,,,,,,,,,,,,,,,,,,,,,,,,,,,,,,,,,,,,,,,,,,,,,,,,,,,,,,,,,,,,,,,,Tier 9: Unflagged,
1463,Aqueduct of Padre Tembleque Hydraulic System,Mexico,"Hydraulic system, arcaded aqueduct bridges, canals, distribution tanks, cisterns/reservoirs, springs; nan",Internal (DS/OUV),,1555–1572 (16th Century),Internal (DS/OUV),,Spanish Franciscan / Mesoamerican (Mestizo),Internal (DS/OUV),,,Internal (DS/OUV),,"Adobe (earthen adobe brick formwork), Stone (enclosed in stone)",Internal (DS/OUV),,,,,,,,,,,,,,,,,,,,,,,,,,,,,,,,,,,Local ( adaptation of local methods of adobe construction and regional materials),Internal (DS/OUV),,Maximum system extent of 48.22 km,Internal (DS/OUV),,Supporting structures / formwork using earthen adobes; arcaded aqueduct bridges; main and secondary canals,Internal (DS/OUV),,Glyphs illustrating symbols and cosmology incorporated in arcade structures,Internal (DS/OUV),,Roman masonry aqueduct tradition combined with Mesoamerican adobe construction and collective labor techniques,Internal (DS/OUV),,,,,,,,Ongoing repairs and maintenance undertaken by local communities using traditional construction techniques and materials,Internal (DS/OUV),,Excellent,Internal (DS/OUV),,Yes,,,,Tier 9: Unflagged,
1131,Royal Exhibition Building and Carlton Gardens,Australia,"Byzantine, Romanesque, Lombardic and Italian Renaissance; nan",Internal (DS/OUV),,Designed for international exhibitions of 1880 and 1888 (constructed starting 1879),Internal (DS/OUV),,Victorian / Colonial Australia,Internal (DS/OUV),,,Internal (DS/OUV),,"Bluestone, Slate",Internal (DS/OUV),,Metamorphic Rock,,,,,,"Bluestone,",,,,,,,,,,,,,,,,,,,,,,,,,,,,,,,,,"Plinth, base of iron railings, slate roof, timber floors, external joinery and stonework",Internal (DS/OUV),,"Internal paintings/murals, parapet ornamentation",Internal (DS/OUV),,"Brick and timber, steel and slate construction",Internal (DS/OUV),,,,,Concrete (replaced original timber staircases early in the 20th century),Internal (DS/OUV),,"Dome, structure, external joinery and stonework, timber floors, scroll/parterre gardens, and reinstatement of missing parapet ornamentation",Internal (DS/OUV),,Excellent,Internal (DS/OUV),,,,,,Tier 9: Unflagged,
586,Rohtas Fort,Pakistan,"Muslim Military Architecture (Fortress / Garrison complex with bastions, monumental gateways, inner citadel, stepped wells, mosque, and haveli); nan",Internal (DS/OUV),,16th Century (Commenced in 1541 by Sher Shah Suri; continuous use until 1707 and reoccupied into the 18th/19th centuries),Internal (DS/OUV),,Suri Dynasty / Mughal Empire (incorporating artistic and architectural traditions from Turkey and the Indian Subcontinent),Internal (DS/OUV),,,,,Marble and Sandstone (Rock/geological material is explicitly mentioned),Internal (DS/OUV),,Metamorphic Rock,,,Sedimentary (Sandstone) & Metamorphic (Marble),,,,,,,,,,,,,,,,,,,,,,,,,,,,,,,,,,,,"Massive defensive fortification walls, 68 bastions, 12 monumental gateways, inner citadel walls, stepped wells (baolis), and buildings (Shahi Masjid, Haveli Man Singh)",Internal (DS/OUV),,"High- and low-relief carvings, calligraphic inscriptions in marble and sandstone",Internal (DS/OUV),,Ashlar/coursed stone masonry with plaster decoration and glazed tiles,Internal (DS/OUV),,"Fortification wall collapsed in places; threatened by rainwater flooding, choking of original drainage system, and encroachment",Internal (DS/OUV),,,,,Minimal and discreet restoration avoiding modern materials; ongoing management under the Rohtas Fort Conservation Programme (initiated 2000),Internal (DS/OUV),,Moderate,Internal (DS/OUV),,Yes,,,,Tier 9: Unflagged,
904,Wooden Churches of Maramureş,Romania,OUV Absent; nan,Internal (DS/OUV),,Different periods / 1999 (UNESCO Inscription Year),Internal (DS/OUV),,Vernacular expression of the cultural landscape of northern Romania,Internal (DS/OUV),,"(iv) to be an outstanding example of a type of building, architectural or technological ensemble or landscape which illustrates (a) significant stage(s) in human history;",Internal (DS/OUV),,,,,,,,,,,,,,,,,,,,,,,,,,,,,,,,,,,,,,,,,,,,,,,,,,Timber construction / Shingle roofing,Internal (DS/OUV),,,,,,,,,,,,,,No,,,,Tier 9: Unflagged,
1031,Historic Centre of Guimarães and Couros Zone,Portugal,"Portuguese architecture (medieval settlement evolving into a modern town with grand houses, monastic complexes, tanneries, workers' houses); nan",Internal (DS/OUV),,"10th century CE, 12th century, 15th to 19th centuries (specifically 950–1498, 1498–1693)",Internal (DS/OUV),,Portuguese,Internal (DS/OUV),,,,,Granite,Internal (DS/OUV),,,,,,,,,,,,,,,,,,,,,,,,,,,,,,,,,,,,,,,,,Ground floor in granite with a half-timbered structure above,Internal (DS/OUV),,,,,Granite combined with a timber-framed / half-timbered structure,Internal (DS/OUV),,,,,,,,Rehabilitation strategy for the Couros Zone,Internal (DS/OUV),,Excellent,Internal (DS/OUV),,Yes,,,,Tier 9: Unflagged,
233,"Qutb Minar and its Monuments, Delhi",India,"Architectural, Masonry, Monument, Mughal, Islamic, Funerary, Religious; nan",Internal (DS/OUV),,Early 13th century (1199–1503; major expansions in 1311),Internal (DS/OUV),,"Indo-Muslim / Islamic (Ghurid clans, Slave/Mamluk Dynasty, Khilji Dynasty, Mughal era influence)",Internal (DS/OUV),,,,,"Red Sandstone, Buff Sandstone",Internal (DS/OUV),,Sedimentary Rock,,,,,,,,,Sandstone,Internal (DS/OUV),,,,,,,,"Red, Buff",Internal (DS/OUV),,Fluted (architectural surface/carved),,,,,,,,,,,,Reused materials from ~20 local Brahman temples,Internal (DS/OUV),,,,,"Masonry tower, arches, minarets, arcades, ceremonial gateway, tomb chamber",Internal (DS/OUV),,"Carved inscriptional bands, arabesque patterns, geometrical patterns, carved pillars, cladding",Internal (DS/OUV),,"Angular and rounded fluted masonry, ashlar masonry with carved bands",Internal (DS/OUV),,,,,,,,Periodically undertaken reversible repairs respecting original construction systems,Internal (DS/OUV),,Good,,,Yes,,,,Tier 9: Unflagged,
149,Archaeological Park and Ruins of Quirigua,Guatemala,"Pyramids, terraces, staircases, dwellings, royal residence, administrative centre; nan",Internal (DS/OUV),,200 AD – 900 AD (Monuments carved 426 AD – 810 AD; major 8th-century remodelling),Internal (DS/OUV),,Maya (Mayan),Internal (DS/OUV),,,Internal (DS/OUV),,Sandstone,Internal (DS/OUV),,Sedimentary Rock,,,Jade (mentioned in context of trade route control),Internal (DS/OUV),,,,,,,,,,,,,,,,,,,,,,,,,,,,,,,,,,,"Pyramids, terraces, staircases, plazas",,,"Monolithic stelae, carved altars, sculpted calendars, zoomorphic & anthropomorphic sculptures",Internal (DS/OUV),,"Carved in sandstone without the use of metal tools; high relief (""School of Motagua"" style)",Internal (DS/OUV),,"Damage caused by environmental factors, flooding (1998, 2010), and proximity to Motagua River and geological fault",Internal (DS/OUV),,,,,Minimal conservation interventions; new shelter facilities and designs developed for individual monument protection,Internal (DS/OUV),,Excellent,Internal (DS/OUV),,Yes,,,,Tier 9: Unflagged,
811,Old Town of Lijiang,China,skipped; nan,,,,,,,,,,,,,,,,,,,,,,,,,,,,,,,,,,,,,,,,,,,,,,,,,,,,,,,,,,,,,,,,,,,,,,,,,,,,,,,Tier 9: Unflagged,
277,Hatra,Iraq,"Fortified city, temples/shrines with Iwans (open halls with high barrel-vaulted roofs), temenos, inner & outer circular defensive walls, towers, strongholds, gates, and bridges.; nan",Internal (DS/OUV),,1st century BC to mid-2nd century AD; Parthian empire era (ca. 200 BC–220 AD). Inscribed on UNESCO World Heritage list in 1985.,Internal (DS/OUV),,"Parthian Empire, Aramean, Arab Kingdom, Assyro-Babylonian with Hellenistic and Roman influences.",Internal (DS/OUV),,,Internal (DS/OUV),,"Gypsum, Stone",Internal (DS/OUV),,Sedimentary Rock,,,"Bitumen, Mudbrick, Brick",Internal (DS/OUV),,,,,,,,,,,,,,,,,,,,,,,Stone quarries near the site.,Internal (DS/OUV),,Iraq,Internal (DS/OUV),,Local (relied for building materials on stone quarries near the site).,Internal (DS/OUV),,,,,"Inner main wall (diameter ~2 km), strongholds, towers, barrel-vaulted roofs / Iwans, rectangular temenos wall, contiguous Iwans, bridges, and wells.",Internal (DS/OUV),,"Carved stone and gypsum, pilastered portico, carved stone statues, statuettes of gods/rulers, sculptured figures, and Aramaic inscriptions.",Internal (DS/OUV),,"Mudbrick, brick, bitumen and gypsum, stone and gypsum; barrel vaults; carved stone and chiselled stone masonry.",Internal (DS/OUV),,"Severe natural weathering, erosion, neglect, looting, and localized conflict-inflicted damage (2015–2017).",Internal (DS/OUV),,Stone cut and chiselled from the same local stone quarries by specialized archaeologists and Mosul stone chisellers.,Internal (DS/OUV),,Historical conservation/restoration of walls and temenos rooms; ongoing plans for archaeological conservation of natural/conflict erosion.,Internal (DS/OUV),,Good,,,Yes,,,,Tier 9: Unflagged,
95,Old City of Dubrovnik,Croatia,OUV Absent; bvvvhp,Internal (DS/OUV),,13th century onwards (severely damaged by earthquake in 1667; damaged in 1990s by armed conflict),Internal (DS/OUV),,,,,"(i) to represent a masterpiece of human creative genius; | (iii) to bear a unique or at least exceptional testimony to a cultural tradition or to a civilization which is living or which has disappeared; | (iv) to be an outstanding example of a type of building, architectural or technological ensemble or landscape which illustrates (a) significant stage(s) in human history;",Internal (DS/OUV),,,Internal (DS/OUV),,,,,,,,,,,,,,,,,,,,,,,,,,,,,,,,,,,,,,,,,"Bridge, Capital, Castle, Cathedral, Church, Minaret, Monastery, Mosque, Palace, Sanctuary, Temple, Tomb, Tower",Internal (DS/OUV),,,,,,,,,,,,,,Focus of a major restoration programme co-ordinated by UNESCO,Internal (DS/OUV),,Good,External,,No,,,bvvvhp,Tier 4: Exceptional Stone Fortress / Cathedral / Mosque (3-v Very Very High),
187,St Mary's Cathedral and St Michael's Church at Hildesheim,Germany,skipped; nan,,,,,,,,,,,,,,,,,,,,,,,,,,,,,,,,,,,,,,,,,,,,,,,,,,,,,,,,,,,,,,,,,,,,,,,,,,,,,,,Tier 9: Unflagged,
732,Kutná Hora: Historical Town Centre with the Church of St Barbara and the Cathedral of Our Lady at Sedlec,Czechia,skipped; nan,,,,,,,,,,,,,,,,,,,,,,,,,,,,,,,,,,,,,,,,,,,,,,,,,,,,,,,,,,,,,,,,,,,,,,,,,,,,,,,Tier 9: Unflagged,
518,Poblet Monastery,Spain,"Cistercian abbey / Abbey, Monastery complex (includes church, cloister, fortified royal residence, chapter house, refectory, pantheon, etc.); nan",Internal (DS/OUV),,12th to 15th centuries (Church dates to the 13th century),Internal (DS/OUV),,Crown of Aragon / Kingdom of Catalonia and Aragon,Internal (DS/OUV),,,Internal (DS/OUV),,"Alabaster (retable of the high altar by Damià Forment, 1529)",Internal (DS/OUV),,,,,,,,,,,,,,,,,,,,,,,,,,,,,,,,,,,,,,,,,,,,High altar retable (made of alabaster),Internal (DS/OUV),,,,,,,,,,,"Retable of the high altar, church, refectory, cloister, chapter house, scriptorium, and abbot’s palace restored since 1940",Internal (DS/OUV),,Good,,,Yes,,,,Tier 9: Unflagged,
782,La Lonja de la Seda de Valencia,Spain,Flamboyant Gothic / Late Gothic; nan,Internal (DS/OUV),,1482–1533 (Built from 1483; 15th and 16th centuries),Internal (DS/OUV),,Iberian Peninsula / Valencia City,Internal (DS/OUV),,,Internal (DS/OUV),,"Freestone, Marble",Internal (DS/OUV),,Metamorphic Rock,,,,,,Alcublas marble,Internal (DS/OUV),,,,,,,,,,,Different colours (in floor paving),Internal (DS/OUV),,,,,,,,Alcublas,Internal (DS/OUV),,Spain,Internal (DS/OUV),,Local / Regional,Internal (DS/OUV),,,,,"Twisted columns, helical pillars, cross vaults, walls, tower, all in freestone",Internal (DS/OUV),,"Paved floor (Alcublas marble), grotesque gargoyles, carved decoration, richly decorated sills and lintels, portrait medallions",Internal (DS/OUV),,Freestone ashlar / helical masonry,Internal (DS/OUV),,,,,,,,Stucco decoration added in 1832; repair of roofs in 1891–1920; raising of the tower with crenelations reproducing original style; recent meticulous restoration,Internal (DS/OUV),,Good,,,Yes,,,,Tier 9: Unflagged,
1217,Vizcaya Bridge,Spain,skipped; nan,,,,,,,,,,,,,,,,,,,,,,,,,,,,,,,,,,,,,,,,,,,,,,,,,,,,,,,,,,,,,,,,,,,,,,,,,,,,,,,Tier 9: Unflagged,
348,Old Town of Ávila with its Extra-Muros Churches,Spain,skipped; nan,,,,,,,,,,,,,,,,,,,,,,,,,,,,,,,,,,,,,,,,,,,,,,,,,,,,,,,,,,,,,,,,,,,,,,,,,,,,,,,Tier 9: Unflagged,
345,Historic Fortified City of Carcassonne,France,skipped; nan,,,,,,,,,,,,,,,,,,,,,,,,,,,,,,,,,,,,,,,,,,,,,,,,,,,,,,,,,,,,,,,,,,,,,,,,,,,,,,,Tier 9: Unflagged,
1189,"Harar Jugol, the Fortified Historic Town",Ethiopia,skipped; nan,,,,,,,,,,,,,,,,,,,,,,,,,,,,,,,,,,,,,,,,,,,,,,,,,,,,,,,,,,,,,,,,,,,,,,,,,,,,,,,Tier 9: Unflagged,
361,Historic Centre of Évora,Portugal,skipped; nan,,,,,,,,,,,,,,,,,,,,,,,,,,,,,,,,,,,,,,,,,,,,,,,,,,,,,,,,,,,,,,,,,,,,,,,,,,,,,,,Tier 9: Unflagged,
1366,Selimiye Mosque and its Social Complex,Türkiye,OUV Absent; bvvvhp,Internal (DS/OUV),,16th Century (built between 1568 and 1575),Internal (DS/OUV),,Ottoman,Internal (DS/OUV),,"(i) to represent a masterpiece of human creative genius; | (iv) to be an outstanding example of a type of building, architectural or technological ensemble or landscape which illustrates (a) significant stage(s) in human history;",Internal (DS/OUV),,,,,,,,,,,,,,,,,,,,,,,,,,,,,,,,,,,,,,,,,,,,"Dome, four minarets, madrasas, covered market, clock house, library, courtyard",,,Iznik ceramic tiles,Internal (DS/OUV),,,,,,,,,,,,,,,,,No,,,bvvvhp,Tier 4: Exceptional Stone Fortress / Cathedral / Mosque (3-v Very Very High),
372,Studley Royal Park including the Ruins of Fountains Abbey,United Kingdom of Great Britain and Northern Ireland,skipped; nan,,,,,,,,,,,,,,,,,,,,,,,,,,,,,,,,,,,,,,,,,,,,,,,,,,,,,,,,,,,,,,,,,,,,,,,,,,,,,,,Tier 9: Unflagged,
412,Historic Centre of Mexico City and Xochimilco,Mexico,skipped; nan,,,,,,,,,,,,,,,,,,,,,,,,,,,,,,,,,,,,,,,,,,,,,,,,,,,,,,,,,,,,,,,,,,,,,,,,,,,,,,,Tier 9: Unflagged,
541,Vilnius Historic Centre,Lithuania,skipped; nan,,,,,,,,,,,,,,,,,,,,,,,,,,,,,,,,,,,,,,,,,,,,,,,,,,,,,,,,,,,,,,,,,,,,,,,,,,,,,,,Tier 9: Unflagged,
603,Samarkand – Crossroad of Cultures,Uzbekistan,skipped; nan,,,,,,,,,,,,,,,,,,,,,,,,,,,,,,,,,,,,,,,,,,,,,,,,,,,,,,,,,,,,,,,,,,,,,,,,,,,,,,,Tier 9: Unflagged,
602,Historic Centre of Bukhara,Uzbekistan,skipped; promised; nan,,,,,,,,,,,,,,,,,,,,,,,,,,,,,,,,,,,,,,,,,,,,,,,,,,,,,,,,,,,,,,,,,,,,,,,,,,,,,,,Tier 9: Unflagged,
334,Sanctuary of Bom Jesus do Congonhas,Brazil,"Sanctuary, Basilica, Church, Chapels, Outdoor staircase; nan",Internal (DS/OUV),,Second half of the 18th century (Church completed in 1772),Internal (DS/OUV),,Portuguese America / Latin American Baroque (Brazil),Internal (DS/OUV),,,Internal (DS/OUV),,Soapstone (pedra sabão),Internal (DS/OUV),,,,,,,,pedra sabão,Internal (DS/OUV),,,,,,,,,,,,,,,,,,,,,,,,,,,,,,,,,,,"Parapets of the divided staircase, statues of the 12 prophets, and general stonework",Internal (DS/OUV),,,,,,,,,,,Conservation and reclamation programs supported by IPHAN and the Monumenta Program,Internal (DS/OUV),,Good,,,Yes,,,,Tier 9: Unflagged,
367,"Roman Monuments, Cathedral of St Peter and Church of Our Lady in Trier",Germany,"Roman, Romanesque, Gothic, High Gothic, Renaissance, Baroque; nan",Internal (DS/OUV),,,Internal (DS/OUV),,Roman / Western Roman Empire / German Christian Medieval,Internal (DS/OUV),,,,,Marble,Internal (DS/OUV),,Metamorphic Rock,Internal (DS/OUV),,,Internal (DS/OUV),,,,,,,,,,,,,,,,,,,,,,,,,,,,,,,,,,,"Fortified gate, city walls, basilicas, thermae/baths, bridge, column, cathedral, church structures",Internal (DS/OUV),,"Baroque marble altars, archbishops' tombs, painted ceiling",Internal (DS/OUV),,"Large stone construction (Porta Nigra), brick monumental structures (Basilica)",Internal (DS/OUV),,,,,,,,Reconstructed/restored in the 19th century; WW2 damage restored between 1946–1949 (Church of Our Lady) and 1954–1956 (Basilica),Internal (DS/OUV),,Good,,,Yes,,,,Tier 9: Unflagged,
717,Historic Centre of Siena,Italy,skipped; nan,,,,,,,,,,,,,,,,,,,,,,,,,,,,,,,,,,,,,,,,,,,,,,,,,,,,,,,,,,,,,,,,,,,,,,,,,,,,,,,Tier 9: Unflagged,
385,Old City of Sana'a,Yemen,"Homogeneous architectural ensemble; multi-storeyed tower-houses, minarets, mosques, hammams (baths), caravanserais, and city walls.; nan",Internal (DS/OUV),,"Houses and structures built continuously over 2,500 years; pre-11th century houses and mosques; 16th-century Ottoman additions.",Internal (DS/OUV),,"Pre-Islamic Yemenite kingdoms, Abyssinian (Christian, 525–575 AD), Islamic / Arab, and Ottoman civilizations.",Internal (DS/OUV),,,Internal (DS/OUV),,Gypsum,Internal (DS/OUV),,Sedimentary Rock,,,,,,,,,,,,,,,,,,White (gypsum); Ochre / Bistre (earth and burnt brick),Internal (DS/OUV),,,,,"Gypsum (Calcium sulfate dihydrate, $CaSO_4 \cdot 2H_2O$",Internal (DS/OUV),,,,,Yemen (implied by local materials),Internal (DS/OUV),,"Local materials (""exceptional craftsmanship in the use of local materials and techniques"")",Internal (DS/OUV),,"Nearby/Immediate local area (""bistre-colored earth of the nearby mountains"")",Internal (DS/OUV),,Stone-built ground floors supporting upper multi-storeyed tower-houses; city boundary walls.,Internal (DS/OUV),,Fired brick combined with white gypsum applied for geometric surface patterns on building facades.,Internal (DS/OUV),,Stone masonry for lower levels; rammed earth (pisé) and burnt brick for upper floors.,Internal (DS/OUV),,,,,,,,Traditional conservation practices noted; vulnerable to incorrect contemporary conservation practices and development.,Internal (DS/OUV),,Moderate,,,Yes,,,,Tier 9: Unflagged,
549,"18th-Century Royal Palace at Caserta with the Park, the Aqueduct of Vanvitelli, and the San Leucio Complex",Italy,skipped; nan,,,,,,,,,,,,,,,,,,,,,,,,,,,,,,,,,,,,,,,,,,,,,,,,,,,,,,,,,,,,,,,,,,,,,,,,,,,,,,,Tier 9: Unflagged,
1011,Cathedral and Churches of Echmiatsin and the Archaeological Site of Zvartnots,Armenia,"Central-domed cross-hall type church, four-column domed basilica, three-aisled basilica, circular structure; nan",Internal (DS/OUV),,"AD 301–303 (Cathedral), AD 618 (St. Hripsime), AD 630 (St. Gayane), Middle of 7th century (Zvartnots), AD 1694 (St. Shoghakat), AD 1767 (St. Mariam Astvatsatsin)",Internal (DS/OUV),,Early Christian / Medieval Armenian,Internal (DS/OUV),,,Internal (DS/OUV),,Tuff (stone of volcanic origin),Internal (DS/OUV),,Igneous Rock,Internal (DS/OUV),,Marble,Internal (DS/OUV),,,,,"Tuff (volcanic ash/pyroclastic rock), Marble",Internal (DS/OUV),,,,,,,,Brown (well-processed tuff at St Shoghakat),Internal (DS/OUV),,,,,,,,,,,,,,,,,,,,"Walls, dome/roofing slabs, pillars, vaults, foundations, columns",Internal (DS/OUV),,"Internal marble painting surface (main apse fresco base), rich bas-reliefs and high-reliefs",Internal (DS/OUV),,Well-processed tuff blocks,Internal (DS/OUV),,,,,Lead roofing replaced by stone slabs (2000 AD),Internal (DS/OUV),,Roof and walls renovated in 1652; monastery renovated 1866–1882; dome stone slabs added in 2000,Internal (DS/OUV),,Good,Internal (DS/OUV),,,,,,Tier 9: Unflagged,
676,Historic Centre of Zacatecas,Mexico,skipped; nan,,,,,,,,,"(ii) to exhibit an important interchange of human values, over a span of time or within a cultural area of the world, on developments in architecture or technology, monumental arts, town-planning or landscape design; | (iv) to be an outstanding example of a type of building, architectural or technological ensemble or landscape which illustrates (a) significant stage(s) in human history;",,,,,,,,,,,,,,,,,,,,,,,,,,,,,,,,,,,,,,,,,,,,,,,,,,,,,,,,,,,,,,,,,,,,,,Tier 9: Unflagged,
585,Historic Centre of Morelia,Mexico,skipped; nan,,,,,,,,,"(ii) to exhibit an important interchange of human values, over a span of time or within a cultural area of the world, on developments in architecture or technology, monumental arts, town-planning or landscape design; | (iv) to be an outstanding example of a type of building, architectural or technological ensemble or landscape which illustrates (a) significant stage(s) in human history; | (vi) to be directly or tangibly associated with events or living traditions, with ideas, or with beliefs, with artistic and literary works of outstanding universal significance;",,,,,,,,,,,,,,,,,,,,,,,,,,,,,,,,,,,,,,,,,,,,,,,,,,,,,,,,,,,,,,,,,,,,,,Tier 9: Unflagged,
415,Historic Centre of Oaxaca and Archaeological Site of Monte Albán,Mexico,skipped; nan,,,,,,,,,"(i) to represent a masterpiece of human creative genius; | (ii) to exhibit an important interchange of human values, over a span of time or within a cultural area of the world, on developments in architecture or technology, monumental arts, town-planning or landscape design; | (iii) to bear a unique or at least exceptional testimony to a cultural tradition or to a civilization which is living or which has disappeared; | (iv) to be an outstanding example of a type of building, architectural or technological ensemble or landscape which illustrates (a) significant stage(s) in human history;",,,,,,,,,,,,,,,,,,,,,,,,,,,,,,,,,,,,,,,,,,,,,,,,,,,,,,,,,,,,,,,,,,,,,,Tier 9: Unflagged,
456,Paleochristian and Byzantine Monuments of Thessalonika,Greece,skipped; nan,,,,,,,,,"(i) to represent a masterpiece of human creative genius; | (ii) to exhibit an important interchange of human values, over a span of time or within a cultural area of the world, on developments in architecture or technology, monumental arts, town-planning or landscape design; | (iv) to be an outstanding example of a type of building, architectural or technological ensemble or landscape which illustrates (a) significant stage(s) in human history;",,,,,,,,,,,,,,,,,,,,,,,,,,,,,,,,,,,,,,,,,,,,,,,,,,,,,,,,,,,,,,,,,,,,,,Tier 9: Unflagged,
211,Minaret and Archaeological Remains of Jam,Afghanistan,skipped; nan,,,,,,,,,"(ii) to exhibit an important interchange of human values, over a span of time or within a cultural area of the world, on developments in architecture or technology, monumental arts, town-planning or landscape design; | (iii) to bear a unique or at least exceptional testimony to a cultural tradition or to a civilization which is living or which has disappeared; | (iv) to be an outstanding example of a type of building, architectural or technological ensemble or landscape which illustrates (a) significant stage(s) in human history;",,,,,,,,,,,,,,,,,,,,,,,,,,,,,,,,,,,,,,,,,,,,,,,,,,,,,,,,,,,,,,,,,,,,,,Tier 9: Unflagged,
1165,Centennial Hall in Wrocław,Poland,skipped; nan,,,,,,,,,"(i) to represent a masterpiece of human creative genius; | (ii) to exhibit an important interchange of human values, over a span of time or within a cultural area of the world, on developments in architecture or technology, monumental arts, town-planning or landscape design; | (iv) to be an outstanding example of a type of building, architectural or technological ensemble or landscape which illustrates (a) significant stage(s) in human history;",,,,,,,,,,,,,,,,,,,,,,,,,,,,,,,,,,,,,,,,,,,,,,,,,,,,,,,,,,,,,,,,,,,,,,Tier 9: Unflagged,
255,Fatehpur Sikri,India,"Mughal Architecture / Indo-Islamic Style (Palaces, Public Buildings, Mosques, Living Areas, Fortifications); nan",Internal (DS/OUV),,1571–1573 (City construction); Mosque completed in 1571–72; Tomb completed in 1580–81 / 1606; Buland Darwaza completed in 1575,Internal (DS/OUV),,Mughal Empire,Internal (DS/OUV),,"(ii) to exhibit an important interchange of human values, over a span of time or within a cultural area of the world, on developments in architecture or technology, monumental arts, town-planning or landscape design; | (iii) to bear a unique or at least exceptional testimony to a cultural tradition or to a civilization which is living or which has disappeared; | (iv) to be an outstanding example of a type of building, architectural or technological ensemble or landscape which illustrates (a) significant stage(s) in human history;",Internal (DS/OUV),,"Red Sandstone (Major), Marble (Secondary/Minor)",Internal (DS/OUV),,Sedimentary Rock,Internal (DS/OUV),,Marble,Internal (DS/OUV),,,,,,,,Vindhyan (Stratigraphic Group mentioned for hill ranges),Internal (DS/OUV),,,,,"Red (Sandstone), White (implied Marble)",Internal (DS/OUV),,"Perforated (Stone screens), Carved",Internal (DS/OUV),,,,,Outcrops of the Vindhyan hill ranges (Mining within 10-km radius banned),Internal (DS/OUV),,India,Internal (DS/OUV),,Local (Extracted from nearby Vindhyan outcrops),Internal (DS/OUV),,Local / Immediate vicinity (within 10-km radius),,,"Wall, Porticos, Pillars, Roofs, Gate (Buland Darwaza), Towers (Hiran Minar), Fortification",Internal (DS/OUV),,"Perforated stone screens, Sculpted decoration, Richly carved interior pillars, Azure-blue ribbed roof",Internal (DS/OUV),,"Perforated stone screens, Sculpted decoration, Richly carved interior pillars, Azure-blue ribbed roof",Internal (DS/OUV),,,,,,,,"Repairs, chemical preservation, and restoration carried out on Buland Darwaza, Jama Masjid, Shaikh Salim Chisti's Tomb, Khwabgah, Mariam's house, Jodha Bai Palace, Diwan-i-Am, etc.",Internal (DS/OUV),,Good,,,Yes,,,,Tier 9: Unflagged,
234,Churches and Convents of Goa,India,skipped; nan,,,,,,,,,"(ii) to exhibit an important interchange of human values, over a span of time or within a cultural area of the world, on developments in architecture or technology, monumental arts, town-planning or landscape design; | (iv) to be an outstanding example of a type of building, architectural or technological ensemble or landscape which illustrates (a) significant stage(s) in human history; | (vi) to be directly or tangibly associated with events or living traditions, with ideas, or with beliefs, with artistic and literary works of outstanding universal significance;",,,,,,,,,,,,,,,,,,,,,,,,,,,,,,,,,,,,,,,,,,,,,,,,,,,,,,,,,,,,,,,,,,,,,,Tier 9: Unflagged,
479,Town of Luang Prabang,Lao People's Democratic Republic,skipped; nan,,,,,,,,,"(ii) to exhibit an important interchange of human values, over a span of time or within a cultural area of the world, on developments in architecture or technology, monumental arts, town-planning or landscape design; | (iv) to be an outstanding example of a type of building, architectural or technological ensemble or landscape which illustrates (a) significant stage(s) in human history; | (v) to be an outstanding example of a traditional human settlement, land-use, or sea-use which is representative of a culture (or cultures), or human interaction with the environment especially when it has become vulnerable under the impact of irreversible change;",,,,,,,,,,,,,,,,,,,,,,,,,,,,,,,,,,,,,,,,,,,,,,,,,,,,,,,,,,,,,,,,,,,,,,Tier 9: Unflagged,
625,Mir Castle Complex,Belarus,OUV Absent; bp,Internal (DS/OUV),,Late 15th century to end of 19th century,Internal (DS/OUV),,Polish-Lithuanian / Belarusian / European,Internal (DS/OUV),,"(ii) to exhibit an important interchange of human values, over a span of time or within a cultural area of the world, on developments in architecture or technology, monumental arts, town-planning or landscape design; | (iv) to be an outstanding example of a type of building, architectural or technological ensemble or landscape which illustrates (a) significant stage(s) in human history;",Internal (DS/OUV),,,,,,,,,,,,,,,,,,,,,,,,,,,,,,,,Castle wall and tower masonry construction,Internal (DS/OUV),,,,,,,,,,,,,,,,,,,,,,,,,,Restored at the end of the 19th century after suffering severe damage during the Napoleonic period,Internal (DS/OUV),,,,,No,,,bp,Tier 8: Moderate Probability Stone Fabric (Possible),
940,Historic Inner City of Paramaribo,Suriname,skipped; nan,,,,,,,,,"(ii) to exhibit an important interchange of human values, over a span of time or within a cultural area of the world, on developments in architecture or technology, monumental arts, town-planning or landscape design; | (iv) to be an outstanding example of a type of building, architectural or technological ensemble or landscape which illustrates (a) significant stage(s) in human history;",,,,,,,,,,,,,,,,,,,,,,,,,,,,,,,,,,,,,,,,,,,,,,,,,,,,,,,,,,,,,,,,,,,,,,Tier 9: Unflagged,
724,Medieval Monuments in Kosovo,Serbia,OUV Absent; nan,,,,,,,,,"(ii) to exhibit an important interchange of human values, over a span of time or within a cultural area of the world, on developments in architecture or technology, monumental arts, town-planning or landscape design; | (iii) to bear a unique or at least exceptional testimony to a cultural tradition or to a civilization which is living or which has disappeared; | (iv) to be an outstanding example of a type of building, architectural or technological ensemble or landscape which illustrates (a) significant stage(s) in human history;",,,,,,,,,,,,,,,,,,,,,,,,,,,,,,,,,,,,,,,,,,,,,,,,,,,,,,,,,,,,,,,,,,No,,,,Tier 9: Unflagged,
906,Dacian Fortresses of the Orastie Mountains,Romania,OUV Absent; nan,,,,,,,,,"(ii) to exhibit an important interchange of human values, over a span of time or within a cultural area of the world, on developments in architecture or technology, monumental arts, town-planning or landscape design; | (iii) to bear a unique or at least exceptional testimony to a cultural tradition or to a civilization which is living or which has disappeared; | (iv) to be an outstanding example of a type of building, architectural or technological ensemble or landscape which illustrates (a) significant stage(s) in human history;",,,,,,,,,,,,,,,,,,,,,,,,,,,,,,,,,,,,,,,,,,,,,,,,,,,,,,,,,,,,,,,,,,No,,,,Tier 9: Unflagged,
1295,"Fort Jesus, Mombasa",Kenya,Military fortification; nan,Internal (DS/OUV),,1593–1596,Internal (DS/OUV),,"Portuguese (with later Swahili, Arab, Turkish, Persian, and British occupations)",Internal (DS/OUV),,"(ii) to exhibit an important interchange of human values, over a span of time or within a cultural area of the world, on developments in architecture or technology, monumental arts, town-planning or landscape design; | (iv) to be an outstanding example of a type of building, architectural or technological ensemble or landscape which illustrates (a) significant stage(s) in human history;",Internal (DS/OUV),,"Coral Rock, Coral Stone",Internal (DS/OUV),,Sedimentary Rock,Internal (DS/OUV),,,,,,,,Coral limestone / Coral rock,Internal (DS/OUV),,,,,,,,,,,,,,Lime mortar (calcium carbonate),Internal (DS/OUV),,,,,Kenya,Internal (DS/OUV),,Local (built over a spur of coral rock),Internal (DS/OUV),,,,,"Fortification walls, bastions, moat, structural foundations",Internal (DS/OUV),,,,,Traditional coral stone and lime mortar masonry,Internal (DS/OUV),,Erosion of rocks along the sea coast,Internal (DS/OUV),,Coral stone and lime mortar,Internal (DS/OUV),,Ongoing maintenance and conservation work using traditional materials,Internal (DS/OUV),,Good,,,Yes,,,,Tier 9: Unflagged,
1487,Arab-Norman Palermo and the Cathedral Churches of Cefalú and Monreale,Italy,skipped; promised; nan,,,,,,,,,"(ii) to exhibit an important interchange of human values, over a span of time or within a cultural area of the world, on developments in architecture or technology, monumental arts, town-planning or landscape design; | (iv) to be an outstanding example of a type of building, architectural or technological ensemble or landscape which illustrates (a) significant stage(s) in human history;",,,,,,,,,,,,,,,,,,,,,,,,,,,,,,,,,,,,,,,,,,,,,,,,,,,,,,,,,,,,,,,,,,,,,,Tier 9: Unflagged,
867,Ir.D.F. Woudagemaal (D.F. Wouda Steam Pumping Station),Netherlands (Kingdom of the),skipped; nan,,,,,,,,,"(i) to represent a masterpiece of human creative genius; | (ii) to exhibit an important interchange of human values, over a span of time or within a cultural area of the world, on developments in architecture or technology, monumental arts, town-planning or landscape design; | (iv) to be an outstanding example of a type of building, architectural or technological ensemble or landscape which illustrates (a) significant stage(s) in human history;",,,,,,,,,,,,,,,,,,,,,,,,,,,,,,,,,,,,,,,,,,,,,,,,,,,,,,,,,,,,,,,,,,,,,,Tier 9: Unflagged,
1093,Um er-Rasas (Kastrom Mefa'a),Jordan,"Roman military camp, fortified town, churches, stylized towers; nan",Internal (DS/OUV),,"End of 3rd to 9th centuries AD (Roman, Byzantine, and Early Muslim/Umayyad periods)",Internal (DS/OUV),,"Roman, Byzantine, Umayyad / Early Muslim",Internal (DS/OUV),,"(i) to represent a masterpiece of human creative genius; | (iv) to be an outstanding example of a type of building, architectural or technological ensemble or landscape which illustrates (a) significant stage(s) in human history; | (vi) to be directly or tangibly associated with events or living traditions, with ideas, or with beliefs, with artistic and literary works of outstanding universal significance;",Internal (DS/OUV),,Limestone (Geological material is explicitly mentioned),Internal (DS/OUV),,Sedimentary Rock,Internal (DS/OUV),,,,,,,,,,,,,,,,,,,,,,,,,,Local quarries associated with northern group of ruins (Geological source area mentioned),Internal (DS/OUV),,Jordan,Internal (DS/OUV),,Local,Internal (DS/OUV),,,,,"Fortified Roman walls, towers, churches, courtyard walls, columns",Internal (DS/OUV),,"Geometric, town-map, and animal mosaic floors; painted plaster on limestone",Internal (DS/OUV),,"Stone tower construction, coursed stone masonry",Internal (DS/OUV),,"General weathering processes, seismic structural collapse, poor drainage vulnerability",Internal (DS/OUV),,,,,"Structural consolidation, backfilling, protective shelters over St Stephen's Church and Church of the Lions",Internal (DS/OUV),,Poor,,,Yes,,,,Tier 9: Unflagged,
1733,Minoan Palatial Centres,Greece,OUV Absent; nan,,,,,,,,,"(ii) to exhibit an important interchange of human values, over a span of time or within a cultural area of the world, on developments in architecture or technology, monumental arts, town-planning or landscape design; | (iii) to bear a unique or at least exceptional testimony to a cultural tradition or to a civilization which is living or which has disappeared; | (iv) to be an outstanding example of a type of building, architectural or technological ensemble or landscape which illustrates (a) significant stage(s) in human history; | (vi) to be directly or tangibly associated with events or living traditions, with ideas, or with beliefs, with artistic and literary works of outstanding universal significance;",,,,,,,,,,,,,,,,,,,,,,,,,,,,,,,,,,,,,,,,,,,,,,,,,,,,,,,,,,,,,,,,,,No,,,,Tier 9: Unflagged,
428,City of Bath,United Kingdom of Great Britain and Northern Ireland,"Neoclassical, Palladian, Georgian, Renaissance; nan",Internal (DS/OUV),,"Roman (1st century AD), Middle Ages, 18th century (Georgian)",Internal (DS/OUV),,"Roman, British/Georgian",Internal (DS/OUV),,"(i) to represent a masterpiece of human creative genius; | (ii) to exhibit an important interchange of human values, over a span of time or within a cultural area of the world, on developments in architecture or technology, monumental arts, town-planning or landscape design; | (iv) to be an outstanding example of a type of building, architectural or technological ensemble or landscape which illustrates (a) significant stage(s) in human history;",,,"Oolitic limestone, Limestone",Internal (DS/OUV),,Sedimentary Rock,Internal (DS/OUV),,,,,Bath Oolitic limestone / Bath Stone,Internal (DS/OUV),,Oolitic limestone,Internal (DS/OUV),,,,,,,,,,,Oolitic,Internal (DS/OUV),,,,,Ralph Allen's Quarries (Combe Down),Internal (DS/OUV),,United Kingdom,Internal (DS/OUV),,Local,Internal (DS/OUV),,,,,"Crescents, terraces, squares, abbey, public buildings, thermal baths, temples",Internal (DS/OUV),,"Neoclassical facades, Palladian architectural elements",Internal (DS/OUV),,,,,,,,,,,Program of restoration in the late 20th century,Internal (DS/OUV),,Excellent,,,Yes,,,,Tier 9: Unflagged,
379,Historic City of Toledo,Spain,skipped; nan,,,,,,,,,"(i) to represent a masterpiece of human creative genius; | (ii) to exhibit an important interchange of human values, over a span of time or within a cultural area of the world, on developments in architecture or technology, monumental arts, town-planning or landscape design; | (iii) to bear a unique or at least exceptional testimony to a cultural tradition or to a civilization which is living or which has disappeared; | (iv) to be an outstanding example of a type of building, architectural or technological ensemble or landscape which illustrates (a) significant stage(s) in human history;",,,,,,,,,,,,,,,,,,,,,,,,,,,,,,,,,,,,,,,,,,,,,,,,,,,,,,,,,,,,,,,,,,,,,,Tier 9: Unflagged,
527,"Kyiv: Saint-Sophia Cathedral and Related Monastic Buildings, Kyiv-Pechersk Lavra",Ukraine,skipped; nan,,,,,,,,,"(i) to represent a masterpiece of human creative genius; | (ii) to exhibit an important interchange of human values, over a span of time or within a cultural area of the world, on developments in architecture or technology, monumental arts, town-planning or landscape design; | (iii) to bear a unique or at least exceptional testimony to a cultural tradition or to a civilization which is living or which has disappeared; | (iv) to be an outstanding example of a type of building, architectural or technological ensemble or landscape which illustrates (a) significant stage(s) in human history;",,,,,,,,,,,,,,,,,,,,,,,,,,,,,,,,,,,,,,,,,,,,,,,,,,,,,,,,,,,,,,,,,,,,,,Tier 9: Unflagged,
29,Historic Centre of Kraków,Poland,skipped; nan,,,,,,,,,"(iv) to be an outstanding example of a type of building, architectural or technological ensemble or landscape which illustrates (a) significant stage(s) in human history;",,,,,,,,,,,,,,,,,,,,,,,,,,,,,,,,,,,,,,,,,,,,,,,,,,,,,,,,,,,,,,,,,,,,,,Tier 9: Unflagged,
383,"Cathedral, Alcázar and Archivo de Indias in Seville",Spain,skipped; but promissing; nan,,,,,,,,,"(i) to represent a masterpiece of human creative genius; | (ii) to exhibit an important interchange of human values, over a span of time or within a cultural area of the world, on developments in architecture or technology, monumental arts, town-planning or landscape design; | (iii) to bear a unique or at least exceptional testimony to a cultural tradition or to a civilization which is living or which has disappeared; | (vi) to be directly or tangibly associated with events or living traditions, with ideas, or with beliefs, with artistic and literary works of outstanding universal significance;",,,,,,,,,,,,,,,,,,,,,,,,,,,,,,,,,,,,,,,,,,,,,,,,,,,,,,,,,,,,,,,,,,,,,,Tier 9: Unflagged,
862,Historic Monuments Zone of Tlacotalpan,Mexico,skipped; nan,,,,,,,,,"(ii) to exhibit an important interchange of human values, over a span of time or within a cultural area of the world, on developments in architecture or technology, monumental arts, town-planning or landscape design; | (iv) to be an outstanding example of a type of building, architectural or technological ensemble or landscape which illustrates (a) significant stage(s) in human history;",,,,,,,,,,,,,,,,,,,,,,,,,,,,,,,,,,,,,,,,,,,,,,,,,,,,,,,,,,,,,,,,,,,,,,Tier 9: Unflagged,
804,"Palau de la Música Catalana and Hospital de Sant Pau, Barcelona",Spain,skipped; promising; nan,,,,,,,,,"(i) to represent a masterpiece of human creative genius; | (ii) to exhibit an important interchange of human values, over a span of time or within a cultural area of the world, on developments in architecture or technology, monumental arts, town-planning or landscape design; | (iv) to be an outstanding example of a type of building, architectural or technological ensemble or landscape which illustrates (a) significant stage(s) in human history;",,,,,,,,,,,,,,,,,,,,,,,,,,,,,,,,,,,,,,,,,,,,,,,,,,,,,,,,,,,,,,,,,,,,,,Tier 9: Unflagged,
550,Historic Centre of San Gimignano,Italy,skipped; promising; nan,,,,,,,,,"(i) to represent a masterpiece of human creative genius; | (iii) to bear a unique or at least exceptional testimony to a cultural tradition or to a civilization which is living or which has disappeared; | (iv) to be an outstanding example of a type of building, architectural or technological ensemble or landscape which illustrates (a) significant stage(s) in human history;",,,,,,,,,,,,,,,,,,,,,,,,,,,,,,,,,,,,,,,,,,,,,,,,,,,,,,,,,,,,,,,,,,,,,,Tier 9: Unflagged,
192,Old Walled City of Shibam,Yemen,skipped;; nan,,,,,,,,,"(iii) to bear a unique or at least exceptional testimony to a cultural tradition or to a civilization which is living or which has disappeared; | (iv) to be an outstanding example of a type of building, architectural or technological ensemble or landscape which illustrates (a) significant stage(s) in human history; | (v) to be an outstanding example of a traditional human settlement, land-use, or sea-use which is representative of a culture (or cultures), or human interaction with the environment especially when it has become vulnerable under the impact of irreversible change;",,,,,,,,,,,,,,,,,,,,,,,,,,,,,,,,,,,,,,,,,,,,,,,,,,,,,,,,,,,,,,,,,,,,,,Tier 9: Unflagged,
1139,Tomb of Askia,Mali,skipped; nan,,,,,,,,,"(ii) to exhibit an important interchange of human values, over a span of time or within a cultural area of the world, on developments in architecture or technology, monumental arts, town-planning or landscape design; | (iii) to bear a unique or at least exceptional testimony to a cultural tradition or to a civilization which is living or which has disappeared; | (iv) to be an outstanding example of a type of building, architectural or technological ensemble or landscape which illustrates (a) significant stage(s) in human history;",,,,,,,,,,,,,,,,,,,,,,,,,,,,,,,,,,,,,,,,,,,,,,,,,,,,,,,,,,,,,,,,,,,,,,Tier 9: Unflagged,
816,Changdeokgung Palace Complex,Republic of Korea,skipped; nan,,,,,,,,,"(ii) to exhibit an important interchange of human values, over a span of time or within a cultural area of the world, on developments in architecture or technology, monumental arts, town-planning or landscape design; | (iii) to bear a unique or at least exceptional testimony to a cultural tradition or to a civilization which is living or which has disappeared; | (iv) to be an outstanding example of a type of building, architectural or technological ensemble or landscape which illustrates (a) significant stage(s) in human history;",,,,,,,,,,,,,,,,,,,,,,,,,,,,,,,,,,,,,,,,,,,,,,,,,,,,,,,,,,,,,,,,,,,,,,Tier 9: Unflagged,
81,Chartres Cathedral,France,skipped; promised; nan,,,,,,,,,"(i) to represent a masterpiece of human creative genius; | (ii) to exhibit an important interchange of human values, over a span of time or within a cultural area of the world, on developments in architecture or technology, monumental arts, town-planning or landscape design; | (iv) to be an outstanding example of a type of building, architectural or technological ensemble or landscape which illustrates (a) significant stage(s) in human history;",,,,,,,,,,,,,,,,,,,,,,,,,,,,,,,,,,,,,,,,,,,,,,,,,,,,,,,,,,,,,,,,,,,,,,Tier 9: Unflagged,
331,Medina of Marrakesh,Morocco,skipped; nan,,,,,,,,,"(i) to represent a masterpiece of human creative genius; | (ii) to exhibit an important interchange of human values, over a span of time or within a cultural area of the world, on developments in architecture or technology, monumental arts, town-planning or landscape design; | (iv) to be an outstanding example of a type of building, architectural or technological ensemble or landscape which illustrates (a) significant stage(s) in human history; | (v) to be an outstanding example of a traditional human settlement, land-use, or sea-use which is representative of a culture (or cultures), or human interaction with the environment especially when it has become vulnerable under the impact of irreversible change;",,,,,,,,,,,,,,,,,,,,,,,,,,,,,,,,,,,,,,,,,,,,,,,,,,,,,,,,,,,,,,,,,,No,,,,Tier 9: Unflagged,
374,Castles and Town Walls of King Edward in Gwynedd,United Kingdom of Great Britain and Northern Ireland,skipped; nan,,,,,,,,,"(i) to represent a masterpiece of human creative genius; | (iii) to bear a unique or at least exceptional testimony to a cultural tradition or to a civilization which is living or which has disappeared; | (iv) to be an outstanding example of a type of building, architectural or technological ensemble or landscape which illustrates (a) significant stage(s) in human history;",,,,,,,,,,,,,,,,,,,,,,,,,,,,,,,,,,,,,,,,,,,,,,,,,,,,,,,,,,,,,,,,,,No,,,,Tier 9: Unflagged,
1073,Gebel Barkal and the Sites of the Napatan Region,Sudan,"Tombs (with and without pyramids), temples, burial mounds/funerary chambers, living complexes, and palaces; nan",Internal (DS/OUV),,Napatan (900 to 270 BC) and Meroitic (270 BC to 350 AD) cultures; New Kingdom origins (ca. 1500 BC) up to 6th Century AD,Internal (DS/OUV),,Kushite civilization (Second Kingdom of Kush / Napato-Meroitic),Internal (DS/OUV),,"(i) to represent a masterpiece of human creative genius; | (ii) to exhibit an important interchange of human values, over a span of time or within a cultural area of the world, on developments in architecture or technology, monumental arts, town-planning or landscape design; | (iii) to bear a unique or at least exceptional testimony to a cultural tradition or to a civilization which is living or which has disappeared; | (iv) to be an outstanding example of a type of building, architectural or technological ensemble or landscape which illustrates (a) significant stage(s) in human history; | (vi) to be directly or tangibly associated with events or living traditions, with ideas, or with beliefs, with artistic and literary works of outstanding universal significance;",Internal (DS/OUV),,Sandstone,Internal (DS/OUV),,Sedimentary Rock,,,,,,,,,sandstone,,,,,,,,,,,,,,,,,,,,,Sudan,Internal (DS/OUV),,Local (rock-cut features and sacred flat-topped mountain),Internal (DS/OUV),,,,,"Flat-topped mountain rock, steep-angled pyramids, corbel vaults of tombs, wall structures, rock-cut burial chambers",Internal (DS/OUV),,"Reliefs, wall inscriptions, old script writings, and painted scenes on walls",Internal (DS/OUV),,"Corbel vaults, rock-cut chambers",Internal (DS/OUV),,Affected by the action of nature and man,Internal (DS/OUV),,,,,Limited inadequate restoration interventions of the last century,Internal (DS/OUV),,Excellent,,,Yes,,,,Tier 9: Unflagged,
1470,Naumburg Cathedral,Germany,skipped; nan,,,,,,,,,"(i) to represent a masterpiece of human creative genius; | (ii) to exhibit an important interchange of human values, over a span of time or within a cultural area of the world, on developments in architecture or technology, monumental arts, town-planning or landscape design;",,,,,,,,,,,,,,,,,,,,,,,,,,,,,,,,,,,,,,,,,,,,,,,,,,,,,,,,,,,,,,,,,,No,,,,Tier 9: Unflagged,
1485,The Forth Bridge,United Kingdom of Great Britain and Northern Ireland,Railway Bridge / Multi-span Cantilever Trussed Bridge; nan,Internal (DS/OUV),,Built between 1882 and 1890 (Opened in 1890),Internal (DS/OUV),,Modern Industrial / Victorian Engineering,Internal (DS/OUV),,"(i) to represent a masterpiece of human creative genius; | (iv) to be an outstanding example of a type of building, architectural or technological ensemble or landscape which illustrates (a) significant stage(s) in human history;",Internal (DS/OUV),,Granite,Internal (DS/OUV),,Igneous Rock,Internal (DS/OUV),,,,,,,,,,,,,,,,,,,,,,,,,,,,,,,,,,,,,,Pier Foundations / Substructure (supporting steel double-cantilever towers),Internal (DS/OUV),,,,,Foundation / Pier Masonry,Internal (DS/OUV),,,,,,,,Over ten years of restoration/maintenance work (including a new paint system by Network Rail),Internal (DS/OUV),,Excellent,,,Yes,,,,Tier 9: Unflagged,
696,Kronborg Castle,Denmark,"Renaissance castle, military fortress, four-winged building with towers and spires; nan",Internal (DS/OUV),,"1574 (begun by King Frederik II), reconstructed post-1629 fire, 17th-century fortification additions",Internal (DS/OUV),,Danish / Northern European Renaissance,Internal (DS/OUV),,"(iv) to be an outstanding example of a type of building, architectural or technological ensemble or landscape which illustrates (a) significant stage(s) in human history;",,,Sandstone,Internal (DS/OUV),,,,,,,,,,,,,,,,,,,,,,,,,,,,,,,,,,,,,,,,,"Facades, front walls",Internal (DS/OUV),,Sandstone ornaments,Internal (DS/OUV),,Horizontal bands,Internal (DS/OUV),,"Building and ground decay as a result of lack of maintenance, climate, or fire",Internal (DS/OUV),,Replicas of sandstone ornaments,Internal (DS/OUV),,Thorough restoration in 1924–38; ongoing continual facade restoration,Internal (DS/OUV),,Good,,,Yes,,,,Tier 9: Unflagged,
616,Historic Centre of Prague,Czechia,skipped; promised; nan,,,,,,,,,"(ii) to exhibit an important interchange of human values, over a span of time or within a cultural area of the world, on developments in architecture or technology, monumental arts, town-planning or landscape design; | (iv) to be an outstanding example of a type of building, architectural or technological ensemble or landscape which illustrates (a) significant stage(s) in human history; | (vi) to be directly or tangibly associated with events or living traditions, with ideas, or with beliefs, with artistic and literary works of outstanding universal significance;",,,,,,,,,,,,,,,,,,,,,,,,,,,,,,,,,,,,,,,,,,,,,,,,,,,,,,,,,,,,,,,,,,No,,,,Tier 9: Unflagged,
312,Monuments of Oviedo and the Kingdom of the Asturias,Spain,skipped; promising; nan,,,,,,,,,"(i) to represent a masterpiece of human creative genius; | (ii) to exhibit an important interchange of human values, over a span of time or within a cultural area of the world, on developments in architecture or technology, monumental arts, town-planning or landscape design; | (v) to be an outstanding example of a traditional human settlement, land-use, or sea-use which is representative of a culture (or cultures), or human interaction with the environment especially when it has become vulnerable under the impact of irreversible change;",,,,,,,,,,,,,,,,,,,,,,,,,,,,,,,,,,,,,,,,,,,,,,,,,,,,,,,,,,,,,,,,,,No,,,,Tier 9: Unflagged,
1270,Historic Centre of Camagüey,Cuba,skipped; nan,,,,,,,,,"(iv) to be an outstanding example of a type of building, architectural or technological ensemble or landscape which illustrates (a) significant stage(s) in human history; | (v) to be an outstanding example of a traditional human settlement, land-use, or sea-use which is representative of a culture (or cultures), or human interaction with the environment especially when it has become vulnerable under the impact of irreversible change;",,,,,,,,,,,,,,,,,,,,,,,,,,,,,,,,,,,,,,,,,,,,,,,,,,,,,,,,,,,,,,,,,,No,,,,Tier 9: Unflagged,
1155,Old town of Regensburg with Stadtamhof,Germany,skipped; nan,,,,,,,,,"(ii) to exhibit an important interchange of human values, over a span of time or within a cultural area of the world, on developments in architecture or technology, monumental arts, town-planning or landscape design; | (iii) to bear a unique or at least exceptional testimony to a cultural tradition or to a civilization which is living or which has disappeared; | (iv) to be an outstanding example of a type of building, architectural or technological ensemble or landscape which illustrates (a) significant stage(s) in human history;",,,,,,,,,,,,,,,,,,,,,,,,,,,,,,,,,,,,,,,,,,,,,,,,,,,,,,,,,,,,,,,,,,No,,,,Tier 9: Unflagged,
203,"From the Great Saltworks of Salins-les-Bains to the Royal Saltworks of Arc-et-Senans, the Production of Open-pan Salt",France,skipped; promising; nan,,,,,,,,,"(i) to represent a masterpiece of human creative genius; | (ii) to exhibit an important interchange of human values, over a span of time or within a cultural area of the world, on developments in architecture or technology, monumental arts, town-planning or landscape design; | (iv) to be an outstanding example of a type of building, architectural or technological ensemble or landscape which illustrates (a) significant stage(s) in human history;",,,,,,,,,,,,,,,,,,,,,,,,,,,,,,,,,,,,,,,,,,,,,,,,,,,,,,,,,,,,,,,,,,No,,,,Tier 9: Unflagged,
818,Mill Network at Kinderdijk-Elshout,Netherlands (Kingdom of the),skipped; nan,,,,,,,,,"(i) to represent a masterpiece of human creative genius; | (ii) to exhibit an important interchange of human values, over a span of time or within a cultural area of the world, on developments in architecture or technology, monumental arts, town-planning or landscape design; | (iv) to be an outstanding example of a type of building, architectural or technological ensemble or landscape which illustrates (a) significant stage(s) in human history;",,,,,,,,,,,,,,,,,,,,,,,,,,,,,,,,,,,,,,,,,,,,,,,,,,,,,,,,,,,,,,,,,,No,,,,Tier 9: Unflagged,
863,Historic Centre of Santa Ana de los Ríos de Cuenca,Ecuador,skipped; promising; nan,,,,,,,,,"(ii) to exhibit an important interchange of human values, over a span of time or within a cultural area of the world, on developments in architecture or technology, monumental arts, town-planning or landscape design; | (iv) to be an outstanding example of a type of building, architectural or technological ensemble or landscape which illustrates (a) significant stage(s) in human history; | (v) to be an outstanding example of a traditional human settlement, land-use, or sea-use which is representative of a culture (or cultures), or human interaction with the environment especially when it has become vulnerable under the impact of irreversible change;",,,,,,,,,,,,,,,,,,,,,,,,,,,,,,,,,,,,,,,,,,,,,,,,,,,,,,,,,,,,,,,,,,No,,,,Tier 9: Unflagged,
710,Gelati Monastery,Georgia,skipped; promising; nan,,,,,,,,,"(iv) to be an outstanding example of a type of building, architectural or technological ensemble or landscape which illustrates (a) significant stage(s) in human history;",,,,,,,,,,,,,,,,,,,,,,,,,,,,,,,,,,,,,,,,,,,,,,,,,,,,,,,,,,,,,,,,,,No,,,,Tier 9: Unflagged,
526,Colonial City of Santo Domingo,Dominican Republic,skipped; promising; nan,,,,,,,,,"(ii) to exhibit an important interchange of human values, over a span of time or within a cultural area of the world, on developments in architecture or technology, monumental arts, town-planning or landscape design; | (iv) to be an outstanding example of a type of building, architectural or technological ensemble or landscape which illustrates (a) significant stage(s) in human history; | (vi) to be directly or tangibly associated with events or living traditions, with ideas, or with beliefs, with artistic and literary works of outstanding universal significance;",,,,,,,,,,,,,,,,,,,,,,,,,,,,,,,,,,,,,,,,,,,,,,,,,,,,,,,,,,,,,,,,,,No,,,,Tier 9: Unflagged,
1202,Urban Historic Centre of Cienfuegos,Cuba,skipped;; nan,,,,,,,,,"(ii) to exhibit an important interchange of human values, over a span of time or within a cultural area of the world, on developments in architecture or technology, monumental arts, town-planning or landscape design; | (iv) to be an outstanding example of a type of building, architectural or technological ensemble or landscape which illustrates (a) significant stage(s) in human history;",,,,,,,,,,,,,,,,,,,,,,,,,,,,,,,,,,,,,,,,,,,,,,,,,,,,,,,,,,,,,,,,,,No,,,,Tier 9: Unflagged,
1054,Churches of Peace in Jawor and Świdnica,Poland,skipped; nan,,,,,,,,,"(iii) to bear a unique or at least exceptional testimony to a cultural tradition or to a civilization which is living or which has disappeared; | (iv) to be an outstanding example of a type of building, architectural or technological ensemble or landscape which illustrates (a) significant stage(s) in human history; | (vi) to be directly or tangibly associated with events or living traditions, with ideas, or with beliefs, with artistic and literary works of outstanding universal significance;",,,,,,,,,,,,,,,,,,,,,,,,,,,,,,,,,,,,,,,,,,,,,,,,,,,,,,,,,,,,,,,,,,No,,,,Tier 9: Unflagged,
370,Durham Castle and Cathedral,United Kingdom of Great Britain and Northern Ireland,skipped; promising; nan,,,,,,,,,"(ii) to exhibit an important interchange of human values, over a span of time or within a cultural area of the world, on developments in architecture or technology, monumental arts, town-planning or landscape design; | (iv) to be an outstanding example of a type of building, architectural or technological ensemble or landscape which illustrates (a) significant stage(s) in human history; | (vi) to be directly or tangibly associated with events or living traditions, with ideas, or with beliefs, with artistic and literary works of outstanding universal significance;",,,,,,,,,,,,,,,,,,,,,,,,,,,,,,,,,,,,,,,,,,,,,,,,,,,,,,,,,,,,,,,,,,No,,,,Tier 9: Unflagged,
433,Bahla Fort,Oman,skipped; highly promising; nan,,,,,,,,,"(iv) to be an outstanding example of a type of building, architectural or technological ensemble or landscape which illustrates (a) significant stage(s) in human history;",,,,,,,,,,,,,,,,,,,,,,,,,,,,,,,,,,,,,,,,,,,,,,,,,,,,,,,,,,,,,,,,,,No,,,,Tier 9: Unflagged,
828,Historic Centre of Urbino,Italy,skipped; promised; nan,,,,,,,,,"(ii) to exhibit an important interchange of human values, over a span of time or within a cultural area of the world, on developments in architecture or technology, monumental arts, town-planning or landscape design; | (iv) to be an outstanding example of a type of building, architectural or technological ensemble or landscape which illustrates (a) significant stage(s) in human history;",,,,,,,,,,,,,,,,,,,,,,,,,,,,,,,,,,,,,,,,,,,,,,,,,,,,,,,,,,,,,,,,,,No,,,,Tier 9: Unflagged,
189,Historic Centre of the Town of Olinda,Brazil,skipped; nan,,,,,,,,,"(ii) to exhibit an important interchange of human values, over a span of time or within a cultural area of the world, on developments in architecture or technology, monumental arts, town-planning or landscape design; | (iv) to be an outstanding example of a type of building, architectural or technological ensemble or landscape which illustrates (a) significant stage(s) in human history;",,,,,,,,,,,,,,,,,,,,,,,,,,,,,,,,,,,,,,,,,,,,,,,,,,,,,,,,,,,,,,,,,,No,,,,Tier 9: Unflagged,
371,Ironbridge Gorge,United Kingdom of Great Britain and Northern Ireland,Skipped; nan,,,,,,,,,"(i) to represent a masterpiece of human creative genius; | (ii) to exhibit an important interchange of human values, over a span of time or within a cultural area of the world, on developments in architecture or technology, monumental arts, town-planning or landscape design; | (iv) to be an outstanding example of a type of building, architectural or technological ensemble or landscape which illustrates (a) significant stage(s) in human history; | (vi) to be directly or tangibly associated with events or living traditions, with ideas, or with beliefs, with artistic and literary works of outstanding universal significance;",,,,,,,,,,,,,,,,,,,,,,,,,,,,,,,,,,,,,,,,,,,,,,,,,,,,,,,,,,,,,,,,,,No,,,,Tier 9: Unflagged,
1106,Pasargadae,Iran (Islamic Republic of),"Capital, Palaces, Gardens, Gatehouse, Audience Hall, Residential Palace, Mausoleum/Tomb, Fortified Platform (Tall-e Takht), Citadel; nan",Internal (DS/OUV),,6th century BC,Internal (DS/OUV),,Persian / Achaemenid (First Persian) Empire,Internal (DS/OUV),,"(i) to represent a masterpiece of human creative genius; | (ii) to exhibit an important interchange of human values, over a span of time or within a cultural area of the world, on developments in architecture or technology, monumental arts, town-planning or landscape design; | (iii) to bear a unique or at least exceptional testimony to a cultural tradition or to a civilization which is living or which has disappeared; | (iv) to be an outstanding example of a type of building, architectural or technological ensemble or landscape which illustrates (a) significant stage(s) in human history;",Internal (DS/OUV),,Limestone ,Internal (DS/OUV),,Sedimentary Rock,,,Mud-brick (mentioned for Tall-e Takht defenses),Internal (DS/OUV),,,,,Compact limestone,Internal (DS/OUV),,,,,,,,,,,,,,,,,,,,,,,"Local (Morgab plain setting mentioned, though quarry origin is not specified) / NA",Internal (DS/OUV),,,,,"Tomb (compact limestone tomb holding Cyrus the Great’s gilded sarcophagus), Fortified Platform (Tall-e Takht), Waterways/Pathways (Four Gardens)",Internal (DS/OUV),,"Refined details, slender verticality",Internal (DS/OUV),,Mud-brick construction (citadel/fortified platform); Refined stone architecture,Internal (DS/OUV),,"Erosion (physical, chemical, environmental), violent winds, burning sun, flooding",Internal (DS/OUV),,,,,Recent restoration utilizing traditional technology and materials in harmony with the ensemble; poor condition of mud-brick due to 1960s excavations,Internal (DS/OUV),,Good,,,Yes,,,,Tier 9: Unflagged,
755,"Historic Centre of Oporto, Luiz I Bridge and Monastery of Serra do Pilar",Portugal,skipped; nan,,,,,,,,,"(iv) to be an outstanding example of a type of building, architectural or technological ensemble or landscape which illustrates (a) significant stage(s) in human history;",,,,,,,,,,,,,,,,,,,,,,,,,,,,,,,,,,,,,,,,,,,,,,,,,,,,,,,,,,,,,,,,,,Yes,,,,Tier 9: Unflagged,
1452,Bursa and Cumalıkızık: the Birth of the Ottoman Empire,Türkiye,OUV Absent; nan,,,,,,,,,"(i) to represent a masterpiece of human creative genius; | (ii) to exhibit an important interchange of human values, over a span of time or within a cultural area of the world, on developments in architecture or technology, monumental arts, town-planning or landscape design; | (iv) to be an outstanding example of a type of building, architectural or technological ensemble or landscape which illustrates (a) significant stage(s) in human history; | (vi) to be directly or tangibly associated with events or living traditions, with ideas, or with beliefs, with artistic and literary works of outstanding universal significance;",,,,,,,,,,,,,,,,,,,,,,,,,,,,,,,,,,,,,,,,,,,,,,,,,,,,,,,,,,,,,,,,,,No,,,,Tier 9: Unflagged,
505,Monastery of Alcobaça,Portugal,skipped but highlt promising; nan,,,,,,,,,"(i) to represent a masterpiece of human creative genius; | (iv) to be an outstanding example of a type of building, architectural or technological ensemble or landscape which illustrates (a) significant stage(s) in human history;",,,,,,,,,,,,,,,,,,,,,,,,,,,,,,,,,,,,,,,,,,,,,,,,,,,,,,,,,,,,,,,,,,No,,,,Tier 9: Unflagged,
1532,"Temple Zone of Sambor Prei Kuk, Archaeological Site of Ancient Ishanapura",Cambodia,Pre-Angkorian / Chenla Period Khmer Architecture (including octagonal temples reflecting flying octagonal palaces / Vimana Trivishtapa); nan,Internal (DS/OUV),,Late 6th and early 7th centuries AD (with repairs/modifications from 7th to 11th century),Internal (DS/OUV),,Chenla Empire / Kingdom,Internal (DS/OUV),,"(ii) to exhibit an important interchange of human values, over a span of time or within a cultural area of the world, on developments in architecture or technology, monumental arts, town-planning or landscape design; | (iii) to bear a unique or at least exceptional testimony to a cultural tradition or to a civilization which is living or which has disappeared; | (vi) to be directly or tangibly associated with events or living traditions, with ideas, or with beliefs, with artistic and literary works of outstanding universal significance;",Internal (DS/OUV),,"Sandstone, Fired Brick, Laterite",Internal (DS/OUV),,Sedimentary Rock,,,,,,,,,,,,,,,,,,,,,,,,,,,,,,,,,,,,,,,"Fired brick and/or laterite for enclosure walls, central towers, and surrounding structures",Internal (DS/OUV),,"Sandstone used for decorative details (lintels, pediments, colonnades, and sculptures)",Internal (DS/OUV),,Brick construction with sandstone detailing and sympathetic brickwork restoration using traditional techniques,Internal (DS/OUV),,"Degradation caused by ravages of time, vagaries of climate, forest encroachment, decay, and recent historical conflict/war zone",Internal (DS/OUV),,Sympathetic restoration to damaged brickwork using old/traditional bricks,Internal (DS/OUV),,"Reversible, minor reconstruction focused on ensuring structural stability without hypothetical reconstruction",Internal (DS/OUV),,Poor,Internal (DS/OUV),,Yes,,,,Tier 9: Unflagged,
1572,Göbekli Tepe,Türkiye,OUV Absent; nan,,,,,,,,,"(i) to represent a masterpiece of human creative genius; | (ii) to exhibit an important interchange of human values, over a span of time or within a cultural area of the world, on developments in architecture or technology, monumental arts, town-planning or landscape design; | (iv) to be an outstanding example of a type of building, architectural or technological ensemble or landscape which illustrates (a) significant stage(s) in human history;",,,,,,,,,,,,,,,,,,,,,,,,,,,,,,,,,,,,,,,,,,,,,,,,,,,,,,,,,,,,,,,,,,No,,,,Tier 9: Unflagged,
356,Historic Areas of Istanbul,Türkiye,OUV Absent; nan,,,,,,,,,"(i) to represent a masterpiece of human creative genius; | (ii) to exhibit an important interchange of human values, over a span of time or within a cultural area of the world, on developments in architecture or technology, monumental arts, town-planning or landscape design; | (iii) to bear a unique or at least exceptional testimony to a cultural tradition or to a civilization which is living or which has disappeared; | (iv) to be an outstanding example of a type of building, architectural or technological ensemble or landscape which illustrates (a) significant stage(s) in human history;",,,,,,,,,,,,,,,,,,,,,,,,,,,,,,,,,,,,,,,,,,,,,,,,,,,,,,,,,,,,,,,,,,No,,,,Tier 9: Unflagged,
1599,Krzemionki Prehistoric Striped Flint Mining Region,Poland,"Monastery, Pilgrimage Centre, Ecclesiastical Complex (Churches, Baptistery, Basilicas, Hostels/Rest Houses, Public Baths, Workshops); nan",Internal (DS/OUV),,4th to 7th centuries AD (A.D. 296 – 7th Century AD),Internal (DS/OUV),,Early Christian / Coptic,Internal (DS/OUV),,"(iii) to bear a unique or at least exceptional testimony to a cultural tradition or to a civilization which is living or which has disappeared; | (iv) to be an outstanding example of a type of building, architectural or technological ensemble or landscape which illustrates (a) significant stage(s) in human history;",Internal (DS/OUV),,"Limestone, Marble",Internal (DS/OUV),,Sedimentary Rock,Internal (DS/OUV),,,,,,,,"Limestone, Marble",Internal (DS/OUV),,,,,,,,,,,,,,,,,,,,,,,,,,,,,Ashlar masonry for main buildings / wall construction,Internal (DS/OUV),,"Columns (made of Marble), Mosaics, fine lime plaster",Internal (DS/OUV),,Ashlar masonry set in lime mortar; Mud bricks covered with fine lime plaster for simpler buildings,Internal (DS/OUV),,"Risks from heavy rains, winds, humidity, fires, and rising underground water related to agricultural irrigation",Internal (DS/OUV),,,,,Ongoing periodic maintenance and active dewatering project to lower underground water table,Internal (DS/OUV),,Moderate,,,Yes,,,,Tier 9: Unflagged,
880,"Summer Palace, an Imperial Garden in Beijing",China,skipped; nan,,,,,,,,,"(i) to represent a masterpiece of human creative genius; | (ii) to exhibit an important interchange of human values, over a span of time or within a cultural area of the world, on developments in architecture or technology, monumental arts, town-planning or landscape design; | (iii) to bear a unique or at least exceptional testimony to a cultural tradition or to a civilization which is living or which has disappeared;",,,,,,,,,,,,,,,,,,,,,,,,,,,,,,,,,,,,,,,,,,,,,,,,,,,,,,,,,,,,,,,,,,No,,,,Tier 9: Unflagged,
795,Maritime Greenwich,United Kingdom of Great Britain and Northern Ireland,"Ensemble of Baroque, Palladian, and Classical buildings, including a Royal Palace, Naval College, Chapel, Observatory, and Royal Park.; nan",Internal (DS/OUV),,"17th and 18th centuries (e.g., St Alphege’s church rebuilt 1712–14; Royal Observatory founded 1675).",Internal (DS/OUV),,British / European (Royal Kingdom of Great Britain).,Internal (DS/OUV),,"(i) to represent a masterpiece of human creative genius; | (ii) to exhibit an important interchange of human values, over a span of time or within a cultural area of the world, on developments in architecture or technology, monumental arts, town-planning or landscape design; | (iv) to be an outstanding example of a type of building, architectural or technological ensemble or landscape which illustrates (a) significant stage(s) in human history; | (vi) to be directly or tangibly associated with events or living traditions, with ideas, or with beliefs, with artistic and literary works of outstanding universal significance;",Internal (DS/OUV),,Slate,Internal (DS/OUV),,Metamorphic Rock,Internal (DS/OUV),,,,,,,,,,,,,,,,,,,,,,,,,,,,,,,,,,,,,,Roofing material (slate roofs on town terraces).,Internal (DS/OUV),,Stucco finishes (stuccoed terraces).,Internal (DS/OUV),,Stuccoed masonry and slated roofing.,Internal (DS/OUV),,,,,,,,"Ongoing detailed landscape maintenance, urban pattern restoration, and coordinated building conservation plans.",,,Good,,,Yes,,,,Tier 9: Unflagged,
823,Residences of the Royal House of Savoy,Italy,skipped; nan,,,,,,,,,"(i) to represent a masterpiece of human creative genius; | (ii) to exhibit an important interchange of human values, over a span of time or within a cultural area of the world, on developments in architecture or technology, monumental arts, town-planning or landscape design; | (iv) to be an outstanding example of a type of building, architectural or technological ensemble or landscape which illustrates (a) significant stage(s) in human history; | (v) to be an outstanding example of a traditional human settlement, land-use, or sea-use which is representative of a culture (or cultures), or human interaction with the environment especially when it has become vulnerable under the impact of irreversible change;",,,,,,,,,,,,,,,,,,,,,,,,,,,,,,,,,,,,,,,,,,,,,,,,,,,,,,,,,,,,,,,,,,,,,,Tier 9: Unflagged,
1097,Ensemble of the Novodevichy Convent,Russian Federation,skipped; but promising; nan,,,,,,,,,"(i) to represent a masterpiece of human creative genius; | (iv) to be an outstanding example of a type of building, architectural or technological ensemble or landscape which illustrates (a) significant stage(s) in human history; | (vi) to be directly or tangibly associated with events or living traditions, with ideas, or with beliefs, with artistic and literary works of outstanding universal significance;",,,,,,,,,,,,,,,,,,,,,,,,,,,,,,,,,,,,,,,,,,,,,,,,,,,,,,,,,,,,,,,,,,No,,,,Tier 9: Unflagged,
982,Ensemble of the Ferapontov Monastery,Russian Federation,skipped; promising; nan,,,,,,,,,"(i) to represent a masterpiece of human creative genius; | (iv) to be an outstanding example of a type of building, architectural or technological ensemble or landscape which illustrates (a) significant stage(s) in human history;",,,,,,,,,,,,,,,,,,,,,,,,,,,,,,,,,,,,,,,,,,,,,,,,,,,,,,,,,,,,,,,,,,No,,,,Tier 9: Unflagged,
1033,Historic Centre of Vienna,Austria,skipped; promised; nan,,,,,,,,,"(ii) to exhibit an important interchange of human values, over a span of time or within a cultural area of the world, on developments in architecture or technology, monumental arts, town-planning or landscape design; | (iv) to be an outstanding example of a type of building, architectural or technological ensemble or landscape which illustrates (a) significant stage(s) in human history; | (vi) to be directly or tangibly associated with events or living traditions, with ideas, or with beliefs, with artistic and literary works of outstanding universal significance;",,,,,,,,,,,,,,,,,,,,,,,,,,,,,,,,,,,,,,,,,,,,,,,,,,,,,,,,,,,,,,,,,,No,,,,Tier 9: Unflagged,
1549,Historic Centre of Sheki with the Khan’s Palace,Azerbaijan,"skipped, promising; nan",,,,,,,,,"(ii) to exhibit an important interchange of human values, over a span of time or within a cultural area of the world, on developments in architecture or technology, monumental arts, town-planning or landscape design; | (v) to be an outstanding example of a traditional human settlement, land-use, or sea-use which is representative of a culture (or cultures), or human interaction with the environment especially when it has become vulnerable under the impact of irreversible change;",,,,,,,,,,,,,,,,,,,,,,,,,,,,,,,,,,,,,,,,,,,,,,,,,,,,,,,,,,,,,,,,,,No,,,,Tier 9: Unflagged,
1135,Capital Cities and Tombs of the Ancient Koguryo Kingdom,China,skipped; nan,,,,,,,,,"(i) to represent a masterpiece of human creative genius; | (ii) to exhibit an important interchange of human values, over a span of time or within a cultural area of the world, on developments in architecture or technology, monumental arts, town-planning or landscape design; | (iii) to bear a unique or at least exceptional testimony to a cultural tradition or to a civilization which is living or which has disappeared; | (iv) to be an outstanding example of a type of building, architectural or technological ensemble or landscape which illustrates (a) significant stage(s) in human history; | (v) to be an outstanding example of a traditional human settlement, land-use, or sea-use which is representative of a culture (or cultures), or human interaction with the environment especially when it has become vulnerable under the impact of irreversible change;",,,,,,,,,,,,,,,,,,,,,,,,,,,,,,,,,,,,,,,,,,,,,,,,,,,,,,,,,,,,,,,,,,No,,,,Tier 9: Unflagged,
1114,Yin Xu,China,skipped; nan,,,,,,,,,"(ii) to exhibit an important interchange of human values, over a span of time or within a cultural area of the world, on developments in architecture or technology, monumental arts, town-planning or landscape design; | (iii) to bear a unique or at least exceptional testimony to a cultural tradition or to a civilization which is living or which has disappeared; | (iv) to be an outstanding example of a type of building, architectural or technological ensemble or landscape which illustrates (a) significant stage(s) in human history; | (vi) to be directly or tangibly associated with events or living traditions, with ideas, or with beliefs, with artistic and literary works of outstanding universal significance;",,,,,,,,,,,,,,,,,,,,,,,,,,,,,,,,,,,,,,,,,,,,,,,,,,,,,,,,,,,,,,,,,,No,,,,Tier 9: Unflagged,
579,Bronze Age Burial Site of Sammallahdenmäki,Finland,"Burial cairns, structures, quadrangular cairn (""Church Floor""); nan",Internal (DS/OUV),,Bronze Age to Early Iron Age (1500–500 B.C.),Internal (DS/OUV),,Scandinavian / Western Bronze Age Culture,Internal (DS/OUV),,"(iii) to bear a unique or at least exceptional testimony to a cultural tradition or to a civilization which is living or which has disappeared; | (iv) to be an outstanding example of a type of building, architectural or technological ensemble or landscape which illustrates (a) significant stage(s) in human history;",Internal (DS/OUV),,Granite,Internal (DS/OUV),,Igneous Rock,Internal (DS/OUV),,,,,,,,Granite boulders,Internal (DS/OUV),,,,,,,,,,,,,,,,,Cliff face below the crest of the ridge,Internal (DS/OUV),,Finland,Internal (DS/OUV),,Local (quarried from cliff face or collected on-site),Internal (DS/OUV),,Immediate / On-site,Internal (DS/OUV),,Construction of burial cairns and landmarks,Internal (DS/OUV),,,,,Dry stone / Unfilled stone cairns (no earth fill),Internal (DS/OUV),,,,,,,,Careful restoration carried out following scientific excavations,,,Excellent,,,Yes,,,,Tier 9: Unflagged,
1211,Genoa: <i>Le Strade Nuove</i> and the system of the<i> Palazzi dei Rolli</i>,Italy,Renaissance and Baroque palaces; nan,Internal (DS/OUV),,Late 16th and early 17th centuries (Siglo de los Genoveses: 1563–1640),Internal (DS/OUV),,Republic of Genoa / Genoese,Internal (DS/OUV),,"(ii) to exhibit an important interchange of human values, over a span of time or within a cultural area of the world, on developments in architecture or technology, monumental arts, town-planning or landscape design; | (iv) to be an outstanding example of a type of building, architectural or technological ensemble or landscape which illustrates (a) significant stage(s) in human history;",Internal (DS/OUV),,Marble,Internal (DS/OUV),,Metamorphic Rock,Internal (DS/OUV),,,,,,,,,,,,,,,,,,,,,,,,,,,,,,,,,,,,,,Pillars,Internal (DS/OUV),,"Marble terraces, Stuccos, Frescoes",Internal (DS/OUV),,,,,,,,,,,Façades and interiors restored; damaged upper story of one palace rebuilt post-war,Internal (DS/OUV),,Good,Internal (DS/OUV),,Yes,,,,Tier 9: Unflagged,
1170,Historical Centre of the City of Yaroslavl,Russian Federation,skipped; promosed; nan,,,,,,,,,"(ii) to exhibit an important interchange of human values, over a span of time or within a cultural area of the world, on developments in architecture or technology, monumental arts, town-planning or landscape design; | (iv) to be an outstanding example of a type of building, architectural or technological ensemble or landscape which illustrates (a) significant stage(s) in human history;",,,,,,,,,,,,,,,,,,,,,,,,,,,,,,,,,,,,,,,,,,,,,,,,,,,,,,,,,,,,,,,,,,No,,,,Tier 9: Unflagged,
1399,Levuka Historical Port Town,Fiji,skipped; bur promising; nan,,,,,,,,,"(ii) to exhibit an important interchange of human values, over a span of time or within a cultural area of the world, on developments in architecture or technology, monumental arts, town-planning or landscape design; | (iv) to be an outstanding example of a type of building, architectural or technological ensemble or landscape which illustrates (a) significant stage(s) in human history;",,,,,,,,,,,,,,,,,,,,,,,,,,,,,,,,,,,,,,,,,,,,,,,,,,,,,,,,,,,,,,,,,,No,,,,Tier 9: Unflagged,
659,Brú na Bóinne - Archaeological Ensemble of the Bend of the Boyne,Ireland,skipped; but highly promising; nan,,,,,,,,,"(i) to represent a masterpiece of human creative genius; | (iii) to bear a unique or at least exceptional testimony to a cultural tradition or to a civilization which is living or which has disappeared; | (iv) to be an outstanding example of a type of building, architectural or technological ensemble or landscape which illustrates (a) significant stage(s) in human history;",,,,,,,,,,,,,,,,,,,,,,,,,,,,,,,,,,,,,,,,,,,,,,,,,,,,,,,,,,,,,,,,,,No,,,,Tier 9: Unflagged,
1643,The works of Jože Plečnik in Ljubljana – Human Centred Urban Design,Slovenia,skipped;; nan,,,,,,,,,"(iv) to be an outstanding example of a type of building, architectural or technological ensemble or landscape which illustrates (a) significant stage(s) in human history;",,,,,,,,,,,,,,,,,,,,,,,,,,,,,,,,,,,,,,,,,,,,,,,,,,,,,,,,,,,,,,,,,,No,,,,Tier 9: Unflagged,
661,Himeji-jo,Japan,skipped; but promising; nan,,,,,,,,,"(i) to represent a masterpiece of human creative genius; | (iv) to be an outstanding example of a type of building, architectural or technological ensemble or landscape which illustrates (a) significant stage(s) in human history;",,,,,,,,,,,,,,,,,,,,,,,,,,,,,,,,,,,,,,,,,,,,,,,,,,,,,,,,,,,,,,,,,,No,,,,Tier 9: Unflagged,
276,Samarra Archaeological City,Iraq,skipped; but highly promising; nan,,,,,,,,,"(ii) to exhibit an important interchange of human values, over a span of time or within a cultural area of the world, on developments in architecture or technology, monumental arts, town-planning or landscape design; | (iii) to bear a unique or at least exceptional testimony to a cultural tradition or to a civilization which is living or which has disappeared; | (iv) to be an outstanding example of a type of building, architectural or technological ensemble or landscape which illustrates (a) significant stage(s) in human history;",,,,,,,,,,,,,,,,,,,,,,,,,,,,,,,,,,,,,,,,,,,,,,,,,,,,,,,,,,,,,,,,,,No,,,,Tier 9: Unflagged,
414,Pre-Hispanic City of Teotihuacan,Mexico,skipped; but highly promising; nan,,,,,,,,,"(i) to represent a masterpiece of human creative genius; | (ii) to exhibit an important interchange of human values, over a span of time or within a cultural area of the world, on developments in architecture or technology, monumental arts, town-planning or landscape design; | (iii) to bear a unique or at least exceptional testimony to a cultural tradition or to a civilization which is living or which has disappeared; | (iv) to be an outstanding example of a type of building, architectural or technological ensemble or landscape which illustrates (a) significant stage(s) in human history; | (vi) to be directly or tangibly associated with events or living traditions, with ideas, or with beliefs, with artistic and literary works of outstanding universal significance;",,,,,,,,,,,,,,,,,,,,,,,,,,,,,,,,,,,,,,,,,,,,,,,,,,,,,,,,,,,,,,,,,,No,,,,Tier 9: Unflagged,
493,Medieval City of Rhodes,Greece,skipped; but highly promising; nan,,,,,,,,,"(ii) to exhibit an important interchange of human values, over a span of time or within a cultural area of the world, on developments in architecture or technology, monumental arts, town-planning or landscape design; | (iv) to be an outstanding example of a type of building, architectural or technological ensemble or landscape which illustrates (a) significant stage(s) in human history; | (v) to be an outstanding example of a traditional human settlement, land-use, or sea-use which is representative of a culture (or cultures), or human interaction with the environment especially when it has become vulnerable under the impact of irreversible change;",,,,,,,,,,,,,,,,,,,,,,,,,,,,,,,,,,,,,,,,,,,,,,,,,,,,,,,,,,,,,,,,,,No,,,,Tier 9: Unflagged,
411,Pre-Hispanic City and National Park of Palenque,Mexico,skipped; but promising; nan,,,,,,,,,"(i) to represent a masterpiece of human creative genius; | (ii) to exhibit an important interchange of human values, over a span of time or within a cultural area of the world, on developments in architecture or technology, monumental arts, town-planning or landscape design; | (iii) to bear a unique or at least exceptional testimony to a cultural tradition or to a civilization which is living or which has disappeared; | (iv) to be an outstanding example of a type of building, architectural or technological ensemble or landscape which illustrates (a) significant stage(s) in human history;",,,,,,,,,,,,,,,,,,,,,,,,,,,,,,,,,,,,,,,,,,,,,,,,,,,,,,,,,,,,,,,,,,No,,,,Tier 9: Unflagged,
1200,Syracuse and the Rocky Necropolis of Pantalica,Italy,skipped; but highly highly  promising; nan,,,,,,,,,"(ii) to exhibit an important interchange of human values, over a span of time or within a cultural area of the world, on developments in architecture or technology, monumental arts, town-planning or landscape design; | (iii) to bear a unique or at least exceptional testimony to a cultural tradition or to a civilization which is living or which has disappeared; | (iv) to be an outstanding example of a type of building, architectural or technological ensemble or landscape which illustrates (a) significant stage(s) in human history; | (vi) to be directly or tangibly associated with events or living traditions, with ideas, or with beliefs, with artistic and literary works of outstanding universal significance;",,,,,,,,,,,,,,,,,,,,,,,,,,,,,,,,,,,,,,,,,,,,,,,,,,,,,,,,,,,,,,,,,,No,,,,Tier 9: Unflagged,
502,Historic City of Vigan,Philippines,skipped; nan,,,,,,,,,"(ii) to exhibit an important interchange of human values, over a span of time or within a cultural area of the world, on developments in architecture or technology, monumental arts, town-planning or landscape design; | (iv) to be an outstanding example of a type of building, architectural or technological ensemble or landscape which illustrates (a) significant stage(s) in human history;",,,,,,,,,,,,,,,,,,,,,,,,,,,,,,,,,,,,,,,,,,,,,,,,,,,,,,,,,,,,,,,,,,No,,,,Tier 9: Unflagged,
1367,Garrison Border Town of Elvas and its Fortifications,Portugal,skipped; but promising; nan,,,,,,,,,"(iv) to be an outstanding example of a type of building, architectural or technological ensemble or landscape which illustrates (a) significant stage(s) in human history;",,,,,,,,,,,,,,,,,,,,,,,,,,,,,,,,,,,,,,,,,,,,,,,,,,,,,,,,,,,,,,,,,,No,,,,Tier 9: Unflagged,
169,Würzburg Residence with the Court Gardens and Residence Square,Germany,skipped; nan,,,,,,,,,"(i) to represent a masterpiece of human creative genius; | (iv) to be an outstanding example of a type of building, architectural or technological ensemble or landscape which illustrates (a) significant stage(s) in human history;",,,,,,,,,,,,,,,,,,,,,,,,,,,,,,,,,,,,,,,,,,,,,,,,,,,,,,,,,,,,,,,,,,No,,,,Tier 9: Unflagged,
1573,"Royal Building of <i>Mafra</i> – Palace, Basilica, Convent, <i>Cerco</i> Garden and Hunting Park (<i>Tapada</i>)",Portugal,skipped; nan,,,,,,,,,"(iv) to be an outstanding example of a type of building, architectural or technological ensemble or landscape which illustrates (a) significant stage(s) in human history;",,,,,,,,,,,,,,,,,,,,,,,,,,,,,,,,,,,,,,,,,,,,,,,,,,,,,,,,,,,,,,,,,,No,,,,Tier 9: Unflagged,
1337,Episcopal City of Albi,France,skipped; but highly promising; nan,,,,,,,,,"(iv) to be an outstanding example of a type of building, architectural or technological ensemble or landscape which illustrates (a) significant stage(s) in human history; | (v) to be an outstanding example of a traditional human settlement, land-use, or sea-use which is representative of a culture (or cultures), or human interaction with the environment especially when it has become vulnerable under the impact of irreversible change;",,,,,,,,,,,,,,,,,,,,,,,,,,,,,,,,,,,,,,,,,,,,,,,,,,,,,,,,,,,,,,,,,,No,,,,Tier 9: Unflagged,
1422,Golestan Palace,Iran (Islamic Republic of),skipped; promising; nan,,,,,,,,,"(ii) to exhibit an important interchange of human values, over a span of time or within a cultural area of the world, on developments in architecture or technology, monumental arts, town-planning or landscape design; | (iii) to bear a unique or at least exceptional testimony to a cultural tradition or to a civilization which is living or which has disappeared; | (iv) to be an outstanding example of a type of building, architectural or technological ensemble or landscape which illustrates (a) significant stage(s) in human history;",,,,,,,,,,,,,,,,,,,,,,,,,,,,,,,,,,,,,,,,,,,,,,,,,,,,,,,,,,,,,,,,,,No,,,,Tier 9: Unflagged,
286,Vatican City,Holy See,skipped but promising; nan,,,,,,,,,"(i) to represent a masterpiece of human creative genius; | (ii) to exhibit an important interchange of human values, over a span of time or within a cultural area of the world, on developments in architecture or technology, monumental arts, town-planning or landscape design; | (iv) to be an outstanding example of a type of building, architectural or technological ensemble or landscape which illustrates (a) significant stage(s) in human history; | (vi) to be directly or tangibly associated with events or living traditions, with ideas, or with beliefs, with artistic and literary works of outstanding universal significance;",,,,,,,,,,,,,,,,,,,,,,,,,,,,,,,,,,,,,,,,,,,,,,,,,,,,,,,,,,,,,,,,,,No,,,,Tier 9: Unflagged,
852,Historic Centre of Riga,Latvia,skipped; but promissed; nan,,,,,,,,,"(i) to represent a masterpiece of human creative genius; | (ii) to exhibit an important interchange of human values, over a span of time or within a cultural area of the world, on developments in architecture or technology, monumental arts, town-planning or landscape design;",,,,,,,,,,,,,,,,,,,,,,,,,,,,,,,,,,,,,,,,,,,,,,,,,,,,,,,,,,,,,,,,,,No,,,,Tier 9: Unflagged,
833,Su Nuraxi di Barumini,Italy,skipped; but very highly promised; nan,,,,,,,,,"(i) to represent a masterpiece of human creative genius; | (iii) to bear a unique or at least exceptional testimony to a cultural tradition or to a civilization which is living or which has disappeared; | (iv) to be an outstanding example of a type of building, architectural or technological ensemble or landscape which illustrates (a) significant stage(s) in human history;",,,,,,,,,,,,,,,,,,,,,,,,,,,,,,,,,,,,,,,,,,,,,,,,,,,,,,,,,,,,,,,,,,No,,,,Tier 9: Unflagged,
835,Medieval Town of Toruń,Poland,skipped; promised; nan,,,,,,,,,"(ii) to exhibit an important interchange of human values, over a span of time or within a cultural area of the world, on developments in architecture or technology, monumental arts, town-planning or landscape design; | (iv) to be an outstanding example of a type of building, architectural or technological ensemble or landscape which illustrates (a) significant stage(s) in human history;",,,,,,,,,,,,,,,,,,,,,,,,,,,,,,,,,,,,,,,,,,,,,,,,,,,,,,,,,,,,,,,,,,No,,,,Tier 9: Unflagged,
623,"Mines of Rammelsberg, Historic Town of Goslar and Upper Harz Water Management System",Germany,skipped; highly promising from title; nan,,,,,,,,,"(i) to represent a masterpiece of human creative genius; | (ii) to exhibit an important interchange of human values, over a span of time or within a cultural area of the world, on developments in architecture or technology, monumental arts, town-planning or landscape design; | (iii) to bear a unique or at least exceptional testimony to a cultural tradition or to a civilization which is living or which has disappeared; | (iv) to be an outstanding example of a type of building, architectural or technological ensemble or landscape which illustrates (a) significant stage(s) in human history;",,,,,,,,,,,,,,,,,,,,,,,,,,,,,,,,,,,,,,,,,,,,,,,,,,,,,,,,,,,,,,,,,,No,,,,Tier 9: Unflagged,
532,Palaces and Parks of Potsdam and Berlin,Germany,skiiped; but ptomising; nan,,,,,,,,,"(i) to represent a masterpiece of human creative genius; | (ii) to exhibit an important interchange of human values, over a span of time or within a cultural area of the world, on developments in architecture or technology, monumental arts, town-planning or landscape design; | (iv) to be an outstanding example of a type of building, architectural or technological ensemble or landscape which illustrates (a) significant stage(s) in human history;",,,,,,,,,,,,,,,,,,,,,,,,,,,,,,,,,,,,,,,,,,,,,,,,,,,,,,,,,,,,,,,,,,No,,,,Tier 9: Unflagged,
316,Burgos Cathedral,Spain,skipped; promising; nan,,,,,,,,,"(ii) to exhibit an important interchange of human values, over a span of time or within a cultural area of the world, on developments in architecture or technology, monumental arts, town-planning or landscape design; | (iv) to be an outstanding example of a type of building, architectural or technological ensemble or landscape which illustrates (a) significant stage(s) in human history; | (vi) to be directly or tangibly associated with events or living traditions, with ideas, or with beliefs, with artistic and literary works of outstanding universal significance;",,,,,,,,,,,,,,,,,,,,,,,,,,,,,,,,,,,,,,,,,,,,,,,,,,,,,,,,,,,,,,,,,,No,,,,Tier 9: Unflagged,
1303,Pontcysyllte Aqueduct and Canal,United Kingdom of Great Britain and Northern Ireland,skipped; nan,,,,,,,,,"(i) to represent a masterpiece of human creative genius; | (ii) to exhibit an important interchange of human values, over a span of time or within a cultural area of the world, on developments in architecture or technology, monumental arts, town-planning or landscape design; | (iv) to be an outstanding example of a type of building, architectural or technological ensemble or landscape which illustrates (a) significant stage(s) in human history;",,,,,,,,,,,,,,,,,,,,,,,,,,,,,,,,,,,,,,,,,,,,,,,,,,,,,,,,,,,,,,,,,,No,,,,Tier 9: Unflagged,
1358,Citadel of the Ho Dynasty,Viet Nam,"Imperial city / Citadel composed of Inner Citadel, La Thanh Outer Wall, and Nam Giao Altar; nan",Internal (DS/OUV),,1397 (built in 1397; capital from 1398–1407),Internal (DS/OUV),,Ho Dynasty / Late 14th-century Viet Nam (Neo-Confucianism / Vietnamese culture),Internal (DS/OUV),,"(ii) to exhibit an important interchange of human values, over a span of time or within a cultural area of the world, on developments in architecture or technology, monumental arts, town-planning or landscape design; | (iv) to be an outstanding example of a type of building, architectural or technological ensemble or landscape which illustrates (a) significant stage(s) in human history;",,,Limestone,Internal (DS/OUV),,Sedimentary Rock,Internal (DS/OUV),,,,,,,,Limestone,Internal (DS/OUV),,,,,,,,,,,,,,,,,,,,Viet Nam,Internal (DS/OUV),,,,,,,,Massive stone walls / Large blocks used for constructing the Inner Citadel walls,Internal (DS/OUV),,Architectural elements designed for space management and decoration,Internal (DS/OUV),,Large limestone blocks / massive stone walls,Internal (DS/OUV),,,,,,,,"Well-preserved / section of La Thanh Outer Wall protected, Nam Giao Altar archaeological remains preserved",Internal (DS/OUV),,Excellent,,,Yes,,,,Tier 9: Unflagged,
695,Roskilde Cathedral,Denmark,skipped; but highly promising; nan,,,,,,,,,"(ii) to exhibit an important interchange of human values, over a span of time or within a cultural area of the world, on developments in architecture or technology, monumental arts, town-planning or landscape design; | (iv) to be an outstanding example of a type of building, architectural or technological ensemble or landscape which illustrates (a) significant stage(s) in human history;",,,,,,,,,,,,,,,,,,,,,,,,,,,,,,,,,,,,,,,,,,,,,,,,,,,,,,,,,,,,,,,,,,No,,,,Tier 9: Unflagged,
1433,"Birthplace of Jesus: Church of the Nativity and the Pilgrimage Route, Bethlehem",State of Palestine,Early Christian Basilica & Pilgrimage Route Ensemble; nan,Internal (DS/OUV),,4th–6th centuries AD (First completed AD 339; replaced/reconstructed mid-6th century AD),Internal (DS/OUV),,Roman Empire / Byzantine / Crusader,Internal (DS/OUV),,"(i) to represent a masterpiece of human creative genius; | (v) to be an outstanding example of a traditional human settlement, land-use, or sea-use which is representative of a culture (or cultures), or human interaction with the environment especially when it has become vulnerable under the impact of irreversible change; | (vi) to be directly or tangibly associated with events or living traditions, with ideas, or with beliefs, with artistic and literary works of outstanding universal significance;",Internal (DS/OUV),,Limestone (Yellow Limestone),Internal (DS/OUV),,Sedimentary Rock,Internal (DS/OUV),,,,,,,,,,,,,,,,,yellow,Internal (DS/OUV),,,,,,,,,,,,,,,,,,,,"Basilica walls, columns, and surrounding buildings along Star Street",Internal (DS/OUV),,"Floor Mosaics, Icon Painting on columns",Internal (DS/OUV),,Traditional urban fabric / masonry,Internal (DS/OUV),,Polluted environment negatively affecting stone façades,Internal (DS/OUV),,,,,Technical plan for roof restoration; ongoing urban conservation,Internal (DS/OUV),,Moderate,,,Yes,,,,Tier 9: Unflagged,
861,Holašovice Historic Village,Czechia,skipped; nan,,,,,,,,,"(ii) to exhibit an important interchange of human values, over a span of time or within a cultural area of the world, on developments in architecture or technology, monumental arts, town-planning or landscape design; | (iv) to be an outstanding example of a type of building, architectural or technological ensemble or landscape which illustrates (a) significant stage(s) in human history;",,,,,,,,,,,,,,,,,,,,,,,,,,,,,,,,,,,,,,,,,,,,,,,,,,,,,,,,,,,,,,,,,,No,,,,Tier 9: Unflagged,
860,Gardens and Castle at Kroměříž,Czechia,skipped; nan,,,,,,,,,"(ii) to exhibit an important interchange of human values, over a span of time or within a cultural area of the world, on developments in architecture or technology, monumental arts, town-planning or landscape design; | (iv) to be an outstanding example of a type of building, architectural or technological ensemble or landscape which illustrates (a) significant stage(s) in human history;",,,,,,,,,,,,,,,,,,,,,,,,,,,,,,,,,,,,,,,,,,,,,,,,,,,,,,,,,,,,,,,,,,No,,,,Tier 9: Unflagged,
963,The Cathedral of St James in Šibenik,Croatia,skipped; promising; nan,,,,,,,,,"(i) to represent a masterpiece of human creative genius; | (ii) to exhibit an important interchange of human values, over a span of time or within a cultural area of the world, on developments in architecture or technology, monumental arts, town-planning or landscape design; | (iv) to be an outstanding example of a type of building, architectural or technological ensemble or landscape which illustrates (a) significant stage(s) in human history;",,,,,,,,,,,,,,,,,,,,,,,,,,,,,,,,,,,,,,,,,,,,,,,,,,,,,,,,,,,,,,,,,,No,,,,Tier 9: Unflagged,
611,Historic Town of Zabid,Yemen,skipped; but very highly promising; nan,,,,,,,,,"(ii) to exhibit an important interchange of human values, over a span of time or within a cultural area of the world, on developments in architecture or technology, monumental arts, town-planning or landscape design; | (iv) to be an outstanding example of a type of building, architectural or technological ensemble or landscape which illustrates (a) significant stage(s) in human history; | (vi) to be directly or tangibly associated with events or living traditions, with ideas, or with beliefs, with artistic and literary works of outstanding universal significance;",,,,,,,,,,,,,,,,,,,,,,,,,,,,,,,,,,,,,,,,,,,,,,,,,,,,,,,,,,,,,,,,,,No,,,,Tier 9: Unflagged,
20,Ancient City of Damascus,Syrian Arab Republic,skipped; bur promising; nan,,,,,,,,,"(i) to represent a masterpiece of human creative genius; | (ii) to exhibit an important interchange of human values, over a span of time or within a cultural area of the world, on developments in architecture or technology, monumental arts, town-planning or landscape design; | (iii) to bear a unique or at least exceptional testimony to a cultural tradition or to a civilization which is living or which has disappeared; | (iv) to be an outstanding example of a type of building, architectural or technological ensemble or landscape which illustrates (a) significant stage(s) in human history; | (vi) to be directly or tangibly associated with events or living traditions, with ideas, or with beliefs, with artistic and literary works of outstanding universal significance;",,,,,,,,,,,,,,,,,,,,,,,,,,,,,,,,,,,,,,,,,,,,,,,,,,,,,,,,,,,,,,,,,,No,,,,Tier 9: Unflagged,
86,Memphis and its Necropolis – the Pyramid Fields from Giza to Dahshur,Egypt,"Rock tombs, ornate mastabas, temples, pyramids, palaces, craftsmen’s workshops, dockyards, arsenals, residential neighbourhoods; nan",Internal (DS/OUV),,"3000 BC (Old Kingdom through Middle, New, Late, and Ptolemaic Periods)",Internal (DS/OUV),,Ancient Egyptian / Pharaonic,Internal (DS/OUV),,"(i) to represent a masterpiece of human creative genius; | (iii) to bear a unique or at least exceptional testimony to a cultural tradition or to a civilization which is living or which has disappeared; | (vi) to be directly or tangibly associated with events or living traditions, with ideas, or with beliefs, with artistic and literary works of outstanding universal significance;",Internal (DS/OUV),,Limestone,Internal (DS/OUV),,Sedimentary Rock,,,,,,,,,,,,,,,,,,,,,,,,,,,,,,Egypt,Internal (DS/OUV),,,,,,,,"Monumental stone building, pyramids (e.g., Step Pyramid of Djoser, Great Pyramid of Khufu), step pyramids, temples, tombs",Internal (DS/OUV),,,,,"Rock-cut tombs, mastaba, pyramid constructions",Internal (DS/OUV),,"Damage from natural forces through time, causing surface detail vulnerabilities",Internal (DS/OUV),,,,,Principles of restoration applied respecting legibility and reversibility (Ministry of Antiquities projects),Internal (DS/OUV),,Good,,,Yes,,,,Tier 9: Unflagged,
358,Great Mosque and Hospital of Divriği,Türkiye,skipped; but highly promissed; nan,,,,,,,,,"(i) to represent a masterpiece of human creative genius; | (iv) to be an outstanding example of a type of building, architectural or technological ensemble or landscape which illustrates (a) significant stage(s) in human history;",,,,,,,,,,,,,,,,,,,,,,,,,,,,,,,,,,,,,,,,,,,,,,,,,,,,,,,,,,,,,,,,,,No,,,,Tier 9: Unflagged,
12,Tiya,Ethiopia,OUV Absent; nan,,,,,,,,,"(i) to represent a masterpiece of human creative genius; | (iv) to be an outstanding example of a type of building, architectural or technological ensemble or landscape which illustrates (a) significant stage(s) in human history;",,,,,,,,,,,,,,,,,,,,,,,,,,,,,,,,,,,,,,,,,,,,,,,,,,,,,,,,,,,,,,,,,,No,,,,Tier 9: Unflagged,
311,Old Town of Segovia and its Aqueduct,Spain,skipped; but promising; nan,,,,,,,,,"(i) to represent a masterpiece of human creative genius; | (iii) to bear a unique or at least exceptional testimony to a cultural tradition or to a civilization which is living or which has disappeared; | (v) to be an outstanding example of a traditional human settlement, land-use, or sea-use which is representative of a culture (or cultures), or human interaction with the environment especially when it has become vulnerable under the impact of irreversible change;",,,,,,,,,,,,,,,,,,,,,,,,,,,,,,,,,,,,,,,,,,,,,,,,,,,,,,,,,,,,,,,,,,No,,,,Tier 9: Unflagged,
1565,Hebron/Al-Khalil Old Town,State of Palestine,skipped; nan,,,,,,,,,"(ii) to exhibit an important interchange of human values, over a span of time or within a cultural area of the world, on developments in architecture or technology, monumental arts, town-planning or landscape design; | (iv) to be an outstanding example of a type of building, architectural or technological ensemble or landscape which illustrates (a) significant stage(s) in human history; | (vi) to be directly or tangibly associated with events or living traditions, with ideas, or with beliefs, with artistic and literary works of outstanding universal significance;",,,,,,,,,,,,,,,,,,,,,,,,,,,,,,,,,,,,,,,,,,,,,,,,,,,,,,,,,,,,,,,,,,No,,,,Tier 9: Unflagged,
899,Droogmakerij de Beemster (Beemster Polder),Netherlands (Kingdom of the),skipped; nan,,,,,,,,,"(i) to represent a masterpiece of human creative genius; | (ii) to exhibit an important interchange of human values, over a span of time or within a cultural area of the world, on developments in architecture or technology, monumental arts, town-planning or landscape design; | (iv) to be an outstanding example of a type of building, architectural or technological ensemble or landscape which illustrates (a) significant stage(s) in human history;",,,,,,,,,,,,,,,,,,,,,,,,,,,,,,,,,,,,,,,,,,,,,,,,,,,,,,,,,,,,,,,,,,No,,,,Tier 9: Unflagged,
1518,Archaeological Site of Ani,Türkiye,OUV Absent; nan,,,,,,,,,"(ii) to exhibit an important interchange of human values, over a span of time or within a cultural area of the world, on developments in architecture or technology, monumental arts, town-planning or landscape design; | (iii) to bear a unique or at least exceptional testimony to a cultural tradition or to a civilization which is living or which has disappeared; | (iv) to be an outstanding example of a type of building, architectural or technological ensemble or landscape which illustrates (a) significant stage(s) in human history;",,,,,,,,,,,,,,,,,,,,,,,,,,,,,,,,,,,,,,,,,,,,,,,,,,,,,,,,,,,,,,,,,,No,,,,Tier 9: Unflagged,
895,Historic Fortified Town of Campeche,Mexico,skipped; nan,,,,,,,,,"(ii) to exhibit an important interchange of human values, over a span of time or within a cultural area of the world, on developments in architecture or technology, monumental arts, town-planning or landscape design; | (iv) to be an outstanding example of a type of building, architectural or technological ensemble or landscape which illustrates (a) significant stage(s) in human history;",,,,,,,,,,,,,,,,,,,,,,,,,,,,,,,,,,,,,,,,,,,,,,,,,,,,,,,,,,,,,,,,,,No,,,,Tier 9: Unflagged,
1703,The Historic Centre of Odesa,Ukraine,skipped; nan,,,,,,,,,"(ii) to exhibit an important interchange of human values, over a span of time or within a cultural area of the world, on developments in architecture or technology, monumental arts, town-planning or landscape design; | (iv) to be an outstanding example of a type of building, architectural or technological ensemble or landscape which illustrates (a) significant stage(s) in human history;",,,,,,,,,,,,,,,,,,,,,,,,,,,,,,,,,,,,,,,,,,,,,,,,,,,,,,,,,,,,,,,,,,No,,,,Tier 9: Unflagged,
148,Old City of Jerusalem and its Walls,Jerusalem (Site proposed by Jordan),OUV Absent; nan,,,,,,,,,"(ii) to exhibit an important interchange of human values, over a span of time or within a cultural area of the world, on developments in architecture or technology, monumental arts, town-planning or landscape design; | (iii) to bear a unique or at least exceptional testimony to a cultural tradition or to a civilization which is living or which has disappeared; | (vi) to be directly or tangibly associated with events or living traditions, with ideas, or with beliefs, with artistic and literary works of outstanding universal significance;",,,,,,,,,,,,,,,,,,,,,,,,,,,,,,,,,,,,,,,,,,,,,,,,,,,,,,,,,,,,,,,,,,No,,,,Tier 9: Unflagged,
1519,Aphrodisias,Türkiye,OUV Absent;; nan,,,,,,,,,"(ii) to exhibit an important interchange of human values, over a span of time or within a cultural area of the world, on developments in architecture or technology, monumental arts, town-planning or landscape design; | (iii) to bear a unique or at least exceptional testimony to a cultural tradition or to a civilization which is living or which has disappeared; | (iv) to be an outstanding example of a type of building, architectural or technological ensemble or landscape which illustrates (a) significant stage(s) in human history; | (vi) to be directly or tangibly associated with events or living traditions, with ideas, or with beliefs, with artistic and literary works of outstanding universal significance;",,,,,,,,,,,,,,,,,,,,,,,,,,,,,,,,,,,,,,,,,,,,,,,,,,,,,,,,,,,,,,,,,,No,,,,Tier 9: Unflagged,
416,Historic Centre of Puebla,Mexico,skipped; promising; nan,,,,,,,,,"(ii) to exhibit an important interchange of human values, over a span of time or within a cultural area of the world, on developments in architecture or technology, monumental arts, town-planning or landscape design; | (iv) to be an outstanding example of a type of building, architectural or technological ensemble or landscape which illustrates (a) significant stage(s) in human history;",,,,,,,,,,,,,,,,,,,,,,,,,,,,,,,,,,,,,,,,,,,,,,,,,,,,,,,,,,,,,,,,,,No,,,,Tier 9: Unflagged,
859,Holy Trinity Column in Olomouc,Czechia,skipped; promised; nan,,,,,,,,,"(i) to represent a masterpiece of human creative genius; | (iv) to be an outstanding example of a type of building, architectural or technological ensemble or landscape which illustrates (a) significant stage(s) in human history;",,,,,,,,,,,,,,,,,,,,,,,,,,,,,,,,,,,,,,,,,,,,,,,,,,,,,,,,,,,,,,,,,,No,,,,Tier 9: Unflagged,
1525,Assumption Cathedral and Monastery of the town-island of Sviyazhsk,Russian Federation,skipped; promised; nan,,,,,,,,,"(ii) to exhibit an important interchange of human values, over a span of time or within a cultural area of the world, on developments in architecture or technology, monumental arts, town-planning or landscape design; | (iv) to be an outstanding example of a type of building, architectural or technological ensemble or landscape which illustrates (a) significant stage(s) in human history;",,,,,,,,,,,,,,,,,,,,,,,,,,,,,,,,,,,,,,,,,,,,,,,,,,,,,,,,,,,,,,,,,,No,,,,Tier 9: Unflagged,
848,Choirokoitia,Cyprus,Circular houses / Aceramic Neolithic proto-urban settlement; nan,Internal (DS/OUV),,7th to 4th millennium B.C. (Aceramic Neolithic),Internal (DS/OUV),,Aceramic Neolithic of Cyprus (Near East origins),Internal (DS/OUV),,"(ii) to exhibit an important interchange of human values, over a span of time or within a cultural area of the world, on developments in architecture or technology, monumental arts, town-planning or landscape design; | (iii) to bear a unique or at least exceptional testimony to a cultural tradition or to a civilization which is living or which has disappeared; | (iv) to be an outstanding example of a type of building, architectural or technological ensemble or landscape which illustrates (a) significant stage(s) in human history;",Internal (DS/OUV),,"Flint; Mudbrick and Stone (general stone walling, rammed earthen floors)",Internal (DS/OUV),,Igneous Rock,,,Flint (used for tools),,,,,,,,,,,,,,,,,,,,,,,,,,,,,,Local (Maroni River valley vicinity mentioned for setting),Internal (DS/OUV),,,,,"Circular houses, protective/defence enclosures, and perimeter walls",Internal (DS/OUV),,Anthropomorphic figurines in stone,Internal (DS/OUV),,Circular dry-stone and mudbrick walling with rammed earthen floors,Internal (DS/OUV),,,,,,,,Consolidation of construction materials; temporary shelters erected for protection; off-site reconstruction of 5 houses and a defence wall section.,Internal (DS/OUV),,Excellent,,,Yes,,,,Tier 9: Unflagged,
762,"Church Town of Gammelstad, Luleå",Sweden,skipped; nan,,,,,,,,,"(ii) to exhibit an important interchange of human values, over a span of time or within a cultural area of the world, on developments in architecture or technology, monumental arts, town-planning or landscape design; | (iv) to be an outstanding example of a type of building, architectural or technological ensemble or landscape which illustrates (a) significant stage(s) in human history; | (v) to be an outstanding example of a traditional human settlement, land-use, or sea-use which is representative of a culture (or cultures), or human interaction with the environment especially when it has become vulnerable under the impact of irreversible change;",,,,,,,,,,,,,,,,,,,,,,,,,,,,,,,,,,,,,,,,,,,,,,,,,,,,,,,,,,,,,,,,,,No,,,,Tier 9: Unflagged,
1053,Wooden Churches of Southern Małopolska,Poland,skipped; nan,,,,,,,,,"(iii) to bear a unique or at least exceptional testimony to a cultural tradition or to a civilization which is living or which has disappeared; | (iv) to be an outstanding example of a type of building, architectural or technological ensemble or landscape which illustrates (a) significant stage(s) in human history;",,,,,,,,,,,,,,,,,,,,,,,,,,,,,,,,,,,,,,,,,,,,,,,,,,,,,,,,,,,,,,,,,,No,,,,Tier 9: Unflagged,
841,"San Pedro de la Roca Castle, Santiago de Cuba",Cuba,skipped; but promisisng; nan,,,,,,,,,"(iv) to be an outstanding example of a type of building, architectural or technological ensemble or landscape which illustrates (a) significant stage(s) in human history; | (v) to be an outstanding example of a traditional human settlement, land-use, or sea-use which is representative of a culture (or cultures), or human interaction with the environment especially when it has become vulnerable under the impact of irreversible change;",,,,,,,,,,,,,,,,,,,,,,,,,,,,,,,,,,,,,,,,,,,,,,,,,,,,,,,,,,,,,,,,,,No,,,,Tier 9: Unflagged,
815,"Hospicio Cabañas, Guadalajara",Mexico,skipped; promising; nan,,,,,,,,,"(i) to represent a masterpiece of human creative genius; | (ii) to exhibit an important interchange of human values, over a span of time or within a cultural area of the world, on developments in architecture or technology, monumental arts, town-planning or landscape design; | (iii) to bear a unique or at least exceptional testimony to a cultural tradition or to a civilization which is living or which has disappeared; | (iv) to be an outstanding example of a type of building, architectural or technological ensemble or landscape which illustrates (a) significant stage(s) in human history;",,,,,,,,,,,,,,,,,,,,,,,,,,,,,,,,,,,,,,,,,,,,,,,,,,,,,,,,,,,,,,,,,,No,,,,Tier 9: Unflagged,
1110,Historic Centre of Macao,China,skipped; promising; nan,,,,,,,,,"(ii) to exhibit an important interchange of human values, over a span of time or within a cultural area of the world, on developments in architecture or technology, monumental arts, town-planning or landscape design; | (iii) to bear a unique or at least exceptional testimony to a cultural tradition or to a civilization which is living or which has disappeared; | (iv) to be an outstanding example of a type of building, architectural or technological ensemble or landscape which illustrates (a) significant stage(s) in human history; | (vi) to be directly or tangibly associated with events or living traditions, with ideas, or with beliefs, with artistic and literary works of outstanding universal significance;",,,,,,,,,,,,,,,,,,,,,,,,,,,,,,,,,,,,,,,,,,,,,,,,,,,,,,,,,,,,,,,,,,No,,,,Tier 9: Unflagged,
618,Historic Town of Banská Štiavnica and the Technical Monuments in its Vicinity,Slovakia,skipped;; nan,,,,,,,,,"(iv) to be an outstanding example of a type of building, architectural or technological ensemble or landscape which illustrates (a) significant stage(s) in human history; | (v) to be an outstanding example of a traditional human settlement, land-use, or sea-use which is representative of a culture (or cultures), or human interaction with the environment especially when it has become vulnerable under the impact of irreversible change;",,,,,,,,,,,,,,,,,,,,,,,,,,,,,,,,,,,,,,,,,,,,,,,,,,,,,,,,,,,,,,,,,,No,,,,Tier 9: Unflagged,
1348,Ancient Villages of Northern Syria,Syrian Arab Republic,skipped; very highly promising; nan,,,,,,,,,"(iii) to bear a unique or at least exceptional testimony to a cultural tradition or to a civilization which is living or which has disappeared; | (iv) to be an outstanding example of a type of building, architectural or technological ensemble or landscape which illustrates (a) significant stage(s) in human history; | (v) to be an outstanding example of a traditional human settlement, land-use, or sea-use which is representative of a culture (or cultures), or human interaction with the environment especially when it has become vulnerable under the impact of irreversible change;",,,,,,,,,,,,,,,,,,,,,,,,,,,,,,,,,,,,,,,,,,,,,,,,,,,,,,,,,,,,,,,,,,No,,,,Tier 9: Unflagged,
826,"Portovenere, Cinque Terre, and the Islands (Palmaria, Tino and Tinetto)",Italy,"Layout, disposition of small towns, terraces, compact settlements, medieval castles, religious buildings, fortified centre, drystone walls, tiny stone huts, Doria Castle; nan",Internal (DS/OUV),,"12th century (terraces), Later Middle Ages (main 5 villages), Roman period (Portovenere archaeological remains)",Internal (DS/OUV),,"Roman, Medieval / Traditional Ligurian Community",Internal (DS/OUV),,"(ii) to exhibit an important interchange of human values, over a span of time or within a cultural area of the world, on developments in architecture or technology, monumental arts, town-planning or landscape design; | (iv) to be an outstanding example of a type of building, architectural or technological ensemble or landscape which illustrates (a) significant stage(s) in human history; | (v) to be an outstanding example of a traditional human settlement, land-use, or sea-use which is representative of a culture (or cultures), or human interaction with the environment especially when it has become vulnerable under the impact of irreversible change;",Internal (DS/OUV),,"Sandstone, Limestone",Internal (DS/OUV),,Sedimentary Rock,Internal (DS/OUV),,Pebbles,Internal (DS/OUV),,,,,"Sandstone rough blocks, pebbles",Internal (DS/OUV),,,,,,,,,,,Rough (rough blocks),Internal (DS/OUV),,,,,,,,,,,"Local (pebbles removed from the ground, settlements erected directly on the rock)",Internal (DS/OUV),,,,,"Drystone terraced walls, house construction, roofing, tiny stone huts, castle, fortified walls",Internal (DS/OUV),,,,,Carefully constructed drystone walls of rough blocks bonded with pebbles removed from the ground; traditional craftsmanship,Internal (DS/OUV),,Abandoned terraces vulnerable to landslides; damage suffered from floods and natural disasters,Internal (DS/OUV),,,,,"Urgent reconstruction of drystone walls; recovery/reclamation of terraced landscape; systematic restoration campaigns for protected monuments (churches of St Peter, St Venerius, Doria Castle)",Internal (DS/OUV),,Moderate,Internal (DS/OUV),,,,,,Tier 9: Unflagged,
871,Naval Port of Karlskrona,Sweden,skipped; nan,,,,,,,,,"(ii) to exhibit an important interchange of human values, over a span of time or within a cultural area of the world, on developments in architecture or technology, monumental arts, town-planning or landscape design; | (iv) to be an outstanding example of a type of building, architectural or technological ensemble or landscape which illustrates (a) significant stage(s) in human history;",,,,,,,,,,,,,,,,,,,,,,,,,,,,,,,,,,,,,,,,,,,,,,,,,,,,,,,,,,,,,,,,,,No,,,,Tier 9: Unflagged,
194,Timgad,Algeria,"Roman town planning / Roman military colony / Defensive system, public conveniences, spectacles, religious complex; nan",Internal (DS/OUV),,Founded 100 A.D. (Trajan period); expansions in Severan period; modifications in Byzantine period (539 A.D.),Internal (DS/OUV),,Roman / Byzantine,Internal (DS/OUV),,"(ii) to exhibit an important interchange of human values, over a span of time or within a cultural area of the world, on developments in architecture or technology, monumental arts, town-planning or landscape design; | (iii) to bear a unique or at least exceptional testimony to a cultural tradition or to a civilization which is living or which has disappeared; | (iv) to be an outstanding example of a type of building, architectural or technological ensemble or landscape which illustrates (a) significant stage(s) in human history;",Internal (DS/OUV),,"Limestone, Marble",Internal (DS/OUV),,Sedimentary Rock,Internal (DS/OUV),,,,,Local (Inferred for limestone); Precious marbles absent (mosaics used to offset absence),Internal (DS/OUV),,,,,,,,,,,,,,,,,,,,,,,,,,,,,,,,Entire buildings constructed of stone; streets paved with large rectangular limestone slabs; reused blocks in Byzantine fortress,Internal (DS/OUV),,Sumptuous mosaics (offsetting absence of precious marbles),Internal (DS/OUV),,Orthogonal block / Ashlar / Reused Roman blocks in later Byzantine fortification,Internal (DS/OUV),,"Fragile structures affected by climbing, trampling, graffiti, and vehicle pressure during annual cultural festivals",Internal (DS/OUV),,,,,Reused blocks removed from Roman monuments for Byzantine fortress (539 AD); restoration along with ongoing excavations (1881–1960),Internal (DS/OUV),,Excellent,Internal (DS/OUV),,Yes,,,,Tier 9: Unflagged,
933,The Loire Valley between Sully-sur-Loire and Chalonnes,France,"Châteaux, Benedictine abbeys, medieval fortresses, country houses, troglodyte dwellings, bridges, dyke systems, ogival and Romanesque churches; nan",Internal (DS/OUV),,"Gallo-Roman times to 19th century (specifically Middle Ages, Renaissance, 15th–16th centuries)",Internal (DS/OUV),,"Gallo-Roman, Medieval French, Renaissance Western European",Internal (DS/OUV),,"(i) to represent a masterpiece of human creative genius; | (ii) to exhibit an important interchange of human values, over a span of time or within a cultural area of the world, on developments in architecture or technology, monumental arts, town-planning or landscape design; | (iv) to be an outstanding example of a type of building, architectural or technological ensemble or landscape which illustrates (a) significant stage(s) in human history;",Internal (DS/OUV),,Tufa and Slate,Internal (DS/OUV),,Sedimentary Rock,,,,,,Tufa (Tuffeau),Internal (DS/OUV),,,,,,,,,,,,,,,,,,,,Troglodyte sites (extracted local troglodyte cavities/quarries),Internal (DS/OUV),,France,Internal (DS/OUV),,Local,,,,,,"Building walls of châteaux, fortresses, abbeys, urban dwellings, ports, dyke systems",Internal (DS/OUV),,Architectural embellishments and Renaissance country house features,Internal (DS/OUV),,"Stonework (dykes/ports), troglodyte excavation, dressed stone masonry",Internal (DS/OUV),,,,,,,,"Regular maintenance, ongoing conservation works under Heritage Code",Internal (DS/OUV),,Excellent,,,Yes,,,,Tier 9: Unflagged,
592,Borobudur Temple Compounds,Indonesia,skipped; very highly promised; nan,,,,,,,,,"(i) to represent a masterpiece of human creative genius; | (ii) to exhibit an important interchange of human values, over a span of time or within a cultural area of the world, on developments in architecture or technology, monumental arts, town-planning or landscape design; | (vi) to be directly or tangibly associated with events or living traditions, with ideas, or with beliefs, with artistic and literary works of outstanding universal significance;",,,,,,,,,,,,,,,,,,,,,,,,,,,,,,,,,,,,,,,,,,,,,,,,,,,,,,,,,,,,,,,,,,No,,,,Tier 9: Unflagged,
165,Cistercian Abbey of Fontenay,France,skipped; promised; nan,,,,,,,,,"(iv) to be an outstanding example of a type of building, architectural or technological ensemble or landscape which illustrates (a) significant stage(s) in human history;",,,,,,,,,,,,,,,,,,,,,,,,,,,,,,,,,,,,,,,,,,,,,,,,,,,,,,,,,,,,,,,,,,No,,,,Tier 9: Unflagged,
115,"Meidan Emam, Esfahan",Iran (Islamic Republic of),Skipped; nan,,,,,,,,,"(i) to represent a masterpiece of human creative genius; | (v) to be an outstanding example of a traditional human settlement, land-use, or sea-use which is representative of a culture (or cultures), or human interaction with the environment especially when it has become vulnerable under the impact of irreversible change; | (vi) to be directly or tangibly associated with events or living traditions, with ideas, or with beliefs, with artistic and literary works of outstanding universal significance;",,,,,,,,,,,,,,,,,,,,,,,,,,,,,,,,,,,,,,,,,,,,,,,,,,,,,,,,,,,,,,,,,,No,,,,Tier 9: Unflagged,
162,Amiens Cathedral,France,skipped; bvvvhp,,,,,,,,,"(i) to represent a masterpiece of human creative genius; | (ii) to exhibit an important interchange of human values, over a span of time or within a cultural area of the world, on developments in architecture or technology, monumental arts, town-planning or landscape design;",,,,,,,,,,,,,,,,,,,,,,,,,,,,,,,,,,,,,,,,,,,,,,,,,,,,,,,,,,,,,,,,,,No,,bvvvhp,bvvvhp,Tier 4: Exceptional Stone Fortress / Cathedral / Mosque (3-v Very Very High),
635,Bourges Cathedral,France,skipped; but promissed; nan,,,,,,,,,"(i) to represent a masterpiece of human creative genius; | (iv) to be an outstanding example of a type of building, architectural or technological ensemble or landscape which illustrates (a) significant stage(s) in human history;",,,,,,,,,,,,,,,,,,,,,,,,,,,,,,,,,,,,,,,,,,,,,,,,,,,,,,,,,,,,,,,,,,No,,,,Tier 9: Unflagged,
1503,Nan Madol: Ceremonial Centre of Eastern Micronesia,Micronesia (Federated States of),"Remains of stone palaces, temples, tombs, mortuaries, domestic and residential domains, and seawalls / megalithic ceremonial centre; nan",Internal (DS/OUV),,1200–1500 CE (with ceremonial centre roots from ~1000 years ago),Internal (DS/OUV),,Saudeleur dynasty,Internal (DS/OUV),,"(i) to represent a masterpiece of human creative genius; | (iii) to bear a unique or at least exceptional testimony to a cultural tradition or to a civilization which is living or which has disappeared; | (iv) to be an outstanding example of a type of building, architectural or technological ensemble or landscape which illustrates (a) significant stage(s) in human history; | (vi) to be directly or tangibly associated with events or living traditions, with ideas, or with beliefs, with artistic and literary works of outstanding universal significance;",Internal (DS/OUV),,"Basalt, Columnar Basalt, Coral Boulders",Internal (DS/OUV),,Igneous Rock,Internal (DS/OUV),,Coral boulders,Internal (DS/OUV),,,,,Basalt / Columnar Basalt,Internal (DS/OUV),,,,,,,,,,,Columnar structure,Internal (DS/OUV),,,,,Quarries elsewhere on Pohnpei Island,Internal (DS/OUV),,Micronesia (Federated States of) / Pohnpei Island,Internal (DS/OUV),,Local (transported from elsewhere on the island of Pohnpei),Internal (DS/OUV),,,,,"Islet perimeter walls, megalithic structures, temples, palaces, tombs, residential domains",Internal (DS/OUV),,,,,Massive columnar basalt stones laid using a distinctive 'header-stretcher technique',Internal (DS/OUV),,"Siltation of waterways, overgrowth of vegetation, mangrove encroachment, storm surge effects, stonework collapse",Internal (DS/OUV),,,,,No reconstructions of original elements (restoration/conservation management under development),Internal (DS/OUV),,Moderate,,,Yes,,,,Tier 9: Unflagged,
949,My Son Sanctuary,Viet Nam,Tower-temples (Religious and political capital of the Champa Kingdom); Architectural ensemble; nan,Internal (DS/OUV),,4th to 13th centuries CE,Internal (DS/OUV),,Champa Kingdom (Cham civilization / Dua Clan),Internal (DS/OUV),,"(ii) to exhibit an important interchange of human values, over a span of time or within a cultural area of the world, on developments in architecture or technology, monumental arts, town-planning or landscape design; | (iii) to bear a unique or at least exceptional testimony to a cultural tradition or to a civilization which is living or which has disappeared;",Internal (DS/OUV),,Sandstone (used for pillars and carved bas-reliefs),Internal (DS/OUV),,,,,,,,,,,,,,,,,,,,,,,,,,,,,,,,,,,,,,,,,"Fired brick (main construction), Stone pillars",Internal (DS/OUV),,"Sandstone bas-reliefs (depicting scenes from Hindu mythology), Intricate carved-brick decorations",Internal (DS/OUV),,Brick construction with stone elements,Internal (DS/OUV),,Severe climatic conditions (flooding and high humidity),Internal (DS/OUV),,,,,Historical interventions under French and Polish expert guidance; Ongoing conservation by national and international teams,Internal (DS/OUV),,Moderate,,,Yes,,,,Tier 9: Unflagged,
1077,Takht-e Soleyman,Iran (Islamic Republic of),skipped; but promised; nan,,,,,,,,,"(i) to represent a masterpiece of human creative genius; | (ii) to exhibit an important interchange of human values, over a span of time or within a cultural area of the world, on developments in architecture or technology, monumental arts, town-planning or landscape design; | (iii) to bear a unique or at least exceptional testimony to a cultural tradition or to a civilization which is living or which has disappeared; | (iv) to be an outstanding example of a type of building, architectural or technological ensemble or landscape which illustrates (a) significant stage(s) in human history; | (vi) to be directly or tangibly associated with events or living traditions, with ideas, or with beliefs, with artistic and literary works of outstanding universal significance;",,,,,,,,,,,,,,,,,,,,,,,,,,,,,,,,,,,,,,,,,,,,,,,,,,,,,,,,,,,,,,,,,,No,,,,Tier 9: Unflagged,
1188,Soltaniyeh,Iran (Islamic Republic of),skipped; but highly promissed; nan,,,,,,,,,"(ii) to exhibit an important interchange of human values, over a span of time or within a cultural area of the world, on developments in architecture or technology, monumental arts, town-planning or landscape design; | (iii) to bear a unique or at least exceptional testimony to a cultural tradition or to a civilization which is living or which has disappeared; | (iv) to be an outstanding example of a type of building, architectural or technological ensemble or landscape which illustrates (a) significant stage(s) in human history;",,,,,,,,,,,,,,,,,,,,,,,,,,,,,,,,,,,,,,,,,,,,,,,,,,,,,,,,,,,,,,,,,,No,,,,Tier 9: Unflagged,
530,Delos,Greece,"Architectural, Architecture, Building, Byzantine, Construction, Monument, Monumental, Ottoman, Plan; nan",Internal (DS/OUV),,3rd millennium B.C. to Palaeo-Christian era (Hellenistic & Greco-Roman period peak),Internal (DS/OUV),,"Cycladic, Archaic, Classical, Hellenistic, Greco-Roman, Byzantine, Ottoman",Internal (DS/OUV),,"(ii) to exhibit an important interchange of human values, over a span of time or within a cultural area of the world, on developments in architecture or technology, monumental arts, town-planning or landscape design; | (iii) to bear a unique or at least exceptional testimony to a cultural tradition or to a civilization which is living or which has disappeared; | (iv) to be an outstanding example of a type of building, architectural or technological ensemble or landscape which illustrates (a) significant stage(s) in human history; | (vi) to be directly or tangibly associated with events or living traditions, with ideas, or with beliefs, with artistic and literary works of outstanding universal significance;",Internal (DS/OUV),,Marble,Internal (DS/OUV),,Metamorphic Rock,,,,,,,,,,,,,,,,,,,,,,,,,,,Naxian (Inferred from Naxian Lions made of local/regional marble),Internal (DS/OUV),,,,,"Local & Regional (e.g., Naxos/Cycladic islands)",Internal (DS/OUV),,,,,"Columns, Temple Structures, Houses, Public Buildings, Refectory, Sanctuary",Internal (DS/OUV),,"Sculptures (e.g., Naxian Lions), Frescoes, Mosaic Floors",Internal (DS/OUV),,"Ruins/Dry Masonry, Lime Burning (historical destruction)",Internal (DS/OUV),,Damage by strong north winds and high salinity/sea proximity,Internal (DS/OUV),,"Exact replicas used for fragile sculptures (e.g., Naxian Lions moved indoors)",Internal (DS/OUV),,"Discrete, compatible, and reversible methods following international standards",Internal (DS/OUV),,Good,,,Yes,,,,Tier 9: Unflagged,
996,Historic Centre of Brugge,Belgium,skipped; promised; nan,,,,,,,,,"(ii) to exhibit an important interchange of human values, over a span of time or within a cultural area of the world, on developments in architecture or technology, monumental arts, town-planning or landscape design; | (iv) to be an outstanding example of a type of building, architectural or technological ensemble or landscape which illustrates (a) significant stage(s) in human history; | (vi) to be directly or tangibly associated with events or living traditions, with ideas, or with beliefs, with artistic and literary works of outstanding universal significance;",,,,,,,,,,,,,,,,,,,,,,,,,,,,,,,,,,,,,,,,,,,,,,,,,,,,,,,,,,,,,,,,,,No,,,,Tier 9: Unflagged,
836,Archaeological Site of Volubilis,Morocco,"Fortified municipium, urban hypodamian system, terraced plan; nan",Internal (DS/OUV),,3rd century B.C. to Islamic period (10 centuries of occupation); Rampart built in 168–169 AD,Internal (DS/OUV),,"Libyco-Berber, Mauritanian, Roman, Christian, Arab-Islamic (Idrisid)",Internal (DS/OUV),,"(ii) to exhibit an important interchange of human values, over a span of time or within a cultural area of the world, on developments in architecture or technology, monumental arts, town-planning or landscape design; | (iii) to bear a unique or at least exceptional testimony to a cultural tradition or to a civilization which is living or which has disappeared; | (iv) to be an outstanding example of a type of building, architectural or technological ensemble or landscape which illustrates (a) significant stage(s) in human history; | (vi) to be directly or tangibly associated with events or living traditions, with ideas, or with beliefs, with artistic and literary works of outstanding universal significance;",Internal (DS/OUV),,Marble,Internal (DS/OUV),,,,,,,,,,,,,,,,,,,,,,,,,,,,,,,,,,,,,,,,,"Ramparts, buildings, triumphal arch, tombs",Internal (DS/OUV),,"Statuary (marble and bronze), mosaics, capitals",Internal (DS/OUV),,,,,Damage by north wind (fragile marble sculptures affected),Internal (DS/OUV),,Damage by north wind (fragile marble sculptures affected),Internal (DS/OUV),,Long-term conservation and restoration programmes under Ministry of Culture Action Plan,Internal (DS/OUV),,Excellent,Internal (DS/OUV),,Yes,,,,Tier 9: Unflagged,
664,Archaeological Ensemble of Mérida,Spain,"Classical, Roman, Visigoth, Paleo-Christian, Muslim, Romanesque, Gothic, Baroque; nan",Internal (DS/OUV),,"Founded 25 B.C.; modified across Visigoth, Muslim, Medieval, 17th Century, and 20th Century eras",Internal (DS/OUV),,"Roman, Suebi, Visigoth, Muslim (Al-Andalus)",Internal (DS/OUV),,"(i) to represent a masterpiece of human creative genius; | (iii) to bear a unique or at least exceptional testimony to a cultural tradition or to a civilization which is living or which has disappeared; | (v) to be an outstanding example of a traditional human settlement, land-use, or sea-use which is representative of a culture (or cultures), or human interaction with the environment especially when it has become vulnerable under the impact of irreversible change;",Internal (DS/OUV),,Marble,Internal (DS/OUV),,Metamorphic Rock,Internal (DS/OUV),,,,,Roman Marble,,,,,,,,,,,,,,,,,,,,,,,,,,,,,,,,,"Bridges, aqueducts, amphitheatre, theatre, temples, fortress, arch, dams, sewers, walls",Internal (DS/OUV),,"Obelisk of Santa Eulalia, small temple, altars",Internal (DS/OUV),,"Anastylosis (reconstruction of stage front), consolidation",Internal (DS/OUV),,,,,,,,Anastylosis criteria used for theatre stage front; consolidation works performed; block stands and vaults of Amphitheatre restored,Internal (DS/OUV),,Excellent,,,Yes,,,,Tier 9: Unflagged,
496,"Canterbury Cathedral, St Augustine's Abbey, and St Martin's Church",United Kingdom of Great Britain and Northern Ireland,"skipped; BP
",,,,,,,,,"(i) to represent a masterpiece of human creative genius; | (ii) to exhibit an important interchange of human values, over a span of time or within a cultural area of the world, on developments in architecture or technology, monumental arts, town-planning or landscape design; | (vi) to be directly or tangibly associated with events or living traditions, with ideas, or with beliefs, with artistic and literary works of outstanding universal significance;",,,,,,,,,,,,,,,,,,,,,,,,,,,,,,,,,,,,,,,,,,,,,,,,,,,,,,,,,,,,,,,,,,No,,bp,bp,Tier 8: Moderate Probability Stone Fabric (Possible),
1590,Sanctuary of Bom Jesus do Monte in Braga,Portugal,"Architectural and landscape ensemble / Sacri Monti (sacred mount) featuring Baroque style buildings with whitewashed plaster façades, monumental stairway, chapels, church, fountains, and formal gardens; nan",Internal (DS/OUV),,"Architectural and landscape ensemble / Sacri Monti (sacred mount) featuring Baroque style buildings with whitewashed plaster façades, monumental stairway, chapels, church, fountains, and formal gardens",Internal (DS/OUV),,"Architectural and landscape ensemble / Sacri Monti (sacred mount) featuring Baroque style buildings with whitewashed plaster façades, monumental stairway, chapels, church, fountains, and formal gardens",Internal (DS/OUV),,"(iv) to be an outstanding example of a type of building, architectural or technological ensemble or landscape which illustrates (a) significant stage(s) in human history;",Internal (DS/OUV),,Granite,Internal (DS/OUV),,Igneous Rock,,,,,,,,,,,,,,,,,,,,,,,,,,,,,,,,,,,,,,,"Retaining and dividing walls, stairways, steps, patio, built structures, chapels, church",Internal (DS/OUV),,"Exposed stonework framing whitewashed plaster façades, fountains, ornaments, pavements, and statues",Internal (DS/OUV),,"Sculpted granite, exposed stonework, whitewashed plaster framing",Internal (DS/OUV),,,,,,,,"Preservation and restoration of church façades and roofing, 10 chapels, exterior/interior sculptures, murals, and stairway stretches; restoration of hotel units, funicular, Casa das Estampas, Colunata de Eventos",Internal (DS/OUV),,Good,Internal (DS/OUV),,Yes,,,,Tier 9: Unflagged,
1398,Gonbad-e Qābus,Iran (Islamic Republic of),skipped; bhp,,,,,,,,,"(i) to represent a masterpiece of human creative genius; | (ii) to exhibit an important interchange of human values, over a span of time or within a cultural area of the world, on developments in architecture or technology, monumental arts, town-planning or landscape design; | (iii) to bear a unique or at least exceptional testimony to a cultural tradition or to a civilization which is living or which has disappeared; | (iv) to be an outstanding example of a type of building, architectural or technological ensemble or landscape which illustrates (a) significant stage(s) in human history;",,,,,,,,,,,,,,,,,,,,,,,,,,,,,,,,,,,,,,,,,,,,,,,,,,,,,,,,,,,,,,,,,,No,,bhp,bhp,Tier 7: High Probability Local Stone / Masonry (High Potential),
631,"El Tajin, Pre-Hispanic City",Mexico,"skipped; bhp
",,,,,,,,,"(iii) to bear a unique or at least exceptional testimony to a cultural tradition or to a civilization which is living or which has disappeared; | (iv) to be an outstanding example of a type of building, architectural or technological ensemble or landscape which illustrates (a) significant stage(s) in human history;",,,,,,,,,,,,,,,,,,,,,,,,,,,,,,,,,,,,,,,,,,,,,,,,,,,,,,,,,,,,,,,,,,No,,bhp,bhp,Tier 7: High Probability Local Stone / Masonry (High Potential),
1702,Rachid Karami International Fair-Tripoli,Lebanon,skipped; nan,,,,,,,,,"(ii) to exhibit an important interchange of human values, over a span of time or within a cultural area of the world, on developments in architecture or technology, monumental arts, town-planning or landscape design; | (iv) to be an outstanding example of a type of building, architectural or technological ensemble or landscape which illustrates (a) significant stage(s) in human history;",,,,,,,,,,,,,,,,,,,,,,,,,,,,,,,,,,,,,,,,,,,,,,,,,,,,,,,,,,,,,,,,,,No,,,,Tier 9: Unflagged,
993,Historic Centre of the Town of Goiás,Brazil,skipped; nan,,,,,,,,,"(ii) to exhibit an important interchange of human values, over a span of time or within a cultural area of the world, on developments in architecture or technology, monumental arts, town-planning or landscape design; | (iv) to be an outstanding example of a type of building, architectural or technological ensemble or landscape which illustrates (a) significant stage(s) in human history;",,,,,,,,,,,,,,,,,,,,,,,,,,,,,,,,,,,,,,,,,,,,,,,,,,,,,,,,,,,,,,,,,,No,,,,Tier 9: Unflagged,
931,City of Graz – Historic Centre and Schloss Eggenberg,Austria,"skipped; bp

",,,,,,,,,"(ii) to exhibit an important interchange of human values, over a span of time or within a cultural area of the world, on developments in architecture or technology, monumental arts, town-planning or landscape design; | (iv) to be an outstanding example of a type of building, architectural or technological ensemble or landscape which illustrates (a) significant stage(s) in human history;",,,,,,,,,,,,,,,,,,,,,,,,,,,,,,,,,,,,,,,,,,,,,,,,,,,,,,,,,,,,,,,,,,No,,bp,bp,Tier 8: Moderate Probability Stone Fabric (Possible),
847,Castle of the Teutonic Order in Malbork,Poland,skipped; bvhp,,,,,,,,,"(ii) to exhibit an important interchange of human values, over a span of time or within a cultural area of the world, on developments in architecture or technology, monumental arts, town-planning or landscape design; | (iii) to bear a unique or at least exceptional testimony to a cultural tradition or to a civilization which is living or which has disappeared; | (iv) to be an outstanding example of a type of building, architectural or technological ensemble or landscape which illustrates (a) significant stage(s) in human history;",,,,,,,,,,,,,,,,,,,,,,,,,,,,,,,,,,,,,,,,,,,,,,,,,,,,,,,,,,,,,,,,,,No,,bvhp,bvhp,Tier 6: High Probability Ashlar / Urban Core (1-v Very High),
733,"Ferrara, City of the Renaissance, and its Po Delta",Italy,skipped; bvhp,,,,,,,,,"(ii) to exhibit an important interchange of human values, over a span of time or within a cultural area of the world, on developments in architecture or technology, monumental arts, town-planning or landscape design; | (iii) to bear a unique or at least exceptional testimony to a cultural tradition or to a civilization which is living or which has disappeared; | (iv) to be an outstanding example of a type of building, architectural or technological ensemble or landscape which illustrates (a) significant stage(s) in human history; | (v) to be an outstanding example of a traditional human settlement, land-use, or sea-use which is representative of a culture (or cultures), or human interaction with the environment especially when it has become vulnerable under the impact of irreversible change; | (vi) to be directly or tangibly associated with events or living traditions, with ideas, or with beliefs, with artistic and literary works of outstanding universal significance;",,,,,,,,,,,,,,,,,,,,,,,,,,,,,,,,,,,,,,,,,,,,,,,,,,,,,,,,,,,,,,,,,,No,,bvhp,bvhp,Tier 6: High Probability Ashlar / Urban Core (1-v Very High),
797,City of Verona,Italy,skipped; bvhp,,,,,,,,,"(ii) to exhibit an important interchange of human values, over a span of time or within a cultural area of the world, on developments in architecture or technology, monumental arts, town-planning or landscape design; | (iv) to be an outstanding example of a type of building, architectural or technological ensemble or landscape which illustrates (a) significant stage(s) in human history;",,,,,,,,,,,,,,,,,,,,,,,,,,,,,,,,,,,,,,,,,,,,,,,,,,,,,,,,,,,,,,,,,,No,,bvhp,bvhp,Tier 6: High Probability Ashlar / Urban Core (1-v Very High),
482,Historic Town of Guanajuato and Adjacent Mines,Mexico,skipped; bvhp,,,,,,,,,"(i) to represent a masterpiece of human creative genius; | (ii) to exhibit an important interchange of human values, over a span of time or within a cultural area of the world, on developments in architecture or technology, monumental arts, town-planning or landscape design; | (iv) to be an outstanding example of a type of building, architectural or technological ensemble or landscape which illustrates (a) significant stage(s) in human history; | (vi) to be directly or tangibly associated with events or living traditions, with ideas, or with beliefs, with artistic and literary works of outstanding universal significance;",,,,,,,,,,,,,,,,,,,,,,,,,,,,,,,,,,,,,,,,,,,,,,,,,,,,,,,,,,,,,,,,,,No,,bvhp,bvhp,Tier 6: High Probability Ashlar / Urban Core (1-v Very High),
1330,Residence of Bukovinian and Dalmatian Metropolitans,Ukraine,skipped; nan,,,,,,,,,"(ii) to exhibit an important interchange of human values, over a span of time or within a cultural area of the world, on developments in architecture or technology, monumental arts, town-planning or landscape design; | (iii) to bear a unique or at least exceptional testimony to a cultural tradition or to a civilization which is living or which has disappeared; | (iv) to be an outstanding example of a type of building, architectural or technological ensemble or landscape which illustrates (a) significant stage(s) in human history;",,,,,,,,,,,,,,,,,,,,,,,,,,,,,,,,,,,,,,,,,,,,,,,,,,,,,,,,,,,,,,,,,,No,,,,Tier 9: Unflagged,
1457,Pergamon and its Multi-Layered Cultural Landscape,Türkiye,OUV Absent; bvhp,,,,,,,,,"(i) to represent a masterpiece of human creative genius; | (ii) to exhibit an important interchange of human values, over a span of time or within a cultural area of the world, on developments in architecture or technology, monumental arts, town-planning or landscape design; | (iii) to bear a unique or at least exceptional testimony to a cultural tradition or to a civilization which is living or which has disappeared; | (iv) to be an outstanding example of a type of building, architectural or technological ensemble or landscape which illustrates (a) significant stage(s) in human history; | (vi) to be directly or tangibly associated with events or living traditions, with ideas, or with beliefs, with artistic and literary works of outstanding universal significance;",,,,,,,,,,,,,,,,,,,,,,,,,,,,,,,,,,,,,,,,,,,,,,,,,,,,,,,,,,,,,,,,,,No,,,bvhp,Tier 6: High Probability Ashlar / Urban Core (1-v Very High),
499,Kairouan,Tunisia,OUV Absent; bvhp,,,,,,,,,"(i) to represent a masterpiece of human creative genius; | (ii) to exhibit an important interchange of human values, over a span of time or within a cultural area of the world, on developments in architecture or technology, monumental arts, town-planning or landscape design; | (iii) to bear a unique or at least exceptional testimony to a cultural tradition or to a civilization which is living or which has disappeared; | (v) to be an outstanding example of a traditional human settlement, land-use, or sea-use which is representative of a culture (or cultures), or human interaction with the environment especially when it has become vulnerable under the impact of irreversible change; | (vi) to be directly or tangibly associated with events or living traditions, with ideas, or with beliefs, with artistic and literary works of outstanding universal significance;",,,,,,,,,,,,,,,,,,,,,,,,,,,,,,,,,,,,,,,,,,,,,,,,,,,,,,,,,,,,,,,,,,No,,,bvhp,Tier 6: High Probability Ashlar / Urban Core (1-v Very High),
438,The Great Wall,China,skipped; bp,,,,,,,,,"(i) to represent a masterpiece of human creative genius; | (ii) to exhibit an important interchange of human values, over a span of time or within a cultural area of the world, on developments in architecture or technology, monumental arts, town-planning or landscape design; | (iii) to bear a unique or at least exceptional testimony to a cultural tradition or to a civilization which is living or which has disappeared; | (iv) to be an outstanding example of a type of building, architectural or technological ensemble or landscape which illustrates (a) significant stage(s) in human history; | (vi) to be directly or tangibly associated with events or living traditions, with ideas, or with beliefs, with artistic and literary works of outstanding universal significance;",,,,,,,,,,,,,,,,,,,,,,,,,,,,,,,,,,,,,,,,,,,,,,,,,,,,,,,,,,,,,,,,,,No,,bp,bp,Tier 8: Moderate Probability Stone Fabric (Possible),
1402,Al Zubarah Archaeological Site,Qatar,skipped; bp,,,,,,,,,"(iii) to bear a unique or at least exceptional testimony to a cultural tradition or to a civilization which is living or which has disappeared; | (iv) to be an outstanding example of a type of building, architectural or technological ensemble or landscape which illustrates (a) significant stage(s) in human history; | (v) to be an outstanding example of a traditional human settlement, land-use, or sea-use which is representative of a culture (or cultures), or human interaction with the environment especially when it has become vulnerable under the impact of irreversible change;",,,,,,,,,,,,,,,,,,,,,,,,,,,,,,,,,,,,,,,,,,,,,,,,,,,,,,,,,,,,,,,,,,No,,bp,bp,Tier 8: Moderate Probability Stone Fabric (Possible),
439,Imperial Palaces of the Ming and Qing Dynasties in Beijing and Shenyang,China,skipped;; nan,,,,,,,,,"(i) to represent a masterpiece of human creative genius; | (ii) to exhibit an important interchange of human values, over a span of time or within a cultural area of the world, on developments in architecture or technology, monumental arts, town-planning or landscape design; | (iii) to bear a unique or at least exceptional testimony to a cultural tradition or to a civilization which is living or which has disappeared; | (iv) to be an outstanding example of a type of building, architectural or technological ensemble or landscape which illustrates (a) significant stage(s) in human history;",,,,,,,,,,,,,,,,,,,,,,,,,,,,,,,,,,,,,,,,,,,,,,,,,,,,,,,,,,,,,,,,,,No,,,,Tier 9: Unflagged,
247,Hill Forts of Rajasthan,India,skipped; bvhp,,,,,,,,,"(ii) to exhibit an important interchange of human values, over a span of time or within a cultural area of the world, on developments in architecture or technology, monumental arts, town-planning or landscape design; | (iii) to bear a unique or at least exceptional testimony to a cultural tradition or to a civilization which is living or which has disappeared;",,,,,,,,,,,,,,,,,,,,,,,,,,,,,,,,,,,,,,,,,,,,,,,,,,,,,,,,,,,,,,,,,,No,,bvhp,bvhp,Tier 6: High Probability Ashlar / Urban Core (1-v Very High),
1552,Roșia Montană Mining Landscape,Romania,skipped; nan,,,,,,,,,"(ii) to exhibit an important interchange of human values, over a span of time or within a cultural area of the world, on developments in architecture or technology, monumental arts, town-planning or landscape design; | (iii) to bear a unique or at least exceptional testimony to a cultural tradition or to a civilization which is living or which has disappeared; | (iv) to be an outstanding example of a type of building, architectural or technological ensemble or landscape which illustrates (a) significant stage(s) in human history;",,,,,,,,,,,,,,,,,,,,,,,,,,,,,,,,,,,,,,,,,,,,,,,,,,,,,,,,,,,,,,,,,,No,,,,Tier 9: Unflagged,
1488,Diyarbakır Fortress and Hevsel Gardens Cultural Landscape,Türkiye,OUV Absent; bvhp,,,,,,,,,"(iv) to be an outstanding example of a type of building, architectural or technological ensemble or landscape which illustrates (a) significant stage(s) in human history;",,,,,,,,,,,,,,,,,,,,,,,,,,,,,,,,,,,,,,,,,,,,,,,,,,,,,,,,,,,,,,,,,,No,,,bvhp,Tier 6: High Probability Ashlar / Urban Core (1-v Very High),
251,Agra Fort,India,skipped; bhp,,,,,,,,,(iii) to bear a unique or at least exceptional testimony to a cultural tradition or to a civilization which is living or which has disappeared;,,,,,,,,,,,,,,,,,,,,,,,,,,,,,,,,,,,,,,,,,,,,,,,,,,,,,,,,,,,,,,,,,,No,,bhp,bhp,Tier 7: High Probability Local Stone / Masonry (High Potential),
980,Historic and Architectural Complex of the Kazan Kremlin,Russian Federation,skipped; nan,,,,,,,,,"(ii) to exhibit an important interchange of human values, over a span of time or within a cultural area of the world, on developments in architecture or technology, monumental arts, town-planning or landscape design; | (iii) to bear a unique or at least exceptional testimony to a cultural tradition or to a civilization which is living or which has disappeared; | (iv) to be an outstanding example of a type of building, architectural or technological ensemble or landscape which illustrates (a) significant stage(s) in human history;",,,,,,,,,,,,,,,,,,,,,,,,,,,,,,,,,,,,,,,,,,,,,,,,,,,,,,,,,,,,,,,,,,No,,,,Tier 9: Unflagged,
544,Kizhi Pogost,Russian Federation,skipped; bhp,,,,,,,,,"(i) to represent a masterpiece of human creative genius; | (iv) to be an outstanding example of a type of building, architectural or technological ensemble or landscape which illustrates (a) significant stage(s) in human history; | (v) to be an outstanding example of a traditional human settlement, land-use, or sea-use which is representative of a culture (or cultures), or human interaction with the environment especially when it has become vulnerable under the impact of irreversible change;",,,,,,,,,,,,,,,,,,,,,,,,,,,,,,,,,,,,,,,,,,,,,,,,,,,,,,,,,,,,,,,,,,No,,bhp,bhp,Tier 7: High Probability Local Stone / Masonry (High Potential),
488,Tower of London,United Kingdom of Great Britain and Northern Ireland,skipped; bp,,,,,,,,,"(ii) to exhibit an important interchange of human values, over a span of time or within a cultural area of the world, on developments in architecture or technology, monumental arts, town-planning or landscape design; | (iv) to be an outstanding example of a type of building, architectural or technological ensemble or landscape which illustrates (a) significant stage(s) in human history;",,,,,,,,,,,,,,,,,,,,,,,,,,,,,,,,,,,,,,,,,,,,,,,,,,,,,,,,,,,,,,,,,,No,,bp,bp,Tier 8: Moderate Probability Stone Fabric (Possible),
1192,Qal’at al-Bahrain – Ancient Harbour and Capital of Dilmun,Bahrain,skipped; bvhp,,,,,,,,,"(ii) to exhibit an important interchange of human values, over a span of time or within a cultural area of the world, on developments in architecture or technology, monumental arts, town-planning or landscape design; | (iii) to bear a unique or at least exceptional testimony to a cultural tradition or to a civilization which is living or which has disappeared; | (iv) to be an outstanding example of a type of building, architectural or technological ensemble or landscape which illustrates (a) significant stage(s) in human history;",,,,,,,,,,,,,,,,,,,,,,,,,,,,,,,,,,,,,,,,,,,,,,,,,,,,,,,,,,,,,,,,,,No,,bvhp,bvhp,Tier 6: High Probability Ashlar / Urban Core (1-v Very High),
1006,Neolithic Flint Mines at Spiennes (Mons),Belgium,"Building, Monument, Plan, Structure; nan",,,Neolithic (from the last third of the 5th millennium until the first half of the 3rd millennium),Internal (DS/OUV),,Michelsberg culture,Internal (DS/OUV),,"(i) to represent a masterpiece of human creative genius; | (iii) to bear a unique or at least exceptional testimony to a cultural tradition or to a civilization which is living or which has disappeared; | (iv) to be an outstanding example of a type of building, architectural or technological ensemble or landscape which illustrates (a) significant stage(s) in human history;",Internal (DS/OUV),,"Chalk, Flint",Internal (DS/OUV),,Sedimentary Rock,,,,,,Flint,Internal (DS/OUV),,Flint nodules within chalk plateaux,Internal (DS/OUV),,Neolithic / Cretaceous chalk formations,Internal (DS/OUV),,Chalk plateaux to the south-east of the city of Mons,Internal (DS/OUV),,,,,,,,,,,Neolithic Flint Mines at Spiennes (Petit Spiennes / Camp à Cayaux),Internal (DS/OUV),,Belgium,Internal (DS/OUV),,Local,Internal (DS/OUV),,,,,"Production of tools, long blades, and axes to fell trees; underground galleries and vertical shafts",Internal (DS/OUV),,,,,"'Striking' technique (freeing from below with support of a central chalk wall, shoring up, and lowering)",Internal (DS/OUV),,,,,,,,Modern installations for comfort and security,Internal (DS/OUV),,Excellent,,,Yes,,,,Tier 9: Unflagged,
901,Litomyšl Castle,Czechia,skipped; bp,,,,,,,,,"(ii) to exhibit an important interchange of human values, over a span of time or within a cultural area of the world, on developments in architecture or technology, monumental arts, town-planning or landscape design; | (iv) to be an outstanding example of a type of building, architectural or technological ensemble or landscape which illustrates (a) significant stage(s) in human history;",,,,,,,,,,,,,,,,,,,,,,,,,,,,,,,,,,,,,,,,,,,,,,,,,,,,,,,,,,,,,,,,,,No,,bp,bp,Tier 8: Moderate Probability Stone Fabric (Possible),
327,Quseir Amra,Jordan,skipped; but highly possible; nan,,,,,,,,,"(i) to represent a masterpiece of human creative genius; | (iii) to bear a unique or at least exceptional testimony to a cultural tradition or to a civilization which is living or which has disappeared; | (iv) to be an outstanding example of a type of building, architectural or technological ensemble or landscape which illustrates (a) significant stage(s) in human history;",,,,,,,,,,,,,,,,,,,,,,,,,,,,,,,,,,,,,,,,,,,,,,,,,,,,,,,,,,,,,,,,,,No,,,,Tier 9: Unflagged,
1349,Seventeenth-Century Canal Ring Area of Amsterdam inside the Singelgracht,Netherlands (Kingdom of the),skipped; nan,,,,,,,,,"(i) to represent a masterpiece of human creative genius; | (ii) to exhibit an important interchange of human values, over a span of time or within a cultural area of the world, on developments in architecture or technology, monumental arts, town-planning or landscape design; | (iv) to be an outstanding example of a type of building, architectural or technological ensemble or landscape which illustrates (a) significant stage(s) in human history;",,,,,,,,,,,,,,,,,,,,,,,,,,,,,,,,,,,,,,,,,,,,,,,,,,,,,,,,,,,,,,,,,,No,,,,Tier 9: Unflagged,
689,As-Salt - The Place of Tolerance and Urban Hospitality,Jordan,"Residential, Public Buildings, Vernacular, Ottoman, Art Nouveau, Neo-Colonial; nan",Internal (DS/OUV),,Late Ottoman Period / Golden Age (1860s to 1920s),Internal (DS/OUV),,Ottoman Transjordanian / Levant,Internal (DS/OUV),,"(ii) to exhibit an important interchange of human values, over a span of time or within a cultural area of the world, on developments in architecture or technology, monumental arts, town-planning or landscape design; | (iii) to bear a unique or at least exceptional testimony to a cultural tradition or to a civilization which is living or which has disappeared;",Internal (DS/OUV),,Limestone,Internal (DS/OUV),,Sedimentary Rock,Internal (DS/OUV),,,,,Yellow Stone / Yellow Limestone,Internal (DS/OUV),,limestone,Internal (DS/OUV),,,,,,,,yellow,Internal (DS/OUV),,,,,,,,,,,Jordan,Internal (DS/OUV),,local,Internal (DS/OUV),,,,,"Public buildings and family residences (masonry walls, three-bay structures)",Internal (DS/OUV),,,,,"Skilled craftsmanship, central hallway and three-bay construction",Internal (DS/OUV),,,,,,,,Adaptive reuse projects and site-specific conservation plans for 22 historic buildings,Internal (DS/OUV),,Good,,,Yes,,,,Tier 9: Unflagged,
1055,Lamu Old Town,Kenya,skipped; nan,,,,,,,,,"(ii) to exhibit an important interchange of human values, over a span of time or within a cultural area of the world, on developments in architecture or technology, monumental arts, town-planning or landscape design; | (iv) to be an outstanding example of a type of building, architectural or technological ensemble or landscape which illustrates (a) significant stage(s) in human history; | (vi) to be directly or tangibly associated with events or living traditions, with ideas, or with beliefs, with artistic and literary works of outstanding universal significance;",,,,,,,,,,,,,,,,,,,,,,,,,,,,,,,,,,,,,,,,,,,,,,,,,,,,,,,,,,,,,,,,,,No,,,,Tier 9: Unflagged,
819,"Historic Area of Willemstad, Inner City and Harbour, Curaçao",Netherlands (Kingdom of the),skipped; nan,,,,,,,,,"(ii) to exhibit an important interchange of human values, over a span of time or within a cultural area of the world, on developments in architecture or technology, monumental arts, town-planning or landscape design; | (iv) to be an outstanding example of a type of building, architectural or technological ensemble or landscape which illustrates (a) significant stage(s) in human history; | (v) to be an outstanding example of a traditional human settlement, land-use, or sea-use which is representative of a culture (or cultures), or human interaction with the environment especially when it has become vulnerable under the impact of irreversible change;",,,,,,,,,,,,,,,,,,,,,,,,,,,,,,,,,,,,,,,,,,,,,,,,,,,,,,,,,,,,,,,,,,No,,,,Tier 9: Unflagged,
1725,Megaliths of Carnac and of the shores of Morbihan,France,skipped; but very very highly possible; nan,,,,,,,,,"(i) to represent a masterpiece of human creative genius; | (iv) to be an outstanding example of a type of building, architectural or technological ensemble or landscape which illustrates (a) significant stage(s) in human history;",,,,,,,,,,,,,,,,,,,,,,,,,,,,,,,,,,,,,,,,,,,,,,,,,,,,,,,,,,,,,,,,,,No,,,,Tier 9: Unflagged,
522,Renaissance Monumental Ensembles of Úbeda and Baeza,Spain,skipped; bvvhp,,,,,,,,,"(ii) to exhibit an important interchange of human values, over a span of time or within a cultural area of the world, on developments in architecture or technology, monumental arts, town-planning or landscape design; | (iv) to be an outstanding example of a type of building, architectural or technological ensemble or landscape which illustrates (a) significant stage(s) in human history;",,,,,,,,,,,,,,,,,,,,,,,,,,,,,,,,,,,,,,,,,,,,,,,,,,,,,,,,,,,,,,,,,,No,,bvvhp,bvvhp,Tier 5: Major Ashlar Masonry / Imperial Ruins (2-v Very High),
1424,Wooden <em>Tserkvas</em> of the Carpathian Region in Poland and Ukraine,"Poland,Ukraine",skipped; but possible; nan,,,,,,,,,"(iii) to bear a unique or at least exceptional testimony to a cultural tradition or to a civilization which is living or which has disappeared; | (iv) to be an outstanding example of a type of building, architectural or technological ensemble or landscape which illustrates (a) significant stage(s) in human history;",,,,,,,,,,,,,,,,,,,,,,,,,,,,,,,,,,,,,,,,,,,,,,,,,,,,,,,,,,,,,,,,,,No,,,,Tier 9: Unflagged,
876,University and Historic Precinct of Alcalá de Henares,Spain,skipped; but highly possible; nan,,,,,,,,,"(ii) to exhibit an important interchange of human values, over a span of time or within a cultural area of the world, on developments in architecture or technology, monumental arts, town-planning or landscape design; | (iv) to be an outstanding example of a type of building, architectural or technological ensemble or landscape which illustrates (a) significant stage(s) in human history; | (vi) to be directly or tangibly associated with events or living traditions, with ideas, or with beliefs, with artistic and literary works of outstanding universal significance;",,,,,,,,,,,,,,,,,,,,,,,,,,,,,,,,,,,,,,,,,,,,,,,,,,,,,,,,,,,,,,,,,,No,,,,Tier 9: Unflagged,
988,Catalan Romanesque Churches of the Vall de Boí,Spain,skipped; but highly  possible; nan,,,,,,,,,"(ii) to exhibit an important interchange of human values, over a span of time or within a cultural area of the world, on developments in architecture or technology, monumental arts, town-planning or landscape design; | (iv) to be an outstanding example of a type of building, architectural or technological ensemble or landscape which illustrates (a) significant stage(s) in human history;",,,,,,,,,,,,,,,,,,,,,,,,,,,,,,,,,,,,,,,,,,,,,,,,,,,,,,,,,,,,,,,,,,No,,,,Tier 9: Unflagged,
2,City of Quito,Ecuador,skipped;; nan,,,,,,,,,"(ii) to exhibit an important interchange of human values, over a span of time or within a cultural area of the world, on developments in architecture or technology, monumental arts, town-planning or landscape design; | (iv) to be an outstanding example of a type of building, architectural or technological ensemble or landscape which illustrates (a) significant stage(s) in human history;",,,,,,,,,,,,,,,,,,,,,,,,,,,,,,,,,,,,,,,,,,,,,,,,,,,,,,,,,,,,,,,,,,No,,,,Tier 9: Unflagged,
84,"Vézelay, Church and Hill",France,skipped; but highly possible; nan,,,,,,,,,"(i) to represent a masterpiece of human creative genius; | (vi) to be directly or tangibly associated with events or living traditions, with ideas, or with beliefs, with artistic and literary works of outstanding universal significance;",,,,,,,,,,,,,,,,,,,,,,,,,,,,,,,,,,,,,,,,,,,,,,,,,,,,,,,,,,,,,,,,,,No,,,,Tier 9: Unflagged,
759,Dutch Water Defence Lines,Netherlands (Kingdom of the),skipped; but possible; nan,,,,,,,,,"(ii) to exhibit an important interchange of human values, over a span of time or within a cultural area of the world, on developments in architecture or technology, monumental arts, town-planning or landscape design; | (iv) to be an outstanding example of a type of building, architectural or technological ensemble or landscape which illustrates (a) significant stage(s) in human history; | (v) to be an outstanding example of a traditional human settlement, land-use, or sea-use which is representative of a culture (or cultures), or human interaction with the environment especially when it has become vulnerable under the impact of irreversible change;",,,,,,,,,,,,,,,,,,,,,,,,,,,,,,,,,,,,,,,,,,,,,,,,,,,,,,,,,,,,,,,,,,No,,,,Tier 9: Unflagged,
984,Blaenavon Industrial Landscape,United Kingdom of Great Britain and Northern Ireland,"Industrial Landscape (Coal & iron mines, quarries, primitive railway system, furnaces, casting houses, workers' housing, water balance tower, church, workmen's hall, school); nan",Internal (DS/OUV),,"Late 18th Century to 19th Century (Furnaces c. 1789, St. Peter's Church 1804, Water Balance Tower 1839, Workmen's Hall 1894, Big Pit closed 1980)",Internal (DS/OUV),,British / Industrial Revolution (South Wales Industrial Era),Internal (DS/OUV),,"(iii) to bear a unique or at least exceptional testimony to a cultural tradition or to a civilization which is living or which has disappeared; | (iv) to be an outstanding example of a type of building, architectural or technological ensemble or landscape which illustrates (a) significant stage(s) in human history;",Internal (DS/OUV),,"Coal, Limestone, Fireclay, Iron Ore",Internal (DS/OUV),,Sedimentary Rock,,,"Fireclay, Iron Ore",Internal (DS/OUV),,,,,,,,,,,,,,,,,,,,,,,Mentioned local quarries in the surrounding landscape/valley,Internal (DS/OUV),,united kingdom,Internal (DS/OUV),,Local,Internal (DS/OUV),,,,,"Base of massive chimney, cast-iron pillars, water balance tower, furnaces, kilns, workers' housing, church, school, workmen's hall",Internal (DS/OUV),,,,,,,,,,,,,,"Extensive conservation work undertaken at Ironworks, Big Pit, town settlement, and landscape; St. Peter's School restored as WHS Interpretation Centre",Internal (DS/OUV),,Excellent,,,Yes,,,,Tier 9: Unflagged,
378,Mudejar Architecture of Aragon,Spain,skipped; but highly possible; nan,,,,,,,,,"(iv) to be an outstanding example of a type of building, architectural or technological ensemble or landscape which illustrates (a) significant stage(s) in human history;",,,,,,,,,,,,,,,,,,,,,,,,,,,,,,,,,,,,,,,,,,,,,,,,,,,,,,,,,,,,,,,,,,No,,,,Tier 9: Unflagged,
351,Painted Churches in the Troodos Region,Cyprus,skipped; bp,,,,,,,,,"(ii) to exhibit an important interchange of human values, over a span of time or within a cultural area of the world, on developments in architecture or technology, monumental arts, town-planning or landscape design; | (iii) to bear a unique or at least exceptional testimony to a cultural tradition or to a civilization which is living or which has disappeared; | (iv) to be an outstanding example of a type of building, architectural or technological ensemble or landscape which illustrates (a) significant stage(s) in human history;",,,,,,,,,,,,,,,,,,,,,,,,,,,,,,,,,,,,,,,,,,,,,,,,,,,,,,,,,,,,,,,,,,No,,bp,bp,Tier 8: Moderate Probability Stone Fabric (Possible),
19,"Fasil Ghebbi, Gondar Region",Ethiopia,skipped; bvvhp,,,,,,,,,"(ii) to exhibit an important interchange of human values, over a span of time or within a cultural area of the world, on developments in architecture or technology, monumental arts, town-planning or landscape design; | (iii) to bear a unique or at least exceptional testimony to a cultural tradition or to a civilization which is living or which has disappeared;",,,,,,,,,,,,,,,,,,,,,,,,,,,,,,,,,,,,,,,,,,,,,,,,,,,,,,,,,,,,,,,,,,No,,bvvhp,bvvhp,Tier 5: Major Ashlar Masonry / Imperial Ruins (2-v Very High),
491,Sanctuary of Asklepios at Epidaurus,Greece,skipped; bvhp,,,,,,,,,"(i) to represent a masterpiece of human creative genius; | (ii) to exhibit an important interchange of human values, over a span of time or within a cultural area of the world, on developments in architecture or technology, monumental arts, town-planning or landscape design; | (iii) to bear a unique or at least exceptional testimony to a cultural tradition or to a civilization which is living or which has disappeared; | (iv) to be an outstanding example of a type of building, architectural or technological ensemble or landscape which illustrates (a) significant stage(s) in human history; | (vi) to be directly or tangibly associated with events or living traditions, with ideas, or with beliefs, with artistic and literary works of outstanding universal significance;",,,,,,,,,,,,,,,,,,,,,,,,,,,,,,,,,,,,,,,,,,,,,,,,,,,,,,,,,,,,,,,,,,No,,bvhp,bvhp,Tier 6: High Probability Ashlar / Urban Core (1-v Very High),
268,Abbey of St Gall,Switzerland,skipped; bvhp,,,,,,,,,"(ii) to exhibit an important interchange of human values, over a span of time or within a cultural area of the world, on developments in architecture or technology, monumental arts, town-planning or landscape design; | (iv) to be an outstanding example of a type of building, architectural or technological ensemble or landscape which illustrates (a) significant stage(s) in human history;",,,,,,,,,,,,,,,,,,,,,,,,,,,,,,,,,,,,,,,,,,,,,,,,,,,,,,,,,,,,,,,,,,No,,bvhp,bvhp,Tier 6: High Probability Ashlar / Urban Core (1-v Very High),
15,Aksum,Ethiopia,skipped; bvhp,,,,,,,,,"(i) to represent a masterpiece of human creative genius; | (iv) to be an outstanding example of a type of building, architectural or technological ensemble or landscape which illustrates (a) significant stage(s) in human history;",,,,,,,,,,,,,,,,,,,,,,,,,,,,,,,,,,,,,,,,,,,,,,,,,,,,,,,,,,,,,,,,,,No,,bvhp,bvhp,Tier 6: High Probability Ashlar / Urban Core (1-v Very High),
1042,Old City of Acre,Israel,skipped; bvhp,,,,,,,,,"(ii) to exhibit an important interchange of human values, over a span of time or within a cultural area of the world, on developments in architecture or technology, monumental arts, town-planning or landscape design; | (iii) to bear a unique or at least exceptional testimony to a cultural tradition or to a civilization which is living or which has disappeared; | (v) to be an outstanding example of a traditional human settlement, land-use, or sea-use which is representative of a culture (or cultures), or human interaction with the environment especially when it has become vulnerable under the impact of irreversible change;",,,,,,,,,,,,,,,,,,,,,,,,,,,,,,,,,,,,,,,,,,,,,,,,,,,,,,,,,,,,,,,,,,No,,bvhp,bvhp,Tier 6: High Probability Ashlar / Urban Core (1-v Very High),
728,Old and New Towns of Edinburgh,United Kingdom of Great Britain and Northern Ireland,skipped; bp,,,,,,,,,"(ii) to exhibit an important interchange of human values, over a span of time or within a cultural area of the world, on developments in architecture or technology, monumental arts, town-planning or landscape design; | (iv) to be an outstanding example of a type of building, architectural or technological ensemble or landscape which illustrates (a) significant stage(s) in human history;",,,,,,,,,,,,,,,,,,,,,,,,,,,,,,,,,,,,,,,,,,,,,,,,,,,,,,,,,,,,,,,,,,No,,bp,bp,Tier 8: Moderate Probability Stone Fabric (Possible),
817,Hwaseong Fortress,Republic of Korea,skipped; but highly posssible;,,,,,,,,,"(ii) to exhibit an important interchange of human values, over a span of time or within a cultural area of the world, on developments in architecture or technology, monumental arts, town-planning or landscape design; | (iii) to bear a unique or at least exceptional testimony to a cultural tradition or to a civilization which is living or which has disappeared;",,,,,,,,,,,,,,,,,,,,,,,,,,,,,,,,,,,,,,,,,,,,,,,,,,,,,,,,,,,,,,,,,,No,,,,Tier 9: Unflagged,
114,Persepolis,Iran (Islamic Republic of),skipped; bvvvhp,,,,,,,,,"(i) to represent a masterpiece of human creative genius; | (iii) to bear a unique or at least exceptional testimony to a cultural tradition or to a civilization which is living or which has disappeared; | (vi) to be directly or tangibly associated with events or living traditions, with ideas, or with beliefs, with artistic and literary works of outstanding universal significance;",,,,,,,,,,,,,,,,,,,,,,,,,,,,,,,,,,,,,,,,,,,,,,,,,,,,,,,,,,,,,,,,,,Yes,,bvvvhp,bvvvhp,Tier 4: Exceptional Stone Fortress / Cathedral / Mosque (3-v Very Very High),
1459,"Qhapaq Ñan, Andean Road System","Argentina,Bolivia (Plurinational State of),Chile,Colombia,Ecuador,Peru",skipped; nan,,,,,,,,,"(ii) to exhibit an important interchange of human values, over a span of time or within a cultural area of the world, on developments in architecture or technology, monumental arts, town-planning or landscape design; | (iii) to bear a unique or at least exceptional testimony to a cultural tradition or to a civilization which is living or which has disappeared; | (iv) to be an outstanding example of a type of building, architectural or technological ensemble or landscape which illustrates (a) significant stage(s) in human history; | (vi) to be directly or tangibly associated with events or living traditions, with ideas, or with beliefs, with artistic and literary works of outstanding universal significance;",,,,,,,,,,,,,,,,,,,,,,,,,,,,,,,,,,,,,,,,,,,,,,,,,,,,,,,,,,,,,,,,,,No,,,,Tier 9: Unflagged,
135,Fortifications on the Caribbean Side of Panama: Portobelo-San Lorenzo,Panama,skipped; nan,,,,,,,,,"(i) to represent a masterpiece of human creative genius; | (iv) to be an outstanding example of a type of building, architectural or technological ensemble or landscape which illustrates (a) significant stage(s) in human history;",,,,,,,,,,,,,,,,,,,,,,,,,,,,,,,,,,,,,,,,,,,,,,,,,,,,,,,,,,,,,,,,,,No,,,,Tier 9: Unflagged,
1455,Susa,Iran (Islamic Republic of),skipped; but highly possible; nan,,,,,,,,,"(i) to represent a masterpiece of human creative genius; | (ii) to exhibit an important interchange of human values, over a span of time or within a cultural area of the world, on developments in architecture or technology, monumental arts, town-planning or landscape design; | (iii) to bear a unique or at least exceptional testimony to a cultural tradition or to a civilization which is living or which has disappeared; | (iv) to be an outstanding example of a type of building, architectural or technological ensemble or landscape which illustrates (a) significant stage(s) in human history;",,,,,,,,,,,,,,,,,,,,,,,,,,,,,,,,,,,,,,,,,,,,,,,,,,,,,,,,,,,,,,,,,,No,,,,Tier 9: Unflagged,
1221,Rideau Canal,Canada,skipped; bp,,,,,,,,,"(i) to represent a masterpiece of human creative genius; | (iv) to be an outstanding example of a type of building, architectural or technological ensemble or landscape which illustrates (a) significant stage(s) in human history;",,,,,,,,,,,,,,,,,,,,,,,,,,,,,,,,,,,,,,,,,,,,,,,,,,,,,,,,,,,,,,,,,,No,,bp,bp,Tier 8: Moderate Probability Stone Fabric (Possible),
1444,Pyu Ancient Cities,Myanmar,skipped; bvhp,,,,,,,,,"(ii) to exhibit an important interchange of human values, over a span of time or within a cultural area of the world, on developments in architecture or technology, monumental arts, town-planning or landscape design; | (iii) to bear a unique or at least exceptional testimony to a cultural tradition or to a civilization which is living or which has disappeared; | (iv) to be an outstanding example of a type of building, architectural or technological ensemble or landscape which illustrates (a) significant stage(s) in human history;",,,,,,,,,,,,,,,,,,,,,,,,,,,,,,,,,,,,,,,,,,,,,,,,,,,,,,,,,,,,,,,,,,No,,bvhp,bvhp,Tier 6: High Probability Ashlar / Urban Core (1-v Very High),
1493,Pampulha Modern Ensemble,Brazil,skipped;; nan,,,,,,,,,"(i) to represent a masterpiece of human creative genius; | (ii) to exhibit an important interchange of human values, over a span of time or within a cultural area of the world, on developments in architecture or technology, monumental arts, town-planning or landscape design; | (iv) to be an outstanding example of a type of building, architectural or technological ensemble or landscape which illustrates (a) significant stage(s) in human history;",,,,,,,,,,,,,,,,,,,,,,,,,,,,,,,,,,,,,,,,,,,,,,,,,,,,,,,,,,,,,,,,,,No,,,,Tier 9: Unflagged,
1610,Ombilin Coal Mining Heritage of Sawahlunto,Indonesia,"Colonial, Regency, Traditional Javanese, Purpose-built Industrial Mining Town; nan",Internal (DS/OUV),,Late 19th century to early 20th century,Internal (DS/OUV),,Netherlands East Indies / Colonial Indonesia,Internal (DS/OUV),,"(ii) to exhibit an important interchange of human values, over a span of time or within a cultural area of the world, on developments in architecture or technology, monumental arts, town-planning or landscape design; | (iv) to be an outstanding example of a type of building, architectural or technological ensemble or landscape which illustrates (a) significant stage(s) in human history;",Internal (DS/OUV),,Coal (industrial / strategic resource),Internal (DS/OUV),,Sedimentary Rock,,,,,,,,,High-quality / Industrial-grade Bituminous Coal,Internal (DS/OUV),,Tertiary (Eocene to Miocene Ombilin Formation),Internal (DS/OUV),,Ombilin Formation,Internal (DS/OUV),,,,,,,,,,,Ombilin Basin Open-Pit Mines and Underground Tunnels (Sawahlunto),Internal (DS/OUV),,Indonesia (West Sumatra),Internal (DS/OUV),,Local geological resource extraction,Internal (DS/OUV),,155 km mountain rack railway linking Sawahlunto to Emmahaven Seaport,Internal (DS/OUV),,"Shaft and tunnel mine structures, railway bridges, tunnels, harbour silos, company town buildings",Internal (DS/OUV),,,,,"Rock-blast tunneling, inclined rail bridge construction, deep-bore vertical tunneling",Internal (DS/OUV),,Tropical conditions and rapid growth of vegetation causing degradation,Internal (DS/OUV),,,,,Revitalisation of the historic railway route and adaptive reuse of historic structures,Internal (DS/OUV),,Good,,,Yes,,,,Tier 9: Unflagged,
785,Semmering Railway,Austria,skipped;; nan,,,,,,,,,"(ii) to exhibit an important interchange of human values, over a span of time or within a cultural area of the world, on developments in architecture or technology, monumental arts, town-planning or landscape design; | (iv) to be an outstanding example of a type of building, architectural or technological ensemble or landscape which illustrates (a) significant stage(s) in human history;",,,,,,,,,,,,,,,,,,,,,,,,,,,,,,,,,,,,,,,,,,,,,,,,,,,,,,,,,,,,,,,,,,No,,,,Tier 9: Unflagged,
784,Historic Centre of the City of Salzburg,Austria,skipped; bp,,,,,,,,,"(ii) to exhibit an important interchange of human values, over a span of time or within a cultural area of the world, on developments in architecture or technology, monumental arts, town-planning or landscape design; | (iv) to be an outstanding example of a type of building, architectural or technological ensemble or landscape which illustrates (a) significant stage(s) in human history; | (vi) to be directly or tangibly associated with events or living traditions, with ideas, or with beliefs, with artistic and literary works of outstanding universal significance;",,,,,,,,,,,,,,,,,,,,,,,,,,,,,,,,,,,,,,,,,,,,,,,,,,,,,,,,,,,,,,,,,,No,,bp,bp,Tier 8: Moderate Probability Stone Fabric (Possible),
913,Shrines and Temples of Nikko,Japan,skipped; nan,,,,,,,,,"(i) to represent a masterpiece of human creative genius; | (iv) to be an outstanding example of a type of building, architectural or technological ensemble or landscape which illustrates (a) significant stage(s) in human history; | (vi) to be directly or tangibly associated with events or living traditions, with ideas, or with beliefs, with artistic and literary works of outstanding universal significance;",,,,,,,,,,,,,,,,,,,,,,,,,,,,,,,,,,,,,,,,,,,,,,,,,,,,,,,,,,,,,,,,,,No,,,,Tier 9: Unflagged,
55,Røros Mining Town and the Circumference,Norway,skipped; bhp; minig town,,,,,,,,,"(iii) to bear a unique or at least exceptional testimony to a cultural tradition or to a civilization which is living or which has disappeared; | (iv) to be an outstanding example of a type of building, architectural or technological ensemble or landscape which illustrates (a) significant stage(s) in human history; | (v) to be an outstanding example of a traditional human settlement, land-use, or sea-use which is representative of a culture (or cultures), or human interaction with the environment especially when it has become vulnerable under the impact of irreversible change;",,,,,,,,,,,,,,,,,,,,,,,,,,,,,,,,,,,,,,,,,,,,,,,,,,,,,,,,,,,,,,,,,,No,,bhp,bhp,Tier 7: High Probability Local Stone / Masonry (High Potential),
1622,Arslantepe Mound,Türkiye,"Palace complex, adobe houses, Royal Tomb complex, settlement plan and layout, monumental architecture; nan",Internal (DS/OUV),,"Late Chalcolithic 1–2 (4300–3900 BCE), Late Chalcolithic 5 (3400–3100 BCE), Early Bronze Age, Middle & Late Bronze Ages, Hittite, Neo-Hittite, up to late Roman & Medieval periods",Internal (DS/OUV),,"Late Chalcolithic, Early Bronze Age, Paleo-Assyrian, Hittite, Neo-Hittite, Roman, Medieval",Internal (DS/OUV),,(iii) to bear a unique or at least exceptional testimony to a cultural tradition or to a civilization which is living or which has disappeared;,Internal (DS/OUV),,Adobe (mud-brick/mud plaster with straw tempering),Internal (DS/OUV),,Sedimentary Rock,,,,,,,,,Unbaked mud / clay sediment mixed with straw (Adobe),Internal (DS/OUV),,,,,,,,,,,,,,Clay minerals (mud),Internal (DS/OUV),,,,,,,,Local (materials sourced from the fertile Malatya plain and Euphrates River basin),Internal (DS/OUV),,,,,"Walls, floors, roof shelter support, internal structural features",Internal (DS/OUV),,Wall plaster and wall paintings,Internal (DS/OUV),,"Mud-brick / adobe masonry with straw tempering, mud plaster coating",Internal (DS/OUV),,Fragile nature of exposed adobe remains subject to environmental conditions,Internal (DS/OUV),,,,,Minor repairs using original materials (mud and straw tempering); no major structural reconstructions,Internal (DS/OUV),,Excellent,,,Yes,,,,Tier 9: Unflagged,
1539,Tarnowskie Góry Lead-Silver-Zinc Mine and its Underground Water Management System,Poland,"Underground mine adits, shafts, galleries, surface mining relics, waste heaps, and 19th-century steam water pumping station; nan",Internal (DS/OUV),,Mid-sixteenth to late-nineteenth century,Internal (DS/OUV),,Central European / Silesian Industrial,Internal (DS/OUV),,"(i) to represent a masterpiece of human creative genius; | (ii) to exhibit an important interchange of human values, over a span of time or within a cultural area of the world, on developments in architecture or technology, monumental arts, town-planning or landscape design; | (iv) to be an outstanding example of a type of building, architectural or technological ensemble or landscape which illustrates (a) significant stage(s) in human history;",,,Not mentioned; but metallic zinc ore mention expected,,,,,,,,,,,,,,,,,,European metalliferous deposits ,Internal (DS/OUV),,,,,,,,"Lead, Silver, Zinc (Ore minerals mentioned; rock minerals NA)",Internal (DS/OUV),,,,,,,,,,,,,,"Shafts, adits, drainage tunnels, galleries, pumping station",Internal (DS/OUV),,,,,,,,,,,,,,Conservation Management Plan being developed; ongoing research and documentation,Internal (DS/OUV),,Good,,,Yes,,,,Tier 9: Unflagged,
1484,"Sites of Japan’s Meiji Industrial Revolution: Iron and Steel, Shipbuilding and Coal Mining",Japan,"iron and steel, shipbuilding and coal mining, particularly to meet defence needs; Edo Period, Building, Plan, Structure, Traditional; nan",Internal (DS/OUV),,Middle of the 19th century to early 20th century (1850s to 1910s),Internal (DS/OUV),,Late Edo / Bakumatsu to Meiji Era Japan,Internal (DS/OUV),,"(ii) to exhibit an important interchange of human values, over a span of time or within a cultural area of the world, on developments in architecture or technology, monumental arts, town-planning or landscape design; | (iv) to be an outstanding example of a type of building, architectural or technological ensemble or landscape which illustrates (a) significant stage(s) in human history;",Internal (DS/OUV),,Coal (Note: Coal is a sedimentary rock/fossil fuel cited under general stones),Internal (DS/OUV),,Sedimentary Rock,Internal (DS/OUV),,,,,,,,,,,,,,,,,,,,,,,,,,,,,,,,Local materials (and Western technology adapted to local materials),Internal (DS/OUV),,,,,,,,,,,,,,"Deterioration / poor condition at specific component sites (e.g., Hashima Coal Mine, Miike Coal Mine and Miike Port, Repair shop at Imperial Steel Works)",Internal (DS/OUV),,,,,Temporary measures in place at the Repair shop at Imperial Steel Works; Conservation management plans developed for components,,,Poor,,,Yes,,,,Tier 9: Unflagged,
786,Palace and Gardens of Schönbrunn,Austria,skipped;; nan,,,,,,,,,"(i) to represent a masterpiece of human creative genius; | (iv) to be an outstanding example of a type of building, architectural or technological ensemble or landscape which illustrates (a) significant stage(s) in human history;",,,,,,,,,,,,,,,,,,,,,,,,,,,,,,,,,,,,,,,,,,,,,,,,,,,,,,,,,,,,,,,,,,No,,,,Tier 9: Unflagged,
4,L’Anse aux Meadows National Historic Site,Canada,skipped;; nan,,,,,,,,,"(vi) to be directly or tangibly associated with events or living traditions, with ideas, or with beliefs, with artistic and literary works of outstanding universal significance;",,,peat bog,,,,,,,,,,,,,,,,,,,,,,,,,,,,,,,,,,,,,,,,,,,,,,,,,,,,,,,,,,,,,,,Yes,,,,Tier 9: Unflagged,
729,"Bauhaus and its Sites in Weimar, Dessau and Bernau",Germany,skipped;; nan,,,,,,,,,"(ii) to exhibit an important interchange of human values, over a span of time or within a cultural area of the world, on developments in architecture or technology, monumental arts, town-planning or landscape design; | (iv) to be an outstanding example of a type of building, architectural or technological ensemble or landscape which illustrates (a) significant stage(s) in human history; | (vi) to be directly or tangibly associated with events or living traditions, with ideas, or with beliefs, with artistic and literary works of outstanding universal significance;",,,,,,,,,,,,,,,,,,,,,,,,,,,,,,,,,,,,,,,,,,,,,,,,,,,,,,,,,,,,,,,,,,No,,,,Tier 9: Unflagged,
1066,Upper Middle Rhine Valley,Germany,"Building, Monument, Plan, Structure, Traditional; Castle, Fort, Fortress, Gate, Terrace; nan",Internal (DS/OUV),,"Over 2,000 years (fortresses/castles erected over ~1,000 years)",Internal (DS/OUV),,Western European / Roman & Medieval Germanic settlements,Internal (DS/OUV),,"(ii) to exhibit an important interchange of human values, over a span of time or within a cultural area of the world, on developments in architecture or technology, monumental arts, town-planning or landscape design; | (iv) to be an outstanding example of a type of building, architectural or technological ensemble or landscape which illustrates (a) significant stage(s) in human history; | (v) to be an outstanding example of a traditional human settlement, land-use, or sea-use which is representative of a culture (or cultures), or human interaction with the environment especially when it has become vulnerable under the impact of irreversible change;",Internal (DS/OUV),,"Slate, Sandstone",Internal (DS/OUV),,Metamorphic Rock,Internal (DS/OUV),,Clay-slates,Internal (DS/OUV),,,,,"Clay-slates, hard sandstone, slate",Internal (DS/OUV),,,,,Rhenish Slate Mountains,Internal (DS/OUV),,,,,,,,,,,,,,,,,Local (River cut through regional Rhenish Slate formations),Internal (DS/OUV),,,,,"Castles, fortresses, town walls, vineyard terracing, building construction",Internal (DS/OUV),,,,,"Terracing, hillside fortification masonry",Internal (DS/OUV),,,,,,,,19th-century Romantic movement restorations/reconstructions,Internal (DS/OUV),,Good,,,No,,,,Tier 9: Unflagged,
65,Antigua Guatemala,Guatemala,skipped; bp,,,,,,,,,"(ii) to exhibit an important interchange of human values, over a span of time or within a cultural area of the world, on developments in architecture or technology, monumental arts, town-planning or landscape design; | (iii) to bear a unique or at least exceptional testimony to a cultural tradition or to a civilization which is living or which has disappeared; | (iv) to be an outstanding example of a type of building, architectural or technological ensemble or landscape which illustrates (a) significant stage(s) in human history;",,,,,,,,,,,,,,,,,,,,,,,,,,,,,,,,,,,,,,,,,,,,,,,,,,,,,,,,,,,,,,,,,,No,,bp,bp,Tier 8: Moderate Probability Stone Fabric (Possible),
657,Architectural Ensemble of the Trinity Sergius Lavra in Sergiev Posad,Russian Federation,skipped; bvhp,,,,,,,,,"(ii) to exhibit an important interchange of human values, over a span of time or within a cultural area of the world, on developments in architecture or technology, monumental arts, town-planning or landscape design; | (iv) to be an outstanding example of a type of building, architectural or technological ensemble or landscape which illustrates (a) significant stage(s) in human history;",,,,,,,,,,,,,,,,,,,,,,,,,,,,,,,,,,,,,,,,,,,,,,,,,,,,,,,,,,,,,,,,,,No,,bvhp,bvhp,Tier 6: High Probability Ashlar / Urban Core (1-v Very High),
517,Archaeological Site of Olympia,Greece,skipped; bvvhp,,,,,,,,,"(i) to represent a masterpiece of human creative genius; | (ii) to exhibit an important interchange of human values, over a span of time or within a cultural area of the world, on developments in architecture or technology, monumental arts, town-planning or landscape design; | (iii) to bear a unique or at least exceptional testimony to a cultural tradition or to a civilization which is living or which has disappeared; | (iv) to be an outstanding example of a type of building, architectural or technological ensemble or landscape which illustrates (a) significant stage(s) in human history; | (vi) to be directly or tangibly associated with events or living traditions, with ideas, or with beliefs, with artistic and literary works of outstanding universal significance;",,,,,,,,,,,,,,,,,,,,,,,,,,,,,,,,,,,,,,,,,,,,,,,,,,,,,,,,,,,,,,,,,,No,,bvvhp,bvvhp,Tier 5: Major Ashlar Masonry / Imperial Ruins (2-v Very High),
1278,Historic Monuments and Sites in Kaesong,Democratic People's Republic of Korea,skipped; but possible; nan,,,,,,,,,"(ii) to exhibit an important interchange of human values, over a span of time or within a cultural area of the world, on developments in architecture or technology, monumental arts, town-planning or landscape design; | (iii) to bear a unique or at least exceptional testimony to a cultural tradition or to a civilization which is living or which has disappeared;",,,,,,,,,,,,,,,,,,,,,,,,,,,,,,,,,,,,,,,,,,,,,,,,,,,,,,,,,,,,,,,,,,No,,,,Tier 9: Unflagged,
204,Old Havana and its Fortification System,Cuba,kipped; bvhp,,,,,,,,,"(iv) to be an outstanding example of a type of building, architectural or technological ensemble or landscape which illustrates (a) significant stage(s) in human history; | (v) to be an outstanding example of a traditional human settlement, land-use, or sea-use which is representative of a culture (or cultures), or human interaction with the environment especially when it has become vulnerable under the impact of irreversible change;",,,skipped,,,,,,,,,,,,,,,,,,,,,,,,,,,,,,,,,,,,,,,,,,,,,,,,,,,,,,,,,,,,,,,No,,bvhp,bvhp,Tier 6: High Probability Ashlar / Urban Core (1-v Very High),
1447,Carolingian Westwork and Civitas Corvey,Germany,skipped; bvvhp,,,,,,,,,"(ii) to exhibit an important interchange of human values, over a span of time or within a cultural area of the world, on developments in architecture or technology, monumental arts, town-planning or landscape design; | (iii) to bear a unique or at least exceptional testimony to a cultural tradition or to a civilization which is living or which has disappeared; | (iv) to be an outstanding example of a type of building, architectural or technological ensemble or landscape which illustrates (a) significant stage(s) in human history;",,,skipped; but possible,,,,,,,,,,,,,,,,,,,,,,,,,,,,,,,,,,,,,,,,,,,,,,,,,,,,,,,,,,,,,,,No,,bvvhp,bvvhp,Tier 5: Major Ashlar Masonry / Imperial Ruins (2-v Very High),
1273,Wooden Churches of the Slovak part of the Carpathian Mountain Area,Slovakia,skipped; but possible; nan,,,,,,,,,"(iii) to bear a unique or at least exceptional testimony to a cultural tradition or to a civilization which is living or which has disappeared; | (iv) to be an outstanding example of a type of building, architectural or technological ensemble or landscape which illustrates (a) significant stage(s) in human history;",,,,,,,,,,,,,,,,,,,,,,,,,,,,,,,,,,,,,,,,,,,,,,,,,,,,,,,,,,,,,,,,,,No,,,,Tier 9: Unflagged,
687,Völklingen Ironworks,Germany,skipped; nan,,,,,,,,,"(ii) to exhibit an important interchange of human values, over a span of time or within a cultural area of the world, on developments in architecture or technology, monumental arts, town-planning or landscape design; | (iv) to be an outstanding example of a type of building, architectural or technological ensemble or landscape which illustrates (a) significant stage(s) in human history;",,,,,,,,,,,,,,,,,,,,,,,,,,,,,,,,,,,,,,,,,,,,,,,,,,,,,,,,,,,,,,,,,,No,,,,Tier 9: Unflagged,
272,Hanseatic City of Lübeck,Germany,sskipped; nan,,,,,,,,,"(iv) to be an outstanding example of a type of building, architectural or technological ensemble or landscape which illustrates (a) significant stage(s) in human history;",,,,,,,,,,,,,,,,,,,,,,,,,,,,,,,,,,,,,,,,,,,,,,,,,,,,,,,,,,,,,,,,,,No,,,,Tier 9: Unflagged,
974,Monastic Island of Reichenau,Germany,skipped; bp,,,,,,,,,"(iii) to bear a unique or at least exceptional testimony to a cultural tradition or to a civilization which is living or which has disappeared; | (iv) to be an outstanding example of a type of building, architectural or technological ensemble or landscape which illustrates (a) significant stage(s) in human history; | (vi) to be directly or tangibly associated with events or living traditions, with ideas, or with beliefs, with artistic and literary works of outstanding universal significance;",,,,,,,,,,,,,,,,,,,,,,,,,,,,,,,,,,,,,,,,,,,,,,,,,,,,,,,,,,,,,,,,,,No,,bp,bp,Tier 8: Moderate Probability Stone Fabric (Possible),
1551,Historic City of Ahmadabad,India,skipped; but very very highly possible; nan,,,,,,,,,"(ii) to exhibit an important interchange of human values, over a span of time or within a cultural area of the world, on developments in architecture or technology, monumental arts, town-planning or landscape design; | (v) to be an outstanding example of a traditional human settlement, land-use, or sea-use which is representative of a culture (or cultures), or human interaction with the environment especially when it has become vulnerable under the impact of irreversible change;",,,,,,,,,,,,,,,,,,,,,,,,,,,,,,,,,,,,,,,,,,,,,,,,,,,,,,,,,,,,,,,,,,No,,,,Tier 9: Unflagged,
18,"Rock-Hewn Churches, Lalibela",Ethiopia,skipped; bvhp,,,,,,,,,"(i) to represent a masterpiece of human creative genius; | (ii) to exhibit an important interchange of human values, over a span of time or within a cultural area of the world, on developments in architecture or technology, monumental arts, town-planning or landscape design; | (iii) to bear a unique or at least exceptional testimony to a cultural tradition or to a civilization which is living or which has disappeared;",,,,,,,,,,,,,,,,,,,,,,,,,,,,,,,,,,,,,,,,,,,,,,,,,,,,,,,,,,,,,,,,,,No,,bvhp,bvhp,Tier 6: High Probability Ashlar / Urban Core (1-v Very High),
441,Mausoleum of the First Qin Emperor,China,skipped; but very highly possible; nan,,,,,,,,,"(i) to represent a masterpiece of human creative genius; | (iii) to bear a unique or at least exceptional testimony to a cultural tradition or to a civilization which is living or which has disappeared; | (iv) to be an outstanding example of a type of building, architectural or technological ensemble or landscape which illustrates (a) significant stage(s) in human history; | (vi) to be directly or tangibly associated with events or living traditions, with ideas, or with beliefs, with artistic and literary works of outstanding universal significance;",,,,,,,,,,,,,,,,,,,,,,,,,,,,,,,,,,,,,,,,,,,,,,,,,,,,,,,,,,,,,,,,,,No,,,,Tier 9: Unflagged,
1517,Archaeological Site of Philippi,Greece,skipped; bp,,,,,,,,,"(iii) to bear a unique or at least exceptional testimony to a cultural tradition or to a civilization which is living or which has disappeared; | (iv) to be an outstanding example of a type of building, architectural or technological ensemble or landscape which illustrates (a) significant stage(s) in human history;",,,,,,,,,,,,,,,,,,,,,,,,,,,,,,,,,,,,,,,,,,,,,,,,,,,,,,,,,,,,,,,,,,No,,bp,bp,Tier 8: Moderate Probability Stone Fabric (Possible),
425,Blenheim Palace,United Kingdom of Great Britain and Northern Ireland,skipped;; nan,,,,,,,,,"(ii) to exhibit an important interchange of human values, over a span of time or within a cultural area of the world, on developments in architecture or technology, monumental arts, town-planning or landscape design; | (iv) to be an outstanding example of a type of building, architectural or technological ensemble or landscape which illustrates (a) significant stage(s) in human history;",,,,,,,,,,,,,,,,,,,,,,,,,,,,,,,,,,,,,,,,,,,,,,,,,,,,,,,,,,,,,,,,,,No,,,,Tier 9: Unflagged,
1260,Mehmed Paša Sokolović Bridge in Višegrad,Bosnia and Herzegovina,skipped; but possible; nan,,,,,,,,,"(ii) to exhibit an important interchange of human values, over a span of time or within a cultural area of the world, on developments in architecture or technology, monumental arts, town-planning or landscape design; | (iv) to be an outstanding example of a type of building, architectural or technological ensemble or landscape which illustrates (a) significant stage(s) in human history;",,,,,,,,,,,,,,,,,,,,,,,,,,,,,,,,,,,,,,,,,,,,,,,,,,,,,,,,,,,,,,,,,,No,,,,Tier 9: Unflagged,
420,City of Potosí,Bolivia (Plurinational State of),skipped but vey highly possible; nan,,,,,,,,,"(ii) to exhibit an important interchange of human values, over a span of time or within a cultural area of the world, on developments in architecture or technology, monumental arts, town-planning or landscape design; | (iv) to be an outstanding example of a type of building, architectural or technological ensemble or landscape which illustrates (a) significant stage(s) in human history; | (vi) to be directly or tangibly associated with events or living traditions, with ideas, or with beliefs, with artistic and literary works of outstanding universal significance;",,,,,,,,,,,,,,,,,,,,,,,,,,,,,,,,,,,,,,,,,,,,,,,,,,,,,,,,,,,,,,,,,,No,,,,Tier 9: Unflagged,
1443,The Grand Canal,China,skipped; nan,,,,,,,,,"(i) to represent a masterpiece of human creative genius; | (iii) to bear a unique or at least exceptional testimony to a cultural tradition or to a civilization which is living or which has disappeared; | (iv) to be an outstanding example of a type of building, architectural or technological ensemble or landscape which illustrates (a) significant stage(s) in human history; | (vi) to be directly or tangibly associated with events or living traditions, with ideas, or with beliefs, with artistic and literary works of outstanding universal significance;",,,,,,,,,,,,,,,,,,,,,,,,,,,,,,,,,,,,,,,,,,,,,,,,,,,,,,,,,,,,,,,,,,No,,,,Tier 9: Unflagged,
837,Medina of Tétouan (formerly known as Titawin),Morocco,skipped; nan,,,,,,,,,"(ii) to exhibit an important interchange of human values, over a span of time or within a cultural area of the world, on developments in architecture or technology, monumental arts, town-planning or landscape design; | (iv) to be an outstanding example of a type of building, architectural or technological ensemble or landscape which illustrates (a) significant stage(s) in human history; | (v) to be an outstanding example of a traditional human settlement, land-use, or sea-use which is representative of a culture (or cultures), or human interaction with the environment especially when it has become vulnerable under the impact of irreversible change;",,,,,,,,,,,,,,,,,,,,,,,,,,,,,,,,,,,,,,,,,,,,,,,,,,,,,,,,,,,,,,,,,,No,,,,Tier 9: Unflagged,
1185,Plantin-Moretus House-Workshops-Museum Complex,Belgium,skipped; nan,,,,,,,,,"(ii) to exhibit an important interchange of human values, over a span of time or within a cultural area of the world, on developments in architecture or technology, monumental arts, town-planning or landscape design; | (iii) to bear a unique or at least exceptional testimony to a cultural tradition or to a civilization which is living or which has disappeared; | (iv) to be an outstanding example of a type of building, architectural or technological ensemble or landscape which illustrates (a) significant stage(s) in human history; | (vi) to be directly or tangibly associated with events or living traditions, with ideas, or with beliefs, with artistic and literary works of outstanding universal significance;",,,,,,,,,,,,,,,,,,,,,,,,,,,,,,,,,,,,,,,,,,,,,,,,,,,,,,,,,,,,,,,,,,No,,,,Tier 9: Unflagged,
1009,Notre-Dame Cathedral in Tournai,Belgium,skipped; nan,,,,,,,,,"(ii) to exhibit an important interchange of human values, over a span of time or within a cultural area of the world, on developments in architecture or technology, monumental arts, town-planning or landscape design; | (iv) to be an outstanding example of a type of building, architectural or technological ensemble or landscape which illustrates (a) significant stage(s) in human history;",,,,,,,,,,,,,,,,,,,,,,,,,,,,,,,,,,,,,,,,,,,,,,,,,,,,,,,,,,,,,,,,,,No,,,,Tier 9: Unflagged,
561,Rangiri Dambulla Cave Temple,Sri Lanka,skipped; bvhp,,,,,,,,,"(i) to represent a masterpiece of human creative genius; | (vi) to be directly or tangibly associated with events or living traditions, with ideas, or with beliefs, with artistic and literary works of outstanding universal significance;",,,,,,,,,,,,,,,,,,,,,,,,,,,,,,,,,,,,,,,,,,,,,,,,,,,,,,,,,,,,,,,,,,No,,bvhp,bvhp,Tier 6: High Probability Ashlar / Urban Core (1-v Very High),
688,"Historic Monuments of Ancient Kyoto (Kyoto, Uji and Otsu Cities)",Japan,skipped; nan,,,,,,,,,"(ii) to exhibit an important interchange of human values, over a span of time or within a cultural area of the world, on developments in architecture or technology, monumental arts, town-planning or landscape design; | (iv) to be an outstanding example of a type of building, architectural or technological ensemble or landscape which illustrates (a) significant stage(s) in human history;",,,,,,,,,,,,,,,,,,,,,,,,,,,,,,,,,,,,,,,,,,,,,,,,,,,,,,,,,,,,,,,,,,No,,,,Tier 9: Unflagged,
1345,Sheikh Safi al-din Khānegāh and Shrine Ensemble in Ardabil,Iran (Islamic Republic of),skipped; bhp,,,,,,,,,"(i) to represent a masterpiece of human creative genius; | (ii) to exhibit an important interchange of human values, over a span of time or within a cultural area of the world, on developments in architecture or technology, monumental arts, town-planning or landscape design; | (iv) to be an outstanding example of a type of building, architectural or technological ensemble or landscape which illustrates (a) significant stage(s) in human history;",,,,,,,,,,,,,,,,,,,,,,,,,,,,,,,,,,,,,,,,,,,,,,,,,,,,,,,,,,,,,,,,,,No,,bhp,bhp,Tier 7: High Probability Local Stone / Masonry (High Potential),
1269,Sacred City of Caral-Supe,Peru,skipped; bvhp,,,,,,,,,"(ii) to exhibit an important interchange of human values, over a span of time or within a cultural area of the world, on developments in architecture or technology, monumental arts, town-planning or landscape design; | (iii) to bear a unique or at least exceptional testimony to a cultural tradition or to a civilization which is living or which has disappeared; | (iv) to be an outstanding example of a type of building, architectural or technological ensemble or landscape which illustrates (a) significant stage(s) in human history;",,,,,,,,,,,,,,,,,,,,,,,,,,,,,,,,,,,,,,,,,,,,,,,,,,,,,,,,,,,,,,,,,,No,,bvhp,bvhp,Tier 6: High Probability Ashlar / Urban Core (1-v Very High),
976,Gyeongju Historic Areas,Republic of Korea,skipped; nan,,,,,,,,,"(ii) to exhibit an important interchange of human values, over a span of time or within a cultural area of the world, on developments in architecture or technology, monumental arts, town-planning or landscape design; | (iii) to bear a unique or at least exceptional testimony to a cultural tradition or to a civilization which is living or which has disappeared;",,,,,,,,,,,,,,,,,,,,,,,,,,,,,,,,,,,,,,,,,,,,,,,,,,,,,,,,,,,,,,,,,,No,,,,Tier 9: Unflagged,
164,"Arles, Roman and Romanesque Monuments",France,skipped; very highly possible; nan,,,,,,,,,"(ii) to exhibit an important interchange of human values, over a span of time or within a cultural area of the world, on developments in architecture or technology, monumental arts, town-planning or landscape design; | (iv) to be an outstanding example of a type of building, architectural or technological ensemble or landscape which illustrates (a) significant stage(s) in human history;",,,,,,,,,,,,,,,,,,,,,,,,,,,,,,,,,,,,,,,,,,,,,,,,,,,,,,,,,,,,,,,,,,No,,,,Tier 9: Unflagged,
294,Baalbek,Lebanon,skipped; bvhp,,,,,,,,,"(i) to represent a masterpiece of human creative genius; | (iv) to be an outstanding example of a type of building, architectural or technological ensemble or landscape which illustrates (a) significant stage(s) in human history;",,,,,,,,,,,,,,,,,,,,,,,,,,,,,,,,,,,,,,,,,,,,,,,,,,,,,,,,,,,,,,,,,,No,,bvhp,bvhp,Tier 6: High Probability Ashlar / Urban Core (1-v Very High),
1501,Antequera Dolmens Site,Spain,skipped; bvvvhp,,,,,,,,,"(i) to represent a masterpiece of human creative genius; | (iii) to bear a unique or at least exceptional testimony to a cultural tradition or to a civilization which is living or which has disappeared; | (v) to be an outstanding example of a traditional human settlement, land-use, or sea-use which is representative of a culture (or cultures), or human interaction with the environment especially when it has become vulnerable under the impact of irreversible change;",,,,,,,,,,,,,,,,,,,,,,,,,,,,,,,,,,,,,,,,,,,,,,,,,,,,,,,,,,,,,,,,,,No,,bvvvhp,bvvvhp,Tier 4: Exceptional Stone Fortress / Cathedral / Mosque (3-v Very Very High),
546,Maulbronn Monastery Complex,Germany,skipped; bvhp,,,,,,,,,"(ii) to exhibit an important interchange of human values, over a span of time or within a cultural area of the world, on developments in architecture or technology, monumental arts, town-planning or landscape design; | (iv) to be an outstanding example of a type of building, architectural or technological ensemble or landscape which illustrates (a) significant stage(s) in human history;",,,,,,,,,,,,,,,,,,,,,,,,,,,,,,,,,,,,,,,,,,,,,,,,,,,,,,,,,,,,,,,,,,No,,bvhp,bvhp,Tier 6: High Probability Ashlar / Urban Core (1-v Very High),
1084,"Royal Botanic Gardens, Kew",United Kingdom of Great Britain and Northern Ireland,skipped; nan,,,,,,,,,"(ii) to exhibit an important interchange of human values, over a span of time or within a cultural area of the world, on developments in architecture or technology, monumental arts, town-planning or landscape design; | (iii) to bear a unique or at least exceptional testimony to a cultural tradition or to a civilization which is living or which has disappeared; | (iv) to be an outstanding example of a type of building, architectural or technological ensemble or landscape which illustrates (a) significant stage(s) in human history;",,,,,,,,,,,,,,,,,,,,,,,,,,,,,,,,,,,,,,,,,,,,,,,,,,,,,,,,,,,,,,,,,,No,,,,Tier 9: Unflagged,
492,Taos Pueblo,United States of America,Settlement consisting of ceremonial buildings/facilities and multi-storey adobe dwellings built in terraced tiers (North and South Houses rising up to five storeys); walled village; underground ceremonial chambers (kivas); ruins of an earlier pueblo; ruins of a 1600s church and present-day San Geronimo Catholic Church.; nan,Internal (DS/OUV),,Late 13th and early 14th centuries (Pueblo establishment); 1600s (first church built); 20th century (minor modifications).,Internal (DS/OUV),,Pueblo Indians (Ancestral Pueblo culture),Internal (DS/OUV),,"(iv) to be an outstanding example of a type of building, architectural or technological ensemble or landscape which illustrates (a) significant stage(s) in human history;",Internal (DS/OUV),,Adobe (sun-dried earth/clay mixture),Internal (DS/OUV),,,,,,,,Local (traditional materials maintained and replastered by tribal members),Internal (DS/OUV),,,,,,,,,,,,,,,,,,,,,,,,,,,,,,,,"Multi-storey terraced residential structures (North & South Houses up to 5 storeys), ceremonial chambers (kivas), village perimeter wall, churches, and associated structures built with adobe.",Internal (DS/OUV),,,,,Traditional adobe construction and periodic replastering/maintenance using traditional methods and earth/mud materials.,Internal (DS/OUV),,"Environmental stresses including water/weather erosion from rain and snow, droughts, and floods.",Internal (DS/OUV),,,,,Regular maintenance and periodic replastering undertaken as needed by tribal members using traditional materials and methods.,Internal (DS/OUV),,Good,,,Yes,,,,Tier 9: Unflagged,
614,City of Safranbolu,Türkiye,skipped; bp,,,,,,,,,"(ii) to exhibit an important interchange of human values, over a span of time or within a cultural area of the world, on developments in architecture or technology, monumental arts, town-planning or landscape design; | (iv) to be an outstanding example of a type of building, architectural or technological ensemble or landscape which illustrates (a) significant stage(s) in human history; | (v) to be an outstanding example of a traditional human settlement, land-use, or sea-use which is representative of a culture (or cultures), or human interaction with the environment especially when it has become vulnerable under the impact of irreversible change;",,,,,,,,,,,,,,,,,,,,,,,,,,,,,,,,,,,,,,,,,,,,,,,,,,,,,,,,,,,,,,,,,,No,,bp,bp,Tier 8: Moderate Probability Stone Fabric (Possible),
905,Kalwaria Zebrzydowska: the Mannerist Architectural and Park Landscape Complex and Pilgrimage Park,Poland,skipped; bp,,,,,,,,,"(ii) to exhibit an important interchange of human values, over a span of time or within a cultural area of the world, on developments in architecture or technology, monumental arts, town-planning or landscape design; | (iv) to be an outstanding example of a type of building, architectural or technological ensemble or landscape which illustrates (a) significant stage(s) in human history;",,,,,,,,,,,,,,,,,,,,,,,,,,,,,,,,,,,,,,,,,,,,,,,,,,,,,,,,,,,,,,,,,,No,,bp,bp,Tier 8: Moderate Probability Stone Fabric (Possible),
1142,Sacred Sites and Pilgrimage Routes in the Kii Mountain Range,Japan,skipped; nan,,,,,,,,,"(ii) to exhibit an important interchange of human values, over a span of time or within a cultural area of the world, on developments in architecture or technology, monumental arts, town-planning or landscape design; | (iii) to bear a unique or at least exceptional testimony to a cultural tradition or to a civilization which is living or which has disappeared; | (iv) to be an outstanding example of a type of building, architectural or technological ensemble or landscape which illustrates (a) significant stage(s) in human history; | (vi) to be directly or tangibly associated with events or living traditions, with ideas, or with beliefs, with artistic and literary works of outstanding universal significance;",,,,,,,,,,,,,,,,,,,,,,,,,,,,,,,,,,,,,,,,,,,,,,,,,,,,,,,,,,,,,,,,,,No,,,,Tier 9: Unflagged,
1442,Silk Roads: the Routes Network of Chang'an-Tianshan Corridor,"China,Kazakhstan,Kyrgyzstan","Capital cities, palace complexes, Buddhist cave temples, posthouses, passes, beacon towers, sections of the Great Wall, fortifications, tombs, stupas/pagodas, caravanserai, semi-underground buildings; nan",Internal (DS/OUV),,2nd century BC to 16th century AD (flourished 6th to 14th century AD),Internal (DS/OUV),,"Han and Tang Dynasties (China), Sogdians, Turks, Khan Kingdoms, Zhetysu region empires",Internal (DS/OUV),,"(ii) to exhibit an important interchange of human values, over a span of time or within a cultural area of the world, on developments in architecture or technology, monumental arts, town-planning or landscape design; | (iii) to bear a unique or at least exceptional testimony to a cultural tradition or to a civilization which is living or which has disappeared; | (v) to be an outstanding example of a traditional human settlement, land-use, or sea-use which is representative of a culture (or cultures), or human interaction with the environment especially when it has become vulnerable under the impact of irreversible change; | (vi) to be directly or tangibly associated with events or living traditions, with ideas, or with beliefs, with artistic and literary works of outstanding universal significance;",Internal (DS/OUV),,Loess; unbaked/exposed mud brick (in Zhetysu region),Internal (DS/OUV),,Sedimentary Rock,Internal (DS/OUV),,,,,Loess,,,,,,Quaternary (Loess Plateau deposits),Internal (DS/OUV),,,,,,,,"Fine-grained, wind-blown silt (Loess)",Internal (DS/OUV),,,,,,,,"China, Kazakhstan, Kyrgyzstan",Internal (DS/OUV),,"Local (Loess plateau soils, clay/mud bricks sourced on-site)",Internal (DS/OUV),,,,,"Earthen walls, subterranean structures, cave temple excavations, beacon towers, earthen fortifications, foundations",Internal (DS/OUV),,Relief carvings and statues in Buddhist cave temples,Internal (DS/OUV),,"Rammed earth (hangtu), carved cave-temple rock-cut masonry, unbaked mud-brick masonry",Internal (DS/OUV),,"High vulnerability to water/wind erosion, severe atmospheric deterioration on exposed earth/brick structures",Internal (DS/OUV),,,,,Backfilling and earth covering of exposed brick structures (Zhetysu region); traditional-style screen wall interventions,Internal (DS/OUV),,Poor,,,Yes,,,,Tier 9: Unflagged,
246,"Sun Temple, Konârak",India,skipped; bvhp,,,,,,,,,"(i) to represent a masterpiece of human creative genius; | (iii) to bear a unique or at least exceptional testimony to a cultural tradition or to a civilization which is living or which has disappeared; | (vi) to be directly or tangibly associated with events or living traditions, with ideas, or with beliefs, with artistic and literary works of outstanding universal significance;",,,,,,,,,,,,,,,,,,,,,,,,,,,,,,,,,,,,,,,,,,,,,,,,,,,,,,,,,,,,,,,,,,No,,bvhp,bvhp,Tier 6: High Probability Ashlar / Urban Core (1-v Very High),
1067,Historic Centres of Stralsund and Wismar,Germany,skipped; nan,,,,,,,,,"(ii) to exhibit an important interchange of human values, over a span of time or within a cultural area of the world, on developments in architecture or technology, monumental arts, town-planning or landscape design; | (iv) to be an outstanding example of a type of building, architectural or technological ensemble or landscape which illustrates (a) significant stage(s) in human history;",,,,,,,,,,,,,,,,,,,,,,,,,,,,,,,,,,,,,,,,,,,,,,,,,,,,,,,,,,,,,,,,,,No,,,,Tier 9: Unflagged,
87,Ancient Thebes with its Necropolis,Egypt,skipped; but very highly possible; nan,,,,,,,,,"(i) to represent a masterpiece of human creative genius; | (iii) to bear a unique or at least exceptional testimony to a cultural tradition or to a civilization which is living or which has disappeared; | (vi) to be directly or tangibly associated with events or living traditions, with ideas, or with beliefs, with artistic and literary works of outstanding universal significance;",,,,,,,,,,,,,,,,,,,,,,,,,,,,,,,,,,,,,,,,,,,,,,,,,,,,,,,,,,,,,,,,,,No,,,,Tier 9: Unflagged,
944,Mountain Railways of India,India,skipped;; nan,,,,,,,,,"(ii) to exhibit an important interchange of human values, over a span of time or within a cultural area of the world, on developments in architecture or technology, monumental arts, town-planning or landscape design; | (iv) to be an outstanding example of a type of building, architectural or technological ensemble or landscape which illustrates (a) significant stage(s) in human history;",,,,,,,,,,,,,,,,,,,,,,,,,,,,,,,,,,,,,,,,,,,,,,,,,,,,,,,,,,,,,,,,,,No,,,,Tier 9: Unflagged,
560,"Archaeological Zone of Paquimé, Casas Grandes",Mexico,"Earthen architecture, residential buildings/structures, ceremonial monuments with masonry coatings, facades with porticos; nan",Internal (DS/OUV),,Development: 700–1475 AD (Apogee: 14th and 15th centuries),Internal (DS/OUV),,Paquimé / Casas Grandes Culture (Pueblo & Mesoamerican influence),Internal (DS/OUV),,"(iii) to bear a unique or at least exceptional testimony to a cultural tradition or to a civilization which is living or which has disappeared; | (iv) to be an outstanding example of a type of building, architectural or technological ensemble or landscape which illustrates (a) significant stage(s) in human history;",Internal (DS/OUV),,Adobe (unfired clay) as predominant material; Stone (unspecified) for specific uses,Internal (DS/OUV),,,,,,,,,,,,,,,,,,,,,,,,,,,,,,,,,,,Local (earthen/clay materials of the same nature and properties as the original),Internal (DS/OUV),,,,,"Living rooms, workshops, stores, residential walls, multi-story buildings, ceremonial monuments",Internal (DS/OUV),,"Architectural finishes, T-shaped doors, facades with porticos",Internal (DS/OUV),,"Earthen architecture with masonry coatings, lining of pits with stone",Internal (DS/OUV),,Decay due to natural weathering and exposure,Internal (DS/OUV),,,,,Re-rendering original walls with earthen materials of the same nature as a sacrificial layer,Internal (DS/OUV),,Good,,,No,,,,Tier 9: Unflagged,
97,Historical Complex of Split with the Palace of Diocletian,Croatia,OUV Absent; nan,,,,,,,,,"(ii) to exhibit an important interchange of human values, over a span of time or within a cultural area of the world, on developments in architecture or technology, monumental arts, town-planning or landscape design; | (iii) to bear a unique or at least exceptional testimony to a cultural tradition or to a civilization which is living or which has disappeared; | (iv) to be an outstanding example of a type of building, architectural or technological ensemble or landscape which illustrates (a) significant stage(s) in human history;",,,,,,,,,,,,,,,,,,,,,,,,,,,,,,,,,,,,,,,,,,,,,,,,,,,,,,,,,,,,,,,,,,No,,,,Tier 9: Unflagged,
1418,"Fujisan, sacred place and source of artistic inspiration",Japan,"Edo Period, Building, Design, Monument, Plan; nan",Internal (DS/OUV),,11th century to 19th century (Edo period); formalized pilgrimage practices from 12th/17th–18th century,Internal (DS/OUV),,Japanese (Shintoism and Ascetic Buddhism / Fuji-ko societies),Internal (DS/OUV),,"(iii) to bear a unique or at least exceptional testimony to a cultural tradition or to a civilization which is living or which has disappeared; | (vi) to be directly or tangibly associated with events or living traditions, with ideas, or with beliefs, with artistic and literary works of outstanding universal significance;",Internal (DS/OUV),,features from Lava,Internal (DS/OUV),,Igneous Rock,Internal (DS/OUV),,,,,,,,Volcanic lava / Lava flows (forming lava tree moulds and stratovolcano structure),Internal (DS/OUV),,,,,Stratovolcano (solitary conical volcano formed by eruptions and lava flows),Internal (DS/OUV),,,,,,,,,,,,,,Japan (Local volcanic products),Internal (DS/OUV),,Local,Internal (DS/OUV),,,,,"Arch, Base, Shrine, Wall, Crater Rim / Barrier structures",Internal (DS/OUV),,,,,,,,Erosion caused by visitors and water,Internal (DS/OUV),,,,,Periodic renewal of shrines (20-year or 60-year cycle); path stabilization,,,Good,,,Yes,,,,Tier 9: Unflagged,
703,"Mountain Resort and its Outlying Temples, Chengde",China,skipped; bp,,,,,,,,,"(ii) to exhibit an important interchange of human values, over a span of time or within a cultural area of the world, on developments in architecture or technology, monumental arts, town-planning or landscape design; | (iv) to be an outstanding example of a type of building, architectural or technological ensemble or landscape which illustrates (a) significant stage(s) in human history;",,,,,,,,,,,,,,,,,,,,,,,,,,,,,,,,,,,,,,,,,,,,,,,,,,,,,,,,,,,,,,,,,,No,,bp,bp,Tier 8: Moderate Probability Stone Fabric (Possible),
1226,Stone Circles of Senegambia,"Gambia,Senegal","Building, Construction, Monument, Monumental, Plan, Traditional (Pillar); nan",Internal (DS/OUV),,3rd century BC to 16th century AD (burials dating between 1st and 2nd millennia AD / 927–1305 AD),Internal (DS/OUV),,"Prosperous, highly organized, and lasting West African society",Internal (DS/OUV),,(i) to represent a masterpiece of human creative genius; | (iii) to bear a unique or at least exceptional testimony to a cultural tradition or to a civilization which is living or which has disappeared;,Internal (DS/OUV),,Laterite,Internal (DS/OUV),,Sedimentary Rock,,,,,,,,,"Laterite pillars / monoliths (cylindrical or polygonal, finely carved)",Internal (DS/OUV),,,,,,,,,,,"Finely carved, cylindrical or polygonal pillars",Internal (DS/OUV),,,,,Quarry located ~1 km east of Sine Ngayene (sources of around 150 stones traced),Internal (DS/OUV),,Senegal,Internal (DS/OUV),,Local (extracted from nearby quarries),Internal (DS/OUV),,~1 km (from nearby quarries),Internal (DS/OUV),,"Standing monoliths, pillars, circles, bifid/lyre frontal stones",Internal (DS/OUV),,Individual stones finely carved; ornamentation/cross-pieces,Internal (DS/OUV),,"Extracted using iron tools, skilfully shaped into cylindrical or polygonal pillars",Internal (DS/OUV),,Minimal disturbances; minimal human or natural interventions noted,Internal (DS/OUV),,,,,Excavated sites subsequently back-filled; minimal disturbance,Internal (DS/OUV),,Excellent,,,Yes,,,,Tier 9: Unflagged,
1694,Wooden Hypostyle Mosques of Medieval Anatolia,Türkiye,skipped; nan,,,,,,,,,"(ii) to exhibit an important interchange of human values, over a span of time or within a cultural area of the world, on developments in architecture or technology, monumental arts, town-planning or landscape design; | (iv) to be an outstanding example of a type of building, architectural or technological ensemble or landscape which illustrates (a) significant stage(s) in human history;",,,,,,,,,,,,,,,,,,,,,,,,,,,,,,,,,,,,,,,,,,,,,,,,,,,,,,,,,,,,,,,,,,No,,,,Tier 9: Unflagged,
22,Ancient City of Bosra,Syrian Arab Republic,skipped; bvhp,,,,,,,,,"(i) to represent a masterpiece of human creative genius; | (iii) to bear a unique or at least exceptional testimony to a cultural tradition or to a civilization which is living or which has disappeared; | (vi) to be directly or tangibly associated with events or living traditions, with ideas, or with beliefs, with artistic and literary works of outstanding universal significance;",,,,,,,,,,,,,,,,,,,,,,,,,,,,,,,,,,,,,,,,,,,,,,,,,,,,,,,,,,,,,,,,,,No,,bvhp,bvhp,Tier 6: High Probability Ashlar / Urban Core (1-v Very High),
543,Itchan Kala,Uzbekistan,skipped; but very very highly posible; nan,,,,,,,,,"(iii) to bear a unique or at least exceptional testimony to a cultural tradition or to a civilization which is living or which has disappeared; | (iv) to be an outstanding example of a type of building, architectural or technological ensemble or landscape which illustrates (a) significant stage(s) in human history; | (v) to be an outstanding example of a traditional human settlement, land-use, or sea-use which is representative of a culture (or cultures), or human interaction with the environment especially when it has become vulnerable under the impact of irreversible change;",,,,,,,,,,,,,,,,,,,,,,,,,,,,,,,,,,,,,,,,,,,,,,,,,,,,,,,,,,,,,,,,,,No,,,,Tier 9: Unflagged,
753,Medina of Essaouira (formerly Mogador),Morocco,skipped; bhp,,,,,,,,,"(ii) to exhibit an important interchange of human values, over a span of time or within a cultural area of the world, on developments in architecture or technology, monumental arts, town-planning or landscape design; | (iv) to be an outstanding example of a type of building, architectural or technological ensemble or landscape which illustrates (a) significant stage(s) in human history;",,,,,,,,,,,,,,,,,,,,,,,,,,,,,,,,,,,,,,,,,,,,,,,,,,,,,,,,,,,,,,,,,,No,,bhp,bhp,Tier 7: High Probability Local Stone / Masonry (High Potential),
1022,Tombs of Buganda Kings at Kasubi,Uganda,skipped; bp,,,,,,,,,"(i) to represent a masterpiece of human creative genius; | (iii) to bear a unique or at least exceptional testimony to a cultural tradition or to a civilization which is living or which has disappeared; | (iv) to be an outstanding example of a type of building, architectural or technological ensemble or landscape which illustrates (a) significant stage(s) in human history; | (vi) to be directly or tangibly associated with events or living traditions, with ideas, or with beliefs, with artistic and literary works of outstanding universal significance;",,,,,,,,,,,,,,,,,,,,,,,,,,,,,,,,,,,,,,,,,,,,,,,,,,,,,,,,,,,,,,,,,,No,,bp,bp,Tier 8: Moderate Probability Stone Fabric (Possible),
604,Historic Monuments of Novgorod and Surroundings,Russian Federation,skipped; bp,,,,,,,,,"(ii) to exhibit an important interchange of human values, over a span of time or within a cultural area of the world, on developments in architecture or technology, monumental arts, town-planning or landscape design; | (iv) to be an outstanding example of a type of building, architectural or technological ensemble or landscape which illustrates (a) significant stage(s) in human history; | (vi) to be directly or tangibly associated with events or living traditions, with ideas, or with beliefs, with artistic and literary works of outstanding universal significance;",,,,,,,,,,,,,,,,,,,,,,,,,,,,,,,,,,,,,,,,,,,,,,,,,,,,,,,,,,,,,,,,,,No,,bp,bp,Tier 8: Moderate Probability Stone Fabric (Possible),
32,Wieliczka and Bochnia Royal Salt Mines,Poland,"Monument, Plan, Structure; nan",Internal (DS/OUV),,13th century to 20th century,Internal (DS/OUV),,Medieval to Modern Polish / European Industrial,Internal (DS/OUV),,"(iv) to be an outstanding example of a type of building, architectural or technological ensemble or landscape which illustrates (a) significant stage(s) in human history;",Internal (DS/OUV),,Rock Salt,Internal (DS/OUV),,Sedimentary Rock,,,,,,,,,,,,,,,,,,,,,,,,Halite (Rock Salt),Internal (DS/OUV),,In-situ underground deposit (Wieliczka and Bochnia deposit),Internal (DS/OUV),,Poland,Internal (DS/OUV),,Local (Extracted directly on site),Internal (DS/OUV),,,,,"Underground galleries, shafts, chapels, workshops, storehouses, Saltworks Castle",Internal (DS/OUV),,"Altars, statues, and decorative elements sculpted directly into rock salt",Internal (DS/OUV),,Rock-cut subterranean excavation and salt sculpting,Internal (DS/OUV),,,,,,,,Long-term programme of stabilization of abandoned galleries and targeted gallery conservation,Internal (DS/OUV),,Good,,,Yes,,,,Tier 9: Unflagged,
1499,Antigua Naval Dockyard and Related Archaeological Sites,Antigua and Barbuda,skipped; bvvvvhp,,,,,,,,,"(ii) to exhibit an important interchange of human values, over a span of time or within a cultural area of the world, on developments in architecture or technology, monumental arts, town-planning or landscape design; | (iv) to be an outstanding example of a type of building, architectural or technological ensemble or landscape which illustrates (a) significant stage(s) in human history;",,,,,,,,,,,,,,,,,,,,,,,,,,,,,,,,,,,,,,,,,,,,,,,,,,,,,,,,,,,,,,,,,,No,,bvvvvhp,bvvvvhp,Tier 3: Monumental Megalithic / Sanctuary Architecture (4-v Very Very Very High),
1091,Complex of Koguryo Tombs,Democratic People's Republic of Korea,skipped; bvvvhp,,,,,,,,,"(i) to represent a masterpiece of human creative genius; | (ii) to exhibit an important interchange of human values, over a span of time or within a cultural area of the world, on developments in architecture or technology, monumental arts, town-planning or landscape design; | (iii) to bear a unique or at least exceptional testimony to a cultural tradition or to a civilization which is living or which has disappeared; | (iv) to be an outstanding example of a type of building, architectural or technological ensemble or landscape which illustrates (a) significant stage(s) in human history;",,,,,,,,,,,,,,,,,,,,,,,,,,,,,,,,,,,,,,,,,,,,,,,,,,,,,,,,,,,,,,,,,,No,,bvvvhp,bvvvhp,Tier 4: Exceptional Stone Fortress / Cathedral / Mosque (3-v Very Very High),
314,"Alhambra, Generalife and Albayzín, Granada",Spain,skipped; bvvvhp,,,,,,,,,"(i) to represent a masterpiece of human creative genius; | (iii) to bear a unique or at least exceptional testimony to a cultural tradition or to a civilization which is living or which has disappeared; | (v) to be an outstanding example of a traditional human settlement, land-use, or sea-use which is representative of a culture (or cultures), or human interaction with the environment especially when it has become vulnerable under the impact of irreversible change;",,,,,,,,,,,,,,,,,,,,,,,,,,,,,,,,,,,,,,,,,,,,,,,,,,,,,,,,,,,,,,,,,,No,,bvvvhp,bvvvhp,Tier 4: Exceptional Stone Fortress / Cathedral / Mosque (3-v Very Very High),
168,Speyer Cathedral,Germany,skipped; bvhp,,,,,,,,,"(ii) to exhibit an important interchange of human values, over a span of time or within a cultural area of the world, on developments in architecture or technology, monumental arts, town-planning or landscape design;",,,,,,,,,,,,,,,,,,,,,,,,,,,,,,,,,,,,,,,,,,,,,,,,,,,,,,,,,,,,,,,,,,No,,bvhp,bvhp,Tier 6: High Probability Ashlar / Urban Core (1-v Very High),
1594,Jodrell Bank Observatory,United Kingdom of Great Britain and Northern Ireland,skipped;; nan,,,,,,,,,"(i) to represent a masterpiece of human creative genius; | (ii) to exhibit an important interchange of human values, over a span of time or within a cultural area of the world, on developments in architecture or technology, monumental arts, town-planning or landscape design; | (iv) to be an outstanding example of a type of building, architectural or technological ensemble or landscape which illustrates (a) significant stage(s) in human history; | (vi) to be directly or tangibly associated with events or living traditions, with ideas, or with beliefs, with artistic and literary works of outstanding universal significance;",,,,,,,,,,,,,,,,,,,,,,,,,,,,,,,,,,,,,,,,,,,,,,,,,,,,,,,,,,,,,,,,,,No,,,,Tier 9: Unflagged,
583,Fortress of Suomenlinna,Finland,skipped;; nan,,,,,,,,,"(iv) to be an outstanding example of a type of building, architectural or technological ensemble or landscape which illustrates (a) significant stage(s) in human history;",,,,,,,,,,,,,,,,,,,,,,,,,,,,,,,,,,,,,,,,,,,,,,,,,,,,,,,,,,,,,,,,,,No,,,,Tier 9: Unflagged,
770,Canal du Midi,France,skipped;; nan,,,,,,,,,"(i) to represent a masterpiece of human creative genius; | (ii) to exhibit an important interchange of human values, over a span of time or within a cultural area of the world, on developments in architecture or technology, monumental arts, town-planning or landscape design; | (iv) to be an outstanding example of a type of building, architectural or technological ensemble or landscape which illustrates (a) significant stage(s) in human history; | (vi) to be directly or tangibly associated with events or living traditions, with ideas, or with beliefs, with artistic and literary works of outstanding universal significance;",,,,,,,,,,,,,,,,,,,,,,,,,,,,,,,,,,,,,,,,,,,,,,,,,,,,,,,,,,,,,,,,,,No,,,,Tier 9: Unflagged,
1621,Deer Stone Monuments and Related Bronze Age Sites,Mongolia,skipped; bvhp,,,,,,,,,(i) to represent a masterpiece of human creative genius; | (iii) to bear a unique or at least exceptional testimony to a cultural tradition or to a civilization which is living or which has disappeared;,,,,,,,,,,,,,,,,,,,,,,,,,,,,,,,,,,,,,,,,,,,,,,,,,,,,,,,,,,,,,,,,,,No,,bvhp,bvhp,Tier 6: High Probability Ashlar / Urban Core (1-v Very High),
306,Matobo Hills,Zimbabwe,"Building, Indigenous, Monument, Plan, Structure, Traditional; nan",Internal (DS/OUV),,"Early Stone Age, Stone Age, Iron Age (up to 500,000 years of occupation)",Internal (DS/OUV),,"Foraging/Hunter-gatherer societies (Stone Age), Agricultural societies (Iron Age)",Internal (DS/OUV),,"(iii) to bear a unique or at least exceptional testimony to a cultural tradition or to a civilization which is living or which has disappeared; | (v) to be an outstanding example of a traditional human settlement, land-use, or sea-use which is representative of a culture (or cultures), or human interaction with the environment especially when it has become vulnerable under the impact of irreversible change; | (vi) to be directly or tangibly associated with events or living traditions, with ideas, or with beliefs, with artistic and literary works of outstanding universal significance;",Internal (DS/OUV),,Granite,Internal (DS/OUV),,Igneous Rock,,,"Granite batholiths, granite shield landforms",Internal (DS/OUV),,,,,,,,,,,,,,,,,Granitic / Massive rock landforms,Internal (DS/OUV),,,,,,,,,,,Local (natural rock formations and shelters in situ),Internal (DS/OUV),,,,,"Natural rock shelters, rock batholiths, shrines, terraces, walls",Internal (DS/OUV),,Rock art / Rock paintings on granite cave surfaces,Internal (DS/OUV),,Wooden palisade demarcating shrines; drystone/indigenous alignment (traditional human interaction rather than formal dressed masonry),Internal (DS/OUV),,"Natural weathering, soil erosion, and light visitor impact",Internal (DS/OUV),,,,,Linseed oil experimental application (1920s at Pomongwe Cave),Internal (DS/OUV),,Moderate,,,Yes,,,,Tier 9: Unflagged,
1360,Nord-Pas de Calais Mining Basin,France,skipped; coal just mentioned not as building material; nan,,,,,,,,,"(ii) to exhibit an important interchange of human values, over a span of time or within a cultural area of the world, on developments in architecture or technology, monumental arts, town-planning or landscape design; | (iv) to be an outstanding example of a type of building, architectural or technological ensemble or landscape which illustrates (a) significant stage(s) in human history; | (vi) to be directly or tangibly associated with events or living traditions, with ideas, or with beliefs, with artistic and literary works of outstanding universal significance;",,,,,,,,,,,,,,,,,,,,,,,,,,,,,,,,,,,,,,,,,,,,,,,,,,,,,,,,,,,,,,,,,,Yes,,,,Tier 9: Unflagged,
805,San Millán Yuso and Suso Monasteries,Spain,skipped; bvhp,,,,,,,,,"(ii) to exhibit an important interchange of human values, over a span of time or within a cultural area of the world, on developments in architecture or technology, monumental arts, town-planning or landscape design; | (iv) to be an outstanding example of a type of building, architectural or technological ensemble or landscape which illustrates (a) significant stage(s) in human history; | (vi) to be directly or tangibly associated with events or living traditions, with ideas, or with beliefs, with artistic and literary works of outstanding universal significance;",,,,,,,,,,,,,,,,,,,,,,,,,,,,,,,,,,,,,,,,,,,,,,,,,,,,,,,,,,,,,,,,,,No,,bvhp,bvhp,Tier 6: High Probability Ashlar / Urban Core (1-v Very High),
119,Timbuktu,Mali,skipped; bvvvhp,,,,,,,,,"(ii) to exhibit an important interchange of human values, over a span of time or within a cultural area of the world, on developments in architecture or technology, monumental arts, town-planning or landscape design; | (iv) to be an outstanding example of a type of building, architectural or technological ensemble or landscape which illustrates (a) significant stage(s) in human history; | (v) to be an outstanding example of a traditional human settlement, land-use, or sea-use which is representative of a culture (or cultures), or human interaction with the environment especially when it has become vulnerable under the impact of irreversible change;",,,,,,,,,,,,,,,,,,,,,,,,,,,,,,,,,,,,,,,,,,,,,,,,,,,,,,,,,,,,,,,,,,No,,bvvvhp,bvvvhp,Tier 4: Exceptional Stone Fortress / Cathedral / Mosque (3-v Very Very High),
781,Historic Walled Town of Cuenca,Spain,skipped; bvvvhp,,,,,,,,,"(ii) to exhibit an important interchange of human values, over a span of time or within a cultural area of the world, on developments in architecture or technology, monumental arts, town-planning or landscape design; | (v) to be an outstanding example of a traditional human settlement, land-use, or sea-use which is representative of a culture (or cultures), or human interaction with the environment especially when it has become vulnerable under the impact of irreversible change;",,,,,,,,,,,,,,,,,,,,,,,,,,,,,,,,,,,,,,,,,,,,,,,,,,,,,,,,,,,,,,,,,,No,,bvvvhp,bvvvhp,Tier 4: Exceptional Stone Fortress / Cathedral / Mosque (3-v Very Very High),
1181,"Le Havre, the City Rebuilt by Auguste Perret",France,skipped; bhp,,,,,,,,,"(ii) to exhibit an important interchange of human values, over a span of time or within a cultural area of the world, on developments in architecture or technology, monumental arts, town-planning or landscape design; | (iv) to be an outstanding example of a type of building, architectural or technological ensemble or landscape which illustrates (a) significant stage(s) in human history;",,,,,,,,,,,,,,,,,,,,,,,,,,,,,,,,,,,,,,,,,,,,,,,,,,,,,,,,,,,,,,,,,,No,,bhp,bhp,Tier 7: High Probability Local Stone / Masonry (High Potential),
569,Historic Centres of Berat and Gjirokastra,Albania,skipped; bvhp,,,,,,,,,"(iii) to bear a unique or at least exceptional testimony to a cultural tradition or to a civilization which is living or which has disappeared; | (iv) to be an outstanding example of a type of building, architectural or technological ensemble or landscape which illustrates (a) significant stage(s) in human history;",,,,,,,,,,,,,,,,,,,,,,,,,,,,,,,,,,,,,,,,,,,,,,,,,,,,,,,,,,,,,,,,,,No,,bvhp,bvhp,Tier 6: High Probability Ashlar / Urban Core (1-v Very High),
872,Historic Site of Lyon,France,skipped; but highly possible; nan,,,,,,,,,"(ii) to exhibit an important interchange of human values, over a span of time or within a cultural area of the world, on developments in architecture or technology, monumental arts, town-planning or landscape design; | (iv) to be an outstanding example of a type of building, architectural or technological ensemble or landscape which illustrates (a) significant stage(s) in human history;",,,,,,,,,,,,,,,,,,,,,,,,,,,,,,,,,,,,,,,,,,,,,,,,,,,,,,,,,,,,,,,,,,No,,,,Tier 9: Unflagged,
1608,Frontiers of the Roman Empire – The Danube Limes (Western Segment),"Austria,Germany,Slovakia",skipped; bvhp,,,,,,,,,"(ii) to exhibit an important interchange of human values, over a span of time or within a cultural area of the world, on developments in architecture or technology, monumental arts, town-planning or landscape design; | (iii) to bear a unique or at least exceptional testimony to a cultural tradition or to a civilization which is living or which has disappeared; | (iv) to be an outstanding example of a type of building, architectural or technological ensemble or landscape which illustrates (a) significant stage(s) in human history;",,,,,,,,,,,,,,,,,,,,,,,,,,,,,,,,,,,,,,,,,,,,,,,,,,,,,,,,,,,,,,,,,,No,,bvhp,bvhp,Tier 6: High Probability Ashlar / Urban Core (1-v Very High),
600,"Paris, Banks of the Seine",France,skipped;; nan,,,,,,,,,"(i) to represent a masterpiece of human creative genius; | (ii) to exhibit an important interchange of human values, over a span of time or within a cultural area of the world, on developments in architecture or technology, monumental arts, town-planning or landscape design; | (iv) to be an outstanding example of a type of building, architectural or technological ensemble or landscape which illustrates (a) significant stage(s) in human history;",,,,,,,,,,,,,,,,,,,,,,,,,,,,,,,,,,,,,,,,,,,,,,,,,,,,,,,,,,,,,,,,,,No,,,,Tier 9: Unflagged,
287,Rock-Art Sites of Tadrart Acacus,Libya,OUV Absent; bvvvvvhp,,,,,,,,,(iii) to bear a unique or at least exceptional testimony to a cultural tradition or to a civilization which is living or which has disappeared;,,,,,,,,,,,,,,,,,,,,,,,,,,,,,,,,,,,,,,,,,,,,,,,,,,,,,,,,,,,,,,,,,,No,,,bvvvvvhp,Tier 2: Massive Cliff Rock Art / Bedrock Substrate (5-v Extremely High),
381,Old City of Salamanca,Spain,skipped; bvhp,,,,,,,,,"(i) to represent a masterpiece of human creative genius; | (ii) to exhibit an important interchange of human values, over a span of time or within a cultural area of the world, on developments in architecture or technology, monumental arts, town-planning or landscape design; | (v) to be an outstanding example of a traditional human settlement, land-use, or sea-use which is representative of a culture (or cultures), or human interaction with the environment especially when it has become vulnerable under the impact of irreversible change;",,,,,,,,,,,,,,,,,,,,,,,,,,,,,,,,,,,,,,,,,,,,,,,,,,,,,,,,,,,,,,,,,,No,,bvhp,bvhp,Tier 6: High Probability Ashlar / Urban Core (1-v Very High),
1439,Namhansanseong,Republic of Korea,skipped; nan,,,,,,,,,"(ii) to exhibit an important interchange of human values, over a span of time or within a cultural area of the world, on developments in architecture or technology, monumental arts, town-planning or landscape design; | (iv) to be an outstanding example of a type of building, architectural or technological ensemble or landscape which illustrates (a) significant stage(s) in human history;",,,,,,,,,,,,,,,,,,,,,,,,,,,,,,,,,,,,,,,,,,,,,,,,,,,,,,,,,,,,,,,,,,No,,,,Tier 9: Unflagged,
1229,Crac des Chevaliers and Qal’at Salah El-Din,Syrian Arab Republic,skipped; bvhp,,,,,,,,,"(ii) to exhibit an important interchange of human values, over a span of time or within a cultural area of the world, on developments in architecture or technology, monumental arts, town-planning or landscape design; | (iv) to be an outstanding example of a type of building, architectural or technological ensemble or landscape which illustrates (a) significant stage(s) in human history;",,,,,,,,,,,,,,,,,,,,,,,,,,,,,,,,,,,,,,,,,,,,,,,,,,,,,,,,,,,,,,,,,,No,,bvhp,bvhp,Tier 6: High Probability Ashlar / Urban Core (1-v Very High),
1344,Major Mining Sites of Wallonia,Belgium,coal mining heritage; nan,,,,,,,,,"(ii) to exhibit an important interchange of human values, over a span of time or within a cultural area of the world, on developments in architecture or technology, monumental arts, town-planning or landscape design; | (iv) to be an outstanding example of a type of building, architectural or technological ensemble or landscape which illustrates (a) significant stage(s) in human history;",,,,,,,,,,,,,,,,,,,,,,,,,,,,,,,,,,,,,,,,,,,,,,,,,,,,,,,,,,,,,,,,,,Yes,,,,Tier 9: Unflagged,
23,Site of Palmyra,Syrian Arab Republic,skipped; but highly possible; nan,,,,,,,,,"(i) to represent a masterpiece of human creative genius; | (ii) to exhibit an important interchange of human values, over a span of time or within a cultural area of the world, on developments in architecture or technology, monumental arts, town-planning or landscape design; | (iv) to be an outstanding example of a type of building, architectural or technological ensemble or landscape which illustrates (a) significant stage(s) in human history;",,,,,,,,,,,,,,,,,,,,,,,,,,,,,,,,,,,,,,,,,,,,,,,,,,,,,,,,,,,,,,,,,,No,,,,Tier 9: Unflagged,
45,Rock-Hewn Churches of Ivanovo,Bulgaria,skipped; bvvvhp,,,,,,,,,"(ii) to exhibit an important interchange of human values, over a span of time or within a cultural area of the world, on developments in architecture or technology, monumental arts, town-planning or landscape design; | (iii) to bear a unique or at least exceptional testimony to a cultural tradition or to a civilization which is living or which has disappeared;",,,,,,,,,,,,,,,,,,,,,,,,,,,,,,,,,,,,,,,,,,,,,,,,,,,,,,,,,,,,,,,,,,No,,bvvvhp,bvvvhp,Tier 4: Exceptional Stone Fortress / Cathedral / Mosque (3-v Very Very High),
394,Venice and its Lagoon,Italy,skipped;; nan,,,,,,,,,"(i) to represent a masterpiece of human creative genius; | (ii) to exhibit an important interchange of human values, over a span of time or within a cultural area of the world, on developments in architecture or technology, monumental arts, town-planning or landscape design; | (iii) to bear a unique or at least exceptional testimony to a cultural tradition or to a civilization which is living or which has disappeared; | (iv) to be an outstanding example of a type of building, architectural or technological ensemble or landscape which illustrates (a) significant stage(s) in human history; | (v) to be an outstanding example of a traditional human settlement, land-use, or sea-use which is representative of a culture (or cultures), or human interaction with the environment especially when it has become vulnerable under the impact of irreversible change; | (vi) to be directly or tangibly associated with events or living traditions, with ideas, or with beliefs, with artistic and literary works of outstanding universal significance;",,,,,,,,,,,,,,,,,,,,,,,,,,,,,,,,,,,,,,,,,,,,,,,,,,,,,,,,,,,,,,,,,,No,,,,Tier 9: Unflagged,
1108,"Biblical Tels - Megiddo, Hazor, Beer Sheba",Israel,skipped; bp,,,,,,,,,"(ii) to exhibit an important interchange of human values, over a span of time or within a cultural area of the world, on developments in architecture or technology, monumental arts, town-planning or landscape design; | (iii) to bear a unique or at least exceptional testimony to a cultural tradition or to a civilization which is living or which has disappeared; | (iv) to be an outstanding example of a type of building, architectural or technological ensemble or landscape which illustrates (a) significant stage(s) in human history; | (vi) to be directly or tangibly associated with events or living traditions, with ideas, or with beliefs, with artistic and literary works of outstanding universal significance;",,,,,,,,,,,,,,,,,,,,,,,,,,,,,,,,,,,,,,,,,,,,,,,,,,,,,,,,,,,,,,,,,,No,,bp,bp,Tier 8: Moderate Probability Stone Fabric (Possible),
1004,Imperial Tombs of the Ming and Qing Dynasties,China,skipped;; nan,,,,,,,,,"(i) to represent a masterpiece of human creative genius; | (ii) to exhibit an important interchange of human values, over a span of time or within a cultural area of the world, on developments in architecture or technology, monumental arts, town-planning or landscape design; | (iii) to bear a unique or at least exceptional testimony to a cultural tradition or to a civilization which is living or which has disappeared; | (iv) to be an outstanding example of a type of building, architectural or technological ensemble or landscape which illustrates (a) significant stage(s) in human history; | (vi) to be directly or tangibly associated with events or living traditions, with ideas, or with beliefs, with artistic and literary works of outstanding universal significance;",,,,,,,,,,,,,,,,,,,,,,,,,,,,,,,,,,,,,,,,,,,,,,,,,,,,,,,,,,,,,,,,,,No,,,,Tier 9: Unflagged,
250,Great Living Chola Temples,India,skipped; bvhp,,,,,,,,,"(ii) to exhibit an important interchange of human values, over a span of time or within a cultural area of the world, on developments in architecture or technology, monumental arts, town-planning or landscape design; | (iii) to bear a unique or at least exceptional testimony to a cultural tradition or to a civilization which is living or which has disappeared;",,,,,,,,,,,,,,,,,,,,,,,,,,,,,,,,,,,,,,,,,,,,,,,,,,,,,,,,,,,,,,,,,,No,,bvhp,bvhp,Tier 6: High Probability Ashlar / Urban Core (1-v Very High),
881,Temple of Heaven: an Imperial Sacrificial Altar in Beijing,China,skipped; bp,,,,,,,,,"(i) to represent a masterpiece of human creative genius; | (ii) to exhibit an important interchange of human values, over a span of time or within a cultural area of the world, on developments in architecture or technology, monumental arts, town-planning or landscape design; | (iii) to bear a unique or at least exceptional testimony to a cultural tradition or to a civilization which is living or which has disappeared;",,,,,,,,,,,,,,,,,,,,,,,,,,,,,,,,,,,,,,,,,,,,,,,,,,,,,,,,,,,,,,,,,,No,,bp,bp,Tier 8: Moderate Probability Stone Fabric (Possible),
1507,"Phu Phrabat, a testimony to the Sīma stone tradition of the Dvaravati period",Thailand,OUV Absent; bp,,,,,,,,,"(iii) to bear a unique or at least exceptional testimony to a cultural tradition or to a civilization which is living or which has disappeared; | (v) to be an outstanding example of a traditional human settlement, land-use, or sea-use which is representative of a culture (or cultures), or human interaction with the environment especially when it has become vulnerable under the impact of irreversible change;",,,,,,,,,,,,,,,,,,,,,,,,,,,,,,,,,,,,,,,,,,,,,,,,,,,,,,,,,,,,,,,,,,No,,,bp,Tier 8: Moderate Probability Stone Fabric (Possible),
925,Rock Shelters of Bhimbetka,India,OUV Absent; bvvvhp,,,,,,,,,"(iii) to bear a unique or at least exceptional testimony to a cultural tradition or to a civilization which is living or which has disappeared; | (v) to be an outstanding example of a traditional human settlement, land-use, or sea-use which is representative of a culture (or cultures), or human interaction with the environment especially when it has become vulnerable under the impact of irreversible change;",,,,,,,,,,,,,,,,,,,,,,,,,,,,,,,,,,,,,,,,,,,,,,,,,,,,,,,,,,,,,,,,,,No,,,bvvvhp,Tier 4: Exceptional Stone Fortress / Cathedral / Mosque (3-v Very Very High),
1667,Koh Ker: Archaeological Site of Ancient Lingapura or Chok Gargyar,Cambodia,skipped; bvvvhp,,,,,,,,,"(ii) to exhibit an important interchange of human values, over a span of time or within a cultural area of the world, on developments in architecture or technology, monumental arts, town-planning or landscape design; | (iv) to be an outstanding example of a type of building, architectural or technological ensemble or landscape which illustrates (a) significant stage(s) in human history;",,,,,,,,,,,,,,,,,,,,,,,,,,,,,,,,,,,,,,,,,,,,,,,,,,,,,,,,,,,,,,,,,,No,,bvvvhp,bvvvhp,Tier 4: Exceptional Stone Fortress / Cathedral / Mosque (3-v Very Very High),
598,Churches of Moldavia,Romania,skipped; bhp,,,,,,,,,"(i) to represent a masterpiece of human creative genius; | (iv) to be an outstanding example of a type of building, architectural or technological ensemble or landscape which illustrates (a) significant stage(s) in human history;",,,,,,,,,,,,,,,,,,,,,,,,,,,,,,,,,,,,,,,,,,,,,,,,,,,,,,,,,,,,,,,,,,No,,bhp,bhp,Tier 7: High Probability Local Stone / Masonry (High Potential),
1456,Shahr-i Sokhta,Iran (Islamic Republic of),skipped; bvvvhp,,,,,,,,,"(ii) to exhibit an important interchange of human values, over a span of time or within a cultural area of the world, on developments in architecture or technology, monumental arts, town-planning or landscape design; | (iii) to bear a unique or at least exceptional testimony to a cultural tradition or to a civilization which is living or which has disappeared; | (iv) to be an outstanding example of a type of building, architectural or technological ensemble or landscape which illustrates (a) significant stage(s) in human history;",,,,,,,,,,,,,,,,,,,,,,,,,,,,,,,,,,,,,,,,,,,,,,,,,,,,,,,,,,,,,,,,,,No,,bvvvhp,bvvvhp,Tier 4: Exceptional Stone Fortress / Cathedral / Mosque (3-v Very Very High),
440,Mogao Caves,China,skipped; bvhp,,,,,,,,,"(i) to represent a masterpiece of human creative genius; | (ii) to exhibit an important interchange of human values, over a span of time or within a cultural area of the world, on developments in architecture or technology, monumental arts, town-planning or landscape design; | (iii) to bear a unique or at least exceptional testimony to a cultural tradition or to a civilization which is living or which has disappeared; | (iv) to be an outstanding example of a type of building, architectural or technological ensemble or landscape which illustrates (a) significant stage(s) in human history; | (v) to be an outstanding example of a traditional human settlement, land-use, or sea-use which is representative of a culture (or cultures), or human interaction with the environment especially when it has become vulnerable under the impact of irreversible change; | (vi) to be directly or tangibly associated with events or living traditions, with ideas, or with beliefs, with artistic and literary works of outstanding universal significance;",,,,,,,,,,,,,,,,,,,,,,,,,,,,,,,,,,,,,,,,,,,,,,,,,,,,,,,,,,,,,,,,,,No,,bvhp,bvhp,Tier 6: High Probability Ashlar / Urban Core (1-v Very High),
377,Hattusha: the Hittite Capital,Türkiye,skipped; bvhp,,,,,,,,,"(i) to represent a masterpiece of human creative genius; | (ii) to exhibit an important interchange of human values, over a span of time or within a cultural area of the world, on developments in architecture or technology, monumental arts, town-planning or landscape design; | (iii) to bear a unique or at least exceptional testimony to a cultural tradition or to a civilization which is living or which has disappeared; | (iv) to be an outstanding example of a type of building, architectural or technological ensemble or landscape which illustrates (a) significant stage(s) in human history;",,,,,,,,,,,,,,,,,,,,,,,,,,,,,,,,,,,,,,,,,,,,,,,,,,,,,,,,,,,,,,,,,,No,,bvhp,bvhp,Tier 6: High Probability Ashlar / Urban Core (1-v Very High),
1541,"Kulangsu, a Historic International Settlement",China,skipped; bp,,,,,,,,,"(ii) to exhibit an important interchange of human values, over a span of time or within a cultural area of the world, on developments in architecture or technology, monumental arts, town-planning or landscape design; | (iv) to be an outstanding example of a type of building, architectural or technological ensemble or landscape which illustrates (a) significant stage(s) in human history;",,,,,,,,,,,,,,,,,,,,,,,,,,,,,,,,,,,,,,,,,,,,,,,,,,,,,,,,,,,,,,,,,,No,,bp,bp,Tier 8: Moderate Probability Stone Fabric (Possible),
557,Rock Carvings in Tanum,Sweden,"Building, Design, Monument, Plan; nan",Internal (DS/OUV),,Bronze Age (c. 1700 BC – 500 BC),Internal (DS/OUV),,Nordic Bronze Age Europe,Internal (DS/OUV),,"(i) to represent a masterpiece of human creative genius; | (iii) to bear a unique or at least exceptional testimony to a cultural tradition or to a civilization which is living or which has disappeared; | (iv) to be an outstanding example of a type of building, architectural or technological ensemble or landscape which illustrates (a) significant stage(s) in human history;",Internal (DS/OUV),,Granite,Internal (DS/OUV),,Igneous Rock,Internal (DS/OUV),,,,,,,,Granitic Bedrock,Internal (DS/OUV),,"Pre-Quaternary / Scraped ~14,000 years ago during last glacial phase",Internal (DS/OUV),,Scandinavian Ice Sheet glaciated rock faces,Internal (DS/OUV),,,,,"Gently curved, exposed rock faces",Internal (DS/OUV),,,,,,,,Sweden,Internal (DS/OUV),,Local (Bedrock canvas),Internal (DS/OUV),,,,,"Natural Rock Panel / Bedrock ""Canvas""",Internal (DS/OUV),,"Rock Carvings / Petroglyphs (depicting humans, animals, weapons, boats)",Internal (DS/OUV),,Executed by pecking and grinding using stone hammers and points,Internal (DS/OUV),,Degradation due to granitic environment / environmental exposure,Internal (DS/OUV),,,,,Painted with non-destructive paint by trained specialists for clarity,Internal (DS/OUV),,Moderate,,,Yes,,,,Tier 9: Unflagged,
956,Island of Saint-Louis,Senegal,skipped; bp,,,,,,,,,"(ii) to exhibit an important interchange of human values, over a span of time or within a cultural area of the world, on developments in architecture or technology, monumental arts, town-planning or landscape design; | (iv) to be an outstanding example of a type of building, architectural or technological ensemble or landscape which illustrates (a) significant stage(s) in human history;",,,,,,,,,,,,,,,,,,,,,,,,,,,,,,,,,,,,,,,,,,,,,,,,,,,,,,,,,,,,,,,,,,No,,bp,bp,Tier 8: Moderate Probability Stone Fabric (Possible),
1215,Cornwall and West Devon Mining Landscape,United Kingdom of Great Britain and Northern Ireland,skipped; bhp,,,,,,,,,"(ii) to exhibit an important interchange of human values, over a span of time or within a cultural area of the world, on developments in architecture or technology, monumental arts, town-planning or landscape design; | (iii) to bear a unique or at least exceptional testimony to a cultural tradition or to a civilization which is living or which has disappeared; | (iv) to be an outstanding example of a type of building, architectural or technological ensemble or landscape which illustrates (a) significant stage(s) in human history;",,,,,,,,,,,,,,,,,,,,,,,,,,,,,,,,,,,,,,,,,,,,,,,,,,,,,,,,,,,,,,,,,,No,,bhp,bhp,Tier 7: High Probability Local Stone / Masonry (High Potential),
559,Royal Domain of Drottningholm,Sweden,skipped; nan,,,,,,,,,"(iv) to be an outstanding example of a type of building, architectural or technological ensemble or landscape which illustrates (a) significant stage(s) in human history;",,,,,,,,,,,,,,,,,,,,,,,,,,,,,,,,,,,,,,,,,,,,,,,,,,,,,,,,,,,,,,,,,,No,,,,Tier 9: Unflagged,
776,Itsukushima Shinto Shrine,Japan,skipped;; nan,,,,,,,,,"(i) to represent a masterpiece of human creative genius; | (ii) to exhibit an important interchange of human values, over a span of time or within a cultural area of the world, on developments in architecture or technology, monumental arts, town-planning or landscape design; | (iv) to be an outstanding example of a type of building, architectural or technological ensemble or landscape which illustrates (a) significant stage(s) in human history; | (vi) to be directly or tangibly associated with events or living traditions, with ideas, or with beliefs, with artistic and literary works of outstanding universal significance;",,,,,,,,,,,,,,,,,,,,,,,,,,,,,,,,,,,,,,,,,,,,,,,,,,,,,,,,,,,,,,,,,,No,,,,Tier 9: Unflagged,
393,Archaeological Site of Delphi,Greece,skipped; bvhp,,,,,,,,,"(i) to represent a masterpiece of human creative genius; | (ii) to exhibit an important interchange of human values, over a span of time or within a cultural area of the world, on developments in architecture or technology, monumental arts, town-planning or landscape design; | (iii) to bear a unique or at least exceptional testimony to a cultural tradition or to a civilization which is living or which has disappeared; | (iv) to be an outstanding example of a type of building, architectural or technological ensemble or landscape which illustrates (a) significant stage(s) in human history; | (vi) to be directly or tangibly associated with events or living traditions, with ideas, or with beliefs, with artistic and literary works of outstanding universal significance;",,,,,,,,,,,,,,,,,,,,,,,,,,,,,,,,,,,,,,,,,,,,,,,,,,,,,,,,,,,,,,,,,,No,,bvhp,bvhp,Tier 6: High Probability Ashlar / Urban Core (1-v Very High),
1196,"Architectural, Residential and Cultural Complex of the Radziwill Family at Nesvizh",Belarus,skipped;; nan,,,,,,,,,"(ii) to exhibit an important interchange of human values, over a span of time or within a cultural area of the world, on developments in architecture or technology, monumental arts, town-planning or landscape design; | (iv) to be an outstanding example of a type of building, architectural or technological ensemble or landscape which illustrates (a) significant stage(s) in human history; | (vi) to be directly or tangibly associated with events or living traditions, with ideas, or with beliefs, with artistic and literary works of outstanding universal significance;",,,,,,,,,,,,,,,,,,,,,,,,,,,,,,,,,,,,,,,,,,,,,,,,,,,,,,,,,,,,,,,,,,No,,,,Tier 9: Unflagged,
960,Monastery of Geghard and the Upper Azat Valley,Armenia,skipped; bvvvvhp,,,,,,,,,"(ii) to exhibit an important interchange of human values, over a span of time or within a cultural area of the world, on developments in architecture or technology, monumental arts, town-planning or landscape design;",,,,,,,,,,,,,,,,,,,,,,,,,,,,,,,,,,,,,,,,,,,,,,,,,,,,,,,,,,,,,,,,,,No,,bvvvvhp,bvvvvhp,Tier 3: Monumental Megalithic / Sanctuary Architecture (4-v Very Very Very High),
1368,Fagus Factory in Alfeld,Germany,skipped;; nan,,,,,,,,,"(ii) to exhibit an important interchange of human values, over a span of time or within a cultural area of the world, on developments in architecture or technology, monumental arts, town-planning or landscape design; | (iv) to be an outstanding example of a type of building, architectural or technological ensemble or landscape which illustrates (a) significant stage(s) in human history;",,,,,,,,,,,,,,,,,,,,,,,,,,,,,,,,,,,,,,,,,,,,,,,,,,,,,,,,,,,,,,,,,,No,,,,Tier 9: Unflagged,
511,Archaeological Site of Mystras,Greece,skipped; bvvhp,,,,,,,,,"(ii) to exhibit an important interchange of human values, over a span of time or within a cultural area of the world, on developments in architecture or technology, monumental arts, town-planning or landscape design; | (iii) to bear a unique or at least exceptional testimony to a cultural tradition or to a civilization which is living or which has disappeared; | (iv) to be an outstanding example of a type of building, architectural or technological ensemble or landscape which illustrates (a) significant stage(s) in human history;",,,,,,,,,,,,,,,,,,,,,,,,,,,,,,,,,,,,,,,,,,,,,,,,,,,,,,,,,,,,,,,,,,No,,bvvhp,bvvhp,Tier 5: Major Ashlar Masonry / Imperial Ruins (2-v Very High),
777,Monasteries of Haghpat and Sanahin,Armenia,skipped; bvhp,,,,,,,,,"(ii) to exhibit an important interchange of human values, over a span of time or within a cultural area of the world, on developments in architecture or technology, monumental arts, town-planning or landscape design; | (iv) to be an outstanding example of a type of building, architectural or technological ensemble or landscape which illustrates (a) significant stage(s) in human history;",,,,,,,,,,,,,,,,,,,,,,,,,,,,,,,,,,,,,,,,,,,,,,,,,,,,,,,,,,,,,,,,,,No,,bvhp,bvhp,Tier 6: High Probability Ashlar / Urban Core (1-v Very High),
448,Nemrut Dağ,Türkiye,OUV Absent; bvvvvhp,,,,,,,,,"(i) to represent a masterpiece of human creative genius; | (iii) to bear a unique or at least exceptional testimony to a cultural tradition or to a civilization which is living or which has disappeared; | (iv) to be an outstanding example of a type of building, architectural or technological ensemble or landscape which illustrates (a) significant stage(s) in human history;",,,,,,,,,,,,,,,,,,,,,,,,,,,,,,,,,,,,,,,,,,,,,,,,,,,,,,,,,,,,,,,,,,No,,,bvvvvhp,Tier 3: Monumental Megalithic / Sanctuary Architecture (4-v Very Very Very High),
1528,Talayotic Menorca,Spain,skipped;; nan,,,,,,,,,"(iii) to bear a unique or at least exceptional testimony to a cultural tradition or to a civilization which is living or which has disappeared; | (iv) to be an outstanding example of a type of building, architectural or technological ensemble or landscape which illustrates (a) significant stage(s) in human history;",,,,,,,,,,,,,,,,,,,,,,,,,,,,,,,,,,,,,,,,,,,,,,,,,,,,,,,,,,,,,,,,,,No,,,,Tier 9: Unflagged,
320,Works of Antoni Gaudí,Spain,skipped;; nan,,,,,,,,,"(i) to represent a masterpiece of human creative genius; | (ii) to exhibit an important interchange of human values, over a span of time or within a cultural area of the world, on developments in architecture or technology, monumental arts, town-planning or landscape design; | (v) to be an outstanding example of a traditional human settlement, land-use, or sea-use which is representative of a culture (or cultures), or human interaction with the environment especially when it has become vulnerable under the impact of irreversible change;",,,,,,,,,,,,,,,,,,,,,,,,,,,,,,,,,,,,,,,,,,,,,,,,,,,,,,,,,,,,,,,,,,No,,,,Tier 9: Unflagged,
1274,Protective town of San Miguel and the Sanctuary of Jesús Nazareno de Atotonilco,Mexico,skipped;; nan,,,,,,,,,"(ii) to exhibit an important interchange of human values, over a span of time or within a cultural area of the world, on developments in architecture or technology, monumental arts, town-planning or landscape design; | (iv) to be an outstanding example of a type of building, architectural or technological ensemble or landscape which illustrates (a) significant stage(s) in human history;",,,,,,,,,,,,,,,,,,,,,,,,,,,,,,,,,,,,,,,,,,,,,,,,,,,,,,,,,,,,,,,,,,No,,,,Tier 9: Unflagged,
1633,The Slate Landscape of Northwest Wales,United Kingdom of Great Britain and Northern Ireland,"Architectural, Vernacular, Industrial, Traditional, Monumental, Georgian; nan",Internal (DS/OUV),,Industrial Revolution (1780–1914) / 1780 to 1940,Internal (DS/OUV),,Industrial Revolution British / Welsh,Internal (DS/OUV),,"(ii) to exhibit an important interchange of human values, over a span of time or within a cultural area of the world, on developments in architecture or technology, monumental arts, town-planning or landscape design; | (iv) to be an outstanding example of a type of building, architectural or technological ensemble or landscape which illustrates (a) significant stage(s) in human history;",Internal (DS/OUV),,"Roofing Slate, Slate, Slate Slabs",Internal (DS/OUV),,Metamorphic Rock,,,,,,Welsh Slate,,,Slate,Internal (DS/OUV),,,,,Snowdonia / North Wales Slate Belt Formations,Internal (DS/OUV),,"Purple, Blue, Grey, Green",Internal (DS/OUV),,"Fine-grained, Foliated / Cleaved",Internal (DS/OUV),,"Quartz, Illite, Sericite, Chlorite",Internal (DS/OUV),,"Penrhyn Quarry, Dinorwig Quarry, Oakeley Quarry, Llechwedd Quarry, Ffestiniog Quarries (among six component areas)",Internal (DS/OUV),,United Kingdom of Great Britain and Northern Ireland,Internal (DS/OUV),,Local,Internal (DS/OUV),,"Local to regional transport via narrow-gauge railways to coastal export ports (e.g., Porthmadog, Port Penrhyn); transcontinental export worldwide.",Internal (DS/OUV),,"Roofing slates, architectural slabs, building walls, terraced housing, industrial buildings, chapels, schools, country houses",Internal (DS/OUV),,"Architectural slabs, interior fittings, hearths, gravestones",Internal (DS/OUV),,"Traditional drystone masonry, split slate block masonry, sawn slab construction",Internal (DS/OUV),,Highly durable and resistant to weathering; minor physical weathering on exposed tips/relict workings,Internal (DS/OUV),,Local Welsh Slate from remaining active quarries outside property boundaries,Internal (DS/OUV),,"Managed under statutory protections (Ancient Monuments Act 1979, Listed Buildings Act 1990) preserving relict industrial landscapes",Internal (DS/OUV),,Excellent,Internal (DS/OUV),,Yes,,,,Tier 9: Unflagged,
929,San Cristóbal de La Laguna,Spain,skipped; bp,,,,,,,,,"(i) to represent a masterpiece of human creative genius; | (ii) to exhibit an important interchange of human values, over a span of time or within a cultural area of the world, on developments in architecture or technology, monumental arts, town-planning or landscape design; | (v) to be an outstanding example of a traditional human settlement, land-use, or sea-use which is representative of a culture (or cultures), or human interaction with the environment especially when it has become vulnerable under the impact of irreversible change;",,,,,,,,,,,,,,,,,,,,,,,,,,,,,,,,,,,,,,,,,,,,,,,,,,,,,,,,,,,,,,,,,,No,,bp,bp,Tier 8: Moderate Probability Stone Fabric (Possible),
1324,Historic Villages of Korea: Hahoe and Yangdong,Republic of Korea,skipped;; nan,,,,,,,,,"(iii) to bear a unique or at least exceptional testimony to a cultural tradition or to a civilization which is living or which has disappeared; | (iv) to be an outstanding example of a type of building, architectural or technological ensemble or landscape which illustrates (a) significant stage(s) in human history;",,,,,,,,,,,,,,,,,,,,,,,,,,,,,,,,,,,,,,,,,,,,,,,,,,,,,,,,,,,,,,,,,,No,,,,Tier 9: Unflagged,
558,Skogskyrkogården,Sweden,Early 20th-century landscape and architectural design adapted to a cemetery; nan,Internal (DS/OUV),,1917–1940,Internal (DS/OUV),,,Internal (DS/OUV),,"(ii) to exhibit an important interchange of human values, over a span of time or within a cultural area of the world, on developments in architecture or technology, monumental arts, town-planning or landscape design; | (iv) to be an outstanding example of a type of building, architectural or technological ensemble or landscape which illustrates (a) significant stage(s) in human history;",,,Granite ,Internal (DS/OUV),,Igneous Rock,,,,,,,,,,,,,,,,,,,,,,,,,,,,,,,,,,,,,,,"Granite wall (4 km-long surrounding wall), granite cross",Internal (DS/OUV),,,,,,,,,,,,,,Restoration programs for living material and buildings in accordance with original design,Internal (DS/OUV),,Good,,,Yes,,,,Tier 9: Unflagged,
1401,"Rabat, Modern Capital and Historic City: a Shared Heritage",Morocco,skipped; bvvvhp,,,,,,,,,"(ii) to exhibit an important interchange of human values, over a span of time or within a cultural area of the world, on developments in architecture or technology, monumental arts, town-planning or landscape design; | (iv) to be an outstanding example of a type of building, architectural or technological ensemble or landscape which illustrates (a) significant stage(s) in human history;",,,,,,,,,,,,,,,,,,,,,,,,,,,,,,,,,,,,,,,,,,,,,,,,,,,,,,,,,,,,,,,,,,No,,bvvvhp,bvvvhp,Tier 4: Exceptional Stone Fortress / Cathedral / Mosque (3-v Very Very High),
514,Heart of Neolithic Orkney,United Kingdom of Great Britain and Northern Ireland,skipped; bvvvvhp,,,,,,,,,"(i) to represent a masterpiece of human creative genius; | (ii) to exhibit an important interchange of human values, over a span of time or within a cultural area of the world, on developments in architecture or technology, monumental arts, town-planning or landscape design; | (iii) to bear a unique or at least exceptional testimony to a cultural tradition or to a civilization which is living or which has disappeared; | (iv) to be an outstanding example of a type of building, architectural or technological ensemble or landscape which illustrates (a) significant stage(s) in human history;",,,,,,,,,,,,,,,,,,,,,,,,,,,,,,,,,,,,,,,,,,,,,,,,,,,,,,,,,,,,,,,,,,No,,bvvvvhp,bvvvvhp,Tier 3: Monumental Megalithic / Sanctuary Architecture (4-v Very Very Very High),
1612,The work of engineer Eladio Dieste: Church of Atlántida,Uruguay,skipped; bvvvhp,,,,,,,,,"(iv) to be an outstanding example of a type of building, architectural or technological ensemble or landscape which illustrates (a) significant stage(s) in human history;",,,,,,,,,,,,,,,,,,,,,,,,,,,,,,,,,,,,,,,,,,,,,,,,,,,,,,,,,,,,,,,,,,No,,bvvvhp,bvvvhp,Tier 4: Exceptional Stone Fortress / Cathedral / Mosque (3-v Very Very High),
1236,León Cathedral,Nicaragua,skipped; bvvvhp,,,,,,,,,"(ii) to exhibit an important interchange of human values, over a span of time or within a cultural area of the world, on developments in architecture or technology, monumental arts, town-planning or landscape design; | (iv) to be an outstanding example of a type of building, architectural or technological ensemble or landscape which illustrates (a) significant stage(s) in human history;",,,,,,,,,,,,,,,,,,,,,,,,,,,,,,,,,,,,,,,,,,,,,,,,,,,,,,,,,,,,,,,,,,No,,bvvvhp,bvvvhp,Tier 4: Exceptional Stone Fortress / Cathedral / Mosque (3-v Very Very High),
1158,Etruscan Necropolises of Cerveteri and Tarquinia,Italy,skipped; bvvvhp,,,,,,,,,"(i) to represent a masterpiece of human creative genius; | (iii) to bear a unique or at least exceptional testimony to a cultural tradition or to a civilization which is living or which has disappeared; | (iv) to be an outstanding example of a type of building, architectural or technological ensemble or landscape which illustrates (a) significant stage(s) in human history;",,,,,,,,,,,,,,,,,,,,,,,,,,,,,,,,,,,,,,,,,,,,,,,,,,,,,,,,,,,,,,,,,,No,,bvvvhp,bvvvhp,Tier 4: Exceptional Stone Fortress / Cathedral / Mosque (3-v Very Very High),
642,Prambanan Temple Compounds,Indonesia,skipped; bvvvhp,,,,,,,,,"(i) to represent a masterpiece of human creative genius; | (iv) to be an outstanding example of a type of building, architectural or technological ensemble or landscape which illustrates (a) significant stage(s) in human history;",,,,,,,,,,,,,,,,,,,,,,,,,,,,,,,,,,,,,,,,,,,,,,,,,,,,,,,,,,,,,,,,,,No,,bvvvhp,bvvvhp,Tier 4: Exceptional Stone Fortress / Cathedral / Mosque (3-v Very Very High),
954,Saint Catherine Area,Egypt,skipped; bvvvvhp,,,,,,,,,"(i) to represent a masterpiece of human creative genius; | (iii) to bear a unique or at least exceptional testimony to a cultural tradition or to a civilization which is living or which has disappeared; | (iv) to be an outstanding example of a type of building, architectural or technological ensemble or landscape which illustrates (a) significant stage(s) in human history; | (vi) to be directly or tangibly associated with events or living traditions, with ideas, or with beliefs, with artistic and literary works of outstanding universal significance;",,,,,,,,,,,,,,,,,,,,,,,,,,,,,,,,,,,,,,,,,,,,,,,,,,,,,,,,,,,,,,,,,,No,,bvvvvhp,bvvvvhp,Tier 3: Monumental Megalithic / Sanctuary Architecture (4-v Very Very Very High),
1101,Champaner-Pavagadh Archaeological Park,India,skipped; bvvvvvhp,,,,,,,,,"(iii) to bear a unique or at least exceptional testimony to a cultural tradition or to a civilization which is living or which has disappeared; | (iv) to be an outstanding example of a type of building, architectural or technological ensemble or landscape which illustrates (a) significant stage(s) in human history; | (v) to be an outstanding example of a traditional human settlement, land-use, or sea-use which is representative of a culture (or cultures), or human interaction with the environment especially when it has become vulnerable under the impact of irreversible change; | (vi) to be directly or tangibly associated with events or living traditions, with ideas, or with beliefs, with artistic and literary works of outstanding universal significance;",,,,,,,,,,,,,,,,,,,,,,,,,,,,,,,,,,,,,,,,,,,,,,,,,,,,,,,,,,,,,,,,,,No,,bvvvvvhp,bvvvvvhp,Tier 2: Massive Cliff Rock Art / Bedrock Substrate (5-v Extremely High),
445,Brasilia,Brazil,skipped; nan,,,,,,,,,"(i) to represent a masterpiece of human creative genius; | (iv) to be an outstanding example of a type of building, architectural or technological ensemble or landscape which illustrates (a) significant stage(s) in human history;",,,,,,,,,,,,,,,,,,,,,,,,,,,,,,,,,,,,,,,,,,,,,,,,,,,,,,,,,,,,,,,,,,No,,,,Tier 9: Unflagged,
870,Historic Monuments of Ancient Nara,Japan,skipped; bp,,,,,,,,,"(ii) to exhibit an important interchange of human values, over a span of time or within a cultural area of the world, on developments in architecture or technology, monumental arts, town-planning or landscape design; | (iii) to bear a unique or at least exceptional testimony to a cultural tradition or to a civilization which is living or which has disappeared; | (iv) to be an outstanding example of a type of building, architectural or technological ensemble or landscape which illustrates (a) significant stage(s) in human history; | (vi) to be directly or tangibly associated with events or living traditions, with ideas, or with beliefs, with artistic and literary works of outstanding universal significance;",,,,,,,,,,,,,,,,,,,,,,,,,,,,,,,,,,,,,,,,,,,,,,,,,,,,,,,,,,,,,,,,,,No,,bp,bp,Tier 8: Moderate Probability Stone Fabric (Possible),
812,Ancient City of Ping Yao,China,skipped; bp,,,,,,,,,"(ii) to exhibit an important interchange of human values, over a span of time or within a cultural area of the world, on developments in architecture or technology, monumental arts, town-planning or landscape design; | (iii) to bear a unique or at least exceptional testimony to a cultural tradition or to a civilization which is living or which has disappeared; | (iv) to be an outstanding example of a type of building, architectural or technological ensemble or landscape which illustrates (a) significant stage(s) in human history;",,,,,,,,,,,,,,,,,,,,,,,,,,,,,,,,,,,,,,,,,,,,,,,,,,,,,,,,,,,,,,,,,,No,,bp,bp,Tier 8: Moderate Probability Stone Fabric (Possible),
1026,Val d'Orcia,Italy,skipped;; nan,,,,,,,,,"(iv) to be an outstanding example of a type of building, architectural or technological ensemble or landscape which illustrates (a) significant stage(s) in human history; | (vi) to be directly or tangibly associated with events or living traditions, with ideas, or with beliefs, with artistic and literary works of outstanding universal significance;",,,,,,,,,,,,,,,,,,,,,,,,,,,,,,,,,,,,,,,,,,,,,,,,,,,,,,,,,,,,,,,,,,No,,,,Tier 9: Unflagged,
1708,Via Appia. <em>Regina Viarum</em>,Italy,skipped; bvvvvvhp,,,,,,,,,"(iii) to bear a unique or at least exceptional testimony to a cultural tradition or to a civilization which is living or which has disappeared; | (iv) to be an outstanding example of a type of building, architectural or technological ensemble or landscape which illustrates (a) significant stage(s) in human history; | (vi) to be directly or tangibly associated with events or living traditions, with ideas, or with beliefs, with artistic and literary works of outstanding universal significance;",,,,,,,,,,,,,,,,,,,,,,,,,,,,,,,,,,,,,,,,,,,,,,,,,,,,,,,,,,,,,,,,,,No,,bvvvvvhp,bvvvvvhp,Tier 2: Massive Cliff Rock Art / Bedrock Substrate (5-v Extremely High),
922,"Rani-ki-Vav (the Queen’s Stepwell) at Patan, Gujarat",India,skipped; bvvvvhp,,,,,,,,,"(i) to represent a masterpiece of human creative genius; | (iv) to be an outstanding example of a type of building, architectural or technological ensemble or landscape which illustrates (a) significant stage(s) in human history;",,,,,,,,,,,,,,,,,,,,,,,,,,,,,,,,,,,,,,,,,,,,,,,,,,,,,,,,,,,,,,,,,,No,,bvvvvhp,bvvvvhp,Tier 3: Monumental Megalithic / Sanctuary Architecture (4-v Very Very Very High),
1550,Asmara: A Modernist African City,Eritrea,skipped; nan,,,,,,,,,"(ii) to exhibit an important interchange of human values, over a span of time or within a cultural area of the world, on developments in architecture or technology, monumental arts, town-planning or landscape design; | (iv) to be an outstanding example of a type of building, architectural or technological ensemble or landscape which illustrates (a) significant stage(s) in human history;",,,,,,,,,,,,,,,,,,,,,,,,,,,,,,,,,,,,,,,,,,,,,,,,,,,,,,,,,,,,,,,,,,No,,,,Tier 9: Unflagged,
1426,"Decorated Cave of Pont d’Arc, known as Grotte Chauvet-Pont d’Arc, Ardèche",France,"Monument, Design, Plan, Cave/Subterranean Space; nan",Internal (DS/OUV),,"Aurignacian period (30,000–32,000 BP / Palaeolithic)",Internal (DS/OUV),,Aurignacian people (Early Upper Palaeolithic),Internal (DS/OUV),,(i) to represent a masterpiece of human creative genius; | (iii) to bear a unique or at least exceptional testimony to a cultural tradition or to a civilization which is living or which has disappeared;,Internal (DS/OUV),,Limestone,Internal (DS/OUV),,Sedimentary Rock,Internal (DS/OUV),,,,,,,,Limestone,Internal (DS/OUV),,,,,,,,,,,,,,,,,,,,France,,,Local (In-situ natural cave formed within the local limestone plateau),Internal (DS/OUV),,,,,"Natural cavern walls, floor, and limestone plateau structure housing the drawings",Internal (DS/OUV),,"Rock art, drawings, and engravings on cave walls",Internal (DS/OUV),,,,,"Rockfall (~20,000 years BP sealed the cave); humidity/air composition variations identified as key threats",Internal (DS/OUV),,,,,Non-intervention policy inside the original cave; stainless steel bridging installed to prevent floor damage; full facsimile reconstruction created offsite (Espace de Restitution),Internal (DS/OUV),,Excellent,,,Yes,,,,Tier 9: Unflagged,
975,Zollverein Coal Mine Industrial Complex in Essen,Germany,"Modern Movement, Expressionism, Cubism, Functionalism, Bauhaus; nan",Internal (DS/OUV),,"19th and 20th centuries (specifically between the two World Wars / ""Roaring Twenties"")",Internal (DS/OUV),,European primary heavy industry / Modern Industrial era,Internal (DS/OUV),,"(ii) to exhibit an important interchange of human values, over a span of time or within a cultural area of the world, on developments in architecture or technology, monumental arts, town-planning or landscape design; | (iii) to bear a unique or at least exceptional testimony to a cultural tradition or to a civilization which is living or which has disappeared;",Internal (DS/OUV),,coal mentioned but not as building stone,,,,,,,,,,,,,,,,,,,,,,,,,,,,,,,,,,,,,,,,,,,,,,,,,,,,,,,,,,,,,,,No,,,,Tier 9: Unflagged,
229,"Place Stanislas, Place de la Carrière and Place d'Alliance in Nancy",France,skipped; bvvhp,,,,,,,,,"(i) to represent a masterpiece of human creative genius; | (iv) to be an outstanding example of a type of building, architectural or technological ensemble or landscape which illustrates (a) significant stage(s) in human history;",,,,,,,,,,,,,,,,,,,,,,,,,,,,,,,,,,,,,,,,,,,,,,,,,,,,,,,,,,,,,,,,,,No,,bvvhp,bvvhp,Tier 5: Major Ashlar Masonry / Imperial Ruins (2-v Very High),
1283,Fortifications of Vauban,France,skipped; bvvhp,,,,,,,,,"(i) to represent a masterpiece of human creative genius; | (ii) to exhibit an important interchange of human values, over a span of time or within a cultural area of the world, on developments in architecture or technology, monumental arts, town-planning or landscape design; | (iv) to be an outstanding example of a type of building, architectural or technological ensemble or landscape which illustrates (a) significant stage(s) in human history;",,,,,,,,,,,,,,,,,,,,,,,,,,,,,,,,,,,,,,,,,,,,,,,,,,,,,,,,,,,,,,,,,,No,,bvvhp,bvvhp,Tier 5: Major Ashlar Masonry / Imperial Ruins (2-v Very High),
1134,"Grimeton Radio Station, Varberg",Sweden,skipped;; nan,,,,,,,,,"(ii) to exhibit an important interchange of human values, over a span of time or within a cultural area of the world, on developments in architecture or technology, monumental arts, town-planning or landscape design; | (iv) to be an outstanding example of a type of building, architectural or technological ensemble or landscape which illustrates (a) significant stage(s) in human history;",,,,,,,,,,,,,,,,,,,,,,,,,,,,,,,,,,,,,,,,,,,,,,,,,,,,,,,,,,,,,,,,,,No,,,,Tier 9: Unflagged,
792,Historic Monuments Zone of Querétaro,Mexico,SKIPPED; BVVHP,,,,,,,,,"(ii) to exhibit an important interchange of human values, over a span of time or within a cultural area of the world, on developments in architecture or technology, monumental arts, town-planning or landscape design; | (iv) to be an outstanding example of a type of building, architectural or technological ensemble or landscape which illustrates (a) significant stage(s) in human history;",,,,,,,,,,,,,,,,,,,,,,,,,,,,,,,,,,,,,,,,,,,,,,,,,,,,,,,,,,,,,,,,,,No,,bvvhp,bvvhp,Tier 5: Major Ashlar Masonry / Imperial Ruins (2-v Very High),
1389,Site of Xanadu,China,SKIPPED; BVVVVHP,,,,,,,,,"(ii) to exhibit an important interchange of human values, over a span of time or within a cultural area of the world, on developments in architecture or technology, monumental arts, town-planning or landscape design; | (iii) to bear a unique or at least exceptional testimony to a cultural tradition or to a civilization which is living or which has disappeared; | (iv) to be an outstanding example of a type of building, architectural or technological ensemble or landscape which illustrates (a) significant stage(s) in human history; | (vi) to be directly or tangibly associated with events or living traditions, with ideas, or with beliefs, with artistic and literary works of outstanding universal significance;",,,,,,,,,,,,,,,,,,,,,,,,,,,,,,,,,,,,,,,,,,,,,,,,,,,,,,,,,,,,,,,,,,No,,bvvvvhp,bvvvvhp,Tier 3: Monumental Megalithic / Sanctuary Architecture (4-v Very Very Very High),
1279,Mount Wutai,China,skipped; bvvvvvhp,,,,,,,,,"(ii) to exhibit an important interchange of human values, over a span of time or within a cultural area of the world, on developments in architecture or technology, monumental arts, town-planning or landscape design; | (iii) to bear a unique or at least exceptional testimony to a cultural tradition or to a civilization which is living or which has disappeared; | (iv) to be an outstanding example of a type of building, architectural or technological ensemble or landscape which illustrates (a) significant stage(s) in human history; | (vi) to be directly or tangibly associated with events or living traditions, with ideas, or with beliefs, with artistic and literary works of outstanding universal significance;",,,,,,,,,,,,,,,,,,,,,,,,,,,,,,,,,,,,,,,,,,,,,,,,,,,,,,,,,,,,,,,,,,No,,bvvvvvhp,bvvvvvhp,Tier 2: Massive Cliff Rock Art / Bedrock Substrate (5-v Extremely High),
1678,Astronomical Observatories of Kazan Federal University,Russian Federation,skipped; bp,,,,,,,,,"(ii) to exhibit an important interchange of human values, over a span of time or within a cultural area of the world, on developments in architecture or technology, monumental arts, town-planning or landscape design; | (iv) to be an outstanding example of a type of building, architectural or technological ensemble or landscape which illustrates (a) significant stage(s) in human history;",,,,,,,,,,,,,,,,,,,,,,,,,,,,,,,,,,,,,,,,,,,,,,,,,,,,,,,,,,,,,,,,,,No,,bp,bp,Tier 8: Moderate Probability Stone Fabric (Possible),
96,Stari Ras and Sopoćani,Serbia,skipped; bvhp,,,,,,,,,(i) to represent a masterpiece of human creative genius; | (iii) to bear a unique or at least exceptional testimony to a cultural tradition or to a civilization which is living or which has disappeared;,,,,,,,,,,,,,,,,,,,,,,,,,,,,,,,,,,,,,,,,,,,,,,,,,,,,,,,,,,,,,,,,,,No,,bvhp,bvhp,Tier 6: High Probability Ashlar / Urban Core (1-v Very High),
1239,Berlin Modernism Housing Estates,Germany,skipped;; nan,,,,,,,,,"(ii) to exhibit an important interchange of human values, over a span of time or within a cultural area of the world, on developments in architecture or technology, monumental arts, town-planning or landscape design; | (iv) to be an outstanding example of a type of building, architectural or technological ensemble or landscape which illustrates (a) significant stage(s) in human history;",,,,,,,,,,,,,,,,,,,,,,,,,,,,,,,,,,,,,,,,,,,,,,,,,,,,,,,,,,,,,,,,,,No,,,,Tier 9: Unflagged,
1001,Mount Qingcheng and the Dujiangyan Irrigation System,China,skipped; nan,,,,,,,,,"(ii) to exhibit an important interchange of human values, over a span of time or within a cultural area of the world, on developments in architecture or technology, monumental arts, town-planning or landscape design; | (iv) to be an outstanding example of a type of building, architectural or technological ensemble or landscape which illustrates (a) significant stage(s) in human history; | (vi) to be directly or tangibly associated with events or living traditions, with ideas, or with beliefs, with artistic and literary works of outstanding universal significance;",,,,,,,,,,,,,,,,,,,,,,,,,,,,,,,,,,,,,,,,,,,,,,,,,,,,,,,,,,,,,,,,,,No,,,,Tier 9: Unflagged,
1096,White City of Tel-Aviv – the Modern Movement,Israel,skipped;; nan,,,,,,,,,"(ii) to exhibit an important interchange of human values, over a span of time or within a cultural area of the world, on developments in architecture or technology, monumental arts, town-planning or landscape design; | (iv) to be an outstanding example of a type of building, architectural or technological ensemble or landscape which illustrates (a) significant stage(s) in human history;",,,,,,,,,,,,,,,,,,,,,,,,,,,,,,,,,,,,,,,,,,,,,,,,,,,,,,,,,,,,,,,,,,No,,,,Tier 9: Unflagged,
1245,San Marino Historic Centre and Mount Titano,San Marino,skipped; bvhp,,,,,,,,,(iii) to bear a unique or at least exceptional testimony to a cultural tradition or to a civilization which is living or which has disappeared;,,,,,,,,,,,,,,,,,,,,,,,,,,,,,,,,,,,,,,,,,,,,,,,,,,,,,,,,,,,,,,,,,,No,,bvhp,bvhp,Tier 6: High Probability Ashlar / Urban Core (1-v Very High),
778,Lushan National Park,China,skipped; bp,,,,,,,,,"(ii) to exhibit an important interchange of human values, over a span of time or within a cultural area of the world, on developments in architecture or technology, monumental arts, town-planning or landscape design; | (iii) to bear a unique or at least exceptional testimony to a cultural tradition or to a civilization which is living or which has disappeared; | (iv) to be an outstanding example of a type of building, architectural or technological ensemble or landscape which illustrates (a) significant stage(s) in human history; | (vi) to be directly or tangibly associated with events or living traditions, with ideas, or with beliefs, with artistic and literary works of outstanding universal significance;",,,,,,,,,,,,,,,,,,,,,,,,,,,,,,,,,,,,,,,,,,,,,,,,,,,,,,,,,,,,,,,,,,No,,bp,bp,Tier 8: Moderate Probability Stone Fabric (Possible),
36,Medina of Tunis,Tunisia,"skipped, bvhp",,,,,,,,,"(ii) to exhibit an important interchange of human values, over a span of time or within a cultural area of the world, on developments in architecture or technology, monumental arts, town-planning or landscape design; | (iii) to bear a unique or at least exceptional testimony to a cultural tradition or to a civilization which is living or which has disappeared; | (v) to be an outstanding example of a traditional human settlement, land-use, or sea-use which is representative of a culture (or cultures), or human interaction with the environment especially when it has become vulnerable under the impact of irreversible change;",,,,,,,,,,,,,,,,,,,,,,,,,,,,,,,,,,,,,,,,,,,,,,,,,,,,,,,,,,,,,,,,,,No,,bvhp,bvhp,Tier 6: High Probability Ashlar / Urban Core (1-v Very High),
1250,Central University City Campus of the <i>Universidad Nacional Autónoma de México</i> (UNAM),Mexico,skipped; nan,,,,,,,,,"(i) to represent a masterpiece of human creative genius; | (ii) to exhibit an important interchange of human values, over a span of time or within a cultural area of the world, on developments in architecture or technology, monumental arts, town-planning or landscape design; | (iv) to be an outstanding example of a type of building, architectural or technological ensemble or landscape which illustrates (a) significant stage(s) in human history;",,,,,,,,,,,,,,,,,,,,,,,,,,,,,,,,,,,,,,,,,,,,,,,,,,,,,,,,,,,,,,,,,,No,,,,Tier 9: Unflagged,
868,Routes of Santiago de Compostela in France,France,skipped; bvvhp,,,,,,,,,"(ii) to exhibit an important interchange of human values, over a span of time or within a cultural area of the world, on developments in architecture or technology, monumental arts, town-planning or landscape design; | (iv) to be an outstanding example of a type of building, architectural or technological ensemble or landscape which illustrates (a) significant stage(s) in human history; | (vi) to be directly or tangibly associated with events or living traditions, with ideas, or with beliefs, with artistic and literary works of outstanding universal significance;",,,,,,,,,,,,,,,,,,,,,,,,,,,,,,,,,,,,,,,,,,,,,,,,,,,,,,,,,,,,,,,,,,No,,bvvhp,bvvhp,Tier 5: Major Ashlar Masonry / Imperial Ruins (2-v Very High),
803,Las Médulas,Spain,"Indigenous, Vernacular, Monument; nan",Internal (DS/OUV),,1st century AD to early 3rd century AD (Roman Imperial period),Internal (DS/OUV),,Roman Imperial,Internal (DS/OUV),,"(i) to represent a masterpiece of human creative genius; | (ii) to exhibit an important interchange of human values, over a span of time or within a cultural area of the world, on developments in architecture or technology, monumental arts, town-planning or landscape design; | (iii) to bear a unique or at least exceptional testimony to a cultural tradition or to a civilization which is living or which has disappeared; | (v) to be an outstanding example of a traditional human settlement, land-use, or sea-use which is representative of a culture (or cultures), or human interaction with the environment especially when it has become vulnerable under the impact of irreversible change;",Internal (DS/OUV),,Conglomerate (Auriferous conglomerate),Internal (DS/OUV),,Sedimentary Rock,,,,,,,,,Auriferous / Friable conglomerate,Internal (DS/OUV),,,,,Sterile strata / Auriferous conglomerate layers,Internal (DS/OUV),,,,,Friable,Internal (DS/OUV),,Gold (auriferous deposits),Internal (DS/OUV),,In-situ mining site (Las Médulas main pit / La Frisga pit),Internal (DS/OUV),,Spain,Internal (DS/OUV),,Local,Internal (DS/OUV),,,,,"Foundation, Hydraulic canals / gravity canals, dams, galleries, conduits",Internal (DS/OUV),,,,,"Cut/carved gravity canals, hydraulic mining (ruina montium)",Internal (DS/OUV),,,,,,,,Short sections of water channels cleared; site conserved organically as a natural/historic monument,Internal (DS/OUV),,Excellent,,,Yes,,,,Tier 9: Unflagged,
1480,Victorian Gothic and Art Deco Ensembles of Mumbai,India,skipped; bvvvvhp,,,,,,,,,"(ii) to exhibit an important interchange of human values, over a span of time or within a cultural area of the world, on developments in architecture or technology, monumental arts, town-planning or landscape design; | (iv) to be an outstanding example of a type of building, architectural or technological ensemble or landscape which illustrates (a) significant stage(s) in human history;",,,,,,,,,,,,,,,,,,,,,,,,,,,,,,,,,,,,,,,,,,,,,,,,,,,,,,,,,,,,,,,,,,No,,bvvvvhp,bvvvvhp,Tier 3: Monumental Megalithic / Sanctuary Architecture (4-v Very Very Very High),
873,"Provins, Town of Medieval Fairs",France,skipped; bp,,,,,,,,,"(ii) to exhibit an important interchange of human values, over a span of time or within a cultural area of the world, on developments in architecture or technology, monumental arts, town-planning or landscape design; | (iv) to be an outstanding example of a type of building, architectural or technological ensemble or landscape which illustrates (a) significant stage(s) in human history;",,,,,,,,,,,,,,,,,,,,,,,,,,,,,,,,,,,,,,,,,,,,,,,,,,,,,,,,,,,,,,,,,,No,,bp,bp,Tier 8: Moderate Probability Stone Fabric (Possible),
941,Archaeological Sites of Mycenae and Tiryns,Greece,skipped; bvvvhp,,,,,,,,,"(i) to represent a masterpiece of human creative genius; | (ii) to exhibit an important interchange of human values, over a span of time or within a cultural area of the world, on developments in architecture or technology, monumental arts, town-planning or landscape design; | (iii) to bear a unique or at least exceptional testimony to a cultural tradition or to a civilization which is living or which has disappeared; | (iv) to be an outstanding example of a type of building, architectural or technological ensemble or landscape which illustrates (a) significant stage(s) in human history; | (vi) to be directly or tangibly associated with events or living traditions, with ideas, or with beliefs, with artistic and literary works of outstanding universal significance;",,,,,,,,,,,,,,,,,,,,,,,,,,,,,,,,,,,,,,,,,,,,,,,,,,,,,,,,,,,,,,,,,,No,,bvvvhp,bvvvhp,Tier 4: Exceptional Stone Fortress / Cathedral / Mosque (3-v Very Very High),
780,Archaeological Site of Aigai (modern name Vergina),Greece,skipped; bvvvhp,,,,,,,,,(i) to represent a masterpiece of human creative genius; | (iii) to bear a unique or at least exceptional testimony to a cultural tradition or to a civilization which is living or which has disappeared;,,,,,,,,,,,,,,,,,,,,,,,,,,,,,,,,,,,,,,,,,,,,,,,,,,,,,,,,,,,,,,,,,,No,,bvvvhp,bvvvhp,Tier 4: Exceptional Stone Fortress / Cathedral / Mosque (3-v Very Very High),
495,"Strasbourg, Grande-Île and <em>Neustadt</em>",France,skipped; bp,,,,,,,,,"(ii) to exhibit an important interchange of human values, over a span of time or within a cultural area of the world, on developments in architecture or technology, monumental arts, town-planning or landscape design; | (iv) to be an outstanding example of a type of building, architectural or technological ensemble or landscape which illustrates (a) significant stage(s) in human history;",,,,,,,,,,,,,,,,,,,,,,,,,,,,,,,,,,,,,,,,,,,,,,,,,,,,,,,,,,,,,,,,,,No,,bp,bp,Tier 8: Moderate Probability Stone Fabric (Possible),
13,Melka Kunture and Balchit: Archaeological and Palaeontological Sites in the Highland Area of Ethiopia,Ethiopia,"Elevation, Plan; nan",Internal (DS/OUV),,"Early Hominins (Homo erectus, Homo heidelbergensis, archaic Homo sapiens)",Internal (DS/OUV),,"Early Hominins (Homo erectus, Homo heidelbergensis, archaic Homo sapiens)",Internal (DS/OUV),,"(iii) to bear a unique or at least exceptional testimony to a cultural tradition or to a civilization which is living or which has disappeared; | (iv) to be an outstanding example of a type of building, architectural or technological ensemble or landscape which illustrates (a) significant stage(s) in human history; | (v) to be an outstanding example of a traditional human settlement, land-use, or sea-use which is representative of a culture (or cultures), or human interaction with the environment especially when it has become vulnerable under the impact of irreversible change;",Internal (DS/OUV),,"Obsidian, Tuff, Volcanic Rock, Volcanic Tuff",,,Igneous Rock,,,,,,"Volcanic Glass (Obsidian), Volcanic Tuff",Internal (DS/OUV),,"Volcanic rock, volcanic tuff, sedimentary and alluvial deposits, volcanic glass",Internal (DS/OUV),,Pleistocene (Quaternary),Internal (DS/OUV),,,,,,,,"Glassy (Obsidian), Pyroclastic / Fine-to-Coarse-grained (Tuff)",Internal (DS/OUV),,,,,Local volcanic/obsidian procurement outcrops (Balchit obsidian source),Internal (DS/OUV),,,,,Local (Procured within the Upper Awash Valley / Balchit area),Internal (DS/OUV),,,,,Stratigraphic matrix/layers burying palaified surfaces and tool assemblages,Internal (DS/OUV),,,,,"Lithic Knapping (Oldowan, Acheulean, MSA, LSA techno-complexes)",Internal (DS/OUV),,Seasonal erosion caused by overflows of the Awash River,Internal (DS/OUV),,,,,Excavated sections backfilled; display section protected under site shelter/museum,Internal (DS/OUV),,Good,,,Yes,,,,Tier 9: Unflagged,
1582,The Colonial Transisthmian Route of Panamá,Panama,skipped; bvvvhp,,,,,,,,,"(ii) to exhibit an important interchange of human values, over a span of time or within a cultural area of the world, on developments in architecture or technology, monumental arts, town-planning or landscape design; | (iv) to be an outstanding example of a type of building, architectural or technological ensemble or landscape which illustrates (a) significant stage(s) in human history;",,,,,,,,,,,,,,,,,,,,,,,,,,,,,,,,,,,,,,,,,,,,,,,,,,,,,,,,,,,,,,,,,,No,,bvvvhp,bvvvhp,Tier 4: Exceptional Stone Fortress / Cathedral / Mosque (3-v Very Very High),
1372,The Persian Garden,Iran (Islamic Republic of),skipped; bp,,,,,,,,,"(i) to represent a masterpiece of human creative genius; | (ii) to exhibit an important interchange of human values, over a span of time or within a cultural area of the world, on developments in architecture or technology, monumental arts, town-planning or landscape design; | (iii) to bear a unique or at least exceptional testimony to a cultural tradition or to a civilization which is living or which has disappeared; | (iv) to be an outstanding example of a type of building, architectural or technological ensemble or landscape which illustrates (a) significant stage(s) in human history; | (vi) to be directly or tangibly associated with events or living traditions, with ideas, or with beliefs, with artistic and literary works of outstanding universal significance;",,,,,,,,,,,,,,,,,,,,,,,,,,,,,,,,,,,,,,,,,,,,,,,,,,,,,,,,,,,,,,,,,,No,,bp,bp,Tier 8: Moderate Probability Stone Fabric (Possible),
1387,University of Coimbra – Alta and Sofia,Portugal,skipped; bvvvhp,,,,,,,,,"(ii) to exhibit an important interchange of human values, over a span of time or within a cultural area of the world, on developments in architecture or technology, monumental arts, town-planning or landscape design; | (iv) to be an outstanding example of a type of building, architectural or technological ensemble or landscape which illustrates (a) significant stage(s) in human history; | (vi) to be directly or tangibly associated with events or living traditions, with ideas, or with beliefs, with artistic and literary works of outstanding universal significance;",,,,,,,,,,,,,,,,,,,,,,,,,,,,,,,,,,,,,,,,,,,,,,,,,,,,,,,,,,,,,,,,,,No,,bvvvhp,bvvvhp,Tier 4: Exceptional Stone Fortress / Cathedral / Mosque (3-v Very Very High),
1336,Archaeological Sites of the Island of Meroe,Sudan,skipped; bvvvvvvhp,,,,,,,,,"(ii) to exhibit an important interchange of human values, over a span of time or within a cultural area of the world, on developments in architecture or technology, monumental arts, town-planning or landscape design; | (iii) to bear a unique or at least exceptional testimony to a cultural tradition or to a civilization which is living or which has disappeared; | (iv) to be an outstanding example of a type of building, architectural or technological ensemble or landscape which illustrates (a) significant stage(s) in human history; | (v) to be an outstanding example of a traditional human settlement, land-use, or sea-use which is representative of a culture (or cultures), or human interaction with the environment especially when it has become vulnerable under the impact of irreversible change;",,,,,,,,,,,,,,,,,,,,,,,,,,,,,,,,,,,,,,,,,,,,,,,,,,,,,,,,,,,,,,,,,,No,,bvvvvvvhp,bvvvvvvhp,Tier 1: Maximum Monolithic / Giant Substrate (6-v Highest Potential),
1585,Trans-Iranian Railway,Iran (Islamic Republic of),skipped;; nan,,,,,,,,,"(ii) to exhibit an important interchange of human values, over a span of time or within a cultural area of the world, on developments in architecture or technology, monumental arts, town-planning or landscape design; | (iv) to be an outstanding example of a type of building, architectural or technological ensemble or landscape which illustrates (a) significant stage(s) in human history;",,,,,,,,,,,,,,,,,,,,,,,,,,,,,,,,,,,,,,,,,,,,,,,,,,,,,,,,,,,,,,,,,,No,,,,Tier 9: Unflagged,
668,Angkor,Cambodia,skipped; bvvvvhp,,,,,,,,,"(i) to represent a masterpiece of human creative genius; | (ii) to exhibit an important interchange of human values, over a span of time or within a cultural area of the world, on developments in architecture or technology, monumental arts, town-planning or landscape design; | (iii) to bear a unique or at least exceptional testimony to a cultural tradition or to a civilization which is living or which has disappeared; | (iv) to be an outstanding example of a type of building, architectural or technological ensemble or landscape which illustrates (a) significant stage(s) in human history;",,,,,,,,,,,,,,,,,,,,,,,,,,,,,,,,,,,,,,,,,,,,,,,,,,,,,,,,,,,,,,,,,,No,,bvvvvhp,bvvvvhp,Tier 3: Monumental Megalithic / Sanctuary Architecture (4-v Very Very Very High),
534,Garden Kingdom of Dessau-Wörlitz,Germany,skipped;; nan,,,,,,,,,"(ii) to exhibit an important interchange of human values, over a span of time or within a cultural area of the world, on developments in architecture or technology, monumental arts, town-planning or landscape design; | (iv) to be an outstanding example of a type of building, architectural or technological ensemble or landscape which illustrates (a) significant stage(s) in human history;",,,,,,,,,,,,,,,,,,,,,,,,,,,,,,,,,,,,,,,,,,,,,,,,,,,,,,,,,,,,,,,,,,No,,,,Tier 9: Unflagged,
855,Flemish Béguinages,Belgium,skipped; nan,,,,,,,,,"(ii) to exhibit an important interchange of human values, over a span of time or within a cultural area of the world, on developments in architecture or technology, monumental arts, town-planning or landscape design; | (iii) to bear a unique or at least exceptional testimony to a cultural tradition or to a civilization which is living or which has disappeared; | (iv) to be an outstanding example of a type of building, architectural or technological ensemble or landscape which illustrates (a) significant stage(s) in human history;",,,,,,,,,,,,,,,,,,,,,,,,,,,,,,,,,,,,,,,,,,,,,,,,,,,,,,,,,,,,,,,,,,No,,,,Tier 9: Unflagged,
1478,Erzgebirge/Krušnohoří Mining Region,"Czechia,Germany",skipped; bvhp,,,,,,,,,"(ii) to exhibit an important interchange of human values, over a span of time or within a cultural area of the world, on developments in architecture or technology, monumental arts, town-planning or landscape design; | (iii) to bear a unique or at least exceptional testimony to a cultural tradition or to a civilization which is living or which has disappeared; | (iv) to be an outstanding example of a type of building, architectural or technological ensemble or landscape which illustrates (a) significant stage(s) in human history;",,,,,,,,,,,,,,,,,,,,,,,,,,,,,,,,,,,,,,,,,,,,,,,,,,,,,,,,,,,,,,,,,,No,,bvhp,bvhp,Tier 6: High Probability Ashlar / Urban Core (1-v Very High),
1351,Camino Real de Tierra Adentro,Mexico,skipped; bvvvvhp,,,,,,,,,"(ii) to exhibit an important interchange of human values, over a span of time or within a cultural area of the world, on developments in architecture or technology, monumental arts, town-planning or landscape design; | (iv) to be an outstanding example of a type of building, architectural or technological ensemble or landscape which illustrates (a) significant stage(s) in human history;",,,,,,,,,,,,,,,,,,,,,,,,,,,,,,,,,,,,,,,,,,,,,,,,,,,,,,,,,,,,,,,,,,No,,bvvvvhp,bvvvvhp,Tier 3: Monumental Megalithic / Sanctuary Architecture (4-v Very Very Very High),
1058,Portuguese City of Mazagan (El Jadida),Morocco,skipped; bvhp,,,,,,,,,"(ii) to exhibit an important interchange of human values, over a span of time or within a cultural area of the world, on developments in architecture or technology, monumental arts, town-planning or landscape design; | (iv) to be an outstanding example of a type of building, architectural or technological ensemble or landscape which illustrates (a) significant stage(s) in human history;",,,,,,,,,,,,,,,,,,,,,,,,,,,,,,,,,,,,,,,,,,,,,,,,,,,,,,,,,,,,,,,,,,No,,bvhp,bvhp,Tier 6: High Probability Ashlar / Urban Core (1-v Very High),
430,Frontiers of the Roman Empire,"Germany,United Kingdom of Great Britain and Northern Ireland",skipped; pictures absent; nan,,,,,,,,,"(ii) to exhibit an important interchange of human values, over a span of time or within a cultural area of the world, on developments in architecture or technology, monumental arts, town-planning or landscape design; | (iii) to bear a unique or at least exceptional testimony to a cultural tradition or to a civilization which is living or which has disappeared; | (iv) to be an outstanding example of a type of building, architectural or technological ensemble or landscape which illustrates (a) significant stage(s) in human history;",,,,,,,,,,,,,,,,,,,,,,,,,,,,,,,,,,,,,,,,,,,,,,,,,,,,,,,,,,,,,,,,,,No,,,,Tier 9: Unflagged,
702,Earliest 16th-Century Monasteries on the Slopes of Popocatepetl,Mexico,skipped; bvhp,,,,,,,,,"(ii) to exhibit an important interchange of human values, over a span of time or within a cultural area of the world, on developments in architecture or technology, monumental arts, town-planning or landscape design; | (iv) to be an outstanding example of a type of building, architectural or technological ensemble or landscape which illustrates (a) significant stage(s) in human history;",,,,,,,,,,,,,,,,,,,,,,,,,,,,,,,,,,,,,,,,,,,,,,,,,,,,,,,,,,,,,,,,,,No,,bvhp,bvhp,Tier 6: High Probability Ashlar / Urban Core (1-v Very High),
1223,"Melaka and George Town, Historic Cities of the Straits of Malacca",Malaysia,skipped; bvhp,,,,,,,,,"(ii) to exhibit an important interchange of human values, over a span of time or within a cultural area of the world, on developments in architecture or technology, monumental arts, town-planning or landscape design; | (iii) to bear a unique or at least exceptional testimony to a cultural tradition or to a civilization which is living or which has disappeared; | (iv) to be an outstanding example of a type of building, architectural or technological ensemble or landscape which illustrates (a) significant stage(s) in human history;",,,,,,,,,,,,,,,,,,,,,,,,,,,,,,,,,,,,,,,,,,,,,,,,,,,,,,,,,,,,,,,,,,No,,bvhp,bvhp,Tier 6: High Probability Ashlar / Urban Core (1-v Very High),
1631,Frontiers of the Roman Empire – The Lower German Limes,"Germany,Netherlands (Kingdom of the)",skipped;; nan,,,,,,,,,"(ii) to exhibit an important interchange of human values, over a span of time or within a cultural area of the world, on developments in architecture or technology, monumental arts, town-planning or landscape design; | (iii) to bear a unique or at least exceptional testimony to a cultural tradition or to a civilization which is living or which has disappeared; | (iv) to be an outstanding example of a type of building, architectural or technological ensemble or landscape which illustrates (a) significant stage(s) in human history;",,,,,,,,,,,,,,,,,,,,,,,,,,,,,,,,,,,,,,,,,,,,,,,,,,,,,,,,,,,,,,,,,,No,,,,Tier 9: Unflagged,
986,Ciudad Universitaria de Caracas,Venezuela (Bolivarian Republic of),skipped;; nan,,,,,,,,,"(i) to represent a masterpiece of human creative genius; | (iv) to be an outstanding example of a type of building, architectural or technological ensemble or landscape which illustrates (a) significant stage(s) in human history;",,,,,,,,,,,,,,,,,,,,,,,,,,,,,,,,,,,,,,,,,,,,,,,,,,,,,,,,,,,,,,,,,,No,,,,Tier 9: Unflagged,
170,Medina of Fez,Morocco,skipped; bp,,,,,,,,,"(ii) to exhibit an important interchange of human values, over a span of time or within a cultural area of the world, on developments in architecture or technology, monumental arts, town-planning or landscape design; | (v) to be an outstanding example of a traditional human settlement, land-use, or sea-use which is representative of a culture (or cultures), or human interaction with the environment especially when it has become vulnerable under the impact of irreversible change;",,,,,,,,,,,,,,,,,,,,,,,,,,,,,,,,,,,,,,,,,,,,,,,,,,,,,,,,,,,,,,,,,,No,,bp,bp,Tier 8: Moderate Probability Stone Fabric (Possible),
359,Thracian Tomb of Sveshtari,Bulgaria,skipped; bvhp,,,,,,,,,(i) to represent a masterpiece of human creative genius; | (iii) to bear a unique or at least exceptional testimony to a cultural tradition or to a civilization which is living or which has disappeared;,,,,,,,,,,,,,,,,,,,,,,,,,,,,,,,,,,,,,,,,,,,,,,,,,,,,,,,,,,,,,,,,,,No,,bvhp,bvhp,Tier 6: High Probability Ashlar / Urban Core (1-v Very High),
125,Natural and Culturo-Historical Region of Kotor,Montenegro,skipped; bvhp,,,,,,,,,"(i) to represent a masterpiece of human creative genius; | (ii) to exhibit an important interchange of human values, over a span of time or within a cultural area of the world, on developments in architecture or technology, monumental arts, town-planning or landscape design; | (iii) to bear a unique or at least exceptional testimony to a cultural tradition or to a civilization which is living or which has disappeared; | (iv) to be an outstanding example of a type of building, architectural or technological ensemble or landscape which illustrates (a) significant stage(s) in human history;",,,,,,,,,,,,,,,,,,,,,,,,,,,,,,,,,,,,,,,,,,,,,,,,,,,,,,,,,,,,,,,,,,No,,bvhp,bvhp,Tier 6: High Probability Ashlar / Urban Core (1-v Very High),
1504,Stećci Medieval Tombstone Graveyards,"Bosnia and Herzegovina,Croatia,Montenegro,Serbia",skipped; bvhp,,,,,,,,,"(iii) to bear a unique or at least exceptional testimony to a cultural tradition or to a civilization which is living or which has disappeared; | (vi) to be directly or tangibly associated with events or living traditions, with ideas, or with beliefs, with artistic and literary works of outstanding universal significance;",,,,,,,,,,,,,,,,,,,,,,,,,,,,,,,,,,,,,,,,,,,,,,,,,,,,,,,,,,,,,,,,,,No,,bvhp,bvhp,Tier 6: High Probability Ashlar / Urban Core (1-v Very High),
1319,Royal Tombs of the Joseon Dynasty,Republic of Korea,skipped; bvhp,,,,,,,,,"(iii) to bear a unique or at least exceptional testimony to a cultural tradition or to a civilization which is living or which has disappeared; | (iv) to be an outstanding example of a type of building, architectural or technological ensemble or landscape which illustrates (a) significant stage(s) in human history; | (vi) to be directly or tangibly associated with events or living traditions, with ideas, or with beliefs, with artistic and literary works of outstanding universal significance;",,,,,,,,,,,,,,,,,,,,,,,,,,,,,,,,,,,,,,,,,,,,,,,,,,,,,,,,,,,,,,,,,,No,,bvhp,bvhp,Tier 6: High Probability Ashlar / Urban Core (1-v Very High),
1529,Taputapuātea,France,skipped; nan,,,,,,,,,"(iii) to bear a unique or at least exceptional testimony to a cultural tradition or to a civilization which is living or which has disappeared; | (iv) to be an outstanding example of a type of building, architectural or technological ensemble or landscape which illustrates (a) significant stage(s) in human history; | (vi) to be directly or tangibly associated with events or living traditions, with ideas, or with beliefs, with artistic and literary works of outstanding universal significance;",,,,,,,,,,,,,,,,,,,,,,,,,,,,,,,,,,,,,,,,,,,,,,,,,,,,,,,,,,,,,,,,,,No,,,,Tier 9: Unflagged,
310,Cave of Altamira and Paleolithic Cave Art of Northern Spain,Spain,Cave art; nan,Internal (DS/OUV),,"Upper Palaeolithic (35,000 – 11,000 BP / BC)",Internal (DS/OUV),,Aurignacian to Magdalenian period (Homo sapiens / Upper Palaeolithic Hunter-gatherers),Internal (DS/OUV),,(i) to represent a masterpiece of human creative genius; | (iii) to bear a unique or at least exceptional testimony to a cultural tradition or to a civilization which is living or which has disappeared;,Internal (DS/OUV),,Flint (used as a tool),,,Igneous Rock,,,,,,,,,Karst caves / limestone cavities (implied by karst environment),Internal (DS/OUV),,Upper Palaeolithic (Quaternary),Internal (DS/OUV),,,,,,,,,,,"Iron oxides, Manganese oxides",,,Direct originating from the immediate environment,Internal (DS/OUV),,Spain,Internal (DS/OUV),,Local (materials directly originating from the immediate environment),Internal (DS/OUV),,,,,"Ceiling, Foundation, Gallery, Wall",Internal (DS/OUV),,"Rock / Cave Art (painting, engraving, carving, sculpture)",Internal (DS/OUV),,,,,"Natural causes, water run-off, external climatic influences, microbiological activities",Internal (DS/OUV),,,,,No restoration has ever been carried out on Palaeolithic works of art,Internal (DS/OUV),,Good,,,Yes,,,,Tier 9: Unflagged,
1127,Muskauer Park / Park Mużakowski,"Germany,Poland",skipped; bp,,,,,,,,,"(i) to represent a masterpiece of human creative genius; | (iv) to be an outstanding example of a type of building, architectural or technological ensemble or landscape which illustrates (a) significant stage(s) in human history;",,,,,,,,,,,,,,,,,,,,,,,,,,,,,,,,,,,,,,,,,,,,,,,,,,,,,,,,,,,,,,,,,,No,,bp,bp,Tier 8: Moderate Probability Stone Fabric (Possible),
44,Thracian Tomb of Kazanlak,Bulgaria,skipped; bp,,,,,,,,,"(i) to represent a masterpiece of human creative genius; | (iii) to bear a unique or at least exceptional testimony to a cultural tradition or to a civilization which is living or which has disappeared; | (iv) to be an outstanding example of a type of building, architectural or technological ensemble or landscape which illustrates (a) significant stage(s) in human history;",,,,,,,,,,,,,,,,,,,,,,,,,,,,,,,,,,,,,,,,,,,,,,,,,,,,,,,,,,,,,,,,,,No,,bp,bp,Tier 8: Moderate Probability Stone Fabric (Possible),
1187,Struve Geodetic Arc,"Belarus,Estonia,Finland,Latvia,Lithuania,Norway,Republic of Moldova,Russian Federation,Sweden,Ukraine",skipped; bvhp,,,,,,,,,"(ii) to exhibit an important interchange of human values, over a span of time or within a cultural area of the world, on developments in architecture or technology, monumental arts, town-planning or landscape design; | (iv) to be an outstanding example of a type of building, architectural or technological ensemble or landscape which illustrates (a) significant stage(s) in human history; | (vi) to be directly or tangibly associated with events or living traditions, with ideas, or with beliefs, with artistic and literary works of outstanding universal significance;",,,,,,,,,,,,,,,,,,,,,,,,,,,,,,,,,,,,,,,,,,,,,,,,,,,,,,,,,,,,,,,,,,No,,bvhp,bvhp,Tier 6: High Probability Ashlar / Urban Core (1-v Very High),
1039,Yungang Grottoes,China,skipped; bvvvvvhp,,,,,,,,,"(i) to represent a masterpiece of human creative genius; | (ii) to exhibit an important interchange of human values, over a span of time or within a cultural area of the world, on developments in architecture or technology, monumental arts, town-planning or landscape design; | (iii) to bear a unique or at least exceptional testimony to a cultural tradition or to a civilization which is living or which has disappeared; | (iv) to be an outstanding example of a type of building, architectural or technological ensemble or landscape which illustrates (a) significant stage(s) in human history;",,,,,,,,,,,,,,,,,,,,,,,,,,,,,,,,,,,,,,,,,,,,,,,,,,,,,,,,,,,,,,,,,,No,,bvvvvvhp,bvvvvvhp,Tier 2: Massive Cliff Rock Art / Bedrock Substrate (5-v Extremely High),
830,Costiera Amalfitana,Italy,skipped; bp,,,,,,,,,"(ii) to exhibit an important interchange of human values, over a span of time or within a cultural area of the world, on developments in architecture or technology, monumental arts, town-planning or landscape design; | (iv) to be an outstanding example of a type of building, architectural or technological ensemble or landscape which illustrates (a) significant stage(s) in human history; | (v) to be an outstanding example of a traditional human settlement, land-use, or sea-use which is representative of a culture (or cultures), or human interaction with the environment especially when it has become vulnerable under the impact of irreversible change;",,,,,,,,,,,,,,,,,,,,,,,,,,,,,,,,,,,,,,,,,,,,,,,,,,,,,,,,,,,,,,,,,,No,,bp,bp,Tier 8: Moderate Probability Stone Fabric (Possible),
813,Classical Gardens of Suzhou,China,skipped;; nan,,,,,,,,,"(i) to represent a masterpiece of human creative genius; | (ii) to exhibit an important interchange of human values, over a span of time or within a cultural area of the world, on developments in architecture or technology, monumental arts, town-planning or landscape design; | (iii) to bear a unique or at least exceptional testimony to a cultural tradition or to a civilization which is living or which has disappeared; | (iv) to be an outstanding example of a type of building, architectural or technological ensemble or landscape which illustrates (a) significant stage(s) in human history; | (v) to be an outstanding example of a traditional human settlement, land-use, or sea-use which is representative of a culture (or cultures), or human interaction with the environment especially when it has become vulnerable under the impact of irreversible change;",,,,,,,,,,,,,,,,,,,,,,,,,,,,,,,,,,,,,,,,,,,,,,,,,,,,,,,,,,,,,,,,,,No,,,,Tier 9: Unflagged,
1178,Humberstone and Santa Laura Saltpeter Works,Chile,skipped; bvvhp,,,,,,,,,"(ii) to exhibit an important interchange of human values, over a span of time or within a cultural area of the world, on developments in architecture or technology, monumental arts, town-planning or landscape design; | (iii) to bear a unique or at least exceptional testimony to a cultural tradition or to a civilization which is living or which has disappeared; | (iv) to be an outstanding example of a type of building, architectural or technological ensemble or landscape which illustrates (a) significant stage(s) in human history;",,,,,,,,,,,,,,,,,,,,,,,,,,,,,,,,,,,,,,,,,,,,,,,,,,,,,,,,,,,,,,,,,,No,,bvvhp,bvvhp,Tier 5: Major Ashlar Masonry / Imperial Ruins (2-v Very High),
217,Ancient City of Nessebar,Bulgaria,skipped; bvvvvhp,,,,,,,,,"(iii) to bear a unique or at least exceptional testimony to a cultural tradition or to a civilization which is living or which has disappeared; | (iv) to be an outstanding example of a type of building, architectural or technological ensemble or landscape which illustrates (a) significant stage(s) in human history;",,,,,,,,,,,,,,,,,,,,,,,,,,,,,,,,,,,,,,,,,,,,,,,,,,,,,,,,,,,,,,,,,,No,,bvvvvhp,bvvvvhp,Tier 3: Monumental Megalithic / Sanctuary Architecture (4-v Very Very Very High),
1224,Temple of Preah Vihear,Cambodia,skipped; bvvvhp,,,,,,,,,(i) to represent a masterpiece of human creative genius;,,,,,,,,,,,,,,,,,,,,,,,,,,,,,,,,,,,,,,,,,,,,,,,,,,,,,,,,,,,,,,,,,,No,,bvvvhp,bvvvhp,Tier 4: Exceptional Stone Fortress / Cathedral / Mosque (3-v Very Very High),
1253,"Gamzigrad-Romuliana, Palace of Galerius",Serbia,skipped; bvvvvhp,,,,,,,,,"(iii) to bear a unique or at least exceptional testimony to a cultural tradition or to a civilization which is living or which has disappeared; | (iv) to be an outstanding example of a type of building, architectural or technological ensemble or landscape which illustrates (a) significant stage(s) in human history;",,,,,,,,,,,,,,,,,,,,,,,,,,,,,,,,,,,,,,,,,,,,,,,,,,,,,,,,,,,,,,,,,,No,,bvvvvhp,bvvvvhp,Tier 3: Monumental Megalithic / Sanctuary Architecture (4-v Very Very Very High),
1555,Colonies of Benevolence,"Belgium,Netherlands (Kingdom of the)",skipped; but peat mentioned; nan,,,,,,,,,"(ii) to exhibit an important interchange of human values, over a span of time or within a cultural area of the world, on developments in architecture or technology, monumental arts, town-planning or landscape design; | (iv) to be an outstanding example of a type of building, architectural or technological ensemble or landscape which illustrates (a) significant stage(s) in human history;",,,,,,,,,,,,,,,,,,,,,,,,,,,,,,,,,,,,,,,,,,,,,,,,,,,,,,,,,,,,,,,,,,No,,,,Tier 9: Unflagged,
1441,Van Nellefabriek,Netherlands (Kingdom of the),skipped;; nan,,,,,,,,,"(ii) to exhibit an important interchange of human values, over a span of time or within a cultural area of the world, on developments in architecture or technology, monumental arts, town-planning or landscape design; | (iv) to be an outstanding example of a type of building, architectural or technological ensemble or landscape which illustrates (a) significant stage(s) in human history;",,,,,,,,,,,,,,,,,,,,,,,,,,,,,,,,,,,,,,,,,,,,,,,,,,,,,,,,,,,,,,,,,,No,,,,Tier 9: Unflagged,
1310,"Cidade Velha, Historic Centre of Ribeira Grande",Cabo Verde,skipped; bvvvhp,,,,,,,,,"(ii) to exhibit an important interchange of human values, over a span of time or within a cultural area of the world, on developments in architecture or technology, monumental arts, town-planning or landscape design; | (iii) to bear a unique or at least exceptional testimony to a cultural tradition or to a civilization which is living or which has disappeared; | (vi) to be directly or tangibly associated with events or living traditions, with ideas, or with beliefs, with artistic and literary works of outstanding universal significance;",,,,,,,,,,,,,,,,,,,,,,,,,,,,,,,,,,,,,,,,,,,,,,,,,,,,,,,,,,,,,,,,,,No,,bvvvhp,bvvvhp,Tier 4: Exceptional Stone Fortress / Cathedral / Mosque (3-v Very Very High),
1256,"Bordeaux, Port of the Moon",France,skipped; bvvvhp,,,,,,,,,"(ii) to exhibit an important interchange of human values, over a span of time or within a cultural area of the world, on developments in architecture or technology, monumental arts, town-planning or landscape design; | (iv) to be an outstanding example of a type of building, architectural or technological ensemble or landscape which illustrates (a) significant stage(s) in human history;",,,,,,,,,,,,,,,,,,,,,,,,,,,,,,,,,,,,,,,,,,,,,,,,,,,,,,,,,,,,,,,,,,No,,bvvvhp,bvvvhp,Tier 4: Exceptional Stone Fortress / Cathedral / Mosque (3-v Very Very High),
1276,Rhaetian Railway in the Albula / Bernina Landscapes,"Italy,Switzerland",skipped;; nan,,,,,,,,,"(ii) to exhibit an important interchange of human values, over a span of time or within a cultural area of the world, on developments in architecture or technology, monumental arts, town-planning or landscape design; | (iv) to be an outstanding example of a type of building, architectural or technological ensemble or landscape which illustrates (a) significant stage(s) in human history;",,,,,,,,,,,,,,,,,,,,,,,,,,,,,,,,,,,,,,,,,,,,,,,,,,,,,,,,,,,,,,,,,,No,,,,Tier 9: Unflagged,
669,Routes of Santiago de Compostela: <i>Camino Francés</i> and Routes of Northern Spain,Spain,skipped; bvvhp,,,,,,,,,"(ii) to exhibit an important interchange of human values, over a span of time or within a cultural area of the world, on developments in architecture or technology, monumental arts, town-planning or landscape design; | (iv) to be an outstanding example of a type of building, architectural or technological ensemble or landscape which illustrates (a) significant stage(s) in human history; | (vi) to be directly or tangibly associated with events or living traditions, with ideas, or with beliefs, with artistic and literary works of outstanding universal significance;",,,,,,,,,,,,,,,,,,,,,,,,,,,,,,,,,,,,,,,,,,,,,,,,,,,,,,,,,,,,,,,,,,No,,bvvhp,bvvhp,Tier 5: Major Ashlar Masonry / Imperial Ruins (2-v Very High),
1453,Precolumbian Chiefdom Settlements with Stone Spheres of the Diquís,Costa Rica,"Settlement structures, artificial mounds, paved areas, burial sites, linear arrangements, stone spheres, residential areas, subordinate/principal centres; nan",Internal (DS/OUV),,AD 500–1500 (Precolumbian period),Internal (DS/OUV),,Precolumbian hierarchical chiefdom societies (Diquís Delta chiefdoms),Internal (DS/OUV),,(iii) to bear a unique or at least exceptional testimony to a cultural tradition or to a civilization which is living or which has disappeared;,,,Limestone (specifically noted at Grijalba-2 site; Stone Spheres,Internal (DS/OUV),,Sedimentary Rock,Internal (DS/OUV),,,,,,,,Limestone,,,,,,,,,,,,,,,,,,,,,,,,,,,,,,"Mounds, paved areas, residential areas, subordinate centre structures, linear arrangements",Internal (DS/OUV),,"Stone spheres (placed in original positions, linear arrangements, or residential areas as artistic/symbolic/power markers)",Internal (DS/OUV),,Spherical stone crafting/sculpting (0.7 m to 2.57 m diameter); paved areas,Internal (DS/OUV),,,,,,,,Reburied excavation pits following recording; re-presentation/indication needed for relocated spheres,Internal (DS/OUV),,Moderate,,,Yes,,,,Tier 9: Unflagged,
1343,"Cultural Sites of Al Ain (Hafit, Hili, Bidaa Bint Saud and Oases Areas)",United Arab Emirates,skipped; bvvvhp,,,,,,,,,"(iii) to bear a unique or at least exceptional testimony to a cultural tradition or to a civilization which is living or which has disappeared; | (iv) to be an outstanding example of a type of building, architectural or technological ensemble or landscape which illustrates (a) significant stage(s) in human history; | (v) to be an outstanding example of a traditional human settlement, land-use, or sea-use which is representative of a culture (or cultures), or human interaction with the environment especially when it has become vulnerable under the impact of irreversible change;",,,,,,,,,,,,,,,,,,,,,,,,,,,,,,,,,,,,,,,,,,,,,,,,,,,,,,,,,,,,,,,,,,No,,bvvvhp,bvvvhp,Tier 4: Exceptional Stone Fortress / Cathedral / Mosque (3-v Very Very High),
1272,São Francisco Square in the Town of São Cristóvão,Brazil,skipped; photographs absent; nan,,,,,,,,,"(ii) to exhibit an important interchange of human values, over a span of time or within a cultural area of the world, on developments in architecture or technology, monumental arts, town-planning or landscape design; | (iv) to be an outstanding example of a type of building, architectural or technological ensemble or landscape which illustrates (a) significant stage(s) in human history;",,,,,,,,,,,,,,,,,,,,,,,,,,,,,,,,,,,,,,,,,,,,,,,,,,,,,,,,,,,,,,,,,,No,,,,Tier 9: Unflagged,
1112,Kaiping Diaolou and Villages,China,skipped; bp,,,,,,,,,"(ii) to exhibit an important interchange of human values, over a span of time or within a cultural area of the world, on developments in architecture or technology, monumental arts, town-planning or landscape design; | (iii) to bear a unique or at least exceptional testimony to a cultural tradition or to a civilization which is living or which has disappeared; | (iv) to be an outstanding example of a type of building, architectural or technological ensemble or landscape which illustrates (a) significant stage(s) in human history;",,,,,,,,,,,,,,,,,,,,,,,,,,,,,,,,,,,,,,,,,,,,,,,,,,,,,,,,,,,,,,,,,,No,,bp,bp,Tier 8: Moderate Probability Stone Fabric (Possible),
1469,The par force hunting landscape in North Zealand,Denmark,skipped; bp,,,,,,,,,"(ii) to exhibit an important interchange of human values, over a span of time or within a cultural area of the world, on developments in architecture or technology, monumental arts, town-planning or landscape design; | (iv) to be an outstanding example of a type of building, architectural or technological ensemble or landscape which illustrates (a) significant stage(s) in human history;",,,,,,,,,,,,,,,,,,,,,,,,,,,,,,,,,,,,,,,,,,,,,,,,,,,,,,,,,,,,,,,,,,No,,bp,bp,Tier 8: Moderate Probability Stone Fabric (Possible),
624,Town of Bamberg,Germany,skipped; nan,,,,,,,,,"(ii) to exhibit an important interchange of human values, over a span of time or within a cultural area of the world, on developments in architecture or technology, monumental arts, town-planning or landscape design; | (iv) to be an outstanding example of a type of building, architectural or technological ensemble or landscape which illustrates (a) significant stage(s) in human history;",,,,,,,,,,,,,,,,,,,,,,,,,,,,,,,,,,,,,,,,,,,,,,,,,,,,,,,,,,,,,,,,,,No,,,,Tier 9: Unflagged,
1721,Umm Al-Jimāl,Jordan,"Rural settlement, domestic and religious architecture, Roman military buildings re-purposed; nan",Internal (DS/OUV),,5th century CE to end of 8th century CE (earliest structures date to 1st century CE),Internal (DS/OUV),,"Nabataean, Roman, Byzantine, Early Islamic, Hauranian",Internal (DS/OUV),,(iii) to bear a unique or at least exceptional testimony to a cultural tradition or to a civilization which is living or which has disappeared;,Internal (DS/OUV),,Basalt,Internal (DS/OUV),,Igneous Rock,Internal (DS/OUV),,,,,,,,basalt,Internal (DS/OUV),,,,,Hauran basaltic plateau,Internal (DS/OUV),,,,,,,,,,,,,,Jordan,Internal (DS/OUV),,Local (Hauran basaltic plateau),Internal (DS/OUV),,,,,"Multi-storey houses, courtyards, churches, military buildings, town wall, reservoirs/water channels",Internal (DS/OUV),,Capitals,Internal (DS/OUV),,Hauranian building styles and designs (dry/basaltic masonry),Internal (DS/OUV),,,,,,,,"Minimal restoration; Mostly consolidation, limited anastylosis, reconstruction of House 119",Internal (DS/OUV),,Good,,,Yes,,,,Tier 9: Unflagged,
175,Medici Villas and Gardens in Tuscany,Italy,skipped; bp,,,,,,,,,"(ii) to exhibit an important interchange of human values, over a span of time or within a cultural area of the world, on developments in architecture or technology, monumental arts, town-planning or landscape design; | (iv) to be an outstanding example of a type of building, architectural or technological ensemble or landscape which illustrates (a) significant stage(s) in human history; | (vi) to be directly or tangibly associated with events or living traditions, with ideas, or with beliefs, with artistic and literary works of outstanding universal significance;",,,,,,,,,,,,,,,,,,,,,,,,,,,,,,,,,,,,,,,,,,,,,,,,,,,,,,,,,,,,,,,,,,No,,bp,bp,Tier 8: Moderate Probability Stone Fabric (Possible),
1449,Tomioka Silk Mill and Related Sites,Japan,skipped; nan,,,,,,,,,"(ii) to exhibit an important interchange of human values, over a span of time or within a cultural area of the world, on developments in architecture or technology, monumental arts, town-planning or landscape design; | (iv) to be an outstanding example of a type of building, architectural or technological ensemble or landscape which illustrates (a) significant stage(s) in human history;",,,,,,,,,,,,,,,,,,,,,,,,,,,,,,,,,,,,,,,,,,,,,,,,,,,,,,,,,,,,,,,,,,No,,,,Tier 9: Unflagged,
243,Ellora Caves,India,"Rock-cut architecture (Viharas/Monasteries, Chaityagriha/Sanctuary, and Monolithic Temples); nan",Internal (DS/OUV),,"5th century to 12th century A.D. (Three phases: Buddhist 5th–8th c., Brahmanical 7th–10th c., Jaina 9th–12th c.)",Internal (DS/OUV),,"Ancient India (Buddhism, Brahmanism/Hinduism, and Jainism)",Internal (DS/OUV),,"(i) to represent a masterpiece of human creative genius; | (iii) to bear a unique or at least exceptional testimony to a cultural tradition or to a civilization which is living or which has disappeared; | (vi) to be directly or tangibly associated with events or living traditions, with ideas, or with beliefs, with artistic and literary works of outstanding universal significance;",Internal (DS/OUV),,Basalt,,,Igneous Rock,,,,,,,,,,,,,,,,,,,,,,,,,,,Direct in-situ rock excavation (Charanandri Hills / Basalt Cliff),Internal (DS/OUV),,India,Internal (DS/OUV),,Local (in-situ monolithic excavation),Internal (DS/OUV),,,,,"Excavated sanctuaries, pillared halls (mandapas), rock-cut monolithic temples, monasteries (viharas)",Internal (DS/OUV),,"Sculptured compositions, high plastic quality relief carvings, and ceiling paintings",Internal (DS/OUV),,Rock-cut monolithic excavation (dug directly into the cliff side),Internal (DS/OUV),,Seepage and cracking in the caves,Internal (DS/OUV),,,,,"Comprehensive Conservation Management Plan implementation, condition survey",Internal (DS/OUV),,Good,,,Yes,,,,Tier 9: Unflagged,
1698,Sado Island Gold Mines,Japan,na; nan,Internal (DS/OUV),,Edo period (1603–1868),Internal (DS/OUV),,Tokugawa Shogunate / Japan,Internal (DS/OUV),,"(iv) to be an outstanding example of a type of building, architectural or technological ensemble or landscape which illustrates (a) significant stage(s) in human history;",Internal (DS/OUV),,Gold and silver deposits / placer deposits / ore veins,Internal (DS/OUV),,Igneous Rock,Internal (DS/OUV),,,,,,,,,,,,,,Hydrothermal vein formation / Placer deposits,Internal (DS/OUV),,,,,,,,"Gold, Silver",Internal (DS/OUV),,"Nishimikawa Placer Gold Mine, Aikawa-Tsurushi Gold and Silver Mine, Tsurushi Silver Mine",Internal (DS/OUV),,Japan,Internal (DS/OUV),,Local,Internal (DS/OUV),,,,,"Terrace, Waterways, Headraces, Tunnels, Post-holes",Internal (DS/OUV),,,,,Unmechanised mining/processing structures,Internal (DS/OUV),,Weathering of volcanic rock,Internal (DS/OUV),,,,,Managed and preserved under national legal frameworks,Internal (DS/OUV),,Good,,,Yes,,,,Tier 9: Unflagged,
1718,Frontiers of the Roman Empire – Dacia,Romania,skipped; nan,,,,,,,,,"(ii) to exhibit an important interchange of human values, over a span of time or within a cultural area of the world, on developments in architecture or technology, monumental arts, town-planning or landscape design; | (iii) to bear a unique or at least exceptional testimony to a cultural tradition or to a civilization which is living or which has disappeared; | (iv) to be an outstanding example of a type of building, architectural or technological ensemble or landscape which illustrates (a) significant stage(s) in human history;",,,,,,,,,,,,,,,,,,,,,,,,,,,,,,,,,,,,,,,,,,,,,,,,,,,,,,,,,,,,,,,,,,No,,,,Tier 9: Unflagged,
1523,Churches of the Pskov School of Architecture,Russian Federation,skipped; bp,,,,,,,,,"(ii) to exhibit an important interchange of human values, over a span of time or within a cultural area of the world, on developments in architecture or technology, monumental arts, town-planning or landscape design;",,,,,,,,,,,,,,,,,,,,,,,,,,,,,,,,,,,,,,,,,,,,,,,,,,,,,,,,,,,,,,,,,,No,,bp,bp,Tier 8: Moderate Probability Stone Fabric (Possible),
1370,Caves of Maresha and Bet-Guvrin in the Judean Lowlands as a Microcosm of the Land of the Caves,Israel,"Underground chambers / artificial cave complexes (cisterns, oil presses, baths, columbaria, stables, hideaways, tombs, places of worship); nan",Internal (DS/OUV),,"8th century BCE (Iron Age) to the Crusades (spanning ~2,000 years)",Internal (DS/OUV),,"Judean / Hellenistic, Roman, Byzantine, and Crusader cultures",Internal (DS/OUV),,,Internal (DS/OUV),,Chalk,Internal (DS/OUV),,Sedimentary Rock,Internal (DS/OUV),,,,,,,,Thick and homogeneous soft chalk,Internal (DS/OUV),,Lower Judea formation (Sub-strata),Internal (DS/OUV),,,,,,,,"Homogeneous, soft",Internal (DS/OUV),,,,,Excavated / quarried directly in-situ underneath the ancient towns,Internal (DS/OUV),,Israel,Internal (DS/OUV),,Local (Subsurface bedrock),Internal (DS/OUV),,,,,"Subterranean chamber walls, vaulted arches, supporting pillars, underground channels",Internal (DS/OUV),,,,,Rock-cut / Hand-carved underground excavation,Internal (DS/OUV),,Risk of water infiltration leading to potential vault collapse; rock instability,Internal (DS/OUV),,,,,"Policy of low-key restoration, avoiding over-interpretation/reconstruction; technical consolidation of cave walls and vaults",Internal (DS/OUV),,Excellent,,,Yes,,,,Tier 9: Unflagged,
1346,Tabriz Historic Bazaar Complex,Iran (Islamic Republic of),skipped; nan,,,,,,,,,"(ii) to exhibit an important interchange of human values, over a span of time or within a cultural area of the world, on developments in architecture or technology, monumental arts, town-planning or landscape design; | (iii) to bear a unique or at least exceptional testimony to a cultural tradition or to a civilization which is living or which has disappeared; | (iv) to be an outstanding example of a type of building, architectural or technological ensemble or landscape which illustrates (a) significant stage(s) in human history;",,,,,,,,,,,,,,,,,,,,,,,,,,,,,,,,,,,,,,,,,,,,,,,,,,,,,,,,,,,,,,,,,,No,,,,Tier 9: Unflagged,
1624,Chankillo Archaeoastronomical Complex,Peru,skipped; bhp,,,,,,,,,"(i) to represent a masterpiece of human creative genius; | (iv) to be an outstanding example of a type of building, architectural or technological ensemble or landscape which illustrates (a) significant stage(s) in human history;",,,,,,,,,,,,,,,,,,,,,,,,,,,,,,,,,,,,,,,,,,,,,,,,,,,,,,,,,,,,,,,,,,No,,bhp,bhp,Tier 7: High Probability Local Stone / Masonry (High Potential),
352,Rock Art of Alta,Norway,cave art; nan,Internal (DS/OUV),,c. 5000 B.C. to c. A.D. 0 (Year 0) / c. 4200 to 500 B.C.,Internal (DS/OUV),,Prehistoric Hunter-Gatherers / Circumpolar Prehistoric Societies,Internal (DS/OUV),,(iii) to bear a unique or at least exceptional testimony to a cultural tradition or to a civilization which is living or which has disappeared;,Internal (DS/OUV),,"Sandstone,",Internal (DS/OUV),,Sedimentary Rock,Internal (DS/OUV),,"Red Slate, Slate; Quartz-rich Sandstone, Red Ochre Clay (pigment)",Internal (DS/OUV),,,,,"Quartz-rich Sandstone, Slates",Internal (DS/OUV),,,,,Post-glacial raised shoreline / Bedrock panels,Internal (DS/OUV),,Red (Slate & Ochre pigment),Internal (DS/OUV),,"Very hard, fine-grained",Internal (DS/OUV),,Quartz,Internal (DS/OUV),,In situ bedrock (No quarrying; carved directly into bedrock panels and loose boulders),Internal (DS/OUV),,Norway,Internal (DS/OUV),,Local (In situ bedrock),Internal (DS/OUV),,,,,Substrate / Canvas (Petroglyphs and rock paintings inscribed onto rock faces/slabs),Internal (DS/OUV),,"Engravings, Chiselled petroglyphs, Painted rock art",Internal (DS/OUV),,Chiselling / Hammering / Painting with red ochre clay and animal fat,Internal (DS/OUV),,"Natural erosion, vegetation, frost weathering, cracking, lichen growth",Internal (DS/OUV),,,,,Lichen removal/cleaning techniques; Red paint repainting on carved tracks for visitor visibility,Internal (DS/OUV),,Good,,,Yes,,,,Tier 9: Unflagged,
1397,Masjed-e Jāmé of Isfahan,Iran (Islamic Republic of),skipped; bvvvhp,,,,,,,,,"(ii) to exhibit an important interchange of human values, over a span of time or within a cultural area of the world, on developments in architecture or technology, monumental arts, town-planning or landscape design;",,,,,,,,,,,,,,,,,,,,,,,,,,,,,,,,,,,,,,,,,,,,,,,,,,,,,,,,,,,,,,,,,,No,,bvvvhp,bvvvhp,Tier 4: Exceptional Stone Fortress / Cathedral / Mosque (3-v Very Very High),
1199,Kunya-Urgench,Turkmenistan,skipped; but highly possible; nan,,,,,,,,,"(ii) to exhibit an important interchange of human values, over a span of time or within a cultural area of the world, on developments in architecture or technology, monumental arts, town-planning or landscape design; | (iii) to bear a unique or at least exceptional testimony to a cultural tradition or to a civilization which is living or which has disappeared;",,,,,,,,,,,,,,,,,,,,,,,,,,,,,,,,,,,,,,,,,,,,,,,,,,,,,,,,,,,,,,,,,,No,,,,Tier 9: Unflagged,
968,Agricultural Landscape of Southern Öland,Sweden,"Agrarian landscape, villages, stone walls; nan",Internal (DS/OUV),,"~5,000 years (Prehistoric, Iron Age, Medieval, 18th/19th centuries)",Internal (DS/OUV),,Öland farmers / Agrarian settlement,Internal (DS/OUV),,"(iv) to be an outstanding example of a type of building, architectural or technological ensemble or landscape which illustrates (a) significant stage(s) in human history; | (v) to be an outstanding example of a traditional human settlement, land-use, or sea-use which is representative of a culture (or cultures), or human interaction with the environment especially when it has become vulnerable under the impact of irreversible change;",Internal (DS/OUV),,Limestone,Internal (DS/OUV),,Sedimentary Rock,,,,,,,,,Limestone (bedrock/plateau),Internal (DS/OUV),,,,,,,,,,,,,,,,,,,,,,,Local (Derived from local limestone bedrock),Internal (DS/OUV),,,,,,,,,,,,,,,,,,,,,,,Excellent,,,Yes,,,,Tier 9: Unflagged,
1618,"Paseo del Prado and Buen Retiro, a landscape of Arts and Sciences",Spain,skipped; bp,,,,,,,,,"(ii) to exhibit an important interchange of human values, over a span of time or within a cultural area of the world, on developments in architecture or technology, monumental arts, town-planning or landscape design; | (iv) to be an outstanding example of a type of building, architectural or technological ensemble or landscape which illustrates (a) significant stage(s) in human history; | (vi) to be directly or tangibly associated with events or living traditions, with ideas, or with beliefs, with artistic and literary works of outstanding universal significance;",,,,,,,,,,,,,,,,,,,,,,,,,,,,,,,,,,,,,,,,,,,,,,,,,,,,,,,,,,,,,,,,,,No,,bp,bp,Tier 8: Moderate Probability Stone Fabric (Possible),
1313,Heritage of Mercury. Almadén and Idrija,"Slovenia,Spain",skipped; bvhp,,,,,,,,,"(ii) to exhibit an important interchange of human values, over a span of time or within a cultural area of the world, on developments in architecture or technology, monumental arts, town-planning or landscape design; | (iv) to be an outstanding example of a type of building, architectural or technological ensemble or landscape which illustrates (a) significant stage(s) in human history;",,,,,,,,,,,,,,,,,,,,,,,,,,,,,,,,,,,,,,,,,,,,,,,,,,,,,,,,,,,,,,,,,,No,,bvhp,bvhp,Tier 6: High Probability Ashlar / Urban Core (1-v Very High),
1650,The Porticoes of Bologna,Italy,skipped; bvhp,,,,,,,,,"(iv) to be an outstanding example of a type of building, architectural or technological ensemble or landscape which illustrates (a) significant stage(s) in human history;",,,,,,,,,,,,,,,,,,,,,,,,,,,,,,,,,,,,,,,,,,,,,,,,,,,,,,,,,,,,,,,,,,No,,bvhp,bvhp,Tier 6: High Probability Ashlar / Urban Core (1-v Very High),
1030,Derwent Valley Mills,United Kingdom of Great Britain and Northern Ireland,skipped; bvhp,,,,,,,,,"(ii) to exhibit an important interchange of human values, over a span of time or within a cultural area of the world, on developments in architecture or technology, monumental arts, town-planning or landscape design; | (iv) to be an outstanding example of a type of building, architectural or technological ensemble or landscape which illustrates (a) significant stage(s) in human history;",,,,,,,,,,,,,,,,,,,,,,,,,,,,,,,,,,,,,,,,,,,,,,,,,,,,,,,,,,,,,,,,,,No,,bvhp,bvhp,Tier 6: High Probability Ashlar / Urban Core (1-v Very High),
1477,Baekje Historic Areas,Republic of Korea,skipped; bp,,,,,,,,,"(ii) to exhibit an important interchange of human values, over a span of time or within a cultural area of the world, on developments in architecture or technology, monumental arts, town-planning or landscape design; | (iii) to bear a unique or at least exceptional testimony to a cultural tradition or to a civilization which is living or which has disappeared;",,,,,,,,,,,,,,,,,,,,,,,,,,,,,,,,,,,,,,,,,,,,,,,,,,,,,,,,,,,,,,,,,,No,,bp,bp,Tier 8: Moderate Probability Stone Fabric (Possible),
429,New Lanark,United Kingdom of Great Britain and Northern Ireland,skipped; bvhp,,,,,,,,,"(ii) to exhibit an important interchange of human values, over a span of time or within a cultural area of the world, on developments in architecture or technology, monumental arts, town-planning or landscape design; | (iv) to be an outstanding example of a type of building, architectural or technological ensemble or landscape which illustrates (a) significant stage(s) in human history; | (vi) to be directly or tangibly associated with events or living traditions, with ideas, or with beliefs, with artistic and literary works of outstanding universal significance;",,,,,,,,,,,,,,,,,,,,,,,,,,,,,,,,,,,,,,,,,,,,,,,,,,,,,,,,,,,,,,,,,,No,,bvhp,bvhp,Tier 6: High Probability Ashlar / Urban Core (1-v Very High),
1613,The Great Spa Towns of Europe,"Austria,Belgium,Czechia,France,Germany,Italy,United Kingdom of Great Britain and Northern Ireland",skipped; bvhp,,,,,,,,,"(ii) to exhibit an important interchange of human values, over a span of time or within a cultural area of the world, on developments in architecture or technology, monumental arts, town-planning or landscape design; | (iii) to bear a unique or at least exceptional testimony to a cultural tradition or to a civilization which is living or which has disappeared;",,,skiiped; bvvhp,,,,,,,,,,,,,,,,,,,,,,,,,,,,,,,,,,,,,,,,,,,,,,,,,,,,,,,,,,,,,,,No,,bvhp,bvhp,Tier 6: High Probability Ashlar / Urban Core (1-v Very High),
1028,Saltaire,United Kingdom of Great Britain and Northern Ireland,skipped; bvhp,,,,,,,,,"(ii) to exhibit an important interchange of human values, over a span of time or within a cultural area of the world, on developments in architecture or technology, monumental arts, town-planning or landscape design; | (iv) to be an outstanding example of a type of building, architectural or technological ensemble or landscape which illustrates (a) significant stage(s) in human history;",,,,,,,,,,,,,,,,,,,,,,,,,,,,,,,,,,,,,,,,,,,,,,,,,,,,,,,,,,,,,,,,,,No,,bvhp,bvhp,Tier 6: High Probability Ashlar / Urban Core (1-v Very High),
1614,Mathildenhöhe Darmstadt,Germany,skipped; bvhp,,,,,,,,,"(ii) to exhibit an important interchange of human values, over a span of time or within a cultural area of the world, on developments in architecture or technology, monumental arts, town-planning or landscape design; | (iv) to be an outstanding example of a type of building, architectural or technological ensemble or landscape which illustrates (a) significant stage(s) in human history;",,,,,,,,,,,,,,,,,,,,,,,,,,,,,,,,,,,,,,,,,,,,,,,,,,,,,,,,,,,,,,,,,,No,,bvhp,bvhp,Tier 6: High Probability Ashlar / Urban Core (1-v Very High),
943,Belfries of Belgium and France,"Belgium,France",skipped; bvvhp,,,,,,,,,"(ii) to exhibit an important interchange of human values, over a span of time or within a cultural area of the world, on developments in architecture or technology, monumental arts, town-planning or landscape design; | (iv) to be an outstanding example of a type of building, architectural or technological ensemble or landscape which illustrates (a) significant stage(s) in human history;",,,,,,,,,,,,,,,,,,,,,,,,,,,,,,,,,,,,,,,,,,,,,,,,,,,,,,,,,,,,,,,,,,No,,bvvhp,bvvhp,Tier 5: Major Ashlar Masonry / Imperial Ruins (2-v Very High),
1024,Late Baroque Towns of the Val di Noto (South-Eastern Sicily),Italy,skipped; bvvvhp,,,,,,,,,"(i) to represent a masterpiece of human creative genius; | (ii) to exhibit an important interchange of human values, over a span of time or within a cultural area of the world, on developments in architecture or technology, monumental arts, town-planning or landscape design; | (iv) to be an outstanding example of a type of building, architectural or technological ensemble or landscape which illustrates (a) significant stage(s) in human history; | (v) to be an outstanding example of a traditional human settlement, land-use, or sea-use which is representative of a culture (or cultures), or human interaction with the environment especially when it has become vulnerable under the impact of irreversible change;",,,,,,,,,,,,,,,,,,,,,,,,,,,,,,,,,,,,,,,,,,,,,,,,,,,,,,,,,,,,,,,,,,No,,bvvvhp,bvvvhp,Tier 4: Exceptional Stone Fortress / Cathedral / Mosque (3-v Very Very High),
912,Dazu Rock Carvings,China,skipped; bvvvvhp,,,,,,,,,"(i) to represent a masterpiece of human creative genius; | (ii) to exhibit an important interchange of human values, over a span of time or within a cultural area of the world, on developments in architecture or technology, monumental arts, town-planning or landscape design; | (iii) to bear a unique or at least exceptional testimony to a cultural tradition or to a civilization which is living or which has disappeared;",,,,,,,,,,,,,,,,,,,,,,,,,,,,,,,,,,,,,,,,,,,,,,,,,,,,,,,,,,,,,,,,,,No,,bvvvvhp,bvvvvhp,Tier 3: Monumental Megalithic / Sanctuary Architecture (4-v Very Very Very High),
831,Archaeological Area of Agrigento,Italy,skipped; bvvvvhp,,,,,,,,,"(i) to represent a masterpiece of human creative genius; | (ii) to exhibit an important interchange of human values, over a span of time or within a cultural area of the world, on developments in architecture or technology, monumental arts, town-planning or landscape design; | (iii) to bear a unique or at least exceptional testimony to a cultural tradition or to a civilization which is living or which has disappeared; | (iv) to be an outstanding example of a type of building, architectural or technological ensemble or landscape which illustrates (a) significant stage(s) in human history;",,,,,,,,,,,,,,,,,,,,,,,,,,,,,,,,,,,,,,,,,,,,,,,,,,,,,,,,,,,,,,,,,,No,,bvvvvhp,bvvvvhp,Tier 3: Monumental Megalithic / Sanctuary Architecture (4-v Very Very Very High),
1116,Quebrada de Humahuaca,Argentina,skipped; bvvvhp,,,,,,,,,"(ii) to exhibit an important interchange of human values, over a span of time or within a cultural area of the world, on developments in architecture or technology, monumental arts, town-planning or landscape design; | (iv) to be an outstanding example of a type of building, architectural or technological ensemble or landscape which illustrates (a) significant stage(s) in human history; | (v) to be an outstanding example of a traditional human settlement, land-use, or sea-use which is representative of a culture (or cultures), or human interaction with the environment especially when it has become vulnerable under the impact of irreversible change;",,,,,,,,,,,,,,,,,,,,,,,,,,,,,,,,,,,,,,,,,,,,,,,,,,,,,,,,,,,,,,,,,,No,,bvvvhp,bvvvhp,Tier 4: Exceptional Stone Fortress / Cathedral / Mosque (3-v Very Very High),
896,"Museumsinsel (Museum Island), Berlin",Germany,skipped; bvvhp,,,,,,,,,"(ii) to exhibit an important interchange of human values, over a span of time or within a cultural area of the world, on developments in architecture or technology, monumental arts, town-planning or landscape design; | (iv) to be an outstanding example of a type of building, architectural or technological ensemble or landscape which illustrates (a) significant stage(s) in human history;",,,,,,,,,,,,,,,,,,,,,,,,,,,,,,,,,,,,,,,,,,,,,,,,,,,,,,,,,,,,,,,,,,No,,bvvhp,bvvhp,Tier 5: Major Ashlar Masonry / Imperial Ruins (2-v Very High),
897,Wartburg Castle,Germany,skipped; bvvhp,,,,,,,,,"(iii) to bear a unique or at least exceptional testimony to a cultural tradition or to a civilization which is living or which has disappeared; | (vi) to be directly or tangibly associated with events or living traditions, with ideas, or with beliefs, with artistic and literary works of outstanding universal significance;",,,,,,,,,,,,,,,,,,,,,,,,,,,,,,,,,,,,,,,,,,,,,,,,,,,,,,,,,,,,,,,,,,No,,bvvhp,bvvhp,Tier 5: Major Ashlar Masonry / Imperial Ruins (2-v Very High),
1588,Bagan,Myanmar,skipped; bvvvhp,,,,,,,,,"(iii) to bear a unique or at least exceptional testimony to a cultural tradition or to a civilization which is living or which has disappeared; | (iv) to be an outstanding example of a type of building, architectural or technological ensemble or landscape which illustrates (a) significant stage(s) in human history; | (vi) to be directly or tangibly associated with events or living traditions, with ideas, or with beliefs, with artistic and literary works of outstanding universal significance;",,,,,,,,,,,,,,,,,,,,,,,,,,,,,,,,,,,,,,,,,,,,,,,,,,,,,,,,,,,,,,,,,,No,,bvvvhp,bvvvhp,Tier 4: Exceptional Stone Fortress / Cathedral / Mosque (3-v Very Very High),
1561,Quanzhou: Emporium of the World in Song-Yuan China,China,skipped; bvvvhp,,,,,,,,,"(iv) to be an outstanding example of a type of building, architectural or technological ensemble or landscape which illustrates (a) significant stage(s) in human history;",,,,,,,,,,,,,,,,,,,,,,,,,,,,,,,,,,,,,,,,,,,,,,,,,,,,,,,,,,,,,,,,,,No,,bvvvhp,bvvvhp,Tier 4: Exceptional Stone Fortress / Cathedral / Mosque (3-v Very Very High),
1113,Fujian <em>Tulou</em>,China,skipped; bvvvhp,,,,,,,,,"(iii) to bear a unique or at least exceptional testimony to a cultural tradition or to a civilization which is living or which has disappeared; | (iv) to be an outstanding example of a type of building, architectural or technological ensemble or landscape which illustrates (a) significant stage(s) in human history; | (v) to be an outstanding example of a traditional human settlement, land-use, or sea-use which is representative of a culture (or cultures), or human interaction with the environment especially when it has become vulnerable under the impact of irreversible change;",,,,,,,,,,,,,,,,,,,,,,,,,,,,,,,,,,,,,,,,,,,,,,,,,,,,,,,,,,,,,,,,,,No,,bvvvhp,bvvvhp,Tier 4: Exceptional Stone Fortress / Cathedral / Mosque (3-v Very Very High),
1587,Megalithic Jar Sites in Xiengkhuang – Plain of Jars,Lao People's Democratic Republic,skipped; bvvvhp,,,,,,,,,(iii) to bear a unique or at least exceptional testimony to a cultural tradition or to a civilization which is living or which has disappeared;,,,,,,,,,,,,,,,,,,,,,,,,,,,,,,,,,,,,,,,,,,,,,,,,,,,,,,,,,,,,,,,,,,No,,bvvvhp,bvvvhp,Tier 4: Exceptional Stone Fortress / Cathedral / Mosque (3-v Very Very High),
200,Sacred City of Anuradhapura,Sri Lanka,OUV Absent; bp,,,,,,,,,"(ii) to exhibit an important interchange of human values, over a span of time or within a cultural area of the world, on developments in architecture or technology, monumental arts, town-planning or landscape design; | (iii) to bear a unique or at least exceptional testimony to a cultural tradition or to a civilization which is living or which has disappeared; | (vi) to be directly or tangibly associated with events or living traditions, with ideas, or with beliefs, with artistic and literary works of outstanding universal significance;",,,,,,,,,,,,,,,,,,,,,,,,,,,,,,,,,,,,,,,,,,,,,,,,,,,,,,,,,,,,,,,,,,No,,,bp,Tier 8: Moderate Probability Stone Fabric (Possible),
1068,<I>Sacri Monti</I> of Piedmont and Lombardy,Italy,skipped;; nan,,,,,,,,,"(ii) to exhibit an important interchange of human values, over a span of time or within a cultural area of the world, on developments in architecture or technology, monumental arts, town-planning or landscape design; | (iv) to be an outstanding example of a type of building, architectural or technological ensemble or landscape which illustrates (a) significant stage(s) in human history;",,,,,,,,,,,,,,,,,,,,,,,,,,,,,,,,,,,,,,,,,,,,,,,,,,,,,,,,,,,,,,,,,,No,,,,Tier 9: Unflagged,
1580,Water Management System of Augsburg,Germany,skipped;; nan,,,,,,,,,"(ii) to exhibit an important interchange of human values, over a span of time or within a cultural area of the world, on developments in architecture or technology, monumental arts, town-planning or landscape design; | (iv) to be an outstanding example of a type of building, architectural or technological ensemble or landscape which illustrates (a) significant stage(s) in human history;",,,,,,,,,,,,,,,,,,,,,,,,,,,,,,,,,,,,,,,,,,,,,,,,,,,,,,,,,,,,,,,,,,No,,,,Tier 9: Unflagged,
1483,Singapore Botanic Gardens,Singapore,skipped; bp,,,,,,,,,"(ii) to exhibit an important interchange of human values, over a span of time or within a cultural area of the world, on developments in architecture or technology, monumental arts, town-planning or landscape design; | (iv) to be an outstanding example of a type of building, architectural or technological ensemble or landscape which illustrates (a) significant stage(s) in human history;",,,,,,,,,,,,,,,,,,,,,,,,,,,,,,,,,,,,,,,,,,,,,,,,,,,,,,,,,,,,,,,,,,No,,bp,bp,Tier 8: Moderate Probability Stone Fabric (Possible),
1486,Rjukan-Notodden Industrial Heritage Site,Norway,skipped; bp,,,,,,,,,"(ii) to exhibit an important interchange of human values, over a span of time or within a cultural area of the world, on developments in architecture or technology, monumental arts, town-planning or landscape design; | (iv) to be an outstanding example of a type of building, architectural or technological ensemble or landscape which illustrates (a) significant stage(s) in human history;",,,,,,,,,,,,,,,,,,,,,,,,,,,,,,,,,,,,,,,,,,,,,,,,,,,,,,,,,,,,,,,,,,No,,bp,bp,Tier 8: Moderate Probability Stone Fabric (Possible),
1527,Caves and Ice Age Art in the Swabian Jura,Germany,Caves (natural structures used as dwellings/sites); nan,Internal (DS/OUV),,"43,000 to 33,000 years ago (Aurignacian layers)",Internal (DS/OUV),,First modern humans in Europe / Neanderthals,Internal (DS/OUV),,(iii) to bear a unique or at least exceptional testimony to a cultural tradition or to a civilization which is living or which has disappeared;,,,Limestone,Internal (DS/OUV),,,,,,,,,,,,,,,,,,,,,,,,,,,,,,,,,,,,,,,,,Natural cliffs and caves (protecting archaeological deposits),Internal (DS/OUV),,,,,,,,,,,,,,,,,Good,,,No,,,,Tier 9: Unflagged,
1597,Writing-on-Stone / Áísínai’pi,Canada,"Indigenous, Plan, Traditional (Element: Wall); nan",Internal (DS/OUV),,"ca. 4,500 BP - 3,500 years BP and the Contact Period (1,000 years BP to mid-nineteenth century; oldest art possibly ca. 3,000 years BP).",Internal (DS/OUV),,Blackfoot Confederacy (Siksikáíítsitapi) / Indigenous peoples,Internal (DS/OUV),,(iii) to bear a unique or at least exceptional testimony to a cultural tradition or to a civilization which is living or which has disappeared;,Internal (DS/OUV),,Sandstone,Internal (DS/OUV),,Sedimentary Rock,Internal (DS/OUV),,,,,,Internal (DS/OUV),,Sandstone,Internal (DS/OUV),,,,,Hoodoos (columns of rock sculpted by erosion),Internal (DS/OUV),,,,,,,,,,,,,,Canada,Internal (DS/OUV),,Local (in situ archaeological remains),Internal (DS/OUV),,,,,Walls (Natural landscape features),Internal (DS/OUV),,Engravings and paintings (thousands of rock art images),Internal (DS/OUV),,,,,Erosion (sculpted the hoodoos),Internal (DS/OUV),,,,,,,,Excellent,,,Yes,,,,Tier 9: Unflagged,
714,Rock Paintings of the Sierra de San Francisco,Mexico,skipped; bvhp,,,,,,,,,(i) to represent a masterpiece of human creative genius; | (iii) to bear a unique or at least exceptional testimony to a cultural tradition or to a civilization which is living or which has disappeared;,,,,,,,,,,,,,,,,,,,,,,,,,,,,,,,,,,,,,,,,,,,,,,,,,,,,,,,,,,,,,,,,,,No,,bvhp,bvhp,Tier 6: High Probability Ashlar / Urban Core (1-v Very High),
476,Chongoni Rock-Art Area,Malawi,Rock art shelters / Rock overhangs; nan,Internal (DS/OUV),,Late Stone Age to 20th century,Internal (DS/OUV),,"BaTwa hunter-gatherers, Chewa agriculturalists, Ngoni",Internal (DS/OUV),,"(iii) to bear a unique or at least exceptional testimony to a cultural tradition or to a civilization which is living or which has disappeared; | (vi) to be directly or tangibly associated with events or living traditions, with ideas, or with beliefs, with artistic and literary works of outstanding universal significance;",Internal (DS/OUV),,Granite,Internal (DS/OUV),,,,,,,,,,,,,,,,,,,,,,,,,,,,,,,,,,,,,,,,,Protective setting (Topography of rock overhangs),Internal (DS/OUV),,Surface/canvas for rock paintings,Internal (DS/OUV),,,,,"Natural weathering processes, water ingress",Internal (DS/OUV),,,,,,,,Excellent,,,Yes,,,,Tier 9: Unflagged,
1620,Sítio Roberto Burle Marx,Brazil,skipped; bp,,,,,,,,,"(ii) to exhibit an important interchange of human values, over a span of time or within a cultural area of the world, on developments in architecture or technology, monumental arts, town-planning or landscape design; | (iv) to be an outstanding example of a type of building, architectural or technological ensemble or landscape which illustrates (a) significant stage(s) in human history;",,,,,,,,,,,,,,,,,,,,,,,,,,,,,,,,,,,,,,,,,,,,,,,,,,,,,,,,,,,,,,,,,,No,,bp,bp,Tier 8: Moderate Probability Stone Fabric (Possible),
1464,Fray Bentos Industrial Landscape,Uruguay,skipped;; nan,,,,,,,,,"(ii) to exhibit an important interchange of human values, over a span of time or within a cultural area of the world, on developments in architecture or technology, monumental arts, town-planning or landscape design; | (iv) to be an outstanding example of a type of building, architectural or technological ensemble or landscape which illustrates (a) significant stage(s) in human history;",,,,,,,,,,,,,,,,,,,,,,,,,,,,,,,,,,,,,,,,,,,,,,,,,,,,,,,,,,,,,,,,,,No,,,,Tier 9: Unflagged,
231,Red Fort Complex,India,"Fort, Palace (Islamic, Persian, Timurid, and Hindu traditions; Mughal Architecture); nan",Internal (DS/OUV),,"1546 (Salimgarh), 1526 AD (Mughal initiated), Shah Jahan era",Internal (DS/OUV),,Mughal Empire,Internal (DS/OUV),,"(ii) to exhibit an important interchange of human values, over a span of time or within a cultural area of the world, on developments in architecture or technology, monumental arts, town-planning or landscape design; | (iii) to bear a unique or at least exceptional testimony to a cultural tradition or to a civilization which is living or which has disappeared; | (vi) to be directly or tangibly associated with events or living traditions, with ideas, or with beliefs, with artistic and literary works of outstanding universal significance;",,,Red sandstone,Internal (DS/OUV),,,,,,,,,,,,,,,,,,,,,,,,,,,,,,,,,,,,,,,,,Massive enclosing walls,Internal (DS/OUV),,,,,,,,,,,,,,,,,Good,,,Yes,,,,Tier 9: Unflagged,
995,Jesuit Block and Estancias of Córdoba,Argentina,skipped; bp,,,,,,,,,"(ii) to exhibit an important interchange of human values, over a span of time or within a cultural area of the world, on developments in architecture or technology, monumental arts, town-planning or landscape design; | (iv) to be an outstanding example of a type of building, architectural or technological ensemble or landscape which illustrates (a) significant stage(s) in human history;",,,,,,,,,,,,,,,,,,,,,,,,,,,,,,,,,,,,,,,,,,,,,,,,,,,,,,,,,,,,,,,,,,No,,bp,bp,Tier 8: Moderate Probability Stone Fabric (Possible),
202,Ancient City of Sigiriya,Sri Lanka,rock art; nan,,,477–495,Internal (DS/OUV),,"NA (King Kassapa I is mentioned, but no specific civilization)",Internal (DS/OUV),,"(i) to represent a masterpiece of human creative genius; | (ii) to exhibit an important interchange of human values, over a span of time or within a cultural area of the world, on developments in architecture or technology, monumental arts, town-planning or landscape design; | (iii) to bear a unique or at least exceptional testimony to a cultural tradition or to a civilization which is living or which has disappeared; | (v) to be an outstanding example of a traditional human settlement, land-use, or sea-use which is representative of a culture (or cultures), or human interaction with the environment especially when it has become vulnerable under the impact of irreversible change;",,,Granite,Internal (DS/OUV),,Igneous Rock,Internal (DS/OUV),," Bricks, Plaster",Internal (DS/OUV),,,,,,,,,,,,,,,,,,,,,,,,,,,,,,,,,,,Used as a foundational peak (180m high) and for a gigantic lion structure (galleries/staircases emerging from mouth).,Internal (DS/OUV),,,,,Constructed of bricks and plaster,Internal (DS/OUV),,,,,,,,,,,,,,Yes,,,,Tier 9: Unflagged,
1318,Longobards in Italy. Places of the Power (568-774 A.D.),Italy,skipped; bvvvvhp,,,,,,,,,"(ii) to exhibit an important interchange of human values, over a span of time or within a cultural area of the world, on developments in architecture or technology, monumental arts, town-planning or landscape design; | (iii) to bear a unique or at least exceptional testimony to a cultural tradition or to a civilization which is living or which has disappeared; | (vi) to be directly or tangibly associated with events or living traditions, with ideas, or with beliefs, with artistic and literary works of outstanding universal significance;",,,,,,,,,,,,,,,,,,,,,,,,,,,,,,,,,,,,,,,,,,,,,,,,,,,,,,,,,,,,,,,,,,No,,bvvvvhp,bvvvvhp,Tier 3: Monumental Megalithic / Sanctuary Architecture (4-v Very Very Very High),
1577,Budj Bim Cultural Landscape,Australia,"Aquaculture system (channels, weirs, dams, ponds, sinkholes); nan",Internal (DS/OUV),,"Over a period of at least 6,600 years",Internal (DS/OUV),,Gunditjmara Aboriginal people,Internal (DS/OUV),,"(iii) to bear a unique or at least exceptional testimony to a cultural tradition or to a civilization which is living or which has disappeared; | (v) to be an outstanding example of a traditional human settlement, land-use, or sea-use which is representative of a culture (or cultures), or human interaction with the environment especially when it has become vulnerable under the impact of irreversible change;",Internal (DS/OUV),,"Volcanic rock, Lava, Stone",Internal (DS/OUV),,Igneous Rock,,,,,,,,,Volcanic rock / Lava flow,Internal (DS/OUV),,,,,Budj Bim lava flows,,,,,,,,,,,,,,,Australia,Internal (DS/OUV),,"Local (""abundant local volcanic rock"")",Internal (DS/OUV),,,,,"Constructed channels, weirs, and dams for water flow management",Internal (DS/OUV),,,,,"Stone-walled facilities, stone weirs",Internal (DS/OUV),,,,,,,,Reinstatement of traditional water flows via the construction of a cultural weir in 2010,Internal (DS/OUV),,Excellent,,,Yes,,,,Tier 9: Unflagged,
1070,"Citadel, Ancient City and Fortress Buildings of Derbent",Russian Federation,skipped; bvhp,,,,,,,,,"(iii) to bear a unique or at least exceptional testimony to a cultural tradition or to a civilization which is living or which has disappeared; | (iv) to be an outstanding example of a type of building, architectural or technological ensemble or landscape which illustrates (a) significant stage(s) in human history;",,,,,,,,,,,,,,,,,,,,,,,,,,,,,,,,,,,,,,,,,,,,,,,,,,,,,,,,,,,,,,,,,,No,,bvhp,bvhp,Tier 6: High Probability Ashlar / Urban Core (1-v Very High),
621,Historic Centre of Telč,Czechia,skipped; bp,,,,,,,,,"(i) to represent a masterpiece of human creative genius; | (iv) to be an outstanding example of a type of building, architectural or technological ensemble or landscape which illustrates (a) significant stage(s) in human history;",,,,,,,,,,,,,,,,,,,,,,,,,,,,,,,,,,,,,,,,,,,,,,,,,,,,,,,,,,,,,,,,,,No,,bp,bp,Tier 8: Moderate Probability Stone Fabric (Possible),
866,Prehistoric Rock Art Sites in the Côa Valley and Siega Verde,"Portugal,Spain",Open-air rock art ensemble,Internal (DS/OUV),,"Upper Palaeolithic to final Magdalenian/Epipalaeolithic (22,000 – 8,000 BCE)",Internal (DS/OUV),,Prehistoric / Palaeolithic,Internal (DS/OUV),,(i) to represent a masterpiece of human creative genius; | (iii) to bear a unique or at least exceptional testimony to a cultural tradition or to a civilization which is living or which has disappeared;,Internal (DS/OUV),,"Rock (specifically described as ""rocky cliffs"" and ""rock surfaces"")",Internal (DS/OUV),,,,,,,,,,,,,,,,,,,,,,,,,,,,,,,,"Portugal, Spain (In-situ location)",Internal (DS/OUV),,Local / In-situ,Internal (DS/OUV),,,,,Natural rock surfaces used as panels/canvas,Internal (DS/OUV),,Carved and engraved with thousands of animal figures,Internal (DS/OUV),,Rock engraving and carving,Internal (DS/OUV),,Fluvial erosion (noted as the process that originally carved the cliffs),Internal (DS/OUV),,,,,,,,Good,,,Yes,,,,,
1472,Rock Art in the Hail Region of Saudi Arabia,Saudi Arabia,Rock Art / Petroglyphs on natural rock face and rocky escarpment,Internal (DS/OUV),,"Almost 10,000 years of human history (mid-Holocene)",Internal (DS/OUV),,Ancestors of present-day Arabs / Past societies,Internal (DS/OUV),,(i) to represent a masterpiece of human creative genius; | (iii) to bear a unique or at least exceptional testimony to a cultural tradition or to a civilization which is living or which has disappeared;,Internal (DS/OUV),,"NA (Only generic terms like ""rock face"", ""rocky escarpment"", and ""stone hammers"" are used)",Internal (DS/OUV),,,,,,,,,,,,,,,,,,,,,,,,,,,,,,,,,,,,,,,,,,,,Petroglyphs and inscriptions covering the rock face,Internal (DS/OUV),,Created using a range of techniques with simple stone hammers,Internal (DS/OUV),,,,,,,,,,,Good,,,Yes,,,,,
1183,Kondoa Rock-Art Sites,United Republic of Tanzania,"Natural rock shelters, overhanging slabs, caves, and overhanging cliff faces",Internal (DS/OUV),,Over at least two millennia (spanning several millennia),Internal (DS/OUV),,"Hunter-gatherer, pastoralist, and agro-pastoralist communities (including Maa-speaking and Sandawe peoples)",Internal (DS/OUV),,"(iii) to bear a unique or at least exceptional testimony to a cultural tradition or to a civilization which is living or which has disappeared; | (vi) to be directly or tangibly associated with events or living traditions, with ideas, or with beliefs, with artistic and literary works of outstanding universal significance;",Internal (DS/OUV),,Only 'Sedimentary rocks' mentioned,Internal (DS/OUV),,,,,,,,,,,,,,,,,,,,,,,,,,,,,,,,,,,,,,,,,Fractured geological formations provided necessary shelter,Internal (DS/OUV),,Vertical planes of overhanging slabs used for rock paintings,Internal (DS/OUV),,,,,"Vulnerable to the effects of sun, wind, and dust; potential soil erosion; exposure to animal fat and beer during local rituals",Internal (DS/OUV),,,,,Never restored or enhanced in any way,Internal (DS/OUV),,Good,,,Yes,,,,,
1743,Rock Paintings of Shulgan-Tash Cave,Russian Federation,"Karst massif / Cave system (features large halls, galleries, steep passages, interconnected siphons)",Internal (DS/OUV),,"Late Palaeolithic (created between 20,600 and 16,500 calibrated years BP; paintings are over 14,500 years old)",Internal (DS/OUV),,Upper Palaeolithic inhabitants / Prehistoric humans (Holds sacral importance for Indigenous Bashkir people),Internal (DS/OUV),,(iii) to bear a unique or at least exceptional testimony to a cultural tradition or to a civilization which is living or which has disappeared;,Internal (DS/OUV),,"Karst massif, Speleothems, Dripstones",Internal (DS/OUV),,,,,,,,,,,,,,,,,,,,,,,,,,,,,,,,,,,,,,,,,Natural karst massif providing deep chambers and halls,Internal (DS/OUV),,"Cave walls used as surfaces for extensive rock paintings (depicting fauna, anthropomorphic figures, and geometric patterns)",Internal (DS/OUV),,,,,"Vulnerable to condensation, cyclic CO2 fluctuations, impacts from visitor numbers, and past defacement by graffiti",Internal (DS/OUV),,,,,,,,Good,,,Yes,,,,,
94,Rock Drawings in Valcamonica,Italy,skipped; bvvvhp,,,,,,,,,"(iii) to bear a unique or at least exceptional testimony to a cultural tradition or to a civilization which is living or which has disappeared; | (vi) to be directly or tangibly associated with events or living traditions, with ideas, or with beliefs, with artistic and literary works of outstanding universal significance;",,,,,,,,,,,,,,,,,,,,,,,,,,,,,,,,,,,,,,,,,,,,,,,,,,,,,,,,,,,,,,,,,,No,,,,,
1636,"ShUM Sites of Speyer, Worms and Mainz",Germany,skipped,,,,,,,,,"(ii) to exhibit an important interchange of human values, over a span of time or within a cultural area of the world, on developments in architecture or technology, monumental arts, town-planning or landscape design; | (iii) to bear a unique or at least exceptional testimony to a cultural tradition or to a civilization which is living or which has disappeared; | (vi) to be directly or tangibly associated with events or living traditions, with ideas, or with beliefs, with artistic and literary works of outstanding universal significance;",,,,,,,,,,,,,,,,,,,,,,,,,,,,,,,,,,,,,,,,,,,,,,,,,,,,,,,,,,,,,,,,,,No,,,,,
10,Lower Valley of the Awash,Ethiopia,skipped,,,,,,,,,"(ii) to exhibit an important interchange of human values, over a span of time or within a cultural area of the world, on developments in architecture or technology, monumental arts, town-planning or landscape design; | (iii) to bear a unique or at least exceptional testimony to a cultural tradition or to a civilization which is living or which has disappeared; | (iv) to be an outstanding example of a type of building, architectural or technological ensemble or landscape which illustrates (a) significant stage(s) in human history;",,,,,,,,,,,,,,,,,,,,,,,,,,,,,,,,,,,,,,,,,,,,,,,,,,,,,,,,,,,,,,,,,,No,,,,,
1076,Gobustan Rock Art Cultural Landscape,Azerbaijan,skipped; bvvhp,,,,,,,,,(iii) to bear a unique or at least exceptional testimony to a cultural tradition or to a civilization which is living or which has disappeared;,,,,,,,,,,,,,,,,,,,,,,,,,,,,,,,,,,,,,,,,,,,,,,,,,,,,,,,,,,,,,,,,,,No,,,,,
1508,Zuojiang Huashan Rock Art Cultural Landscape,China,skipped,,,,,,,,,"(iii) to bear a unique or at least exceptional testimony to a cultural tradition or to a civilization which is living or which has disappeared; | (vi) to be directly or tangibly associated with events or living traditions, with ideas, or with beliefs, with artistic and literary works of outstanding universal significance;",,,,,,,,,,,,,,,,,,,,,,,,,,,,,,,,,,,,,,,,,,,,,,,,,,,,,,,,,,,,,,,,,,No,,,,,
874,Rock Art of the Mediterranean Basin on the Iberian Peninsula,Spain,skipped,,,,,,,,,(iii) to bear a unique or at least exceptional testimony to a cultural tradition or to a civilization which is living or which has disappeared;,,,,,,,,,,,,,,,,,,,,,,,,,,,,,,,,,,,,,,,,,,,,,,,,,,,,,,,,,,,,,,,,,,No,,,,,
1500,Gorham's Cave Complex,United Kingdom of Great Britain and Northern Ireland,Four caves (Cave Complex),Internal (DS/OUV),,"Span of approximately 120,000 years",Internal (DS/OUV),,Neanderthal and early modern human populations,Internal (DS/OUV),,(iii) to bear a unique or at least exceptional testimony to a cultural tradition or to a civilization which is living or which has disappeared;,,,Limestone,Internal (DS/OUV),,Sedimentary Rock,Internal (DS/OUV),,,,,,,,"Limestone cliffs, fossil sand dunes, fossil beaches, scree slopes",Internal (DS/OUV),,,,,,,,,,,,,,,,,,,,,,,,,,,,,,,,,,,,,,,,,,,,,,,Moderate,,,Yes,,,,,
1765,Jingdezhen Handicraft Porcelain Industry Sites,China,skipped; bhp,,,,,,,,,"(ii) to exhibit an important interchange of human values, over a span of time or within a cultural area of the world, on developments in architecture or technology, monumental arts, town-planning or landscape design; | (iii) to bear a unique or at least exceptional testimony to a cultural tradition or to a civilization which is living or which has disappeared; | (iv) to be an outstanding example of a type of building, architectural or technological ensemble or landscape which illustrates (a) significant stage(s) in human history; | (vi) to be directly or tangibly associated with events or living traditions, with ideas, or with beliefs, with artistic and literary works of outstanding universal significance;",,,,,,,,,,,,,,,,,,,,,,,,,,,,,,,,,,,,,,,,,,,,,,,,,,,,,,,,,,,,,,,,,,No,,,,,
1770,Alamūt Castle and Related Fortifications,Iran (Islamic Republic of),skipped; bvvvhp,,,,,,,,,(iii) to bear a unique or at least exceptional testimony to a cultural tradition or to a civilization which is living or which has disappeared;,,,,,,,,,,,,,,,,,,,,,,,,,,,,,,,,,,,,,,,,,,,,,,,,,,,,,,,,,,,,,,,,,,No,,,,,
1757,Ancient Capitals of Asuka and Fujiwara,Japan,skipped,,,,,,,,,"(ii) to exhibit an important interchange of human values, over a span of time or within a cultural area of the world, on developments in architecture or technology, monumental arts, town-planning or landscape design; | (iii) to bear a unique or at least exceptional testimony to a cultural tradition or to a civilization which is living or which has disappeared;",,,,,,,,,,,,,,,,,,,,,,,,,,,,,,,,,,,,,,,,,,,,,,,,,,,,,,,,,,,,,,,,,,No,,,,,
1760,Rock Mosques and Associated Sacred Sites of Mangystau,Kazakhstan,OUV Absent; BVVVHP,,,,,,,,,"(ii) to exhibit an important interchange of human values, over a span of time or within a cultural area of the world, on developments in architecture or technology, monumental arts, town-planning or landscape design; | (iii) to bear a unique or at least exceptional testimony to a cultural tradition or to a civilization which is living or which has disappeared;",,,,,,,,,,,,,,,,,,,,,,,,,,,,,,,,,,,,,,,,,,,,,,,,,,,,,,,,,,,,,,,,,,No,,,,,
1810,Mount Amel Castles,Lebanon,skippedl,,,,,,,,,"(ii) to exhibit an important interchange of human values, over a span of time or within a cultural area of the world, on developments in architecture or technology, monumental arts, town-planning or landscape design; | (iv) to be an outstanding example of a type of building, architectural or technological ensemble or landscape which illustrates (a) significant stage(s) in human history;",,,,,,,,,,,,,,,,,,,,,,,,,,,,,,,,,,,,,,,,,,,,,,,,,,,,,,,,,,,,,,,,,,No,,,,,
1774,Amazonia Theaters,Brazil,skipped,,,,,,,,,"(ii) to exhibit an important interchange of human values, over a span of time or within a cultural area of the world, on developments in architecture or technology, monumental arts, town-planning or landscape design; | (iv) to be an outstanding example of a type of building, architectural or technological ensemble or landscape which illustrates (a) significant stage(s) in human history;",,,,,,,,,,,,,,,,,,,,,,,,,,,,,,,,,,,,,,,,,,,,,,,,,,,,,,,,,,,,,,,,,,No,,,,,989.0
985,Maloti-Drakensberg Park,"Lesotho,South Africa","Arch, Buttress, Pillar, Caves, Rock-shelters",Internal (DS/OUV),,"Over a period of 4,000 years (San rock art), 19th & 20th centuries",Internal (DS/OUV),,"San people, Bantu speaking people, Khoi, Iron Age Peoples",Internal (DS/OUV),,"(i) to represent a masterpiece of human creative genius; | (iii) to bear a unique or at least exceptional testimony to a cultural tradition or to a civilization which is living or which has disappeared; | (vii) to contain superlative natural phenomena or areas of exceptional natural beauty and aesthetic importance; | (x) to contain the most important and significant natural habitats for in-situ conservation of biological diversity, including those containing threatened species of outstanding universal value from the point of view of science or conservation.",Internal (DS/OUV),,"Basaltic, ",Internal (DS/OUV),,Igneous Rock,,,Golden Sandstone,,,,,,,,,,,,,,,Golden (Sandstone),Internal (DS/OUV),,,,,,,,,,,,,,,,,,,,,,,Caves and rock shelters used as canvases for rock art,Internal (DS/OUV),,,,,Potential influences of UV rays and weathering on images (fading colours),Internal (DS/OUV),,,,,No systematic conservation or consolidation treatment has been attempted,Internal (DS/OUV),,Poor,,,Yes,,,,,
455,Meteora,Greece,Monastic architecture (Monastery),Internal (DS/OUV),,"11th century onwards (specifically 14th, 15th, and 16th centuries)",Internal (DS/OUV),,Early Christianity / Orthodox Church / Byzantine and Post-Byzantine,Internal (DS/OUV),,"(i) to represent a masterpiece of human creative genius; | (ii) to exhibit an important interchange of human values, over a span of time or within a cultural area of the world, on developments in architecture or technology, monumental arts, town-planning or landscape design; | (iv) to be an outstanding example of a type of building, architectural or technological ensemble or landscape which illustrates (a) significant stage(s) in human history; | (v) to be an outstanding example of a traditional human settlement, land-use, or sea-use which is representative of a culture (or cultures), or human interaction with the environment especially when it has become vulnerable under the impact of irreversible change; | (vii) to contain superlative natural phenomena or areas of exceptional natural beauty and aesthetic importance;",Internal (DS/OUV),,Sandstone,,,,,,Deltaic river deposits,,,,,,Sandstone / Deltaic river deposits,Internal (DS/OUV),,60 million years ago,Internal (DS/OUV),,"Deltaic river deposits, transformed by earthquakes and sculpted by rain and wind",Internal (DS/OUV),,,,,,,,,,,,,,,,,,,,,,,,,,,,,,,,,,,,,,,,,,,,Yes,,,,,
1386,Rock Islands Southern Lagoon,Palau,"Stonework villages, defensive walls, terraces, house platforms",Internal (DS/OUV),,950 to 500 BP (abandoned in 17th-18th centuries),Internal (DS/OUV),,Palauan settlements / Small island communities,Internal (DS/OUV),,"(iii) to bear a unique or at least exceptional testimony to a cultural tradition or to a civilization which is living or which has disappeared; | (v) to be an outstanding example of a traditional human settlement, land-use, or sea-use which is representative of a culture (or cultures), or human interaction with the environment especially when it has become vulnerable under the impact of irreversible change; | (vii) to contain superlative natural phenomena or areas of exceptional natural beauty and aesthetic importance; | (ix) to be outstanding examples representing significant on-going ecological and biological processes in the evolution and development of terrestrial, fresh water, coastal and marine ecosystems and communities of plants and animals; | (x) to contain the most important and significant natural habitats for in-situ conservation of biological diversity, including those containing threatened species of outstanding universal value from the point of view of science or conservation.",Internal (DS/OUV),,Limestone,Internal (DS/OUV),,,,,,,,,,,Coralline limestone,Internal (DS/OUV),,,,,Uplifted due to volcanism / Volcanic origin,Internal (DS/OUV),,,,,,,,,External,,,,,,,,,,,,,,"Defensive walls, terraces, house platforms",Internal (DS/OUV),,"Rock art, burials (cave deposits)",Internal (DS/OUV),,Stonework,Internal (DS/OUV),,,,,,,,,,,Good,,,Yes,,,,,
304,Canadian Rocky Mountain Parks,Canada,Category VII and Viii site,Internal (DS/OUV),,,,,,Internal (DS/OUV),,"(vii) to contain superlative natural phenomena or areas of exceptional natural beauty and aesthetic importance; | (viii) to be outstanding examples representing major stages of earth's history, including the record of life, significant on-going geological processes in the development of landforms, or significant geomorphic or physiographic features;",Internal (DS/OUV),,"Jasper, Limestone, Shale",Internal (DS/OUV),,Sedimentary Rock,,,,,,,,,,,,,,,,,,,,,,,,,,,,,,,,,,,,,,,,,,,,,,,,,,,,,,,,,Moderate,,,Yes,,,,,
1161,Pitons Management Area,Saint Lucia,,,,,,,,,,"(vii) to contain superlative natural phenomena or areas of exceptional natural beauty and aesthetic importance; | (viii) to be outstanding examples representing major stages of earth's history, including the record of life, significant on-going geological processes in the development of landforms, or significant geomorphic or physiographic features;",,,"Pumice, Lava, Andesitic Rock",,,Igneous Rock,Internal (DS/OUV),, Coral,Internal (DS/OUV),,,,,"Pyroclastic deposits, lava flows, andesitic composite",Internal (DS/OUV),,,,,"Collapsed stratovolcano, cumulo domes, explosion craters",Internal (DS/OUV),,,,,,,,"Coral, Sulphur (from sulphurous fumaroles / Sulphur Springs)",Internal (DS/OUV),,,,,,,,,,,,,,,,,,,,,,,,,,,,,,,,,,,Yes,,,,,
150,Mammoth Cave National Park,United States of America,,,,,,,,,,"(vii) to contain superlative natural phenomena or areas of exceptional natural beauty and aesthetic importance; | (viii) to be outstanding examples representing major stages of earth's history, including the record of life, significant on-going geological processes in the development of landforms, or significant geomorphic or physiographic features; | (x) to contain the most important and significant natural habitats for in-situ conservation of biological diversity, including those containing threatened species of outstanding universal value from the point of view of science or conservation.",Internal (DS/OUV),,Limestone,Internal (DS/OUV),,Sedimentary Rock,Internal (DS/OUV),,"Gypsum, Mirabilite, Sulfate minerals",Internal (DS/OUV),,,,,,,,100 million years (of cave-forming action),Internal (DS/OUV),,Karst topography / Karst drainage system,Internal (DS/OUV),,,,,,,,"Sulfate minerals (Gypsum, Mirabilite)",Internal (DS/OUV),,,,,,,,,,,,,,,,,,,,,,,,,,,,,,,,,,,Yes,,,,,
1264,Jeju Volcanic Island and Lava Tubes,Republic of Korea,Criteria vii and viii,Internal (DS/OUV),,,,,,,,"(vii) to contain superlative natural phenomena or areas of exceptional natural beauty and aesthetic importance; | (viii) to be outstanding examples representing major stages of earth's history, including the record of life, significant on-going geological processes in the development of landforms, or significant geomorphic or physiographic features;",,,,,,,,,,,,,,,,,,,,,,,,,,,,,,,,,,,,,,,,,,,,,,,,,,,,,,,,,,,,,,,,,,Yes,,,,,
1083,Three Parallel Rivers of Yunnan Protected Areas,China,criteria vii and viii,Internal (DS/OUV),,,,,,,,"(vii) to contain superlative natural phenomena or areas of exceptional natural beauty and aesthetic importance; | (viii) to be outstanding examples representing major stages of earth's history, including the record of life, significant on-going geological processes in the development of landforms, or significant geomorphic or physiographic features; | (ix) to be outstanding examples representing significant on-going ecological and biological processes in the evolution and development of terrestrial, fresh water, coastal and marine ecosystems and communities of plants and animals; | (x) to contain the most important and significant natural habitats for in-situ conservation of biological diversity, including those containing threatened species of outstanding universal value from the point of view of science or conservation.",,,,,,,,,,,,,,,,,,,,,,,,,,,,,,,,,,,,,,,,,,,,,,,,,,,,,,,,,,,,,,,,,,Yes,,,,,
1438,Trang An Landscape Complex,Viet Nam,Criteria vii and viii,,,,,,,,,"(v) to be an outstanding example of a traditional human settlement, land-use, or sea-use which is representative of a culture (or cultures), or human interaction with the environment especially when it has become vulnerable under the impact of irreversible change; | (vii) to contain superlative natural phenomena or areas of exceptional natural beauty and aesthetic importance; | (viii) to be outstanding examples representing major stages of earth's history, including the record of life, significant on-going geological processes in the development of landforms, or significant geomorphic or physiographic features;",,,,,,,,,,,,,,,,,,,,,,,,,,,,,,,,,,,,,,,,,,,,,,,,,,,,,,,,,,,,,,,,,,Yes,,,,,
1461,Kaeng Krachan Forest Complex,Thailand,,,,,,,,,,"(x) to contain the most important and significant natural habitats for in-situ conservation of biological diversity, including those containing threatened species of outstanding universal value from the point of view of science or conservation.",,,"Granite, Limestone",Internal (DS/OUV),,,,,,,,,,,,,,,,,,,,,,,,,,,,,,,,,,,,,,,,,,,,,,,,,,,,,,,,,,,,,,Yes,,,,,
98,Plitvice Lakes National Park,Croatia,criteria vii viii and ix,,,,,,,,,"(vii) to contain superlative natural phenomena or areas of exceptional natural beauty and aesthetic importance; | (viii) to be outstanding examples representing major stages of earth's history, including the record of life, significant on-going geological processes in the development of landforms, or significant geomorphic or physiographic features; | (ix) to be outstanding examples representing significant on-going ecological and biological processes in the evolution and development of terrestrial, fresh water, coastal and marine ecosystems and communities of plants and animals;",,,"Dolomite, Limestone, Travertine, Chalk",Internal (DS/OUV),,,,,,,,Tufa (natural dams / barriers),,,"Dolomite, Limestone, Travertine/Tufa, Chalk",Internal (DS/OUV),,,,,Tufa barriers formed by the deposition of calcium carbonate,Internal (DS/OUV),,,,,"Porous, simultaneously hard and fragile",Internal (DS/OUV),,Calcium carbonate,Internal (DS/OUV),,,,,,,,,,,,,,,,,,,,,,,,,,,,,,,,,,,Yes,,,,,
1061,"Ancient Maya City and Protected Tropical Forests of Calakmul, Campeche",Mexico,"skipped; bvhp
",,,,,,,,,"(i) to represent a masterpiece of human creative genius; | (ii) to exhibit an important interchange of human values, over a span of time or within a cultural area of the world, on developments in architecture or technology, monumental arts, town-planning or landscape design; | (iii) to bear a unique or at least exceptional testimony to a cultural tradition or to a civilization which is living or which has disappeared; | (iv) to be an outstanding example of a type of building, architectural or technological ensemble or landscape which illustrates (a) significant stage(s) in human history; | (ix) to be outstanding examples representing significant on-going ecological and biological processes in the evolution and development of terrestrial, fresh water, coastal and marine ecosystems and communities of plants and animals; | (x) to contain the most important and significant natural habitats for in-situ conservation of biological diversity, including those containing threatened species of outstanding universal value from the point of view of science or conservation.",,,,,,,,,,,,,,,,,,,,,,,,,,,,,,,,,,,,,,,,,,,,,,,,,,,,,,,,,,,,,,,,,,No,,,,,
179,Tassili n'Ajjer,Algeria,"Habitations, burial mounds, enclosures, and prehistoric cave art sites / defensive sites.",Internal (DS/OUV),,"10,000 BC to the first centuries of our era.",Internal (DS/OUV),,"Successive prehistoric peoples (Round Heads Period, Cattle Period).",Internal (DS/OUV),,"(i) to represent a masterpiece of human creative genius; | (iii) to bear a unique or at least exceptional testimony to a cultural tradition or to a civilization which is living or which has disappeared; | (vii) to contain superlative natural phenomena or areas of exceptional natural beauty and aesthetic importance; | (viii) to be outstanding examples representing major stages of earth's history, including the record of life, significant on-going geological processes in the development of landforms, or significant geomorphic or physiographic features;",Internal (DS/OUV),,Sandstone.,Internal (DS/OUV),,Sedimentary Rock,Internal (DS/OUV),,,,,,,,Sandstone successions and Precambrian crystalline elements forming a plateau.,Internal (DS/OUV),,,,,,,,,,,,,,,,,Algeria (Site is located in south-east Algeria).,Internal (DS/OUV),,,,,,,,,,,"Habitations, enclosures, burial mounds, and impregnable defensive sites.",Internal (DS/OUV),,"Rock surfaces used as the canvas for prehistoric rock art (over 15,000 engravings and paintings).",Internal (DS/OUV),,Corrosive effects of water and wind; vulnerable to deterioration caused by climatic phenomena and damage by visitors.,Internal (DS/OUV),,,,,,,,,,,,,,Yes,,,,,
454,Mount Athos,Greece,skipped; bhp,,,,,,,,,"(i) to represent a masterpiece of human creative genius; | (ii) to exhibit an important interchange of human values, over a span of time or within a cultural area of the world, on developments in architecture or technology, monumental arts, town-planning or landscape design; | (iv) to be an outstanding example of a type of building, architectural or technological ensemble or landscape which illustrates (a) significant stage(s) in human history; | (v) to be an outstanding example of a traditional human settlement, land-use, or sea-use which is representative of a culture (or cultures), or human interaction with the environment especially when it has become vulnerable under the impact of irreversible change; | (vi) to be directly or tangibly associated with events or living traditions, with ideas, or with beliefs, with artistic and literary works of outstanding universal significance; | (vii) to contain superlative natural phenomena or areas of exceptional natural beauty and aesthetic importance;",,,,,,,,,,,,,,,,,,,,,,,,,,,,,,,,,,,,,,,,,,,,,,,,,,,,,,,,,,,,,,,,,,No,,,,,
1751,Okefenokee National Wildlife Refuge,United States of America,skipped,,,,,,,,,"(ix) to be outstanding examples representing significant on-going ecological and biological processes in the evolution and development of terrestrial, fresh water, coastal and marine ecosystems and communities of plants and animals; | (x) to contain the most important and significant natural habitats for in-situ conservation of biological diversity, including those containing threatened species of outstanding universal value from the point of view of science or conservation.",,,,,,,,,,,,,,,,,,,,,,,,,,,,,,,,,,,,,,,,,,,,,,,,,,,,,,,,,,,,,,,,,,No,,,,,
485,Hierapolis-Pamukkale,Türkiye,"Thermal spa, baths, temples, terraced basins, and other Greek monuments.",Internal (DS/OUV),,End of the 2nd century B.C. (dynasty of the Attalids).,Internal (DS/OUV),,"Hellenistic / Greek (Attalid dynasty, kings of Pergamon).",Internal (DS/OUV),,"(iii) to bear a unique or at least exceptional testimony to a cultural tradition or to a civilization which is living or which has disappeared; | (iv) to be an outstanding example of a type of building, architectural or technological ensemble or landscape which illustrates (a) significant stage(s) in human history; | (vii) to contain superlative natural phenomena or areas of exceptional natural beauty and aesthetic importance;",Internal (DS/OUV),,"Calcite / Travertine (""calcite-laden waters"", ""petrified waterfalls"").",Internal (DS/OUV),,Sedimentary Rock,,,,,,,,,"Calcite deposits forming mineral forests, petrified waterfalls, and terraced basins over a 200 m cliff.",Internal (DS/OUV),,,,,Thermal springs deriving from a cliff overlooking the plain at Pamukkale.,Internal (DS/OUV),,,,,,,,Calcite,Internal (DS/OUV),,,,,Türkiye (Site is located in Türkiye).,,,Local (In-situ hydrothermal travertine formations).,Internal (DS/OUV),,,,,"Thermal spa, baths, temples, terraced basins, and Greek architectural ruins.",Internal (DS/OUV),,,,,,,,,,,,,,,,,Poor,,,Yes,,,,,
1642,Mount Kumgang – Diamond Mountain from the Sea,Democratic People's Republic of Korea,"Temples, hermitages, pagodas, steles, stupas, sculptures, stone lanterns, carved calligraphy, wooden structures (e.g., Phyohun Temple, Jongyang Temple, Podok Hermitage, Pulji Hermitage, Chilsong Shrine), and historic trails.",Internal (DS/OUV),,5th century CE to present (Buddhist traditions date from the 5th century).,Internal (DS/OUV),,Korean / Korean mountain Buddhism tradition.,Internal (DS/OUV),,(iii) to bear a unique or at least exceptional testimony to a cultural tradition or to a civilization which is living or which has disappeared; | (vii) to contain superlative natural phenomena or areas of exceptional natural beauty and aesthetic importance;,Internal (DS/OUV),,Granite / White Granite.,Internal (DS/OUV),,Igneous Rock,Internal (DS/OUV),,,,,,,,"Granitic geomorphology with near-white, polished granite peaks and weathered rock formations.",Internal (DS/OUV),,,,,Mount Kumgang range (Outer Kumgang–Inner Kumgang Area).,Internal (DS/OUV),,,,,"Polished (""polished granite geomorphology"").",Internal (DS/OUV),,,,,,,,Democratic People's Republic of Korea (Site is located in DPRK).,Internal (DS/OUV),,Local (In-situ granitic rock formations and natural features).,Internal (DS/OUV),,,,,,,,,,,,,,,,,,,,,,,,,,Yes,,,,,
357,Göreme National Park and the Rock Sites of Cappadocia,Türkiye,OUV Absent,,,,,,,,,"(i) to represent a masterpiece of human creative genius; | (iii) to bear a unique or at least exceptional testimony to a cultural tradition or to a civilization which is living or which has disappeared; | (v) to be an outstanding example of a traditional human settlement, land-use, or sea-use which is representative of a culture (or cultures), or human interaction with the environment especially when it has become vulnerable under the impact of irreversible change; | (vii) to contain superlative natural phenomena or areas of exceptional natural beauty and aesthetic importance;",,,,,,,,,,,,,,,,,,,,,,,,,,,,,,,,,,,,,,,,,,,,,,,,,,,,,,,,,,,,,,,,,,No,,,,,
437,Mount Taishan,China,Skipped; bvvhp,,,,,,,,,"(i) to represent a masterpiece of human creative genius; | (ii) to exhibit an important interchange of human values, over a span of time or within a cultural area of the world, on developments in architecture or technology, monumental arts, town-planning or landscape design; | (iii) to bear a unique or at least exceptional testimony to a cultural tradition or to a civilization which is living or which has disappeared; | (iv) to be an outstanding example of a type of building, architectural or technological ensemble or landscape which illustrates (a) significant stage(s) in human history; | (v) to be an outstanding example of a traditional human settlement, land-use, or sea-use which is representative of a culture (or cultures), or human interaction with the environment especially when it has become vulnerable under the impact of irreversible change; | (vi) to be directly or tangibly associated with events or living traditions, with ideas, or with beliefs, with artistic and literary works of outstanding universal significance; | (vii) to contain superlative natural phenomena or areas of exceptional natural beauty and aesthetic importance;",,,,,,,,,,,,,,,,,,,,,,,,,,,,,,,,,,,,,,,,,,,,,,,,,,,,,,,,,,,,,,,,,,No,,,,,
99,Natural and Cultural Heritage of the Ohrid region,"Albania,North Macedonia",skipped; bvhp,,,,,,,,,"(i) to represent a masterpiece of human creative genius; | (iii) to bear a unique or at least exceptional testimony to a cultural tradition or to a civilization which is living or which has disappeared; | (iv) to be an outstanding example of a type of building, architectural or technological ensemble or landscape which illustrates (a) significant stage(s) in human history; | (vii) to contain superlative natural phenomena or areas of exceptional natural beauty and aesthetic importance;",,,,,,,,,,,,,,,,,,,,,,,,,,,,,,,,,,,,,,,,,,,,,,,,,,,,,,,,,,,,,,,,,,No,,,,,
64,Tikal National Park,Guatemala,skipped; bvhp,,,,,,,,,"(i) to represent a masterpiece of human creative genius; | (iii) to bear a unique or at least exceptional testimony to a cultural tradition or to a civilization which is living or which has disappeared; | (iv) to be an outstanding example of a type of building, architectural or technological ensemble or landscape which illustrates (a) significant stage(s) in human history; | (ix) to be outstanding examples representing significant on-going ecological and biological processes in the evolution and development of terrestrial, fresh water, coastal and marine ecosystems and communities of plants and animals; | (x) to contain the most important and significant natural habitats for in-situ conservation of biological diversity, including those containing threatened species of outstanding universal value from the point of view of science or conservation.",,,,,,,,,,,,,,,,,,,,,,,,,,,,,,,,,,,,,,,,,,,,,,,,,,,,,,,,,,,,,,,,,,No,,,,,
1174,Chiribiquete National Park – “The Maloca of the Jaguar”,Colombia,Wall / Rock shelters / Tepees (Table-top mountains),Internal (DS/OUV),,"20,000 BCE to present",Internal (DS/OUV),,First inhabitants of Amazonia / Indigenous uncontacted groups,Internal (DS/OUV),,"(iii) to bear a unique or at least exceptional testimony to a cultural tradition or to a civilization which is living or which has disappeared; | (ix) to be outstanding examples representing significant on-going ecological and biological processes in the evolution and development of terrestrial, fresh water, coastal and marine ecosystems and communities of plants and animals; | (x) to contain the most important and significant natural habitats for in-situ conservation of biological diversity, including those containing threatened species of outstanding universal value from the point of view of science or conservation.",Internal (DS/OUV),,Sandstone,Internal (DS/OUV),,Sedimentary Rock,,,,,,,,,,,,,,,"Chiribiquete Plateau (Guiana Shield), Tepuis",Internal (DS/OUV),,,,,,,,,,,,,,,,,,,,,,,Walls of rock shelters,Internal (DS/OUV),,"Canvas for over 75,000 rock pictographs/paintings",Internal (DS/OUV),,,,,,,,,,,,,,,,,Yes,,,,,
