unesco_id,site_name,category,region,country,latitude,longitude,brief_description,ouv_statement,criteria,confidence_v2,score_v2,stone_count_v2,stone_types_found_v2,stone_geological_class_v2,named_trade_stones_v2,decorative_minerals_v2,construction_terms_v2,architectural_elements_v2,matched_title_terms_v2,matched_categories_v2,unesco_url,is_general_building
1633,The Slate Landscape of Northwest Wales,Cultural,Europe and North America,United Kingdom of Great Britain and Northern Ireland,,,"The Slate Landscape of Northwest Wales illustrates the transformation that industrial slate quarrying and mining brought about in the traditional rural environment of the mountains and valleys of the Snowdon massif. The territory, extending from mountain-top to sea-coast, presented opportunities and constraints that were used and challenged by the large-scale industrial processes undertaken by landowners and capital investors, which reshaped the agricultural landscape into an industrial centre for slate production during the Industrial Revolution (1780-1914). The serial property comprises six components each encompassing relict quarries and mines, archaeological sites related to slate industrial processing, historical settlements, both living and relict, historic gardens and grand country houses, ports, harbours and quays, and railway and road systems illustrating the functional and social linkages of the relict slate industrial landscape. The property was internationally significant not only for the export of slates, but also for the export of technology and skilled workers from the 1780s to the early 20th century. It played a leading role in the field and constituted a model for other slate quarries in different parts of the world. It offers an important and remarkable example of interchange of materials, technology and human values.",,(ii)(iv),HIGH,15,1,slate,Metamorphic,,,capital; quarry,capital,slate,Criterion_iv; Criterion_ii; Title_Stone_Keyword; OUV_Stone; OUV_Construction,https://whc.unesco.org/en/list/1633,True
370,Durham Castle and Cathedral,Cultural,Europe and North America,United Kingdom of Great Britain and Northern Ireland,,,"Durham Cathedral was built in the late 11th and early 12th centuries to house the relics of St Cuthbert (evangelizer of Northumbria) and the Venerable Bede. It attests to the importance of the early Benedictine monastic community and is the largest and finest example of Norman architecture in England. The innovative audacity of its vaulting foreshadowed Gothic architecture. Behind the cathedral stands the castle, an ancient Norman fortress which was the residence of the prince-bishops of Durham.",,(ii)(iv)(vi),HIGH,15,0,,,,,,castle; cathedral; fortress,castle; cathedral,Criterion_iv; Criterion_ii; Title_Stone_Keyword; Title_Stone_Keyword; OUV_ArchElements,https://whc.unesco.org/en/list/370,True
1625,Cordouan Lighthouse,Cultural,Europe and North America,France,,,"The Lighthouse of Cordouan rises up on a shallow rocky plateau in the Atlantic Ocean at the mouth of the Gironde estuary in the Nouvelle-Aquitaine region, in a highly exposed and hostile environment. Built in white limestone dressed blocks at the turn of the 16th and 17th centuries, it was designed by engineer Louis de Foix and remodelled by engineer Joseph Teulère in the late 18th century. A masterpiece of maritime signalling, Cordouan’s monumental tower is decorated with pilasters, columns modillions and gargoyles. It embodies the great stages of the architectural and technological history of lighthouses and was built with the ambition of continuing the tradition of famous beacons of antiquity, illustrating the art of building lighthouses in a period of renewed navigation, when beacons played an important role as territorial markers and as instruments of safety. Finally, the increase of its height, in the late 18th century, and the changes to its light chamber, attest to the progress of science and technology of the period. Its architectural forms drew inspiration from ancient models, Renaissance Mannerism and the specific architectural language of France’s engineering school École des Ponts et Chaussées.",,(i)(iv),HIGH,15,1,limestone,Sedimentary,,,gargoyle; pilaster,column; gargoyle; tower,,Criterion_iv; Criterion_i; OUV_Stone; OUV_Construction; OUV_ArchElements,https://whc.unesco.org/en/list/1625,True
1503,Nan Madol: Ceremonial Centre of Eastern Micronesia,Cultural,Asia and the Pacific,Micronesia (Federated States of),,,"Nan Madol is a series of more than 100 islets off the south-east coast of Pohnpei that were constructed with walls of basalt and coral boulders. These islets harbour the remains of stone palaces, temples, tombs and residential domains built between 1200 and 1500 CE. These ruins represent the ceremonial centre of the Saudeleur dynasty, a vibrant period in Pacific Island culture. The huge scale of the edifices, their technical sophistication and the concentration of megalithic structures bear testimony to complex social and religious practices of the island societies of the period. The site was also inscribed on the List of World Heritage in Danger due to threats, notably the siltation of waterways that is contributing to the unchecked growth of mangroves and undermining existing edifices.",,(i)(iii)(iv)(vi),HIGH,14,1,basalt,Igneous,,coral,megalithic,palace; temple; tomb; wall,,Criterion_iv; Criterion_i; OUV_Stone; Decorative_Mineral; OUV_ArchElements,https://whc.unesco.org/en/list/1503,True
1135,Capital Cities and Tombs of the Ancient Koguryo Kingdom,Cultural,Asia and the Pacific,China,,,"The site includes archaeological remains of three cities and 40 tombs: Wunu Mountain City, Guonei City and Wandu Mountain City, 14 tombs are imperial, 26 of nobles. All belong to the Koguryo culture, named after the dynasty that ruled over parts of northern China and the northern half of the Korean Peninsula from 277 BC to AD 668. Wunu Mountain City is only partly excavated. Guonei City, within the modern city of Ji’an, played the role of a ‘supporting capital’ after the main Koguryo capital moved to Pyongyang. Wandu Mountain City, one of the capitals of the Koguryo Kingdom, contains many vestiges including a large palace and 37 tombs. Some of the tombs show great ingenuity in their elaborate ceilings, designed to roof wide spaces without columns and carry the heavy load of a stone or earth tumulus (mound), which was placed above them.","Criterion (i): The tombs represent a masterpiece of the human creative genius in their wall paintings and structures.
Criterion (ii): The Capital Cities of the Koguryo Kingdom are an early example of mountain cities, later imitated by neighbouring cultures. The tombs, particularly the important stele and a long inscription in one of the tombs, show the impact of Chinese culture on the Koguryo (who did not develop their own writing). The paintings in the tombs, while showing artistic skills and specific style, are also an example for strong impact from other cultures.
Criterion (iii): The Capital Cities and Tombs of the Ancient Koguryo Kingdom represent exceptional testimony to the vanished Koguryo civilization.
Criterion (iv): The system of capital cities represented by Guonei City and Wandu Mountain City also influenced the construction of later capitals built by the Koguryo regime; the Koguryo tombs provide outstanding examples of the evolution of piled-stone and earthen tomb construction.
Criterion (v): The capital cities of the Koguryo Kingdom represent a perfect blending of human creation and nature whether with the rocks or with forests and rivers.",(i)(ii)(iii)(iv)(v),HIGH,14,0,,,,,capital; stele,capital; ceiling; column; palace; roof; tomb; wall,,Criterion_iv; Criterion_i; Criterion_ii; OUV_Construction; OUV_ArchElements; OUV_ArchElements_6+,https://whc.unesco.org/en/list/1135,True
537,"Monasteries of Daphni, Hosios Loukas and Nea Moni of Chios",Cultural,Europe and North America,Greece,,,"Although geographically distant from each other, these three monasteries (the first is in Attica, near Athens, the second in Phocida near Delphi, and the third on an island in the Aegean Sea, near Asia Minor) belong to the same typological series and share the same aesthetic characteristics. The churches are built on a cross-in-square plan with a large dome supported by squinches defining an octagonal space. In the 11th and 12th centuries they were decorated with superb marble works as well as mosaics on a gold background, all characteristic of the 'second golden age of Byzantine art'.",,(i)(iv),HIGH,14,1,marble,Metamorphic,,,,church; dome; monastery; squinch,,Criterion_iv; Criterion_i; OUV_Stone; OUV_Materials; OUV_ArchElements,https://whc.unesco.org/en/list/537,True
1463,Aqueduct of Padre Tembleque Hydraulic System,Cultural,Latin America and the Caribbean,Mexico,,,"This 16th century aqueduct is located between the states of Mexico and Hidalgo, on the Central Mexican Plateau. This heritage canal system encompasses a water catchment area, springs, canals, distribution tanks and arcaded aqueduct bridges. The site incorporates the highest single-level arcade ever built in an aqueduct. Initiated by the Franciscan friar, Padre Tembleque, and built with support from the local indigenous communities, this hydraulic system is an example of the exchange of influences between the European tradition of Roman hydraulics and traditional Mesoamerican construction techniques, including the use of adobe.",,(i)(ii)(iv),HIGH,14,1,adobe,Sedimentary,,,,aqueduct; bridge,aqueduct,Criterion_iv; Criterion_i; Criterion_ii; Title_Stone_Keyword; OUV_Stone,https://whc.unesco.org/en/list/1463,True
3,Aachen Cathedral,Cultural,Europe and North America,Germany,,,"Construction of this palatine chapel, with its octagonal basilica and cupola, began c. 790–800 under the Emperor Charlemagne. Originally inspired by the churches of the Eastern part of the Holy Roman Empire, it was splendidly enlarged in the Middle Ages.",,(i)(ii)(iv)(vi),HIGH,13,0,,,,,,basilica; cathedral; church; cupola,cathedral,Criterion_iv; Criterion_i; Criterion_ii; Title_Stone_Keyword; OUV_ArchElements,https://whc.unesco.org/en/list/3,True
202,Ancient City of Sigiriya,Cultural,Asia and the Pacific,Sri Lanka,,,"The ruins of the capital built by the parricidal King Kassapa I (477&ndash;95) lie on the steep slopes and at the summit of a granite peak standing some 180m high (the 'Lion's Rock', which dominates the jungle from all sides). A series of galleries and staircases emerging from the mouth of a gigantic lion constructed of bricks and plaster provide access to the site.",,(ii)(iii)(iv),HIGH,13,1,granite,Igneous,,,capital,capital; gallery; staircase,,Criterion_iv; Criterion_ii; OUV_Stone; OUV_Materials; OUV_ArchElements,https://whc.unesco.org/en/list/202,True
963,The Cathedral of St James in Šibenik,Cultural,Europe and North America,Croatia,,,"The Cathedral of St James in Šibenik (1431-1535), on the Dalmatian coast, bears witness to the considerable exchanges in the field of monumental arts between Northern Italy, Dalmatia and Tuscany in the 15th and 16th centuries. The three architects who succeeded one another in the construction of the Cathedral - Francesco di Giacomo, Georgius Mathei Dalmaticus and Niccolò di Giovanni Fiorentino - developed a structure built entirely from stone and using unique construction techniques for the vaulting and the dome of the Cathedral. The form and the decorative elements of the Cathedral, such as a remarkable frieze decorated with 71 sculptured faces of men, women, and children, also illustrate the successful fusion of Gothic and Renaissance art.","Criterion (i): The structural characteristics of the Cathedral of St James in Šibenik make it a unique and outstanding building in which Gothic and Renaissance forms have been successfully blended. Criterion ii The Cathedral of St James is the fruitful outcome of considerable interchanges of influences between the three culturally different regions of Northern Italy, Dalmatia, and Tuscany in the 15th and 16th centuries. These interchanges created the conditions for unique and outstanding solutions to the technical and structural problems of constructing the cathedral vaulting and dome. Criterion iv The Cathedral of St James in Šibenik is a unique testimony to the transition from the Gothic to the Renaissance period in church architecture.",(i)(ii)(iv),HIGH,13,0,,,,,frieze,cathedral; church; dome; frieze,cathedral,Criterion_iv; Criterion_i; Criterion_ii; Title_Stone_Keyword; OUV_ArchElements,https://whc.unesco.org/en/list/963,True
1590,Sanctuary of Bom Jesus do Monte in Braga,Cultural,Europe and North America,Portugal,,,"Located on the slopes of Mount Espinho, overlooking the city of Braga in the north of Portugal, this cultural landscape evokes Christian Jerusalem, recreating a sacred mount crowned with a church. The sanctuary was developed over a period of more than 600 years, primarily in a Baroque style, and illustrates a European tradition of creating Sacri Monti (sacred mountains), promoted by the Catholic Church at the Council of Trent in the 16th century, in reaction to the Protestant Reformation. The Bom Jesus ensemble is centred on a Via Crucis that leads up the western slope of the mount. It includes a series of chapels that house sculptures evoking the Passion of Christ, as well as fountains, allegorical sculptures and formal gardens. The Via Crucis culminates at the church, which was built between 1784 and 1811. The granite buildings have whitewashed plaster façades, framed by exposed stonework. The celebrated Stairway of the Five Senses, with its walls, steps, fountains, statues and other ornamental elements, is the most emblematic Baroque work within the property. They are framed by lush woodland and embraced by a picturesque park that, masterfully set on the rugged hill, highly contributes to the landscape value of the ensemble.",,(iv),HIGH,12,1,granite,Igneous,,,,church; sanctuary; wall,,Criterion_iv; OUV_Stone; OUV_Materials; OUV_ArchElements,https://whc.unesco.org/en/list/1590,True
1570,"Kakatiya Rudreshwara (Ramappa) Temple, Telangana",Cultural,Asia and the Pacific,India,,,"Rudreshwara, popularly known as Ramappa Temple, is located in the village of Palampet approximately 200km north-east of Hyderabad, in the State of Telangana. It is the main Shiva temple in a walled complex built during the Kakatiyan period (1123–1323 CE) under rulers Rudradeva and Recharla Rudra. Construction of the sandstone temple began in 1213 CE and is believed to have continued over some 40 years. The building features decorated beams and pillars of carved granite and dolerite with a distinctive and pyramidal Vimana (horizontally stepped tower) made of lightweight porous bricks, so-called ‘floating bricks’, which reduced the weight of the roof structures. The temple’s sculptures of high artistic quality illustrate regional dance customs and Kakatiyan culture. Located at the foothills of a forested area and amidst agricultural fields, close to the shores of the Ramappa Cheruvu, a Kakatiya-built water reservoir, the choice of setting for the edifice followed the ideology and practice sanctioned in dharmic texts that temples are to be constructed to form an integral part of a natural setting, including hills, forests, springs, streams, lakes, catchment areas, and agricultural lands.",,(i)(iii),HIGH,12,3,dolerite; granite; sandstone,Igneous; Sedimentary,,,,pillar; roof; temple; tower; vimana,,Criterion_i; OUV_Stone; OUV_Stone_3+; OUV_ArchElements,https://whc.unesco.org/en/list/1570,True
1720,The Historic Town and Archaeological Site of Gedi,Cultural,Africa,Kenya,,,"Surrounded by a remnant coastal forest, away from the coastline, the abandoned city of Gedi was one of the most important Swahili cities on the East African coast from the 10th to 17th centuries. During this period, it was part of a complex and international network of trade and cultural exchanges that crossed the Indian Ocean, linking African coastal centres with Persia and other areas. The opulent settlement is clearly delineated by walls and features remains of domestic, religious, and civic architecture, and a sophisticated water management system. It strongly represents the characteristics of Swahili architecture and town planning, utilising materials such as coral rag, coral and earth mortar and wood.",,(ii)(iii)(iv),HIGH,12,2,coral rag; rag,Sedimentary,,coral,,wall,,Criterion_iv; Criterion_ii; OUV_Stone; Decorative_Mineral; OUV_Materials,https://whc.unesco.org/en/list/1720,True
187,St Mary's Cathedral and St Michael's Church at Hildesheim,Cultural,Europe and North America,Germany,,,"St Michael's Church was built between 1010 and 1020 on a symmetrical plan with two apses that was characteristic of Ottonian Romanesque art in Old Saxony. Its interior, in particular the wooden ceiling and painted stucco-work, its famous bronze doors and the Bernward bronze column, are – together with the treasures of St Mary's Cathedral – of exceptional interest as examples of the Romanesque churches of the Holy Roman Empire.",,(i)(ii)(iii),HIGH,12,0,,,,,,apse; cathedral; ceiling; church; column,cathedral,Criterion_i; Criterion_ii; Title_Stone_Keyword; OUV_Materials; OUV_ArchElements,https://whc.unesco.org/en/list/187,True
535,"Collegiate Church, Castle and Old Town of Quedlinburg",Cultural,Europe and North America,Germany,,,"Quedlinburg, in the Land of Sachsen-Anhalt, was a capital of the East Franconian German Empire at the time of the Saxonian-Ottonian ruling dynasty. It has been a prosperous trading town since the Middle Ages. The number and high quality of the timber-framed buildings make Quedlinburg an exceptional example of a medieval European town. The Collegiate Church of St Servatius is one of the masterpieces of Romanesque architecture.",,(iv),HIGH,12,0,,,,,capital,capital; castle; church,castle,Criterion_iv; Title_Stone_Keyword; OUV_Materials; OUV_ArchElements,https://whc.unesco.org/en/list/535,True
367,"Roman Monuments, Cathedral of St Peter and Church of Our Lady in Trier",Cultural,Europe and North America,Germany,,,"Trier, which stands on the Moselle River, was a Roman colony from the 1st century AD and then a great trading centre beginning in the next century. It became one of the capitals of the Tetrarchy at the end of the 3rd century, when it was known as the ‘second Rome’. The number and quality of the surviving monuments are an outstanding testimony to Roman civilization.",,(i)(iii)(iv)(vi),HIGH,12,0,,,,,capital,capital; cathedral; church,cathedral,Criterion_iv; Criterion_i; Title_Stone_Keyword; OUV_ArchElements,https://whc.unesco.org/en/list/367,True
311,Old Town of Segovia and its Aqueduct,Cultural,Europe and North America,Spain,,,"The Roman aqueduct of Segovia, probably built c. A.D. 50, is remarkably well preserved. This impressive construction, with its two tiers of arches, forms part of the setting of the magnificent historic city of Segovia. Other important monuments include the Alcázar, begun around the 11th century, and the 16th-century Gothic cathedral.",,(i)(iii)(iv),HIGH,12,0,,,,,,aqueduct; arch; cathedral,aqueduct,Criterion_iv; Criterion_i; Title_Stone_Keyword; OUV_ArchElements,https://whc.unesco.org/en/list/311,True
1670,Sacred Ensembles of the Hoysalas,Cultural,Asia and the Pacific,India,,,"This serial property encompasses the three most representative examples of Hoysala-style temple complexes in southern India, dating from the 12th to 13th centuries. The Hoysala style was created through careful selection of contemporary temple features and those from the past to create a different identity from neighbouring kingdoms. The shrines are characterized by hyper-real sculptures and stone carvings that cover the entire architectural surface, a circumambulatory platform, a large-scale sculptural gallery, a multi-tiered frieze, and sculptures of the Sala legend. The excellence of the sculptural art underpins the artistic achievement of these temple complexes, which represent a significant stage in the historical development of Hindu temple architecture.",,(i)(ii)(iv),HIGH,12,0,,,,,frieze; stone carving,frieze; gallery; shrine; temple,,Criterion_iv; Criterion_i; Criterion_ii; OUV_Construction; OUV_ArchElements,https://whc.unesco.org/en/list/1670,True
1725,Megaliths of Carnac and of the shores of Morbihan,Cultural,Europe and North America,France,,,"This serial property in Brittany, France, features a dense concentration of megalithic structures built during the Neolithic period (c. 5000–2300 BCE), carefully aligned with the area’s unique geomorphology. These monumental stone constructions—arranged in relation to one another and to natural features like terrain and waterways—reflect a sophisticated understanding of the environment. Rich engravings and associated artifacts further illustrate the cultural complexity of the societies that inhabited this part of the European Atlantic coast.",,(i)(iv),HIGH,12,0,,,,,megalith; megalithic,,megalith,Criterion_iv; Criterion_i; Title_Stone_Keyword; OUV_Construction,https://whc.unesco.org/en/list/1725,True
1055,Lamu Old Town,Cultural,Africa,Kenya,,,"Lamu Old Town is the oldest and best-preserved Swahili settlement in East Africa, retaining its traditional functions. Built in coral stone and mangrove timber, the town is characterized by the simplicity of structural forms enriched by such features as inner courtyards, verandas, and elaborately carved wooden doors. Lamu has hosted major Muslim religious festivals since the 19th century, and has become a significant centre for the study of Islamic and Swahili cultures.","Criterion ii The architecture and urban structure Lamu graphically demonstrate the cultural influences that have come together there over several hundred years from Europe, Arabia, and India, utilizing traditional Swahili techniques to produce a distinct culture. Criterion iv The growth and decline of the seaports the East African coast and interaction between the Bantu, Arabs, Persians, Indians, and Europeans represents significant cultural and economic phase in the history the region which finds its most outstanding expression Lamu Old Town. Criterion vi Its paramount trading role and its attraction for scholars and teachers gave Lamu an important religious function in the region. It continues to be significant centre for education in Islamic and Swahili culture.",(ii)(iv)(vi),HIGH,12,1,coral stone,Sedimentary,,coral,,courtyard,,Criterion_iv; Criterion_ii; OUV_Stone; Decorative_Mineral; OUV_Materials,https://whc.unesco.org/en/list/1055,True
1303,Pontcysyllte Aqueduct and Canal,Cultural,Europe and North America,United Kingdom of Great Britain and Northern Ireland,,,"Situated in north-eastern Wales, the 18 kilometre long Pontcysyllte Aqueduct and Canal is a feat of civil engineering of the Industrial Revolution, completed in the early years of the 19th century. Covering a difficult geographical setting, the building of the canal required substantial, bold civil engineering solutions, especially as it was built without using locks. The aqueduct is a pioneering masterpiece of engineering and monumental metal architecture, conceived by the celebrated civil engineer Thomas Telford. The use of both cast and wrought iron in the aqueduct enabled the construction of arches that were light and d strong, producing an overall effect that is both monumental and elegant. The property is inscribed as a masterpiece of creative genius, and as a remarkable synthesis of expertise already acquired in Europe. It is also recognized as an innovative ensemble that inspired many projects all over the world.",,(i)(ii)(iv),HIGH,12,0,,,,,,aqueduct; arch,aqueduct,Criterion_iv; Criterion_i; Criterion_ii; Title_Stone_Keyword; OUV_Materials,https://whc.unesco.org/en/list/1303,True
1343,"Cultural Sites of Al Ain (Hafit, Hili, Bidaa Bint Saud and Oases Areas)",Cultural,Arab States,United Arab Emirates,,,"The Cultural Sites of Al Ain (Hafit, Hili, Bidaa Bint Saud and Oases Areas) constitute a serial property that testifies to sedentary human occupation of a desert region since the Neolithic period with vestiges of many prehistoric cultures. Remarkable vestiges in the property include circular stone tombs (ca 2500 B.C.), wells and a wide range of adobe constructions: residential buildings, towers, palaces and administrative buildings. Hili moreover features one of the oldest examples of the sophisticated aflaj irrigation system which dates back to the Iron Age. The property provides important testimony to the transition of cultures in the region from hunting and gathering to sedentarization.",,(iii)(iv)(v),HIGH,12,1,adobe,Sedimentary,,,,palace; tomb; tower,,Criterion_iv; OUV_Stone; OUV_Materials; OUV_ArchElements,https://whc.unesco.org/en/list/1343,True
1236,León Cathedral,Cultural,Latin America and the Caribbean,Nicaragua,,,"Built between 1747 and the early 19th century to the design of Guatemalan architect Diego José de Porres Esquivel, the monument expresses the transition from Baroque to Neoclassical architecture and its style can be considered to be eclectic. The Cathedral is characterized by the sobriety of its interior decoration and the abundance of natural light. The vault of the Sanctuary, however, presents rich ornamentation. The Cathedral houses important works of art including a wooden Flemish altarpiece, and paintings of the 14 stations of the Way of the Cross by Nicaraguan artist Antonio Sarria (late 19th and early 20th centuries).",,(ii)(iv),HIGH,11,0,,,,,,cathedral; sanctuary; vault,cathedral,Criterion_iv; Criterion_ii; Title_Stone_Keyword; OUV_ArchElements,https://whc.unesco.org/en/list/1236,True
1370,Caves of Maresha and Bet-Guvrin in the Judean Lowlands as a Microcosm of the Land of the Caves,Cultural,Europe and North America,Israel,,,"The archaeological site contains some 3,500 underground chambers distributed among distinct complexes carved in the thick and homogenous soft chalk of Lower Judea under the former towns of Maresha and Bet Guvrin. Situated on the crossroads of trade routes to Mesopotamia and Egypt, the site bears witness to the region’s tapestry of cultures and their evolution over more than 2,000 years from the 8th century BCE—when Maresha, the older of the two towns was built—to the time of the Crusaders. These quarried caves served as cisterns, oil presses, baths, columbaria (dovecotes), stables, places of religious worship, hideaways and, on the outskirts of the towns, burial areas. Some of the larger chambers feature vaulted arches and supporting pillars.",,(v),HIGH,11,1,chalk,Sedimentary,,,quarried,arch; bath; pillar,cave,Title_Stone_Keyword; OUV_Stone; OUV_ArchElements,https://whc.unesco.org/en/list/1370,True
1519,Aphrodisias,Cultural,Europe and North America,Türkiye,,,"Located in southwestern Turkey, in the upper valley of the Morsynus River, the site consists of two components: the archaeological site of Aphrodisias and the marble quarries northeast of the city. The temple of Aphrodite dates from the 3rd century BC and the city was built one century later. The wealth of Aphrodisias came from the marble quarries and the art produced by its sculptors. The city streets are arranged around several large civic structures, which include temples, a theatre, an agora and two bath complexes.",,(ii)(iii)(iv)(vi),HIGH,11,1,marble,Metamorphic,,,quarry,bath; temple; theatre,,Criterion_iv; Criterion_ii; OUV_Stone; OUV_ArchElements,https://whc.unesco.org/en/list/1519,True
1612,The work of engineer Eladio Dieste: Church of Atlántida,Cultural,Latin America and the Caribbean,Uruguay,,,"The Church of Atlántida with its belfry and underground baptistery is located in Estación Atlántida, 45 km away from Montevideo. Inspired by Italian paleo-Christian and medieval religious architecture, the modernistic Church complex, inaugurated in 1960, represents a novel utilization of exposed and reinforced brick. Built on rectangular plan of one single hall, the church features distinctive undulating walls supporting a similarly undulating roof, composed of a sequence of reinforced brick Gaussian vaults developed by Eladio Dieste (1917-2000). The cylindrical bell-tower, built in openwork exposed brick masonry, rises from the ground to the right of the main church facade, while the underground baptistery is located on the left side of the parvis, accessible from a triangular prismatic entrance and illuminated via a central oculus. The Church provides an eminent example of the remarkable formal and spatial achievements of modern architecture in Latin America during the second part of the 20th century, embodying the search for social equality with a spare use of resources, meeting structural imperatives to great aesthetic effect.",,(iv),HIGH,11,0,,,,,masonry; oculus,church; facade; oculus; roof; tower; vault; wall,,Criterion_iv; OUV_Construction; OUV_ArchElements; OUV_ArchElements_6+,https://whc.unesco.org/en/list/1612,True
1565,Hebron/Al-Khalil Old Town,Cultural,Arab States,State of Palestine,,,"The use of a local limestone shaped the construction of the old town of Hebron/Al-Khalil during the Mamluk period between 1250 and 1517. The centre of interest of the town was the site of Al-Ibrahimi Mosque/The tomb of the Patriarchs whose buildings are in a compound built in the 1st century AD to protect the tombs of the patriarch Abraham/Ibrahim and his family. This place became a site of pilgrimage for the three monotheistic religions: Judaism, Christianity and Islam. The town was sited at the crossroads of trade routes for caravans travelling between southern Palestine, Sinai, Eastern Jordan and the north of the Arabian Peninsula. Although the subsequent Ottoman Period (1517-1917) heralded an extension of the town to the surrounding areas and brought numerous architectural additions, particularly the raising of the roof level of houses to provide more upper stories, the overall Mamluk morphology of the town is seen to have persisted with its hierarchy of areas, quarters based on ethnic, religious or professional groupings, and houses with groups of rooms organized according to a tree-shaped system.",,(ii)(iv)(vi),HIGH,11,1,limestone,Sedimentary,,,,base; mosque; roof; tomb,,Criterion_iv; Criterion_ii; OUV_Stone; OUV_ArchElements,https://whc.unesco.org/en/list/1565,True
1165,Centennial Hall in Wrocław,Cultural,Europe and North America,Poland,,,"The Centennial Hall, a landmark in the history of reinforced concrete architecture, was erected in 1911-1913 by the architect Max Berg as a multi-purpose recreational building, situated in the Exhibition Grounds. In form it is a symmetrical quatrefoil with a vast circular central space that can seat some 6,000 persons. The 23m-high dome is topped with a lantern in steel and glass. The Centennial Hall is a pioneering work of modern engineering and architecture, which exhibits an important interchange of influences in the early 20th century, becoming a key reference in the later development of reinforced concrete structures.","Criterion (i): The Centennial Hall of Wrocł aw is a creative and innovative example in the development of construction technology in large reinforced concrete structures. The Centennial Hall occupies a key position in the evolution of methods of reinforcement in architecture, and one of the climax points in the history of the use of metal in structural consolidation.
Criterion (ii): The Centennial Hall is a pioneering work of modern engineering and architecture, which exhibits an important interchange of influences in the early 20th century, becoming a key reference in the later development of reinforced concrete structures.
Criterion (iv): As part of the exhibition grounds of Wrocł aw, the Centennial Hall is an outstanding example of modern recreational architecture that served a variety of purposes, ranging from conferences and exhibitions to concerts, theatre and opera.",(i)(ii)(iv),HIGH,11,0,,,,,,dome; lantern; theatre,,Criterion_iv; Criterion_i; Criterion_ii; OUV_Materials; OUV_ArchElements,https://whc.unesco.org/en/list/1165,True
1597,Writing-on-Stone / Áísínai’pi,Cultural,Europe and North America,Canada,,,"The property is located on the northern edge of the semi-arid Great Plains of North America, on the border between Canada and the United States of America. The Milk River Valley dominates the topography of this cultural landscape, which is characterized by a concentration of pillars or hoodoos – columns of rock sculpted by erosion into spectacular shapes. The Blackfoot Confederacy (Siksikáíítsitapi) left engravings and paintings on the sandstone walls of the Milk River Valley, bearing testimony to messages from Sacred Beings. Dated in situ archaeological remains cover a period between ca. 4,500 BP - 3,500 years BP and the Contact Period. This landscape is considered sacred to the Blackfoot people, and their centuries-old traditions are perpetuated through ceremonies and in enduring respect for the places.",,(iii),HIGH,11,1,sandstone,Sedimentary,,,,column; pillar; wall,stone,Title_Stone_Keyword; OUV_Stone; OUV_ArchElements,https://whc.unesco.org/en/list/1597,True
1532,"Temple Zone of Sambor Prei Kuk, Archaeological Site of Ancient Ishanapura",Cultural,Asia and the Pacific,Cambodia,,,"The archaeological site of Sambor Prei Kuk, “the temple in the richness of the forest” in the Khmer language, has been identified as Ishanapura, the capital of the Chenla Empire that flourished in the late 6th and early 7th centuries AD. The property comprises more than a hundred temples, ten of which are octagonal, unique specimens of their genre in South-East Asia. Decorated sandstone elements in the site are characteristic of the pre-Angkor decorative idiom, known as the Sambor Prei Kuk Style. Some of these elements, including lintels, pediments and colonnades, are true masterpieces. The art and architecture developed here became models for other parts of the region and lay the ground for the unique Khmer style of the Angkor period.",,(ii)(iii)(vi),HIGH,11,1,sandstone,Sedimentary,,,capital; lintel; pediment,capital; lintel; pediment; temple,,Criterion_ii; OUV_Stone; OUV_Construction; OUV_ArchElements,https://whc.unesco.org/en/list/1532,True
1487,Arab-Norman Palermo and the Cathedral Churches of Cefalú and Monreale,Cultural,Europe and North America,Italy,,,"Located on the northern coast of Sicily, Arab-Norman Palermo includes a series of nine civil and religious structures dating from the era of the Norman kingdom of Sicily (1130-1194): two palaces, three churches, a cathedral, a bridge, as well as the cathedrals of Cefalú and Monreale. Collectively, they are an example of a social-cultural syncretism between Western, Islamic and Byzantine cultures on the island which gave rise to new concepts of space, structure and decoration. They also bear testimony to the fruitful coexistence of people of different origins and religions (Muslim, Byzantine, Latin, Jewish, Lombard and French).",,(ii)(iv),HIGH,11,0,,,,,,bridge; cathedral; church; palace,cathedral,Criterion_iv; Criterion_ii; Title_Stone_Keyword; OUV_ArchElements,https://whc.unesco.org/en/list/1487,True
18,"Rock-Hewn Churches, Lalibela",Cultural,Africa,Ethiopia,,,"The 11 medieval monolithic cave churches of this 13th-century 'New Jerusalem' are situated in a mountainous region in the heart of Ethiopia near a traditional village with circular-shaped dwellings. Lalibela is a high place of Ethiopian Christianity, still today a place of pilmigrage and devotion.",,(i)(ii)(iii),HIGH,11,0,,,,,monolithic,church,hewn; rock,Criterion_i; Criterion_ii; Title_Stone_Keyword; Title_Stone_Keyword,https://whc.unesco.org/en/list/18,True
1009,Notre-Dame Cathedral in Tournai,Cultural,Europe and North America,Belgium,,,"The Cathedral of Notre-Dame in Tournai was built in the first half of the 12th century. It is especially distinguished by a Romanesque nave of extraordinary dimensions, a wealth of sculpture on its capitals and a transept topped by five towers, all precursors of the Gothic style. The choir, rebuilt in the 13th century, is in the pure Gothic style.","Criterion (ii): The Cathedral of Notre-Dame in Tournai bears witness to a considerable exchange of influence between the architecture of the Ile de France, the Rhineland, and Normandy during the short period at the beginning of the 12th century that preceded the flowering of Gothic architecture.
Criterion (iv): In its imposing dimensions, the Cathedral of Notre-Dame in Tournai is an outstanding example of the great edifices of the school of the north of the Seine, precursors of the vastness of the Gothic cathedrals.",(ii)(iv),HIGH,11,0,,,,,capital,capital; cathedral; nave; tower; transept,cathedral,Criterion_iv; Criterion_ii; Title_Stone_Keyword; OUV_ArchElements,https://whc.unesco.org/en/list/1009,True
1457,Pergamon and its Multi-Layered Cultural Landscape,Cultural,Europe and North America,Türkiye,,,"This site rises high above the Bakirçay Plain in Turkey’s Aegean region. The acropolis of Pergamon was the capital of the Hellenistic Attalid dynasty, a major centre of learning in the ancient world. Monumental temples, theatres, stoa or porticoes, gymnasium, altar and library were set into the sloping terrain surrounded by an extensive city wall. The rock-cut Kybele Sanctuary lies to the north-west on another hill visually linked to the acropolis. Later the city became capital of the Roman province of Asia known for its Asclepieion healing centre. The acropolis crowns a landscape containing burial mounds and remains of the Roman, Byzantine and Ottoman empires in and around the modern town of Bergama on the lower slopes.",,(i)(ii)(iii)(iv)(vi),HIGH,11,0,,,,,capital; rock cut,altar; capital; portico; sanctuary; temple; theatre; wall,,Criterion_iv; Criterion_i; Criterion_ii; OUV_Construction; OUV_ArchElements; OUV_ArchElements_6+,https://whc.unesco.org/en/list/1457,True
1376,Historic Bridgetown and its Garrison,Cultural,Latin America and the Caribbean,Barbados,,,"Historic Bridgetown and its Garrison, an outstanding example of British colonial architecture consisting of a well-preserved old town built in the 17th, 18th and 19th centuries, which testifies to the spread of Great Britain's Atlantic colonial empire. The property also includes a nearby military garrison which consists of numerous historic buildings. With its serpentine urban lay-out the property testifies to a different approach to colonial town-planning compared to the Spanish and Dutch colonial cities of the region which were built along a grid plan.",,(ii)(iii)(iv),HIGH,10,1,serpentine,Metamorphic,,serpentine,,,,Criterion_iv; Criterion_ii; OUV_Stone; Decorative_Mineral,https://whc.unesco.org/en/list/1376,True
389,Studenica Monastery,Cultural,Europe and North America,Serbia,,,"The Studenica Monastery was established in the late 12th century by Stevan Nemanja, founder of the medieval Serb state, shortly after his abdication. It is the largest and richest of Serbia’s Orthodox monasteries. Its two principal monuments, the Church of the Virgin and the Church of the King, both built of white marble, enshrine priceless collections of 13th- and 14th-century Byzantine painting.",,(i)(ii)(iv)(vi),HIGH,10,2,marble; white marble,Metamorphic,,,,church; monastery,,Criterion_iv; Criterion_i; Criterion_ii; OUV_Stone,https://whc.unesco.org/en/list/389,True
292,Cologne Cathedral,Cultural,Europe and North America,Germany,,,"Begun in 1248, the construction of this Gothic masterpiece took place in several stages and was not completed until 1880. Over seven centuries, successive builders were inspired by the same faith and a spirit of absolute fidelity to the original plans. Apart from its exceptional intrinsic value and the artistic masterpieces it contains, Cologne Cathedral testifies to the enduring strength of European Christianity.","The Committee decided to inscribe the nominated property on the basis of cultural criteria (i), (ii) and (iv) considering that the monument is of outstanding universal value being an exceptional work of human creative genius, constructed over more than six centuries and a powerful testimony to the strength and persistence of Christian belief in medieval and modern Europe.",(i)(ii)(iv),HIGH,10,0,,,,,,cathedral,cathedral,Criterion_iv; Criterion_i; Criterion_ii; Title_Stone_Keyword,https://whc.unesco.org/en/list/292,True
383,"Cathedral, Alcázar and Archivo de Indias in Seville",Cultural,Europe and North America,Spain,,,"Together these three buildings form a remarkable monumental complex in the heart of Seville. The cathedral and the Alcázar – dating from the Reconquest of 1248 to the 16th century and imbued with Moorish influences – are an exceptional testimony to the civilization of the Almohads as well as that of Christian Andalusia. The Giralda minaret is the masterpiece of Almohad architecture. It stands next to the cathedral with its five naves; the largest Gothic building in Europe, it houses the tomb of Christopher Columbus. The ancient Lonja, which became the Archivo de Indias, contains valuable documents from the archives of the colonies in the Americas.",,(i)(ii)(iii)(vi),HIGH,10,0,,,,,,cathedral; minaret; nave; tomb,cathedral,Criterion_i; Criterion_ii; Title_Stone_Keyword; OUV_ArchElements,https://whc.unesco.org/en/list/383,True
527,"Kyiv: Saint-Sophia Cathedral and Related Monastic Buildings, Kyiv-Pechersk Lavra",Cultural,Europe and North America,Ukraine,,,"Designed to rival Hagia Sophia in Constantinople, Kyiv's Saint-Sophia Cathedral symbolizes the 'new Constantinople', capital of the Christian principality of Kyiv, which was created in the 11th century in a region evangelized after the baptism of St Vladimir in 988. The spiritual and intellectual influence of Kyiv-Pechersk Lavra contributed to the spread of Orthodox thought and the Orthodox faith in the Russian world from the 17th to the 19th century.",,(i)(ii)(iii)(iv),HIGH,10,0,,,,,capital,capital; cathedral,cathedral,Criterion_iv; Criterion_i; Criterion_ii; Title_Stone_Keyword,https://whc.unesco.org/en/list/527,True
233,"Qutb Minar and its Monuments, Delhi",Cultural,Asia and the Pacific,India,,,"Built in the early 13th century a few kilometres south of Delhi, the red sandstone tower of Qutb Minar is 72.5 m high, tapering from 2.75 m in diameter at its peak to 14.32 m at its base, and alternating angular and rounded flutings. The surrounding archaeological area contains funerary buildings, notably the magnificent Alai-Darwaza Gate, the masterpiece of Indo-Muslim art (built in 1311), and two mosques, including the Quwwatu'l-Islam, the oldest in northern India, built of materials reused from some 20 Brahman temples.",The Committee inscribed the site on the World Heritage List under criterion (iv),(iv),HIGH,10,2,red sandstone; sandstone,Sedimentary,,,fluting,base; gate; mosque; temple; tower,,Criterion_iv; OUV_Stone; OUV_ArchElements,https://whc.unesco.org/en/list/233,True
841,"San Pedro de la Roca Castle, Santiago de Cuba",Cultural,Latin America and the Caribbean,Cuba,,,"Commercial and political rivalries in the Caribbean region in the 17th century resulted in the construction of this massive series of fortifications on a rocky promontory, built to protect the important port of Santiago. This intricate complex of forts, magazines, bastions and batteries is the most complete, best-preserved example of Spanish-American military architecture, based on Italian and Renaissance design principles.","The Committee decided to inscribe this property on the basis of criteria (iv) and (v), considering that the Castle of San Pedro de la Roca and its associated defensive works are of exceptional value because they constitute the largest and most comprehensive example of the principles of Renaissance military engineering adapted to the requirements of European colonial powers in the Caribbean.",(iv)(v),HIGH,10,0,,,,,,base; castle; fort,castle,Criterion_iv; Title_Stone_Keyword; OUV_ArchElements,https://whc.unesco.org/en/list/841,True
1426,"Decorated Cave of Pont d’Arc, known as Grotte Chauvet-Pont d’Arc, Ardèche",Cultural,Europe and North America,France,,,"Located in a limestone plateau of the Ardèche River in southern France, the property contains the earliest-known and best-preserved figurative drawings in the world, dating back as early as the Aurignacian period (30,000–32,000 BP), making it an exceptional testimony of prehistoric art. The cave was closed off by a rock fall approximately 20,000 years BP and remained sealed until its discovery in 1994, which helped to keep it in pristine condition. Over 1,000 images have so far been inventoried on its walls, combining a variety of anthropomorphic and animal motifs. Of exceptional aesthetic quality, they demonstrate a range of techniques including the skilful use of shading, combinations of paint and engraving, anatomical precision, three-dimensionality and movement. They include several dangerous animal species difficult to observe at that time, such as mammoth, bear, cave lion, rhino, bison and auroch, as well as 4,000 inventoried remains of prehistoric fauna and a variety of human footprints.",,(i)(iii),HIGH,10,1,limestone,Sedimentary,,,,wall,cave,Criterion_i; Title_Stone_Keyword; OUV_Stone,https://whc.unesco.org/en/list/1426,True
162,Amiens Cathedral,Cultural,Europe and North America,France,,,"Amiens Cathedral, in the heart of Picardy, is one of the largest 'classic' Gothic churches of the 13th century. It is notable for the coherence of its plan, the beauty of its three-tier interior elevation and the particularly fine display of sculptures on the principal facade and in the south transept.",,(i)(ii),HIGH,10,0,,,,,,cathedral; church; facade; transept,cathedral,Criterion_i; Criterion_ii; Title_Stone_Keyword; OUV_ArchElements,https://whc.unesco.org/en/list/162,True
81,Chartres Cathedral,Cultural,Europe and North America,France,,,"Partly built starting in 1145, and then reconstructed over a 26-year period after the fire of 1194, Chartres Cathedral marks the high point of French Gothic art. The vast nave, in pure ogival style, the porches adorned with fine sculptures from the middle of the 12th century, and the magnificent 12th- and 13th-century stained-glass windows, all in remarkable condition, combine to make it a masterpiece.",,(i)(ii)(iv),HIGH,10,0,,,,,,cathedral; nave,cathedral,Criterion_iv; Criterion_i; Criterion_ii; Title_Stone_Keyword,https://whc.unesco.org/en/list/81,True
601,"Cathedral of Notre-Dame, Former Abbey of Saint-Rémi and Palace of Tau, Reims",Cultural,Europe and North America,France,,,"The outstanding handling of new architectural techniques in the 13th century, and the harmonious marriage of sculptural decoration with architecture, has made Notre-Dame in Reims one of the masterpieces of Gothic art. The former abbey still has its beautiful 9th-century nave, in which lie the remains of Archbishop St Rémi (440–533), who instituted the Holy Anointing of the kings of France. The former archiepiscopal palace known as the Tau Palace, which played an important role in religious ceremonies, was almost entirely rebuilt in the 17th century.",,(i)(ii)(vi),HIGH,10,0,,,,,,abbey; cathedral; nave; palace,cathedral,Criterion_i; Criterion_ii; Title_Stone_Keyword; OUV_ArchElements,https://whc.unesco.org/en/list/601,True
496,"Canterbury Cathedral, St Augustine's Abbey, and St Martin's Church",Cultural,Europe and North America,United Kingdom of Great Britain and Northern Ireland,,,"Canterbury, in Kent, has been the seat of the spiritual head of the Church of England for nearly five centuries. Canterbury's other important monuments are the modest Church of St Martin, the oldest church in England; the ruins of the Abbey of St Augustine, a reminder of the saint's evangelizing role in the Heptarchy from 597; and Christ Church Cathedral, a breathtaking mixture of Romanesque and Perpendicular Gothic, where Archbishop Thomas Becket was murdered in 1170.",,(i)(ii)(vi),HIGH,10,0,,,,,,abbey; cathedral; church,cathedral,Criterion_i; Criterion_ii; Title_Stone_Keyword; OUV_ArchElements,https://whc.unesco.org/en/list/496,True
540,Historic Centre of Saint Petersburg and Related Groups of Monuments,Cultural,Europe and North America,Russian Federation,,,"The 'Venice of the North', with its numerous canals and more than 400 bridges, is the result of a vast urban project begun in 1703 under Peter the Great. Later known as Leningrad (in the former USSR), the city is closely associated with the October Revolution. Its architectural heritage reconciles the very different Baroque and pure neoclassical styles, as can be seen in the Admiralty, the Winter Palace, the Marble Palace and the Hermitage.",,(i)(ii)(iv)(vi),HIGH,10,1,marble,Metamorphic,,,,bridge; palace,,Criterion_iv; Criterion_i; Criterion_ii; OUV_Stone,https://whc.unesco.org/en/list/540,True
827,"Cathedral, Torre Civica and Piazza Grande, Modena",Cultural,Europe and North America,Italy,,,"The magnificent 12th-century cathedral at Modena, the work of two great artists (Lanfranco and Wiligelmus), is a supreme example of early Romanesque art. With its piazza and soaring tower, it testifies to the faith of its builders and the power of the Canossa dynasty who commissioned it.","The Committee decided to inscribe this property on the basis of criteria (i), (ii), (iii) and (iv), considering that the joint creation of Lanfranco and Wiligelmo is a masterpiece of human creative genius in which a new dialectical relationship between architecture and sculpture was created in Romanesque art. The Modena complex bears exceptional witness to the cultural traditions of the 12th century and is one of the best examples of an architectural complex where religious and civic values are combined in a medieval Christian town.",(i)(ii)(iii)(iv),HIGH,10,0,,,,,,cathedral; tower,cathedral,Criterion_iv; Criterion_i; Criterion_ii; Title_Stone_Keyword,https://whc.unesco.org/en/list/827,True
1022,Tombs of Buganda Kings at Kasubi,Cultural,Africa,Uganda,,,"The Tombs of Buganda Kings at Kasubi constitute a site embracing almost 30 ha of hillside within Kampala district. Most of the site is agricultural, farmed by traditional methods. At its core on the hilltop is the former palace of the Kabakas of Buganda, built in 1882 and converted into the royal burial ground in 1884. Four royal tombs now lie within the Muzibu Azaala Mpanga, the main building, which is circular and surmounted by a dome. It is a major example of an architectural achievement in organic materials, principally wood, thatch, reed, wattle and daub. The site's main significance lies, however, in its intangible values of belief, spirituality, continuity and identity.","Criterion i The Kasubi Tombs site is a masterpiece of human creativity both in its conception and its execution. Criterion iii The Kasubi Tombs site bears eloquent witness to the living cultural traditions of the Baganda. Criterion iv The spatial organization of the Kasubi Tombs site represents the best extant example of a Baganda palace/architectural ensemble. Built in the finest traditions of Ganda architecture and palace design, it reflects technical achievements developed over many centuries. Criterion vi The built and natural elements of the Kasubi Tombs site are charged with historical, traditional, and spiritual values. It is a major spiritual centre for the Baganda and is the most active religious place in the kingdom.",(i)(iii)(iv)(vi),HIGH,10,0,,,,,,dome; palace; tomb,,Criterion_iv; Criterion_i; OUV_Materials; OUV_ArchElements,https://whc.unesco.org/en/list/1022,True
171,Fort and Shalamar Gardens in Lahore,Cultural,Asia and the Pacific,Pakistan,,,"These are two masterpieces from the time of the brilliant Mughal civilization, which reached its height during the reign of the Emperor Shah Jahan. The fort contains marble palaces and mosques decorated with mosaics and gilt. The elegance of these splendid gardens, built near the city of Lahore on three terraces with lodges, waterfalls and large ornamental ponds, is unequalled.",,(i)(ii)(iii),HIGH,10,1,marble,Metamorphic,,,,fort; mosque; palace; terrace,,Criterion_i; Criterion_ii; OUV_Stone; OUV_ArchElements,https://whc.unesco.org/en/list/171,True
661,Himeji-jo,Cultural,Asia and the Pacific,Japan,,,"Himeji-jo is the finest surviving example of early 17th-century Japanese castle architecture, comprising 83 buildings with highly developed systems of defence and ingenious protection devices dating from the beginning of the Shogun period. It is a masterpiece of construction in wood, combining function with aesthetic appeal, both in its elegant appearance unified by the white plastered earthen walls and in the subtlety of the relationships between the building masses and the multiple roof layers.",,(i)(iv),HIGH,10,0,,,,,,castle; roof; wall,,Criterion_iv; Criterion_i; OUV_Materials; OUV_ArchElements,https://whc.unesco.org/en/list/661,True
1667,Koh Ker: Archaeological Site of Ancient Lingapura or Chok Gargyar,Cultural,Asia and the Pacific,Cambodia,,,"The archaeological site of Koh Ker is a sacred urban ensemble of numerous temples and sanctuaries including sculptures, inscriptions, wall paintings, and archaeological remains. Constructed over a twenty-three-year period, it was one of two rival Khmer Empire capitals – the other being Angkor – and was the sole capital from 928 to 944 CE. Established by King Jayavarman IV, his sacred city was believed to be laid out on the basis of ancient Indian religious concepts of the universe. The new city demonstrated unconventional city planning, artistic expression and construction technology, especially the use of very large monolithic stone blocks.",,(ii)(iv),HIGH,10,0,,,,,capital; monolithic,capital; sanctuary; temple; wall,,Criterion_iv; Criterion_ii; OUV_Construction; OUV_ArchElements,https://whc.unesco.org/en/list/1667,True
231,Red Fort Complex,Cultural,Asia and the Pacific,India,,,"The Red Fort Complex was built as the palace fort of Shahjahanabad – the new capital of the fifth Mughal Emperor of India, Shah Jahan. Named for its massive enclosing walls of red sandstone, it is adjacent to an older fort, the Salimgarh, built by Islam Shah Suri in 1546, with which it forms the Red Fort Complex. The private apartments consist of a row of pavilions connected by a continuous water channel, known as the Nahr-i-Behisht (Stream of Paradise). The Red Fort is considered to represent the zenith of Mughal creativity which, under the Shah Jahan, was brought to a new level of refinement. The planning of the palace is based on Islamic prototypes, but each pavilion reveals architectural elements typical of Mughal building, reflecting a fusion of Persian, Timurid and Hindu traditions The Red Fort’s innovative planning and architectural style, including the garden design, strongly influenced later buildings and gardens in Rajasthan, Delhi, Agra and further afield.",,(ii)(iii)(vi),HIGH,10,2,red sandstone; sandstone,Sedimentary,,,capital,base; capital; fort; palace; pavilion; wall,,Criterion_ii; OUV_Stone; OUV_ArchElements; OUV_ArchElements_6+,https://whc.unesco.org/en/list/231,True
1484,"Sites of Japan’s Meiji Industrial Revolution: Iron and Steel, Shipbuilding and Coal Mining",Cultural,Asia and the Pacific,Japan,,,"The site encompasses a series of twenty three component parts, mainly located in the southwest of Japan. It bears testimony to the rapid industrialization of the country from the middle of the 19th century to the early 20th century, through the development of the iron and steel industry, shipbuilding and coal mining. The site illustrates the process by which feudal Japan sought technology transfer from Europe and America from the middle of the 19th century and how this technology was adapted to the country’s needs and social traditions. The site testifies to what is considered to be the first successful transfer of Western industrialization to a non-Western nation.",,(ii)(iv),HIGH,10,1,coal,Sedimentary,,,,,,Criterion_iv; Criterion_ii; OUV_Stone; OUV_Materials,https://whc.unesco.org/en/list/1484,True
1226,Stone Circles of Senegambia,Cultural,Africa,"Gambia,Senegal",,,"The site consists of four large groups of stone circles that represent an extraordinary concentration of over 1,000 monuments in a band 100 km wide along some 350 km of the River Gambia. The four groups, Sine Ngayène, Wanar, Wassu and Kerbatch, cover 93 stone circles and numerous tumuli, burial mounds, some of which have been excavated to reveal material that suggest dates between 3rd century BC and 16th century AD. Together the stone circles of laterite pillars and their associated burial mounds present a vast sacred landscape created over more than 1,500 years. It reflects a prosperous, highly organized and lasting society.",,(i)(iii),HIGH,10,1,laterite,Sedimentary,,,,pillar,stone,Criterion_i; Title_Stone_Keyword; OUV_Stone,https://whc.unesco.org/en/list/1226,True
1026,Val d'Orcia,Cultural,Europe and North America,Italy,,,"The landscape of Val d’Orcia is part of the agricultural hinterland of Siena, redrawn and developed when it was integrated in the territory of the city-state in the 14th and 15th centuries to reflect an idealized model of good governance and to create an aesthetically pleasing picture. The landscape’s distinctive aesthetics, flat chalk plains out of which rise almost conical hills with fortified settlements on top, inspired many artists. Their images have come to exemplify the beauty of well-managed Renaissance agricultural landscapes. The inscription covers: an agrarian and pastoral landscape reflecting innovative land-management systems; towns and villages; farmhouses; and the Roman Via Francigena and its associated abbeys, inns, shrines, bridges, etc.","Criterion (iv): The Val d’Orcia is an exceptional reflection of the way the landscape was re-written in Renaissance times to reflect the ideals of good governance and to create an aesthetically pleasing pictures.
Criterion (vi): The landscape of the Val d’Orcia was celebrated by painters from the Siennese School, which flourished during the Renaissance. Images of the Val d’Orcia, and particularly depictions of landscapes where people are depicted as living in harmony with nature, have come to be seen as icons of the Renaissance and have profoundly influenced the development of landscape thinking.",(iv)(vi),HIGH,10,1,chalk,Sedimentary,,,,abbey; bridge; shrine,,Criterion_iv; OUV_Stone; OUV_ArchElements,https://whc.unesco.org/en/list/1026,True
549,"18th-Century Royal Palace at Caserta with the Park, the Aqueduct of Vanvitelli, and the San Leucio Complex",Cultural,Europe and North America,Italy,,,"The monumental complex at Caserta, created by the Bourbon king Charles III in the mid-18th century to rival Versailles and the Royal Palace in Madrid, is exceptional for the way in which it brings together a magnificent palace with its park and gardens, as well as natural woodland, hunting lodges and a silk factory. It is an eloquent expression of the Enlightenment in material form, integrated into, rather than imposed on, its natural setting.","The Committee decided to inscribe this property on the basis of criteria (i), (ii), (iii) and (iv), considering that the monumental complex at Caserta, whilst cast in the same mould as other 18th century royal establishments, is exceptional for the broad sweep of its design, incorporating not only an imposing palace and park, but also much of the surrounding natural landscape and an ambitious new town laid out according to the urban planning precepts of its time. The industrial complex of the Belvedere, designed to produce silk, is also of outstanding interest because of the idealistic principles that underlay its original conception and management.",(i)(ii)(iii)(iv),HIGH,10,0,,,,,,aqueduct; palace,aqueduct,Criterion_iv; Criterion_i; Criterion_ii; Title_Stone_Keyword,https://whc.unesco.org/en/list/549,True
499,Kairouan,Cultural,Arab States,Tunisia,,,"Founded in 670, Kairouan flourished under the Aghlabid dynasty in the 9th century. Despite the transfer of the political capital to Tunis in the 12th century, Kairouan remained the Maghreb's principal holy city. Its rich architectural heritage includes the Great Mosque, with its marble and porphyry columns, and the 9th-century Mosque of the Three Gates.",,(i)(ii)(iii)(v)(vi),HIGH,10,2,marble; porphyry,Igneous; Metamorphic,,,capital,capital; column; mosque,,Criterion_i; Criterion_ii; OUV_Stone; OUV_ArchElements,https://whc.unesco.org/en/list/499,True
344,Pont du Gard (Roman Aqueduct),Cultural,Europe and North America,France,,,"The Pont du Gard was built shortly before the Christian era to allow the aqueduct of Nîmes (which is almost 50 km long) to cross the Gard river. The Roman architects and hydraulic engineers who designed this bridge, which stands almost 50 m high and is on three levels – the longest measuring 275 m – created a technical as well as an artistic masterpiece.",,(i)(iii)(iv),HIGH,9,0,,,,,,aqueduct; bridge,aqueduct,Criterion_iv; Criterion_i; Title_Stone_Keyword,https://whc.unesco.org/en/list/344,True
1283,Fortifications of Vauban,Cultural,Europe and North America,France,,,"Fortifications of Vauban consists of 12 groups of fortified buildings and sites along the western, northern and eastern borders of France. They represent the finest examples of the work of Sébastien Le Prestre de Vauban (1633-1707), a military engineer of King Louis XIV. The serial property includes towns built from scratch by Vauban, citadels, urban bastion walls and bastion towers. There are also mountain forts, sea forts, a mountain battery and two mountain communication structures. This property is inscribed as bearing witness to the peak of classic fortifications, typical of western military architecture. Vauban also played a major role in the history of fortification in Europe and on other continents until the mid-19th century.",,(i)(ii)(iv),MEDIUM,9,0,,,,,,fort; tower; wall,,Criterion_iv; Criterion_i; Criterion_ii; OUV_ArchElements,https://whc.unesco.org/en/list/1283,True
1279,Mount Wutai,Cultural,Asia and the Pacific,China,,,"With its five flat peaks, Mount Wutai is a sacred Buddhist mountain. The cultural landscape is home to forty-one monasteries and includes the East Main Hall of Foguang Temple, the highest surviving timber building of the Tang dynasty, with life-size clay sculptures. It also features the Ming dynasty Shuxiang Temple with a huge complex of 500 statues representing Buddhist stories woven into three-dimensional pictures of mountains and water. Overall, the buildings on the site catalogue the way in which Buddhist architecture developed and influenced palace building in China for over a millennium. Mount Wutai, literally, 'the five terrace mountain', is the highest in Northern China and is remarkable for its morphology of precipitous slopes with five open treeless peaks. Temples have been built on this site from the 1st century AD to the early 20th century.",,(ii)(iii)(iv)(vi),MEDIUM,9,0,,,,,,monastery; palace; temple; terrace,,Criterion_iv; Criterion_ii; OUV_Materials; OUV_ArchElements,https://whc.unesco.org/en/list/1279,True
228,"Historic Centre of Avignon: Papal Palace, Episcopal Ensemble and Avignon Bridge",Cultural,Europe and North America,France,,,"In the 14th century, this city in the South of France was the seat of the papacy. The Palais des Papes, an austere-looking fortress lavishly decorated by Simone Martini and Matteo Giovanetti, dominates the city, the surrounding ramparts and the remains of a 12th-century bridge over the Rhone. Beneath this outstanding example of Gothic architecture, the Petit Palais and the Romanesque Cathedral of Notre-Dame-des-Doms complete an exceptional group of monuments that testify to the leading role played by Avignon in 14th-century Christian Europe.",,(i)(ii)(iv),MEDIUM,9,0,,,,,,bridge; cathedral; fortress; palace,,Criterion_iv; Criterion_i; Criterion_ii; OUV_ArchElements,https://whc.unesco.org/en/list/228,True
789,Historic Centre of the City of Pienza,Cultural,Europe and North America,Italy,,,"It was in this Tuscan town that Renaissance town-planning concepts were first put into practice after Pope Pius II decided, in 1459, to transform the look of his birthplace. He chose the architect Bernardo Rossellino, who applied the principles of his mentor, Leon Battista Alberti. This new vision of urban space was realized in the superb square known as Piazza Pio II and the buildings around it: the Piccolomini Palace, the Borgia Palace and the cathedral with its pure Renaissance exterior and an interior in the late Gothic style of south German churches.","The Committee decided to inscribe the nominated property on the basis of cultural criteria (i), (ii) and (iv) considering that the site is of outstanding universal value as it represents the first application of the Renaissance Humanist concept of urban design, and as such occupies a seminal position in the development of the concept of the planned ""ideal town"" which was to play a significant role in subsequent urban development in Italy and beyond. The application of this principle in Pienza, and in particular in the group of buildings around the central square, resulted in a masterpiece of human creative genius.",(i)(ii)(iv),MEDIUM,9,0,,,,,tuscan,cathedral; church; palace,,Criterion_iv; Criterion_i; Criterion_ii; OUV_ArchElements,https://whc.unesco.org/en/list/789,True
557,Rock Carvings in Tanum,Cultural,Europe and North America,Sweden,,,"The rock carvings in Tanum, in the north of Bohuslän, are a unique artistic achievement not only for their rich and varied motifs (depictions of humans and animals, weapons, boats and other subjects) but also for their cultural and chronological unity. They reveal the life and beliefs of people in Europe during the Bronze Age and are remarkable for their large numbers and outstanding quality.",,(i)(iii)(iv),HIGH,9,0,,,,,,,rock,Criterion_iv; Criterion_i; Title_Stone_Keyword,https://whc.unesco.org/en/list/557,True
174,Historic Centre of Florence,Cultural,Europe and North America,Italy,,,"Built on the site of an Etruscan settlement, Florence, the symbol of the Renaissance, rose to economic and cultural pre-eminence under the Medici in the 15th and 16th centuries. Its 600 years of extraordinary artistic activity can be seen above all in the 13th-century cathedral (Santa Maria del Fiore), the Church of Santa Croce, the Uffizi and the Pitti Palace, the work of great masters such as Giotto, Brunelleschi, Botticelli and Michelangelo.",,(i)(ii)(iii)(iv)(vi),MEDIUM,9,0,,,,,,cathedral; church; palace,,Criterion_iv; Criterion_i; Criterion_ii; OUV_ArchElements,https://whc.unesco.org/en/list/174,True
1200,Syracuse and the Rocky Necropolis of Pantalica,Cultural,Europe and North America,Italy,,,"The site consists of two separate elements, containing outstanding vestiges dating back to Greek and Roman times: The Necropolis of Pantalica contains over 5,000 tombs cut into the rock near open stone quarries, most of them dating from the 13th to 7th centuries BC. Vestiges of the Byzantine era also remain in the area, notably the foundations of the Anaktoron (Prince’s Palace). The other part of the property, Ancient Syracuse, includes the nucleus of the city’s foundation as Ortygia by Greeks from Corinth in the 8th century BC. The site of the city, which Cicero described as ‘the greatest Greek city and the most beautiful of all’, retains vestiges such as the Temple of Athena (5th century BC, later transformed to serve as a cathedral), a Greek theatre, a Roman amphitheatre, a fort and more. Many remains bear witness to the troubled history of Sicily, from the Byzantines to the Bourbons, interspersed with the Arabo-Muslims, the Normans, Frederick II of the Hohenstaufen dynasty (1197–1250), the Aragons and the Kingdom of the Two Sicilies. Historic Syracuse offers a unique testimony to the development of Mediterranean civilization over three millennia.","Criterion (ii): The sites and monuments which form the Syracuse/Pantalica ensemble constitute a unique accumulation, through the ages and in the same space, of remarkable testimonies to Mediterranean cultures.
Criterion (iii): The Syracuse/Pantalica ensemble offers, through its remarkable cultural diversity, an exceptional testimony to the development of civilisation over some three millennia.
Criterion (iv): The group of monuments and archeological sites situated in Syracuse (between the nucleus of Ortygia and the vestiges located throughout the urban area) is the finest example of outstanding architectural creation spanning several cultural aspects (Greek, Roman and Baroque).
Criterion (vi): Ancient Syracuse was directly linked to events, ideas and literary works of outstanding universal significance.",(ii)(iii)(iv)(vi),MEDIUM,9,0,,,,,quarry,amphitheatre; cathedral; fort; foundation; palace; temple; theatre; tomb,,Criterion_iv; Criterion_ii; OUV_ArchElements; OUV_ArchElements_6+,https://whc.unesco.org/en/list/1200,True
1006,Neolithic Flint Mines at Spiennes (Mons),Cultural,Europe and North America,Belgium,,,"The Neolithic flint mines at Spiennes, covering more than 100 ha, are the largest and earliest concentration of ancient mines in Europe. They are also remarkable for the diversity of technological solutions used for extraction and for the fact that they are directly linked to a settlement of the same period.","Criterion (i): The Neolithic flint mines at Spiennes provide exceptional testimony to early human inventiveness and application.
Criterion (iii): The arrival of the Neolithic cultures marked a major milestone in human cultural and technological development, which is vividly illustrated by the vast complex of ancient flint mines at Spiennes.
Criterion (iv): The flint mines at Spiennes are outstanding examples of the Neolithic mining of flint, which marked a seminal stage of human technological and cultural progress.",(i)(iii)(iv),MEDIUM,9,1,flint,Sedimentary,,,,,,Criterion_iv; Criterion_i; OUV_Stone,https://whc.unesco.org/en/list/1006,True
86,Memphis and its Necropolis – the Pyramid Fields from Giza to Dahshur,Cultural,Arab States,Egypt,,,"The capital of the Old Kingdom of Egypt has some extraordinary funerary monuments, including rock tombs, ornate mastabas, temples and pyramids. In ancient times, the site was considered one of the Seven Wonders of the World.",,(i)(iii)(vi),HIGH,9,0,,,,,capital,capital; pyramid; temple; tomb,pyramid,Criterion_i; Title_Stone_Keyword; OUV_ArchElements,https://whc.unesco.org/en/list/86,True
635,Bourges Cathedral,Cultural,Europe and North America,France,,,"The Cathedral of St Etienne of Bourges, built between the late 12th and late 13th centuries, is one of the great masterpieces of Gothic art and is admired for its proportions and the unity of its design. The tympanum, sculptures and stained-glass windows are particularly striking. Apart from the beauty of the architecture, it attests to the power of Christianity in medieval France.",,(i)(iv),HIGH,9,0,,,,,tympanum,cathedral; tympanum,cathedral,Criterion_iv; Criterion_i; Title_Stone_Keyword,https://whc.unesco.org/en/list/635,True
1361,"Historic Jeddah, the Gate to Makkah",Cultural,Arab States,Saudi Arabia,,,"Historic Jeddah is situated on the eastern shore of the Red Sea. From the 7th century AD it was established as a major port for Indian Ocean trade routes, channelling goods to Mecca. It was also the gateway for Muslim pilgrims to Mecca who arrived by sea. These twin roles saw the city develop into a thriving multicultural centre, characterized by a distinctive architectural tradition, including tower houses built in the late 19th century by the city’s mercantile elites, and combining Red Sea coastal coral building traditions with influences and crafts from along the trade routes.",,(ii)(iv)(vi),MEDIUM,9,0,,,,coral,,gate; gateway; tower,,Criterion_iv; Criterion_ii; Decorative_Mineral; OUV_ArchElements,https://whc.unesco.org/en/list/1361,True
1389,Site of Xanadu,Cultural,Asia and the Pacific,China,,,"North of the Great Wall, the Site of Xanadu encompasses the remains of Kublai Khan&rsquo;s legendary capital city, designed by the Mongol ruler&rsquo;s Chinese advisor Liu Bingzhdong in 1256. Over a surface area of 25,000&nbsp;ha, the site was a unique attempt to assimilate the nomadic Mongolian and Han Chinese cultures. From this base, Kublai Khan established the Yuan dynasty that ruled China over a century, extending its boundaries across Asia. The religious debate that took place here resulted in the dissemination of Tibetan Buddhism over north-east Asia, a cultural and religious tradition still practised in many areas today. The site was planned according to traditional Chinese feng shui in relation to the nearby mountains and river. It features the remains of the city, including temples, palaces, tombs, nomadic encampments and the Tiefan&rsquo;gang Canal, along with other waterworks.",,(ii)(iii)(iv)(vi),MEDIUM,9,0,,,,,capital,base; capital; palace; temple; tomb; wall,,Criterion_iv; Criterion_ii; OUV_ArchElements; OUV_ArchElements_6+,https://whc.unesco.org/en/list/1389,True
1270,Historic Centre of Camagüey,Cultural,Latin America and the Caribbean,Cuba,,,"One of the first seven villages founded by the Spaniards in Cuba, Camagüey played a prominent role as the urban centre of an inland territory dedicated to cattle breeding and the sugar industry. Settled in its current location in 1528, the town developed on the basis of an irregular urban pattern that contains a system of large and minor squares, serpentine streets, alleys and irregular urban blocks, highly exceptional for Latin American colonial towns located in plain territories. The 54 ha Historic Centre of Camagüey constitutes an exceptional example of a traditional urban settlement relatively isolated from main trade routes. The Spanish colonizers followed medieval European influences in terms of urban layout and traditional construction techniques brought to the Americas by their masons and construction masters. The property reflects the influence of numerous styles through the ages: neoclassical, eclectic, Art Deco, Neo-colonial as well as some Art Nouveau and rationalism.",,(iv)(v),MEDIUM,9,1,serpentine,Metamorphic,,serpentine,mason,,,Criterion_iv; OUV_Stone; Decorative_Mineral,https://whc.unesco.org/en/list/1270,True
1698,Sado Island Gold Mines,Cultural,Asia and the Pacific,Japan,,,"The Sado Island Gold Mines is a serial property located on Sado Island, some thirty-five kilometres west of the Niigata Prefecture coast. It is formed of three component parts illustrative of different unmechanised mining methods. Sado Island is of volcanic origin and features two parallel mountain ranges stretching from southwest to northeast and separated by one alluvial plain, the Kuninaka Plain. Gold and silver deposits were formed by the rising of hydrothermal water close to the land surface and forming veins in the rock; tectonic activity first submerged the surface deposits to the seabed, which was later raised again by tectonic movements. Placer deposits were exploited in Nishimikawa Area, located on the north-western side of the Kosado Mountains. In addition, the weathering of the volcanic rock exposed ore veins, which were mined underground at the land surface and deep underground in the Aikawa-Tsurushi Area, at the southern end of the Osado Mountains range. Mostly tangible attributes reflecting mining activities and social and labour organisation are preserved as archaeological elements, both above and below ground, and landscape features.",,(iv),MEDIUM,9,1,volcanic rock,Igneous,,,,,,Criterion_iv; OUV_Stone; OUV_Materials,https://whc.unesco.org/en/list/1698,True
1196,"Architectural, Residential and Cultural Complex of the Radziwill Family at Nesvizh",Cultural,Europe and North America,Belarus,,,"The Architectural, Residential and Cultural Complex of the Radziwill Family at Nesvizh is located in central Belarus. The Radziwill dynasty, who built and kept the ensemble from the 16th century until 1939, gave birth to some of the most important personalities in European history and culture. Due to their efforts, the town of Nesvizh came to exercise great influence in the sciences, arts, crafts and architecture. The complex consists of the residential castle and the mausoleum Church of Corpus Christi with their setting. The castle has ten interconnected buildings, which developed as an architectural whole around a six-sided courtyard. The palaces and church became important prototypes marking the development of architecture throughout Central Europe and Russia.","Criterion (ii): The architectural, residential and cultural complex of the Radziwill family at Nesvizh was the cradle for inoculation of new concepts based on the synthesis of the Western traditions, leading to the establishment of a new architectural school in Central Europe.
Criterion (iv): The Radziwill complex represents an important stage in the development of building typology in the history of architecture of the Central Europe in the 16th and 17th centuries. This concerned particularly the Corpus Christi Church with its typology related to cross-cupola basilica.
Criterion (vi): The Radziwill family was particularly significant for being associated with the interpretation of the influences from Southern and Western Europe and the transmission of the ideas in the Central and Eastern Europe.",(ii)(iv)(vi),MEDIUM,9,0,,,,,,base; basilica; castle; church; courtyard; cupola; mausoleum; palace,,Criterion_iv; Criterion_ii; OUV_ArchElements; OUV_ArchElements_6+,https://whc.unesco.org/en/list/1196,True
313,Historic Centre of Cordoba,Cultural,Europe and North America,Spain,,,"Cordoba's period of greatest glory began in the 8th century after the Moorish conquest, when some 300 mosques and innumerable palaces and public buildings were built to rival the splendours of Constantinople, Damascus and Baghdad. In the 13th century, under Ferdinand III, the Saint, Cordoba's Great Mosque was turned into a cathedral and new defensive structures, particularly the Alcázar de los Reyes Cristianos and the Torre Fortaleza de la Calahorra, were erected.",,(i)(ii)(iii)(iv),MEDIUM,9,0,,,,,,cathedral; mosque; palace,,Criterion_iv; Criterion_i; Criterion_ii; OUV_ArchElements,https://whc.unesco.org/en/list/313,True
45,Rock-Hewn Churches of Ivanovo,Cultural,Europe and North America,Bulgaria,,,"In the valley of the Roussenski Lom River, in north east Bulgaria, a complex of rock-hewn churches, chapels, monasteries and cells developed in the vicinity of the village of Ivanovo. This is where the first hermits had dug out their cells and churches during the 12th century. The 14th-century murals testify to the exceptional skill of the artists belonging to the Tarnovo School of painting.",,(ii)(iii),HIGH,9,0,,,,,,church; monastery,hewn; rock,Criterion_ii; Title_Stone_Keyword; Title_Stone_Keyword,https://whc.unesco.org/en/list/45,True
243,Ellora Caves,Cultural,Asia and the Pacific,India,,,"These 34 monasteries and temples, extending over more than 2 km, were dug side by side in the wall of a high basalt cliff, not far from Aurangabad, in Maharashtra. Ellora, with its uninterrupted sequence of monuments dating from A.D. 600 to 1000, brings the civilization of ancient India to life. Not only is the Ellora complex a unique artistic creation and a technological exploit but, with its sanctuaries devoted to Buddhism, Hinduism and Jainism, it illustrates the spirit of tolerance that was characteristic of ancient India.",,(i)(iii)(vi),MEDIUM,9,1,basalt,Igneous,,,,monastery; sanctuary; temple; wall,,Criterion_i; OUV_Stone; OUV_ArchElements,https://whc.unesco.org/en/list/243,True
788,Early Christian Monuments of Ravenna,Cultural,Europe and North America,Italy,,,"Ravenna was the seat of the Roman Empire in the 5th century and then of Byzantine Italy until the 8th century. It has a unique collection of early Christian mosaics and monuments. All eight buildings – the Mausoleum of Galla Placidia, the Neonian Baptistery, the Basilica of Sant'Apollinare Nuovo, the Arian Baptistery, the Archiepiscopal Chapel, the Mausoleum of Theodoric, the Church of San Vitale and the Basilica of Sant'Apollinare in Classe – were constructed in the 5th and 6th centuries. They show great artistic skill, including a wonderful blend of Graeco-Roman tradition, Christian iconography and oriental and Western styles.","The Committee decided to inscribe the nominated property on the basis of cultural criteria (i), (ii), (iii) and (iv) considering that the site is of outstanding universal value being of remarkable significance by virtue of the supreme artistry of the mosaic art that the monuments contain, and also because of the crucial evidence that they provide of artistic and religious relationships and contacts at an important period of European cultural history.",(i)(ii)(iii)(iv),MEDIUM,9,0,,,,,,basilica; church; mausoleum,,Criterion_iv; Criterion_i; Criterion_ii; OUV_ArchElements,https://whc.unesco.org/en/list/788,True
1442,Silk Roads: the Routes Network of Chang'an-Tianshan Corridor,Cultural,Asia and the Pacific,"China,Kazakhstan,Kyrgyzstan",,,"This property is a 5,000 km section of the extensive Silk Roads network, stretching from Chang’an/Luoyang, the central capital of China in the Han and Tang dynasties, to the Zhetysu region of Central Asia. It took shape between the 2nd century BC and 1st century AD and remained in use until the 16th century, linking multiple civilizations and facilitating far-reaching exchanges of activities in trade, religious beliefs, scientific knowledge, technological innovation, cultural practices and the arts. The thirty-three components included in the routes network include capital cities and palace complexes of various empires and Khan kingdoms, trading settlements, Buddhist cave temples, ancient paths, posthouses, passes, beacon towers, sections of The Great Wall, fortifications, tombs and religious buildings.",,(ii)(iii)(v)(vi),MEDIUM,9,0,,,,,capital; cave temple,capital; palace; temple; tomb; tower; wall,,Criterion_ii; OUV_Construction; OUV_ArchElements; OUV_ArchElements_6+,https://whc.unesco.org/en/list/1442,True
91,"Historic Centre of Rome, the Properties of the Holy See in that City Enjoying Extraterritorial Rights and San Paolo Fuori le Mura",Cultural,Europe and North America,"Holy See,Italy",,,"Founded, according to legend, by Romulus and Remus in 753 BC, Rome was first the centre of the Roman Republic, then of the Roman Empire, and it became the capital of the Christian world in the 4th century. The World Heritage site, extended in 1990 to the walls of Urban VIII, includes some of the major monuments of antiquity such as the Forums, the Mausoleum of Augustus, the Mausoleum of Hadrian, the Pantheon, Trajan’s Column and the Column of Marcus Aurelius, as well as the religious and public buildings of papal Rome.",,(i)(ii)(iii)(iv)(vi),MEDIUM,9,0,,,,,capital,capital; column; mausoleum; wall,,Criterion_iv; Criterion_i; Criterion_ii; OUV_ArchElements,https://whc.unesco.org/en/list/91,True
1488,Diyarbakır Fortress and Hevsel Gardens Cultural Landscape,Cultural,Europe and North America,Türkiye,,,"Located on an escarpment of the Upper Tigris River Basin that is part of the so-called Fertile Crescent, the fortified city of Diyarbakır and the landscape around has been an important centre since the Hellenistic period, through the Roman, Sassanid, Byzantine, Islamic and Ottoman times to the present. The site encompasses the Inner castle, known as İçkale and including the Amida Mound, and the 5.8 km-long city walls of Diyarbakır with their numerous towers, gates, buttresses, and 63 inscriptions. The site also includes the Hevsel Gardens, a green link between the city and the Tigris that supplied the city with food and water, the Anzele water source and the Ten-Eyed Bridge.",,(iv),HIGH,9,0,,,,,,bridge; buttress; castle; fortress; gate; tower; wall,fortress,Criterion_iv; Title_Stone_Keyword; OUV_ArchElements; OUV_ArchElements_6+,https://whc.unesco.org/en/list/1488,True
286,Vatican City,Cultural,Europe and North America,Holy See,,,"The Vatican City, one of the most sacred places in Christendom, attests to a great history and a formidable spiritual venture. A unique collection of artistic and architectural masterpieces lie within the boundaries of this small state. At its centre is St Peter's Basilica, with its double colonnade and a circular piazza in front and bordered by palaces and gardens. The basilica, erected over the tomb of St Peter the Apostle, is the largest religious building in the world, the fruit of the combined genius of Bramante, Raphael, Michelangelo, Bernini and Maderno.",,(i)(ii)(iv)(vi),MEDIUM,9,0,,,,,,basilica; palace; tomb,,Criterion_iv; Criterion_i; Criterion_ii; OUV_ArchElements,https://whc.unesco.org/en/list/286,True
149,Archaeological Park and Ruins of Quirigua,Cultural,Latin America and the Caribbean,Guatemala,,,"Inhabited since the 2nd century A.D., Quirigua had become during the reign of Cauac Sky (723–84) the capital of an autonomous and prosperous state. The ruins of Quirigua contain some outstanding 8th-century monuments and an impressive series of carved stelae and sculpted calendars that constitute an essential source for the study of Mayan civilization.",,(i)(ii)(iv),MEDIUM,9,0,,,,,capital; stelae,capital,,Criterion_iv; Criterion_i; Criterion_ii; OUV_Construction,https://whc.unesco.org/en/list/149,True
439,Imperial Palaces of the Ming and Qing Dynasties in Beijing and Shenyang,Cultural,Asia and the Pacific,China,,,"Seat of supreme power for over five centuries (1416-1911), the Forbidden City in Beijing, with its landscaped gardens and many buildings (whose nearly 10,000 rooms contain furniture and works of art), constitutes a priceless testimony to Chinese civilization during the Ming and Qing dynasties. The Imperial Palace of the Qing Dynasty in Shenyang consists of 114 buildings constructed between 1625–26 and 1783. It contains an important library and testifies to the foundation of the last dynasty that ruled China, before it expanded its power to the centre of the country and moved the capital to Beijing. This palace then became auxiliary to the Imperial Palace in Beijing. This remarkable architectural edifice offers important historical testimony to the history of the Qing Dynasty and to the cultural traditions of the Manchu and other tribes in the north of China.","Criterion (i): The Imperial Palaces represent masterpieces in the development of imperial palace architecture in China.
Criterion (ii): The architecture of the Imperial Palace complexes, particularly in Shenyang, exhibits an important interchange of influences of traditional architecture and Chinese palace architecture particularly in the 17th and 18th centuries.
Criterion (iii): The Imperial Palaces bear exceptional testimony to Chinese civilisation at the time of the Ming and Qing dynasties, being true reserves of landscapes, architecture, furnishings and objects of art, as well as carrying exceptional evidence to the living traditions and the customs of Shamanism practised by the Manchu people for centuries.
Criterion (iv): The Imperial Palaces provide outstanding examples of the greatest palatial architectural ensembles in China. They illustrate the grandeur of the imperial institution from the Qing Dynasty to the earlier Ming and Yuan dynasties, as well as Manchu traditions, and present evidence on the evolution of this architecture in the 17th and 18th centuries.",(i)(ii)(iii)(iv),MEDIUM,9,0,,,,,capital,capital; foundation; palace,,Criterion_iv; Criterion_i; Criterion_ii; OUV_ArchElements,https://whc.unesco.org/en/list/439,True
524,Buddhist Monuments at Sanchi,Cultural,Asia and the Pacific,India,,,"On a hill overlooking the plain and about 40 km from Bhopal, the site of Sanchi comprises a group of Buddhist monuments (monolithic pillars, palaces, temples and monasteries) all in different states of conservation most of which date back to the 2nd and 1st centuries B.C. It is the oldest Buddhist sanctuary in existence and was a major Buddhist centre in India until the 12th century A.D.",,(i)(ii)(iii)(iv)(vi),MEDIUM,9,0,,,,,monolithic,monastery; palace; pillar; sanctuary; temple,,Criterion_iv; Criterion_i; Criterion_ii; OUV_ArchElements,https://whc.unesco.org/en/list/524,True
491,Sanctuary of Asklepios at Epidaurus,Cultural,Europe and North America,Greece,,,"In a small valley in the Peloponnesus, the shrine of Asklepios, the god of medicine, developed out of a much earlier cult of Apollo (Maleatas), during the 6th century BC at the latest, as the official cult of the city state of Epidaurus. Its principal monuments, particularly the temple of Asklepios, the Tholos and the Theatre - considered one of the purest masterpieces of Greek architecture – date from the 4th century. The vast site, with its temples and hospital buildings devoted to its healing gods, provides valuable insight into the healing cults of Greek and Roman times.",,(i)(ii)(iii)(iv)(vi),MEDIUM,9,0,,,,,,sanctuary; shrine; temple; theatre,,Criterion_iv; Criterion_i; Criterion_ii; OUV_ArchElements,https://whc.unesco.org/en/list/491,True
456,Paleochristian and Byzantine Monuments of Thessalonika,Cultural,Europe and North America,Greece,,,"Founded in 315 B.C., the provincial capital and sea port of Thessalonika was one of the first bases for the spread of Christianity. Among its Christian monuments are fine churches, some built on the Greek cross plan and others on the three-nave basilica plan. Constructed over a long period, from the 4th to the 15th century, they constitute a diachronic typological series, which had considerable influence in the Byzantine world. The mosaics of the rotunda, St Demetrius and St David are among the great masterpieces of early Christian art.",,(i)(ii)(iv),MEDIUM,9,0,,,,,capital,basilica; capital; church; nave,,Criterion_iv; Criterion_i; Criterion_ii; OUV_ArchElements,https://whc.unesco.org/en/list/456,True
561,Rangiri Dambulla Cave Temple,Cultural,Asia and the Pacific,Sri Lanka,,,"A sacred pilgrimage site for 22 centuries, this cave monastery, with its five sanctuaries, is the largest, best-preserved cave-temple complex in Sri Lanka. The Buddhist mural paintings (covering an area of 2,100 m2 ) are of particular importance, as are the 157 statues.",,(i)(vi),HIGH,9,0,,,,,cave temple,monastery; sanctuary; temple,cave,Criterion_i; Title_Stone_Keyword; OUV_ArchElements,https://whc.unesco.org/en/list/561,True
1056,Mahabodhi Temple Complex at Bodh Gaya,Cultural,Asia and the Pacific,India,,,"The Mahabodhi Temple Complex is one of the four holy sites related to the life of the Lord Buddha, and particularly to the attainment of Enlightenment. The first temple was built by Emperor Asoka in the 3rd century B.C., and the present temple dates from the 5th or 6th centuries. It is one of the earliest Buddhist temples built entirely in brick, still standing in India, from the late Gupta period.","Criterion (i): The grand 50m high Mahabodhi Temple of the 5th-6th centuries is of immense importance, being one of the earliest temple constructions existing in the Indian sub-continent. It is one of the few representations of the architectural genius of the Indian people in constructing fully developed brick temples in that era.
Criterion (ii): The Mahabodhi Temple, one of the few surviving examples of early brick structures in India, has had significant influence in the development of architecture over the centuries.
Criterion (iii): The site of the Mahabodhi Temple provides exceptional records for the events associated with the life of Buddha and subsequent worship, particularly since Emperor Asoka built the first temple, the balustrades, and the memorial column.
Criterion (iv): The present Temple is one of the earliest and most imposing structures built entirely in brick from the late Gupta period. The sculpted stone balustrades are an outstanding early example of sculptural reliefs in stone.
Criterion (vi): The Mahabodhi Temple Complex in Bodh Gaya has direct association with the life of the Lord Buddha, being the place where He attained the supreme and perfect insight.",(i)(ii)(iii)(iv)(vi),MEDIUM,9,0,,,,,balustrade,balustrade; column; temple,,Criterion_iv; Criterion_i; Criterion_ii; OUV_ArchElements,https://whc.unesco.org/en/list/1056,True
1073,Gebel Barkal and the Sites of the Napatan Region,Cultural,Arab States,Sudan,,,"These five archaeological sites, stretching over more than 60 km in the Nile valley, are testimony to the Napatan (900 to 270 BC) and Meroitic (270 BC to 350 AD) cultures, of the second kingdom of Kush. Tombs, with and without pyramids, temples, living complexes and palaces, are to be found on the site. Since Antiquity, the hill of Gebel Barkal has been strongly associated with religious traditions and folklore. The largest temples are still considered by the local people as sacred places.","Criteria i, ii, iii and iv: The pyramids and tombs, being also part of the special desert border landscape, on the banks of the Nile, are unique in their typology and technique. The remains are the testimony to an ancient important culture which existed and flourished in this region only. Criterion (vi): Since antiquity the hill of Gebel Barkal has been strongly associated with religious traditions and local folklore. For this reason, the largest temples (Amon Temple for example) were built at the foot of the hill and are still considered by the local people as sacred places.",(i)(ii)(iii)(iv)(vi),MEDIUM,9,0,,,,,,palace; pyramid; temple; tomb,,Criterion_iv; Criterion_i; Criterion_ii; OUV_ArchElements,https://whc.unesco.org/en/list/1073,True
1452,Bursa and Cumalıkızık: the Birth of the Ottoman Empire,Cultural,Europe and North America,Türkiye,,,"This property is a serial nomination of eight component sites in the City of Bursa and the nearby village of Cumalıkızık, in the southern Marmara region. The site illustrates the creation of an urban and rural system establishing the Ottoman Empire in the early 14th century. The property embodies the key functions of the social and economic organization of the new capital which evolved around a civic centre. These include commercial districts of khans, kulliyes (religious institutions) integrating mosques, religious schools, public baths and a kitchen for the poor, as well as the tomb of Orhan Ghazi, founder of the Ottoman dynasty. One component outside the historic centre of Bursa is the village of Cumalıkızık, the only rural village of this system to show the provision of hinterland support for the capital.",,(i)(ii)(iv)(vi),MEDIUM,9,0,,,,,capital,bath; capital; mosque; tomb,,Criterion_iv; Criterion_i; Criterion_ii; OUV_ArchElements,https://whc.unesco.org/en/list/1452,True
941,Archaeological Sites of Mycenae and Tiryns,Cultural,Europe and North America,Greece,,,"The archaeological sites of Mycenae and Tiryns are the imposing ruins of the two greatest cities of the Mycenaean civilization, which dominated the eastern Mediterranean world from the 15th to the 12th century B.C. and played a vital role in the development of classical Greek culture. These two cities are indissolubly linked to the Homeric epics, the Iliad and the Odyssey , which have influenced European art and literature for more than three millennia.","Criterion (i): The architecture and design of Mycenae and Tiryns, such as the Lion Gate and the Treasury of Atreus at Mycenae and the walls of Tiryns, are outstanding examples of human creative genius.
Criterion (ii): The Mycenaean civilization, as exemplified by Mycenae and Tiryns, had a profound effect on the development of classical Greek architecture and urban design, and consequently also on contemporary cultural forms.
Criteria (iii) and (iv): Mycenae and Tiryns represent the apogee of the Mycenaean civilization, which laid the foundations for the evolution of later European cultures.
Criterion (vi): Mycenae and Tiryns are indissolubly linked with the Homeric epics, the Iliad and the Odyssey, the influence of which upon European literature and the arts has been profound for more than three millennia.",(i)(ii)(iii)(iv)(vi),MEDIUM,9,0,,,,,,foundation; gate; wall,,Criterion_iv; Criterion_i; Criterion_ii; OUV_ArchElements,https://whc.unesco.org/en/list/941,True
1077,Takht-e Soleyman,Cultural,Asia and the Pacific,Iran (Islamic Republic of),,,"The archaeological site of Takht-e Soleyman, in north-western Iran, is situated in a valley set in a volcanic mountain region. The site includes the principal Zoroastrian sanctuary partly rebuilt in the Ilkhanid (Mongol) period (13th century) as well as a temple of the Sasanian period (6th and 7th centuries) dedicated to Anahita. The site has important symbolic significance. The designs of the fire temple, the palace and the general layout have strongly influenced the development of Islamic architecture.","Criterion i: Takht-e Soleyman is an outstanding ensemble of royal architecture, joining the principal architectural elements created by the Sasanians in a harmonious composition inspired by their natural context.
Criterion ii: The composition and the architectural elements created by the Sasanians at Takht-e Soleyman have had strong influence not only in the development of religious architecture in the Islamic period, but also in other cultures.
Criterion iii: The ensemble of Takht-e Soleyman is an exceptional testimony of the continuation of cult related to fire and water over a period of some two and half millennia. The archaeological heritage of the site is further enriched by the Sasanian town, which is still to be excavated.
Criterion iv: Takht-e Soleyman represents an outstanding example of Zoroastrian sanctuary, integrated with Sasanian palatial architecture within a composition, which can be seen as a prototype.
Criterion vi: As the principal Zoroastrian sanctuary, Takht-e Soleyman is the foremost site associated with one of the early monotheistic religions of the world. The site has many important symbolic relationships, being also a testimony of the association of the ancient beliefs, much earlier than the Zoroastrianism, as well as in its association with significant biblical figures and legends.",(i)(ii)(iii)(iv)(vi),MEDIUM,9,0,,,,,,palace; sanctuary; temple,,Criterion_iv; Criterion_i; Criterion_ii; OUV_ArchElements,https://whc.unesco.org/en/list/1077,True
331,Medina of Marrakesh,Cultural,Arab States,Morocco,,,"Founded in 1070–72 by the Almoravids, Marrakesh remained a political, economic and cultural centre for a long period. Its influence was felt throughout the western Muslim world, from North Africa to Andalusia. It has several impressive monuments dating from that period: the Koutoubiya Mosque, the Kasbah, the battlements, monumental doors, gardens, etc. Later architectural jewels include the Badiâ Palace, the Ben Youssef Madrasa, the Saadian Tombs, several great residences and Place Jamaâ El Fna, a veritable open-air theatre.",,(i)(ii)(iv)(v),MEDIUM,9,0,,,,,battlement,mosque; palace; theatre,,Criterion_iv; Criterion_i; Criterion_ii; OUV_ArchElements,https://whc.unesco.org/en/list/331,True
1631,Frontiers of the Roman Empire – The Lower German Limes,Cultural,Europe and North America,"Germany,Netherlands (Kingdom of the)",,,"Following the left bank of the Lower Rhine River for approximately 400 km from the Rhenish Massif in Germany to the North Sea coast in the Netherlands, the transnational property consist of 102 components from one section of the frontiers of the Roman Empire, which in the 2nd century CE, stretched across Europe, the Near East, and North Africa, over 7,500 km. The property comprises military and civilian sites and infrastructure that marked the edge of Lower Germany from the 1st to 5th centuries CE. Archaeological remains in the property include legionary fortresses, forts, fortlets, towers, temporary camps, roads, harbours, a fleet base, a canal and an aqueduct, as well as civilian settlements, towns, cemeteries, sanctuaries, an amphitheatre, and a palace. Almost all of these archaeological remains are buried underground. Waterlogged deposits in the property have enabled a high degree of preservation of both structural and organic materials from the Roman periods of occupation and use.",,(ii)(iii)(iv),MEDIUM,9,0,,,,,,amphitheatre; aqueduct; base; fort; fortress; palace; sanctuary; tower,,Criterion_iv; Criterion_ii; OUV_ArchElements; OUV_ArchElements_6+,https://whc.unesco.org/en/list/1631,True
1398,Gonbad-e Qābus,Cultural,Asia and the Pacific,Iran (Islamic Republic of),,,"The 53&nbsp;m high tomb built in ad 1006 for Qābus Ibn Voshmgir, Ziyarid ruler and literati, near the ruins of the ancient city of Jorjan in north-east Iran, bears testimony to the cultural exchange between Central Asian nomads and the ancient civilization of Iran. The tower is the only remaining evidence of Jorjan, a former centre of arts and science that was destroyed during the Mongols&rsquo; invasion in the 14th and 15th centuries. It is an outstanding and technologically innovative example of Islamic architecture that influenced sacral building in Iran, Anatolia and Central Asia. Built of unglazed fired bricks, the monument&rsquo;s intricate geometric forms constitute a tapering cylinder with a diameter of 17&ndash;15.5&nbsp;m, topped by a conical brick roof. It illustrates the development of mathematics and science in the Muslim world at the turn of the first millennium AD.",,(i)(ii)(iii)(iv),MEDIUM,9,0,,,,,,roof; tomb; tower,,Criterion_iv; Criterion_i; Criterion_ii; OUV_ArchElements,https://whc.unesco.org/en/list/1398,True
1188,Soltaniyeh,Cultural,Asia and the Pacific,Iran (Islamic Republic of),,,"The mausoleum of Oljaytu was constructed in 1302–12 in the city of Soltaniyeh, the capital of the Ilkhanid dynasty, which was founded by the Mongols. Situated in the province of Zanjan, Soltaniyeh is one of the outstanding examples of the achievements of Persian architecture and a key monument in the development of its Islamic architecture. The octagonal building is crowned with a 50 m tall dome covered in turquoise-blue faience and surrounded by eight slender minarets. It is the earliest existing example of the double-shelled dome in Iran. The mausoleum’s interior decoration is also outstanding and scholars such as A.U. Pope have described the building as ‘anticipating the Taj Mahal’.","Criterion (ii):  The Mausoleum of Oljaytu forms an essential link in the development of the Islamic architecture in central and western Asia, from the classical Seljuk phase into the Timurid period. This is particularly relevant to the double-shell structure and the elaborate use of materials and themes in the decoration.
Criterion (iii):  Soltaniyeh as the ancient capital of the Ilkhanid dynasty represents an exceptional testimony to the history of the 13th and 14th centuries.
Criterion (iv):  The Mausoleum of Oljaytu represents an outstanding achievement in the development of Persian architecture particularly in the Ilkhanid period, characterized by its innovative engineering structure, spatial proportions, architectural forms and the decorative patterns and techniques.",(ii)(iii)(iv),MEDIUM,9,0,,,,turquoise,capital,capital; dome; mausoleum; minaret,,Criterion_iv; Criterion_ii; Decorative_Mineral; OUV_ArchElements,https://whc.unesco.org/en/list/1188,True
164,"Arles, Roman and Romanesque Monuments",Cultural,Europe and North America,France,,,"Arles is a good example of the adaptation of an ancient city to medieval European civilization. It has some impressive Roman monuments, of which the earliest – the arena, the Roman theatre and the cryptoporticus (subterranean galleries) – date back to the 1st century B.C. During the 4th century Arles experienced a second golden age, as attested by the baths of Constantine and the necropolis of Alyscamps. In the 11th and 12th centuries, Arles once again became one of the most attractive cities in the Mediterranean. Within the city walls, Saint-Trophime, with its cloister, is one of Provence's major Romanesque monuments.",,(ii)(iv),MEDIUM,9,0,,,,,,arena; bath; cloister; gallery; theatre; wall,,Criterion_iv; Criterion_ii; OUV_ArchElements; OUV_ArchElements_6+,https://whc.unesco.org/en/list/164,True
1345,Sheikh Safi al-din Khānegāh and Shrine Ensemble in Ardabil,Cultural,Asia and the Pacific,Iran (Islamic Republic of),,,"Built between the beginning of the 16th century and the end of the 18th century, this place of spiritual retreat in the Sufi tradition uses Iranian traditional architectural forms to maximize use of available space to accommodate a variety of functions (including a library, a mosque, a school, mausolea, a cistern, a hospital, kitchens, a bakery, and some offices). It incorporates a route to reach the shrine of the Sheikh divided into seven segments, which mirror the seven stages of Sufi mysticism, separated by eight gates, which represent the eight attitudes of Sufism. The ensemble includes well-preserved and richly ornamented facades and interiors, with a remarkable collection of antique artefacts. It constitutes a rare ensemble of elements of medieval Islamic architecture.",,(i)(ii)(iv),MEDIUM,9,0,,,,,,facade; gate; mosque; shrine,,Criterion_iv; Criterion_i; Criterion_ii; OUV_ArchElements,https://whc.unesco.org/en/list/1345,True
1106,Pasargadae,Cultural,Asia and the Pacific,Iran (Islamic Republic of),,,"Pasargadae was the first dynastic capital of the Achaemenid Empire, founded by Cyrus II the Great, in Pars, homeland of the Persians, in the 6th century BC. Its palaces, gardens and the mausoleum of Cyrus are outstanding examples of the first phase of royal Achaemenid art and architecture and exceptional testimonies of Persian civilization. Particularly noteworthy vestiges in the 160-ha site include: the Mausoleum of Cyrus II; Tall-e Takht, a fortified terrace; and a royal ensemble of gatehouse, audience hall, residential palace and gardens. Pasargadae was the capital of the first great multicultural empire in Western Asia. Spanning the Eastern Mediterranean and Egypt to the Hindus River, it is considered to be the first empire that respected the cultural diversity of its different peoples. This was reflected in Achaemenid architecture, a synthetic representation of different cultures.","Criterion (i): Pasargadae is the first outstanding expression of the royal Achaemenid architecture.
Criterion (ii): The dynastic capital of Pasargadae was built by Cyrus the Great with a contribution by different peoples of the empire created by him. It became a fundamental phase in the evolution of the classic Persian art and architecture.
Criterion (iii): The archaeological site of Pasargadae with its palaces, gardens, and the tomb of the founder of the dynasty, Cyrus the Great, represents an exceptional testimony to the Achaemenid civilisation in Persia.
Criterion (iv): The ‘Four Gardens’ type of royal ensemble, which was created in Pasargadae became a prototype for Western Asian architecture and design.",(i)(ii)(iii)(iv),MEDIUM,9,0,,,,,capital,capital; mausoleum; palace; terrace; tomb,,Criterion_iv; Criterion_i; Criterion_ii; OUV_ArchElements,https://whc.unesco.org/en/list/1106,True
377,Hattusha: the Hittite Capital,Cultural,Europe and North America,Türkiye,,,"The archaeological site of Hattusha, former capital of the Hittite Empire, is notable for its urban organization, the types of construction that have been preserved (temples, royal residences, fortifications), the rich ornamentation of the Lions' Gate and the Royal Gate, and the ensemble of rock art at Yazilikaya. The city enjoyed considerable influence in Anatolia and northern Syria in the 2nd millennium B.C.",,(i)(ii)(iii)(iv),MEDIUM,9,0,,,,,capital,capital; gate; temple,,Criterion_iv; Criterion_i; Criterion_ii; OUV_ArchElements,https://whc.unesco.org/en/list/377,True
426,Palace of Westminster and Westminster Abbey including Saint Margaret’s Church,Cultural,Europe and North America,United Kingdom of Great Britain and Northern Ireland,,,"Westminster Palace, rebuilt from the year 1840 on the site of important medieval remains, is a fine example of neo-Gothic architecture. The site – which also comprises the small medieval Church of Saint Margaret, built in Perpendicular Gothic style, and Westminster Abbey, where all the sovereigns since the 11th century have been crowned – is of great historic and symbolic significance.",,(i)(ii)(iv),MEDIUM,9,0,,,,,,abbey; church; palace,,Criterion_iv; Criterion_i; Criterion_ii; OUV_ArchElements,https://whc.unesco.org/en/list/426,True
1310,"Cidade Velha, Historic Centre of Ribeira Grande",Cultural,Africa,Cabo Verde,,,"The town of Ribeira Grande, renamed Cidade Velha in the late 18th century, was the first European colonial outpost in the tropics. Located in the south of the island of Santiago, the town features some of the original street layout impressive remains including two churches, a royal fortress and Pillory Square with its ornate 16th century marble pillar.",,(ii)(iii)(vi),MEDIUM,8,1,marble,Metamorphic,,,,church; fortress; pillar,,Criterion_ii; OUV_Stone; OUV_ArchElements,https://whc.unesco.org/en/list/1310,True
1113,Fujian Tulou,Cultural,Asia and the Pacific,China,,,"Fujian Tulou is a property of 46 buildings constructed between the 15th and 20th centuries over 120 km in south-west of Fujian province, inland from the Taiwan Strait. Set amongst rice, tea and tobacco fields the Tulou are earthen houses. Several storeys high, they are built along an inward-looking, circular or square floor plan as housing for up to 800 people each. They were built for defence purposes around a central open courtyard with only one entrance and windows to the outside only above the first floor. Housing a whole clan, the houses functioned as village units and were known as “a little kingdom for the family” or “bustling small city.” They feature tall fortified mud walls capped by tiled roofs with wide over-hanging eaves. The most elaborate structures date back to the 17th and 18th centuries. The buildings were divided vertically between families with each disposing of two or three rooms on each floor. In contrast with their plain exterior, the inside of the tulou were built for comfort and were often highly decorated. They are inscribed as exceptional examples of a building tradition and function exemplifying a particular type of communal living and defensive organization, and, in terms of their harmonious relationship with their environment, an outstanding example of human settlement.",,(iii)(iv)(v),MEDIUM,8,0,,,,,,courtyard; floor; roof; wall,,Criterion_iv; OUV_Materials; OUV_ArchElements,https://whc.unesco.org/en/list/1113,True
518,Poblet Monastery,Cultural,Europe and North America,Spain,,,"This Cistercian abbey in Catalonia is one of the largest in Spain. At its centre is a 12th-century church. The austere, majestic monastery, which has a fortified royal residence and contains the pantheon of the kings of Catalonia and Aragon, is an impressive sight.",,(i)(iv),MEDIUM,8,0,,,,,,abbey; church; monastery,,Criterion_iv; Criterion_i; OUV_ArchElements,https://whc.unesco.org/en/list/518,True
1501,Antequera Dolmens Site,Cultural,Europe and North America,Spain,,,"Located at the heart of Andalusia in southern Spain, the site comprises three megalithic monuments: the Menga and Viera dolmens and the Tholos of El Romeral, and two natural monuments: La Peña de los Enamorados and El Torcal mountainous formations, which are landmarks within the property. Built during the Neolithic and Bronze Age out of large stone blocks, these monuments form chambers with lintelled roofs or false cupolas. These three tombs, buried beneath their original earth tumuli, are one of the most remarkable architectural works of European prehistory and one of the most important examples of European Megalithism.",,(i)(iii)(iv),MEDIUM,8,0,,,,,megalithic,cupola; roof; tomb,,Criterion_iv; Criterion_i; OUV_ArchElements,https://whc.unesco.org/en/list/1501,True
1561,Quanzhou: Emporium of the World in Song-Yuan China,Cultural,Asia and the Pacific,China,,,"The serial site of Quanzhou illustrates the city’s vibrancy as a maritime emporium during the Song and Yuan periods (10th - 14th centuries AD) and its interconnection with the Chinese hinterland. Quanzhou thrived during a highly significant period for maritime trade in Asia. The site encompasses religious buildings, including the 11th century AD Qingjing Mosque, one of the earliest Islamic edifices in China, Islamic tombs, and a wide range of archaeological remains: administrative buildings, stone docks that were important for commerce and defence, sites of ceramic and iron production, elements of the city’s transportation network, ancient bridges, pagodas, and inscriptions. Known as Zayton in Arabic and western texts of the 10th to 14th centuries AD.",,(iv),MEDIUM,8,0,,,,,building stone,bridge; mosque; pagoda; tomb,,Criterion_iv; OUV_Materials; OUV_ArchElements,https://whc.unesco.org/en/list/1561,True
804,"Palau de la Música Catalana and Hospital de Sant Pau, Barcelona",Cultural,Europe and North America,Spain,,,"These are two of the finest contributions to Barcelona's architecture by the Catalan art nouveau architect Lluís Domènech i Montaner. The Palau de la Música Catalana is an exuberant steel-framed structure full of light and space, and decorated by many of the leading designers of the day. The Hospital de Sant Pau is equally bold in its design and decoration, while at the same time perfectly adapted to the needs of the sick.","The Committee decided to inscribe these two properties on the basis of criteria (i), (ii) and (iv), considering that the Palau de la Música Catalana and the Hospital de Sant Pau in Barcelona are masterpieces of the imaginative and exuberant Art Nouveau that flowered in early 20th century Barcelona.",(i)(ii)(iv),MEDIUM,8,0,,,,,,,,Criterion_iv; Criterion_i; Criterion_ii; OUV_Materials,https://whc.unesco.org/en/list/804,True
316,Burgos Cathedral,Cultural,Europe and North America,Spain,,,"Our Lady of Burgos was begun in the 13th century at the same time as the great cathedrals of the Ile-de-France and was completed in the 15th and 16th centuries. The entire history of Gothic art is summed up in its superb architecture and its unique collection of works of art, including paintings, choir stalls, reredos, tombs and stained-glass windows.",,(ii)(iv)(vi),HIGH,8,0,,,,,,cathedral; tomb,cathedral,Criterion_iv; Criterion_ii; Title_Stone_Keyword,https://whc.unesco.org/en/list/316,True
707,"Historic Ensemble of the Potala Palace, Lhasa",Cultural,Asia and the Pacific,China,,,"The Potala Palace, winter palace of the Dalai Lama since the 7th century, symbolizes Tibetan Buddhism and its central role in the traditional administration of Tibet. The complex, comprising the White and Red Palaces with their ancillary buildings, is built on Red Mountain in the centre of Lhasa Valley, at an altitude of 3,700m. Also founded in the 7th century, the Jokhang Temple Monastery is an exceptional Buddhist religious complex. Norbulingka, the Dalai Lama's former summer palace, constructed in the 18th century, is a masterpiece of Tibetan art. The beauty and originality of the architecture of these three sites, their rich ornamentation and harmonious integration in a striking landscape, add to their historic and religious interest.",,(i)(iv)(vi),MEDIUM,8,0,,,,,,monastery; palace; temple,,Criterion_iv; Criterion_i; OUV_ArchElements,https://whc.unesco.org/en/list/707,True
817,Hwaseong Fortress,Cultural,Asia and the Pacific,Republic of Korea,,,"When the Joseon King Jeongjo moved his father's tomb to Suwon at the end of the 18th century, he surrounded it with strong defensive works, laid out according to the precepts of an influential military architect of the period, who brought together the latest developments in the field from both East and West. The massive walls, extending for nearly 6 km, still survive; they are pierced by four gates and equipped with bastions, artillery towers and other features.","The Committee decided to inscribe this property on the basis of criteria (ii) and (iii), considering that the Hwaseong Fortress is an outstanding example of early modern military architecture, incorporating the most highly developed features of that science from both east and west.",(ii)(iii),HIGH,8,0,,,,,,fortress; gate; tomb; tower; wall,fortress,Criterion_ii; Title_Stone_Keyword; OUV_ArchElements,https://whc.unesco.org/en/list/817,True
95,Old City of Dubrovnik,Cultural,Europe and North America,Croatia,,,"The 'Pearl of the Adriatic', situated on the Dalmatian coast, became an important Mediterranean sea power from the 13th century onwards. Although severely damaged by an earthquake in 1667, Dubrovnik managed to preserve its beautiful Gothic, Renaissance and Baroque churches, monasteries, palaces and fountains. Damaged again in the 1990s by armed conflict, it is now the focus of a major restoration programme co-ordinated by UNESCO.",,(i)(iii)(iv),MEDIUM,8,0,,,,,,church; monastery; palace,,Criterion_iv; Criterion_i; OUV_ArchElements,https://whc.unesco.org/en/list/95,True
833,Su Nuraxi di Barumini,Cultural,Europe and North America,Italy,,,"During the late 2nd millennium B.C. in the Bronze Age, a special type of defensive structure known as nuraghi (for which no parallel exists anywhere else in the world) developed on the island of Sardinia. The complex consists of circular defensive towers in the form of truncated cones built of dressed stone, with corbel-vaulted internal chambers. The complex at Barumini, which was extended and reinforced in the first half of the 1st millennium under Carthaginian pressure, is the finest and most complete example of this remarkable form of prehistoric architecture.","The Committee decided to inscribe this property on the basis of cultural criteria (i), (iii) and (iv), considering that the nuraghe of Sardinia, of which Su Nuraxi is the pre-eminent example, represent an exceptional response to political and social conditions, making an imaginative and innovative use of the materials and techniques available to a prehistoric island community.",(i)(iii)(iv),MEDIUM,8,0,,,,,,corbel; tower; vault,,Criterion_iv; Criterion_i; OUV_ArchElements,https://whc.unesco.org/en/list/833,True
1016,Historical Centre of the City of Arequipa,Cultural,Latin America and the Caribbean,Peru,,,"The historic centre of Arequipa, built in volcanic sillar rock, represents an integration of European and native building techniques and characteristics, expressed in the admirable work of colonial masters and Criollo and Indian masons. This combination of influences is illustrated by the city's robust walls, archways and vaults, courtyards and open spaces, and the intricate Baroque decoration of its facades.","Criterion i The ornamented architecture in the historic centre of Arequipa represents a masterpiece of the creative integration of European and native characteristics, crucial for the cultural expression of the entire region. Criterion iv The historic centre of Arequipa is an outstanding example of a colonial settlement, challenged by the natural conditions, the indigenous influences, the process of conquest and evangelization, as well as the spectacular nature of its setting.",(i)(iv),MEDIUM,8,0,,,,,mason,courtyard; facade; vault; wall,,Criterion_iv; Criterion_i; OUV_ArchElements,https://whc.unesco.org/en/list/1016,True
925,Rock Shelters of Bhimbetka,Cultural,Asia and the Pacific,India,,,"The Rock Shelters of Bhimbetka are in the foothills of the Vindhyan Mountains on the southern edge of the central Indian plateau. Within massive sandstone outcrops, above comparatively dense forest, are five clusters of natural rock shelters, displaying paintings that appear to date from the Mesolithic Period right through to the historical period. The cultural traditions of the inhabitants of the twenty-one villages adjacent to the site bear a strong resemblance to those represented in the rock paintings.","Criterion (iii): Bhimbetka reflects a long interaction between people and the landscape, as demonstrated in the quantity and quality of its rock art. Criterion (v): Bhimbetka is closely associated with a hunting and gathering economy as demonstrated in the rock art and in the relicts of this tradition in the local adivasi villages on the periphery of this site.",(iii)(v),HIGH,8,1,sandstone,Sedimentary,,,,,rock,Title_Stone_Keyword; OUV_Stone,https://whc.unesco.org/en/list/925,True
1101,Champaner-Pavagadh Archaeological Park,Cultural,Asia and the Pacific,India,,,"A concentration of largely unexcavated archaeological, historic and living cultural heritage properties cradled in an impressive landscape which includes prehistoric (chalcolithic) sites, a hill fortress of an early Hindu capital, and remains of the 16th-century capital of the state of Gujarat. The site also includes, among other vestiges, fortifications, palaces, religious buildings, residential precincts, agricultural structures and water installations, from the 8th to 14th centuries. The Kalikamata Temple on top of Pavagadh Hill is considered to be an important shrine, attracting large numbers of pilgrims throughout the year. The site is the only complete and unchanged Islamic pre-Mughal city.","Criterion (iii): The Champaner-Pavagadh Archaeological Park with its ancient Hindu architecture, temples and special water retaining installations together with its religious, military and agricultural structures, dating back to the regional Capital City built by Mehmud Begda in the 16th century, represents cultures which have disappeared.
Criterion (iv): The structures represent a perfect blend of Hindu-Moslem architecture, mainly in the Great Mosque (Jami Masjid), which was a model for later mosque architecture in India. This special style comes from the significant period of regional sultanates.
Criterion (v): The Champaner-Pavagadh Archaeological Park is an outstanding example of a very short living Capital, making the best use of its setting, topography and natural features. It is quite vulnerable due to abandonment, forest takeover and modern life.
Criterion (vi): The Champaner-Pavagadh Archaeological Park is a place of worship and continuous pilgrimage for Hindu believers.",(iii)(iv)(v)(vi),MEDIUM,8,0,,,,,capital,capital; fortress; mosque; palace; shrine; temple,,Criterion_iv; OUV_ArchElements; OUV_ArchElements_6+,https://whc.unesco.org/en/list/1101,True
241,Group of Monuments at Hampi,Cultural,Asia and the Pacific,India,,,"The austere, grandiose site of Hampi was the last capital of the last great Hindu Kingdom of Vijayanagar. Its fabulously rich princes built Dravidian temples and palaces which won the admiration of travellers between the 14th and 16th centuries. Conquered by the Deccan Muslim confederacy in 1565, the city was pillaged over a period of six months before being abandoned.",,(i)(iii)(iv),MEDIUM,8,0,,,,,capital,capital; palace; temple,,Criterion_iv; Criterion_i; OUV_ArchElements,https://whc.unesco.org/en/list/241,True
592,Borobudur Temple Compounds,Cultural,Asia and the Pacific,Indonesia,,,"This famous Buddhist temple, dating from the 8th and 9th centuries, is located in central Java. It was built in three tiers: a pyramidal base with five concentric square terraces, the trunk of a cone with three circular platforms and, at the top, a monumental stupa. The walls and balustrades are decorated with fine low reliefs, covering a total surface area of 2,500 m2. Around the circular platforms are 72 openwork stupas, each containing a statue of the Buddha. The monument was restored with UNESCO's help in the 1970s.",,(i)(ii)(vi),MEDIUM,8,0,,,,,balustrade,balustrade; base; stupa; temple; terrace; wall,,Criterion_i; Criterion_ii; OUV_ArchElements; OUV_ArchElements_6+,https://whc.unesco.org/en/list/592,True
1610,Ombilin Coal Mining Heritage of Sawahlunto,Cultural,Asia and the Pacific,Indonesia,,,"Built for the extraction, processing and transport of high-quality coal in an inaccessible region of Sumatra, this industrial site was developed by the Netherlands East Indies’ government in the globally important period of industrialisation from the late 19th to the beginning of the 20th century. The workforce was recruited from the local Minangkabau people and supplemented by Javanese and Chinese contract workers, and convict labourers from Dutch-controlled areas. It comprises the mining site and company town, coal storage facilities at the port of Emmahaven and the railway network linking the mines to the coastal facilities. The Ombilin Coal Mining Heritage was built as an integrated system that enabled the efficient deep-bore extraction, processing, transport and shipment of coal. It is also an outstanding testimony of exchange and fusion between local knowledge and practices and European technology.",,(ii)(iv),MEDIUM,8,1,coal,Sedimentary,,,,,,Criterion_iv; Criterion_ii; OUV_Stone,https://whc.unesco.org/en/list/1610,True
482,Historic Town of Guanajuato and Adjacent Mines,Cultural,Latin America and the Caribbean,Mexico,,,"Founded by the Spanish in the early 16th century, Guanajuato became the world's leading silver-extraction centre in the 18th century. This past can be seen in its 'subterranean streets' and the 'Boca del Inferno', a mineshaft that plunges a breathtaking 600 m. The town's fine Baroque and neoclassical buildings, resulting from the prosperity of the mines, have influenced buildings throughout central Mexico. The churches of La Compañía and La Valenciana are considered to be among the most beautiful examples of Baroque architecture in Central and South America. Guanajuato was also witness to events which changed the history of the country.",,(i)(ii)(iv)(vi),MEDIUM,8,0,,,,,,church,,Criterion_iv; Criterion_i; Criterion_ii; OUV_Materials,https://whc.unesco.org/en/list/482,True
204,Old Havana and its Fortification System,Cultural,Latin America and the Caribbean,Cuba,,,"Havana was founded in 1519 by the Spanish. By the 17th century, it had become one of the Caribbean's main centres for ship-building. Although it is today a sprawling metropolis of 2 million inhabitants, its old centre retains an interesting mix of Baroque and neoclassical monuments, and a homogeneous ensemble of private houses with arcades, balconies, wrought-iron gates and internal courtyards.",,(iv)(v),MEDIUM,8,0,,,,,,balcony; courtyard; gate,,Criterion_iv; OUV_Materials; OUV_ArchElements,https://whc.unesco.org/en/list/204,True
1708,Via Appia. Regina Viarum,Cultural,Europe and North America,Italy,,,"More than 800 kilometres long, the Via Appia is the oldest and most important of the great roads built by the Ancient Romans. Constructed and developed from 312 BCE to the 4th century CE, it was originally conceived as a strategic road for military conquest, advancing towards the East and Asia Minor. The Via Appia later enabled the cities it connected to grow and new settlements emerged, facilitating agricultural production and trade. This property, composed of 19 component parts, is a fully developed ensemble of engineering works, illustrating the advanced technical skill of Roman engineers in the construction of roads, civil engineering projects, infrastructure and sweeping land reclamation works, as well as a vast series of monumental structures including, for example, triumphal arches, baths, amphitheatres and basilicas, aqueducts, canals, bridges, and public fountains.",,(iii)(iv)(vi),MEDIUM,8,0,,,,,,amphitheatre; aqueduct; arch; basilica; bath; bridge,,Criterion_iv; OUV_ArchElements; OUV_ArchElements_6+,https://whc.unesco.org/en/list/1708,True
913,Shrines and Temples of Nikko,Cultural,Asia and the Pacific,Japan,,,"The shrines and temples of Nikko, together with their natural surroundings, have for centuries been a sacred site known for its architectural and decorative masterpieces. They are closely associated with the history of the Tokugawa Shoguns.","Criterion (i): The Nikko shrines and temples are a reflection of architectural and artistic genius; this aspect is reinforced by the harmonious integration of the buildings in a forest and a natural site laid out by people.
Criterion (iv): Nikko is a perfect illustration of the architectural style of the Edo period as applied to Shinto shrines and Buddhist temples. The Gongen-zukuri style of the two mausoleums, the Tôshôgu and the Taiyû-in Reibyô, reached the peak of its expression in Nikko, and was later to exert a decisive influence. The ingenuity and creativity of its architects and decorators are revealed in an outstanding and distinguished manner.
Criterion (vi): The Nikko shrines and temples, together with their environment, are an outstanding example of a traditional Japanese religious centre, associated with the Shinto perception of the relationship of man with nature, in which mountains and forests have a sacred meaning and are objects of veneration, in a religious practice that is still very much alive today.",(i)(iv)(vi),MEDIUM,8,0,,,,,,mausoleum; shrine; temple,,Criterion_iv; Criterion_i; OUV_ArchElements,https://whc.unesco.org/en/list/913,True
476,Chongoni Rock-Art Area,Cultural,Africa,Malawi,,,"Situated within a cluster of forested granite hills and covering an area of 126.4 km2, high up the plateau of central Malawi, the 127 sites of this area feature the richest concentration of rock art in Central Africa. They reflect the comparatively scarce tradition of farmer rock art, as well as paintings by BaTwa hunter-gatherers who inhabited the area from the late Stone Age. The Chewa agriculturalists, whose ancestors lived there from the late Iron Age, practised rock painting until well into the 20th century. The symbols in the rock art, which are strongly associated with women, still have cultural relevance amongst the Chewa, and the sites are actively associated with ceremonies and rituals.",,(iii)(vi),HIGH,8,1,granite,Igneous,,,,,rock,Title_Stone_Keyword; OUV_Stone,https://whc.unesco.org/en/list/476,True
327,Quseir Amra,Cultural,Arab States,Jordan,,,"Built in the early 8th century, this exceptionally well-preserved desert castle was both a fortress with a garrison and a residence of the Umayyad caliphs. The most outstanding features of this small pleasure palace are the reception hall and the hammam, both richly decorated with figurative murals that reflect the secular art of the time.",,(i)(iii)(iv),MEDIUM,8,0,,,,,,castle; fortress; palace,,Criterion_iv; Criterion_i; OUV_ArchElements,https://whc.unesco.org/en/list/327,True
1093,Um er-Rasas (Kastrom Mefa'a),Cultural,Arab States,Jordan,,,"Most of this archaeological site, which started as a Roman military camp and grew to become a town from the 5th century, has not been excavated. It contains remains from the Roman, Byzantine and Early Muslim periods (end of 3rd to 9th centuries AD) and a fortified Roman military camp. The site also has 16 churches, some with well-preserved mosaic floors. Particularly noteworthy is the mosaic floor of the Church of Saint Stephen with its representation of towns in the region. Two square towers are probably the only remains of the practice, well known in this part of the world, of the stylites (ascetic monks who spent time in isolation atop a column or tower). Um er-Rasas is surrounded by, and dotted with, remains of ancient agricultural cultivation in an arid area.","Criterion (i): Um er-Rasas is a masterpiece of human creative genius given the artistic and technical qualities of the mosaic floor of St Stephen's church.
Criterion (iv): Um er-Rasas presents a unique and complete (therefore outstanding) example of stylite towers.
Criterion (vi): Umm er-Rasas is strongly associated with monasticism and with the spread of monotheism in the whole region, including Islam.",(i)(iv)(vi),MEDIUM,8,0,,,,,,church; column; floor; tower,,Criterion_iv; Criterion_i; OUV_ArchElements,https://whc.unesco.org/en/list/1093,True
1760,Rock Mosques and Associated Sacred Sites of Mangystau,Cultural,Asia and the Pacific,Kazakhstan,,,"The serial property, located on the Mangystau Peninsula bordering the Caspian Sea, consists of five sacred sites carved into the rock along with adjacent extensive burial grounds. Beket-Ata, Shopan-Ata, Karaman-Ata, Shakpak-Ata and Sultan-Epe, each associated with a Sufi master, date from the 12th to the 18th centuries. The complexes, known locally as “underground mosques”, are a particular type of structure created in natural caves, carved into steep rocks or dug into the ground in the semi-desert landscape. Originating in the nomadic environment of the Mangystau and Ustyurt plateaus, the component parts represent a culture that is the result of the evolution of sacred practices in which Islamic Sufi spirituality organically continued and transformed more ancient practices related to ancestor worship, the sacredness of the landscape and the role of spiritual leaders. They have been important pilgrimage destinations throughout the centuries. The rock-carved sacred sites range from smaller structures to more complex spaces. They have different architectural layouts and organisation, including prayer halls, mihrabs, rooms for contemplation and self-reflection, multifunctional spaces and tombs of saints. The complexes comprise courtyards, water sources, sacred trees, paths and cemeteries, the latter dating from the 10th to the 20th centuries.",,(ii)(iii),HIGH,8,0,,,,,,courtyard; mihrab; mosque; tomb,rock,Criterion_ii; Title_Stone_Keyword; OUV_ArchElements,https://whc.unesco.org/en/list/1760,True
400,"Budapest, including the Banks of the Danube, the Buda Castle Quarter and Andrássy Avenue",Cultural,Europe and North America,Hungary,,,"This site has the remains of monuments such as the Roman city of Aquincum and the Gothic castle of Buda, which have had a considerable influence on the architecture of various periods. It is one of the world's outstanding urban landscapes and illustrates the great periods in the history of the Hungarian capital.",,(ii)(iv),HIGH,8,0,,,,,capital,capital; castle,castle,Criterion_iv; Criterion_ii; Title_Stone_Keyword,https://whc.unesco.org/en/list/400,True
847,Castle of the Teutonic Order in Malbork,Cultural,Europe and North America,Poland,,,"This 13th-century fortified monastery belonging to the Teutonic Order was substantially enlarged and embellished after 1309, when the seat of the Grand Master moved here from Venice. A particularly fine example of a medieval brick castle, it later fell into decay, but was meticulously restored in the 19th and early 20th centuries. Many of the conservation techniques now accepted as standard were evolved here. Following severe damage in the Second World War it was once again restored, using the detailed documentation prepared by earlier conservators.","The Committee decided to inscribe this property on the basis of criteria (ii), (iii) and (iv), considering that Malbork Castle is the supreme example of the medieval brick castle that characterizes the unique architecture of the Crusading Teutonic Order in eastern Europe. It is also of considerable historical significance for the evidence that it provides of the evolution of the modern philosophy and practice of restoration and conservation.",(ii)(iii)(iv),HIGH,8,0,,,,,,castle; monastery,castle,Criterion_iv; Criterion_ii; Title_Stone_Keyword,https://whc.unesco.org/en/list/847,True
288,Castles of Augustusburg and Falkenlust at Brühl,Cultural,Europe and North America,Germany,,,"Set in an idyllic garden landscape, Augustusburg Castle (the sumptuous residence of the prince-archbishops of Cologne) and the Falkenlust hunting lodge (a small rural folly) are among the earliest examples of Rococo architecture in 18th-century Germany.",,(ii)(iv),HIGH,8,0,,,,,,castle,castle,Criterion_iv; Criterion_ii; Title_Stone_Keyword,https://whc.unesco.org/en/list/288,True
1539,Tarnowskie Góry Lead-Silver-Zinc Mine and its Underground Water Management System,Cultural,Europe and North America,Poland,,,"Located in Upper Silesia, in southern Poland, one of the main mining areas of central Europe, the property includes the entire underground mine with adits, shafts, galleries and other features of the water management system. Most of the property is situated underground while the surface mining topography features relics of shafts and waste heaps, as well as the remains of the 19th century steam water pumping station. The elements of the water management system, located underground and on the surface, testify to continuous efforts over three centuries to drain the underground extraction zone and to use undesirable water from the mines to supply towns and industry. Tarnowskie Góry represents a significant contribution to the global production of lead and zinc.",,(i)(ii)(iv),MEDIUM,8,0,,,,,,gallery; shaft,,Criterion_iv; Criterion_i; Criterion_ii; OUV_Materials,https://whc.unesco.org/en/list/1539,True
168,Speyer Cathedral,Cultural,Europe and North America,Germany,,,"Speyer Cathedral, a basilica with four towers and two domes, was founded by Conrad II in 1030 and remodelled at the end of the 11th century. It is one of the most important Romanesque monuments from the time of the Holy Roman Empire. The cathedral was the burial place of the German emperors for almost 300 years.",,(ii),HIGH,8,0,,,,,,basilica; cathedral; dome; tower,cathedral,Criterion_ii; Title_Stone_Keyword; OUV_ArchElements,https://whc.unesco.org/en/list/168,True
1324,Historic Villages of Korea: Hahoe and Yangdong,Cultural,Asia and the Pacific,Republic of Korea,,,"Founded in the 14th-15th centuries, Hahoe and Yangdong are seen as the two most representative historic clan villages in the Republic of Korea. Their layout and location - sheltered by forested mountains and facing out onto a river and open agricultural fields – reflect the distinctive aristocratic Confucian culture of the early part of the Joseon Dynasty (1392-1910). The villages were located to provide both physical and spiritual nourishment from their surrounding landscapes. They include residences of the head families, together with substantial timber framed houses of other clan members, also pavilions, study halls, Confucian academies for learning, and clusters of one story mud-walled, thatched-roofed houses, formerly for commoners. The landscapes of mountains, trees and water around the village, framed in views from pavilions and retreats, were celebrated for their beauty by 17th and 18th century poets.",,(iii)(iv),MEDIUM,8,0,,,,,,pavilion; roof; wall,,Criterion_iv; OUV_Materials; OUV_ArchElements,https://whc.unesco.org/en/list/1324,True
1360,Nord-Pas de Calais Mining Basin,Cultural,Europe and North America,France,,,"Remarkable as a landscape shaped over three centuries of coal extraction from the 1700s to the 1900s, the site consists of 109 separate components over 120,000 ha. It features mining pits (the oldest of which dates from 1850) and lift infrastructure, slag heaps (some of which cover 90 ha and exceed 140 m in height), coal transport infrastructure, railway stations, workers’ estates and mining villages including social habitat, schools, religious buildings, health and community facilities, company premises, owners and managers’ houses, town halls and more. The site bears testimony to the quest to create model workers’ cities from the mid 19th century to the 1960s and further illustrates a significant period in the history of industrial Europe. It documents the living conditions of workers and the solidarity to which it gave rise.",,(ii)(iv)(vi),MEDIUM,8,1,coal,Sedimentary,,,,,,Criterion_iv; Criterion_ii; OUV_Stone,https://whc.unesco.org/en/list/1360,True
203,"From the Great Saltworks of Salins-les-Bains to the Royal Saltworks of Arc-et-Senans, the Production of Open-pan Salt",Cultural,Europe and North America,France,,,"The Royal Saltworks of Arc-et-Senans, near Besançon, was built by Claude Nicolas Ledoux. Its construction, begun in 1775 during the reign of Louis XVI, was the first major achievement of industrial architecture, reflecting the ideal of progress of the Enlightenment. The vast, semicircular complex was designed to permit a rational and hierarchical organization of work and was to have been followed by the building of an ideal city, a project that was never realized.
The Great Saltworks of Salins-les-Bains was active for at least 1200 years until stopping activity in 1962. From 1780 to 1895, its salt water travelled through 21 km of wood pipes to the Royal Saltworks of Arc-et-Senans. It was built near the immense Chaux Forest to ensure its supply of wood for fuel. The Saltworks of Salins shelters an underground gallery from the 13th century including a hydraulic pump from the 19th century that still functions. The boiler house demonstrates the difficulty of the saltworkers’ labour to collect the “White Gold”.",,(i)(ii)(iv),MEDIUM,8,0,,,,,,gallery,,Criterion_iv; Criterion_i; Criterion_ii; OUV_Materials,https://whc.unesco.org/en/list/203,True
598,Churches of Moldavia,Cultural,Europe and North America,Romania,,,"These eight churches of northern Moldavia, built from the late 15th century to the late 16th century, their external walls covered in fresco paintings, are masterpieces inspired by Byzantine art. They are authentic and particularly well preserved. Far from being mere wall decorations, the paintings form a systematic covering on all the facades and represent complete cycles of religious themes.Their exceptional composition, the elegance of the characters, and the harmony of the colors blend perfectly with the surrounding countryside. The interior and exterior walls of the Church of the Suceviţa Monastery are entirely decorated with mural paintings of the 16th century, and this church is the only one to show a representation of the ladder of St John Climacus.",,(i)(iv),MEDIUM,8,0,,,,,,church; facade; monastery; wall,,Criterion_iv; Criterion_i; OUV_ArchElements,https://whc.unesco.org/en/list/598,True
982,Ensemble of the Ferapontov Monastery,Cultural,Europe and North America,Russian Federation,,,"The Ferapontov Monastery, in the Vologda region in northern Russia, is an exceptionally well-preserved and complete example of a Russian Orthodox monastic complex of the 15th-17th centuries, a period of great significance in the development of the unified Russian state and its culture. The architecture of the monastery is outstanding in its inventiveness and purity. The interior is graced by the magnificent wall paintings of Dionisy, the greatest Russian artist of the end of the 15th century.","Criterion (i): The wall paintings of Dionisy in the Cathedral of the Nativity of the Virgin at Ferapontov Monastery are the highest expression of Russian mural art in the 15th-16th centuries.
Criterion (iv): The complex of Ferapontov Monastery is the purest and most complete example of an Orthodox monastic community from the 15th-17th centuries, a crucial period in the cultural and spiritual development of Russia.",(i)(iv),MEDIUM,8,0,,,,,,cathedral; monastery; wall,,Criterion_iv; Criterion_i; OUV_ArchElements,https://whc.unesco.org/en/list/982,True
954,Saint Catherine Area,Cultural,Arab States,Egypt,,,"The Orthodox Monastery of St Catherine stands at the foot of Mount Horeb where, the Old Testament records, Moses received the Tablets of the Law. The mountain is known and revered by Muslims as Jebel Musa. The entire area is sacred to three world religions: Christianity, Islam, and Judaism. The Monastery, founded in the 6th century, is the oldest Christian monastery still in use for its initial function. Its walls and buildings of great significance to studies of Byzantine architecture and the Monastery houses outstanding collections of early Christian manuscripts and icons. The rugged mountainous landscape, containing numerous archaeological and religious sites and monuments, forms a perfect backdrop to the Monastery.","Criterion (i): The architecture of St Catherine's Monastery, the artistic treasures that it houses, and its domestic integration into a rugged landscape combine to make it an outstanding example of human creative genius.
Criterion (iii): St Catherine's Monastery is one of the very early outstanding examples in Eastern tradition of a Christian monastic settlement located in a remote area. It demonstrates an intimate relationship between natural grandeur and spiritual commitment.
Criterion (iv): Ascetic monasticism in remote areas prevailed in the early Christian church and resulted in the establishment of monastic communities in remote places. St Catherine's Monastery is one of the earliest of these and the oldest to have survived intact, being used for its initial function without interruption since the 6th century.
Criterion (vi): The St Catherine’s area, centred on the holy mountain of Mount Sinaï (Jebel Musa, Mount Horeb), like the Old City of Jerusalem, is sacred to three world religions: Christianity, Islam, and Judaism.",(i)(iii)(iv)(vi),MEDIUM,8,0,,,,,,church; monastery; wall,,Criterion_iv; Criterion_i; OUV_ArchElements,https://whc.unesco.org/en/list/954,True
1525,Assumption Cathedral and Monastery of the town-island of Sviyazhsk,Cultural,Europe and North America,Russian Federation,,,"The Assumption Cathedral is located in the town-island of Sviyazhsk and is part of the monastery of the same name. Situated at the confluence of the Volga, the Sviyaga and the Shchuka rivers, at the crossroads of the Silk and Volga routes, Sviyazhsk was founded by Ivan the Terrible in 1551. It was from this outpost that he initiated the conquest of the Kazan Khanate. The Assumption Monastery illustrates in its location and architectural composition the political and missionary programme developed by Tsar Ivan IV to extend the Moscow state. The cathedral’s frescoes are among the rarest examples of Eastern Orthodox mural paintings.",,(ii)(iv),HIGH,8,0,,,,,,cathedral; monastery,cathedral,Criterion_iv; Criterion_ii; Title_Stone_Keyword,https://whc.unesco.org/en/list/1525,True
1743,Rock Paintings of Shulgan-Tash Cave,Cultural,Europe and North America,Russian Federation,,,"Located in the Southern Ural Mountains of Bashkortostan, the Shulgan-Tash Cave contains extensive Late Palaeolithic rock art. Set within a karst massif near the Belaya and Shulgan Rivers, it features large halls and deep chambers across two levels. The paintings depict steppe fauna—mammoths, woolly rhinoceroses, bison, horses, and a Bactrian camel—alongside anthropomorphic figures, abstract signs, and geometric motifs like the “Kapova trapezoids.” Archaeological finds offer insights into the artistic process and domestic life of its prehistoric inhabitants.",,(iii),HIGH,8,0,,,,,,,cave; rock,Title_Stone_Keyword; Title_Stone_Keyword,https://whc.unesco.org/en/list/1743,True
695,Roskilde Cathedral,Cultural,Europe and North America,Denmark,,,"Built in the 12th and 13th centuries, this was Scandinavia's first Gothic cathedral to be built of brick and it encouraged the spread of this style throughout northern Europe. It has been the mausoleum of the Danish royal family since the 15th century. Porches and side chapels were added up to the end of the 19th century. Thus it provides a clear overview of the development of European religious architecture.",,(ii)(iv),HIGH,8,0,,,,,,cathedral; mausoleum,cathedral,Criterion_iv; Criterion_ii; Title_Stone_Keyword,https://whc.unesco.org/en/list/695,True
901,Litomyšl Castle,Cultural,Europe and North America,Czechia,,,"Litomyšl Castle was originally a Renaissance arcade-castle of the type first developed in Italy and then adopted and greatly developed in central Europe in the 16th century. Its design and decoration are particularly fine, including the later High-Baroque features added in the 18th century. It preserves intact the range of ancillary buildings associated with an aristocratic residence of this type.","Criterion (ii): Litomyšl Castle is an outstanding and immaculately preserved example of the arcade castle, a type of building first developed in Italy and modified in the Czech lands to create an evolved form of special architectural quality.
Criterion (iv): Litomyšl Castle illustrates in an exceptional way the aristocratic residences of central Europe in the Renaissance and their subsequent development under the influence of new artistic movements.",(ii)(iv),HIGH,8,0,,,,,,castle,castle,Criterion_iv; Criterion_ii; Title_Stone_Keyword,https://whc.unesco.org/en/list/901,True
860,Gardens and Castle at Kroměříž,Cultural,Europe and North America,Czechia,,,"Kroměříž stands on the site of an earlier ford across the River Morava, at the foot of the Chriby mountain range which dominates the central part of Moravia. The gardens and castle of Kroměříž are an exceptionally complete and well-preserved example of a European Baroque princely residence and its gardens.","Criterion (ii): The ensemble at Kroměříž, and in particular the Pleasure Garden, played a significant role in the development of Baroque garden and palace design in central Europe.
Criterion (iv): The Gardens and Castle at Kroměříž are an exceptionally complete and well preserved example of a princely residence and its associated landscape of the 17th and 18th centuries.",(ii)(iv),HIGH,8,0,,,,,,castle; palace,castle,Criterion_iv; Criterion_ii; Title_Stone_Keyword,https://whc.unesco.org/en/list/860,True
732,Kutná Hora: Historical Town Centre with the Church of St Barbara and the Cathedral of Our Lady at Sedlec,Cultural,Europe and North America,Czechia,,,"Kutná Hora developed as a result of the exploitation of the silver mines. In the 14th century it became a royal city endowed with monuments that symbolized its prosperity. The Church of St Barbara, a jewel of the late Gothic period, and the Cathedral of Our Lady at Sedlec, which was restored in line with the Baroque taste of the early 18th century, were to influence the architecture of central Europe. These masterpieces today form part of a well-preserved medieval urban fabric with some particularly fine private dwellings.",,(ii)(iv),HIGH,8,0,,,,,,cathedral; church,cathedral,Criterion_iv; Criterion_ii; Title_Stone_Keyword,https://whc.unesco.org/en/list/732,True
358,Great Mosque and Hospital of Divriği,Cultural,Europe and North America,Türkiye,,,"This region of Anatolia was conquered by the Turks at the beginning of the 11th century. In 1228–29 Emir Ahmet Shah founded a mosque, with its adjoining hospital, at Divrigi. The mosque has a single prayer room and is crowned by two cupolas. The highly sophisticated technique of vault construction, and a creative, exuberant type of decorative sculpture – particularly on the three doorways, in contrast to the unadorned walls of the interior – are the unique features of this masterpiece of Islamic architecture.",,(i)(iv),MEDIUM,8,0,,,,,,cupola; mosque; vault; wall,,Criterion_iv; Criterion_i; OUV_ArchElements,https://whc.unesco.org/en/list/358,True
15,Aksum,Cultural,Africa,Ethiopia,,,"The ruins of the ancient city of Aksum are found close to Ethiopia's northern border. They mark the location of the heart of ancient Ethiopia, when the Kingdom of Aksum was the most powerful state between the Eastern Roman Empire and Persia. The massive ruins, dating from between the 1st and the 13th century A.D., include monolithic obelisks, giant stelae, royal tombs and the ruins of ancient castles. Long after its political decline in the 10th century, Ethiopian emperors continued to be crowned in Aksum.",,(i)(iv),MEDIUM,8,0,,,,,monolithic; obelisk; stelae,castle; tomb,,Criterion_iv; Criterion_i; OUV_Construction,https://whc.unesco.org/en/list/15,True
1500,Gorham's Cave Complex,Cultural,Europe and North America,United Kingdom of Great Britain and Northern Ireland,,,"The steep limestone cliffs on the eastern side of the Rock of Gibraltar contain four caves with archaeological and paleontological deposits that provide evidence of Neanderthal occupation over a span of more than 100,000 years. This exceptional testimony to the cultural traditions of the Neanderthals is seen notably in evidence of the hunting of birds and marine animals for food, the use of feathers for ornamentation and the presence of abstract rock engravings. Scientific research on these sites has already contributed substantially to debates about Neanderthal and human evolution.",,(iii),HIGH,8,1,limestone,Sedimentary,,,,,cave,Title_Stone_Keyword; OUV_Stone,https://whc.unesco.org/en/list/1500,True
1011,Cathedral and Churches of Echmiatsin and the Archaeological Site of Zvartnots,Cultural,Europe and North America,Armenia,,,"The cathedral and churches of Echmiatsin and the archaeological remains at Zvartnots graphically illustrate the evolution and development of the Armenian central-domed cross-hall type of church, which exerted a profound influence on architectural and artistic development in the region.","Criterion (ii): The developments in ecclesiastical architecture represented in an outstanding manner by the churches at Echmiatsin and the archaeological site of Zvartnots had a profound influence on church design over a wide region.
Criterion (iii): The churches at Echmiatsin and the archaeological site of Zvartnots vividly depict both the spirituality and the innovatory artistic achievement of the Armenian Church from its foundation.",(ii)(iii),HIGH,8,0,,,,,,cathedral; church; dome; foundation,cathedral,Criterion_ii; Title_Stone_Keyword; OUV_ArchElements,https://whc.unesco.org/en/list/1011,True
625,Mir Castle Complex,Cultural,Europe and North America,Belarus,,,"The construction of this castle began at the end of the 15th century, in Gothic style. It was subsequently extended and reconstructed, first in the Renaissance and then in the Baroque style. After being abandoned for nearly a century and suffering severe damage during the Napoleonic period, the castle was restored at the end of the 19th century, with the addition of a number of other elements and the landscaping of the surrounding area as a park. Its present form is graphic testimony to its often turbulent history.","Criterion ii: Mir Castle is an exceptional example of a central European castle, reflecting in its design and layout successive cultural influences (Gothic, Baroque, and Renaissance) that blend harmoniously to create an impressive monument to the history of this region.
Criterion iv: The region in which Mir Castle stands has a long history of political and cultural confrontation and coalescence, which is graphically represented in the form and appearance of the ensemble.",(ii)(iv),HIGH,8,0,,,,,,castle,castle,Criterion_iv; Criterion_ii; Title_Stone_Keyword,https://whc.unesco.org/en/list/625,True
1424,Wooden Tserkvas of the Carpathian Region in Poland and Ukraine,Cultural,Europe and North America,"Poland,Ukraine",,,"Situated in the eastern fringe of Central Europe, the transnational property numbers a selection of sixteen&nbsp;tserkvas&nbsp;(churches). They were built of horizontal wooden logs between the 16th&nbsp;and 19th&nbsp;centuries by communities of Orthodox and Greek Catholic faiths. The&nbsp;tserkvas&nbsp;bear testimony to a distinct building tradition rooted in Orthodox ecclesiastic design interwoven with elements of local tradition, and symbolic references to their communities&rsquo; cosmogony.&nbsp;&nbsp;The&nbsp;tserkvas&nbsp;are built on a tri-partite plan surmounted by open quadrilateral or octagonal domes and cupolas. Integral to tserkvas are iconostasis screens, interior polychrome decorations, and other historic furnishings. Important elements of some tserkvas include&nbsp;wooden bell towers, churchyards, gatehouses and graveyards.",,(iii)(iv),MEDIUM,8,0,,,,,,cupola; dome; tower,,Criterion_iv; OUV_Materials; OUV_ArchElements,https://whc.unesco.org/en/list/1424,True
1366,Selimiye Mosque and its Social Complex,Cultural,Europe and North America,Türkiye,,,"The square Mosque with its single great dome and four slender minarets, dominates the skyline of the former Ottoman capital of Edirne. Sinan, the most famous of Ottoman architects in the 16th century, considered the complex, which includes madrasas (Islamic schools), a covered market, clock house, outer courtyard and library, to be his best work. The interior decoration using Iznik tiles from the peak period of their production testifies to an art form that remains unsurpassed in this material. The complex is considered to be the most harmonious expression ever achieved of the Ottoman külliye, a group of buildings constructed around a mosque and managed as a single institution.",,(i)(iv),MEDIUM,8,0,,,,,capital,capital; courtyard; dome; minaret; mosque,,Criterion_iv; Criterion_i; OUV_ArchElements,https://whc.unesco.org/en/list/1366,True
1344,Major Mining Sites of Wallonia,Cultural,Europe and North America,Belgium,,,"The four sites of the property form a strip 170&nbsp;km long by 3&ndash;15&nbsp;km wide, crossing Belgium from east to west, consisting of the best-preserved 19th- and 20th-century coal-mining sites of the country. It features examples of the utopian architecture from the early periods of the industrial era in Europe within a highly integrated, industrial and urban ensemble, notably the Grand-Hornu colliery and workers&rsquo; city designed by Bruno Renard in the first half of the 19th century. Bois-du-Luc includes numerous buildings erected from 1838 to 1909 and one of Europe&rsquo;s oldest collieries dating back to the late 17th century. While Wallonia had hundreds of collieries, most have lost their infrastructure, while the four components of the listed site retain a high measure of integrity.",,(ii)(iv),MEDIUM,8,1,coal,Sedimentary,,,,,,Criterion_iv; Criterion_ii; OUV_Stone,https://whc.unesco.org/en/list/1344,True
169,Würzburg Residence with the Court Gardens and Residence Square,Cultural,Europe and North America,Germany,,,"This magnificent Baroque palace – one of the largest and most beautiful in Germany and surrounded by wonderful gardens – was created under the patronage of the prince-bishops Lothar Franz and Friedrich Carl von Schönborn. It was built and decorated in the 18th century by an international team of architects, painters (including Tiepolo), sculptors and stucco-workers, led by Balthasar Neumann.",,(i)(iv),MEDIUM,7,0,,,,,,palace,,Criterion_iv; Criterion_i; OUV_Materials,https://whc.unesco.org/en/list/169,True
1718,Frontiers of the Roman Empire – Dacia,Cultural,Europe and North America,Romania,,,"From 500 BCE on, the Roman Empire extended its territory across parts of Europe and North Africa until its frontier totaled some 7,500 kilometres by the 2nd century. The Romanian segment, the Dacian Limes, was operational from 106 to 271 CE. The property comprises 277 component parts and represents the longest, most complex land border of a former Roman province in Europe. Traversing diverse landscapes, it is defined by a network of individual sites that include legionary fortresses, auxiliary forts, earthen ramparts, watch towers, temporary camps and secular buildings. Dacia was the only Roman province entirely north of the Danube River. Its frontier protected it from ‘barbarian’ populations and controlled access to valuable gold and salt resources.",,(ii)(iii)(iv),MEDIUM,7,0,,,,,,fort; fortress; tower,,Criterion_iv; Criterion_ii; OUV_ArchElements,https://whc.unesco.org/en/list/1718,True
255,Fatehpur Sikri,Cultural,Asia and the Pacific,India,,,"Built during the second half of the 16th century by the Emperor Akbar, Fatehpur Sikri (the City of Victory) was the capital of the Mughal Empire for only some 10 years. The complex of monuments and temples, all in a uniform architectural style, includes one of the largest mosques in India, the Jama Masjid.",,(ii)(iii)(iv),MEDIUM,7,0,,,,,capital,capital; mosque; temple,,Criterion_iv; Criterion_ii; OUV_ArchElements,https://whc.unesco.org/en/list/255,True
544,Kizhi Pogost,Cultural,Europe and North America,Russian Federation,,,"The pogost of Kizhi (i.e. the Kizhi enclosure) is located on one of the many islands in Lake Onega, in Karelia. Two 18th-century wooden churches, and an octagonal clock tower, also in wood and built in 1862, can be seen there. These unusual constructions, in which carpenters created a bold visionary architecture, perpetuate an ancient model of parish space and are in harmony with the surrounding landscape.",,(i)(iv)(v),MEDIUM,7,0,,,,,,church; tower,,Criterion_iv; Criterion_i; OUV_Materials,https://whc.unesco.org/en/list/544,True
669,Routes of Santiago de Compostela: Camino Francés and Routes of Northern Spain,Cultural,Europe and North America,Spain,,,"A network of four Christian pilgrimage routes in northern Spain, the site is an extension of the Route of Santiago de Compostela, a serial site inscribed on the World Heritage List in 1993. The extension represents a network of almost 1,500 km: coastal, interior of the Basque Country–La Rioja, Liébana and primitive routes. It includes a built heritage of historical importance created to meet the needs of pilgrims, including cathedrals, churches, hospitals, hostels and even bridges. The extension encompasses some of the earliest pilgrimage routes to Santiago de Compostela, following the discovery in the 9thcentury of a tomb believed to be that of St. James the Greater.",,(ii)(iv)(vi),MEDIUM,7,0,,,,,,bridge; cathedral; church; tomb,,Criterion_iv; Criterion_ii; OUV_ArchElements,https://whc.unesco.org/en/list/669,True
945,Chhatrapati Shivaji Terminus (formerly Victoria Terminus),Cultural,Asia and the Pacific,India,,,"The Chhatrapati Shivaji Terminus, formerly known as Victoria Terminus Station, in Mumbai, is an outstanding example of Victorian Gothic Revival architecture in India, blended with themes deriving from Indian traditional architecture. The building, designed by the British architect F. W. Stevens, became the symbol of Bombay as the ‘Gothic City’ and the major international mercantile port of India. The terminal was built over 10 years, starting in 1878, according to a High Victorian Gothic design based on late medieval Italian models. Its remarkable stone dome, turrets, pointed arches and eccentric ground plan are close to traditional Indian palace architecture. It is an outstanding example of the meeting of two cultures, as British architects worked with Indian craftsmen to include Indian architectural tradition and idioms thus forging a new style unique to Bombay.","Criterion (ii): Chhatrapati Shivaji Terminus of Mumbai (formerly Bombay) exhibits an important interchange of influences from Victorian Italianate Gothic Revival architecture, and from Indian traditional buildings. It became a symbol for Mumbai as a major mercantile port city on the Indian Subcontinent within the British Commonwealth.
Criterion (iv): Chhatrapati Shivaji Terminus is an outstanding example of late 19th century railway architecture in the British Commonwealth, characterized by Victorian Gothic Revival and traditional Indian features, as well as its advanced structural and technical solutions.",(ii)(iv),MEDIUM,7,0,,,,,turret,arch; base; dome; palace; turret,,Criterion_iv; Criterion_ii; OUV_ArchElements,https://whc.unesco.org/en/list/945,True
1605,"Jaipur City, Rajasthan",Cultural,Asia and the Pacific,India,,,"The walled city of Jaipur, in India’s north-western state of Rajasthan was founded in 1727 by Sawai Jai Singh II. Unlike other cities in the region located in hilly terrain, Jaipur was established on the plain and built according to a grid plan interpreted in the light of Vedic architecture. The streets feature continuous colonnaded businesses that intersect in the centre, creating large public squares called chaupars. Markets, shops, residences and temples built along the main streets have uniform facades. The city's urban planning shows an exchange of ideas from ancient Hindu and early modern Mughal as well as Western cultures. The grid plan is a model that prevails in the West, while the organization of the different city sectors (chowkris) refers to traditional Hindu concepts. Designed to be a commercial capital, the city has maintained its local commercial, artisanal and cooperative traditions to this day.",,(ii)(iv)(vi),MEDIUM,7,0,,,,,capital,capital; facade; temple,,Criterion_iv; Criterion_ii; OUV_ArchElements,https://whc.unesco.org/en/list/1605,True
345,Historic Fortified City of Carcassonne,Cultural,Europe and North America,France,,,"Since the pre-Roman period, a fortified settlement has existed on the hill where Carcassonne now stands. In its present form it is an outstanding example of a medieval fortified town, with its massive defences encircling the castle and the surrounding buildings, its streets and its fine Gothic cathedral. Carcassonne is also of exceptional importance because of the lengthy restoration campaign undertaken by Viollet-le-Duc, one of the founders of the modern science of conservation.","The Committee decided to inscribe this property on the basis of criteria (ii) and (iv), considering that the historic town of Carcassonne is an excellent example of a medieval fortified town whose massive defences were constructed on walls dating from Late Antiquity. It is of exceptional importance by virtue of the restoration work carried out in the second half of the 19th century by Viollet-le-Duc, which had a profound influence on subsequent developments in conservation principles and practice.",(ii)(iv),MEDIUM,7,0,,,,,,castle; cathedral; wall,,Criterion_iv; Criterion_ii; OUV_ArchElements,https://whc.unesco.org/en/list/345,True
604,Historic Monuments of Novgorod and Surroundings,Cultural,Europe and North America,Russian Federation,,,"Situated on the ancient trade route between Central Asia and northern Europe, Novgorod was Russia's first capital in the 9th century. Surrounded by churches and monasteries, it was a centre for Orthodox spirituality as well as Russian architecture. Its medieval monuments and the 14th-century frescoes of Theophanes the Greek (Andrei Rublev's teacher) illustrate the development of its remarkable architecture and cultural creativity.",,(ii)(iv)(vi),MEDIUM,7,0,,,,,capital,capital; church; monastery,,Criterion_iv; Criterion_ii; OUV_ArchElements,https://whc.unesco.org/en/list/604,True
583,Fortress of Suomenlinna,Cultural,Europe and North America,Finland,,,"Built in the second half of the 18th century by Sweden on a group of islands located at the entrance of Helsinki's harbour, this fortress is an especially interesting example of European military architecture of the time.",,(iv),HIGH,7,0,,,,,,fortress,fortress,Criterion_iv; Title_Stone_Keyword,https://whc.unesco.org/en/list/583,True
430,Frontiers of the Roman Empire,Cultural,Europe and North America,"Germany,United Kingdom of Great Britain and Northern Ireland",,,"The ‘Roman Limes’ represents the border line of the Roman Empire at its greatest extent in the 2nd century AD. It stretched over 5,000 km from the Atlantic coast of northern Britain, through Europe to the Black Sea, and from there to the Red Sea and across North Africa to the Atlantic coast. The remains of the Limes today consist of vestiges of built walls, ditches, forts, fortresses, watchtowers and civilian settlements. Certain elements of the line have been excavated, some reconstructed and a few destroyed. The two sections of the Limes in Germany cover a length of 550 km from the north-west of the country to the Danube in the south-east. The 118-km-long Hadrian’s Wall (UK) was built on the orders of the Emperor Hadrian c. AD 122 at the northernmost limits of the Roman province of Britannia. It is a striking example of the organization of a military zone and illustrates the defensive techniques and geopolitical strategies of ancient Rome. The Antonine Wall, a 60-km long fortification in Scotland was started by Emperor Antonius Pius in 142 AD as a defense against the “barbarians” of the north. It constitutes the northwestern-most portion of the Roman Limes.",,(ii)(iii)(iv),MEDIUM,7,0,,,,,,fort; fortress; wall,,Criterion_iv; Criterion_ii; OUV_ArchElements,https://whc.unesco.org/en/list/430,True
1155,Old town of Regensburg with Stadtamhof,Cultural,Europe and North America,Germany,,,"Located on the Danube River in Bavaria, this medieval town contains many buildings of exceptional quality that testify to its history as a trading centre and to its influence on the region from the 9th century. A notable number of historic structures span some two millennia and include ancient Roman, Romanesque and Gothic buildings. Regensburg&rsquo;s 11th- to 13th-century architecture &ndash; including the market, city hall and cathedral &ndash; still defines the character of the town marked by tall buildings, dark and narrow lanes, and strong fortifications. The buildings include medieval patrician houses and towers, a large number of churches and monastic ensembles as well as the 12th-century Old Bridge. The town is also remarkable for the vestiges testifing to its rich history as one of the centres of the Holy Roman Empire that turned to Protestantism.",,(ii)(iii)(iv),MEDIUM,7,0,,,,,,bridge; cathedral; church; tower,,Criterion_iv; Criterion_ii; OUV_ArchElements,https://whc.unesco.org/en/list/1155,True
579,Bronze Age Burial Site of Sammallahdenmäki,Cultural,Europe and North America,Finland,,,"This Bronze Age burial site features more than 30 granite burial cairns, providing a unique insight into the funerary practices and social and religious structures of northern Europe more than three millennia ago.","Criterion (iii): The Sammallahdenm&auml;ki cairn cemetery bears exceptional witness to the society of the Bronze Age of Scandinavia.
Criterion (iv): The Sammallahdenm&auml;ki cemetery is an outstanding example of Bronze Age funerary practices in Scandinavia.",(iii)(iv),MEDIUM,7,1,granite,Igneous,,,,,,Criterion_iv; OUV_Stone,https://whc.unesco.org/en/list/579,True
657,Architectural Ensemble of the Trinity Sergius Lavra in Sergiev Posad,Cultural,Europe and North America,Russian Federation,,,"This is a fine example of a working Orthodox monastery, with military features that are typical of the 15th to the 18th century, the period during which it developed. The main church of the Lavra, the Cathedral of the Assumption (echoing the Kremlin Cathedral of the same name), contains the tomb of Boris Godunov. Among the treasures of the Lavra is the famous icon, The Trinity , by Andrei Rublev.",,(ii)(iv),MEDIUM,7,0,,,,,,cathedral; church; monastery; tomb,,Criterion_iv; Criterion_ii; OUV_ArchElements,https://whc.unesco.org/en/list/657,True
1444,Pyu Ancient Cities,Cultural,Asia and the Pacific,Myanmar,,,"Pyu Ancient Cities includes the remains of three brick, walled and moated cities of Halin, Beikthano and Sri Ksetra located in vast irrigated landscapes in the dry zone of the Ayeyarwady (Irrawaddy) River basin. They reflect the Pyu Kingdoms that flourished for over 1,000 years between 200 BC and AD 900. The three cities are partly excavated archaeological sites. Remains include excavated palace citadels, burial grounds and manufacture sites, as well as monumental brick Buddhist stupas, partly standing walls and water management features – some still in use – that underpinned the organized intensive agriculture.",,(ii)(iii)(iv),MEDIUM,7,0,,,,,,palace; stupa; wall,,Criterion_iv; Criterion_ii; OUV_ArchElements,https://whc.unesco.org/en/list/1444,True
1401,"Rabat, Modern Capital and Historic City: a Shared Heritage",Cultural,Arab States,Morocco,,,"Located on the Atlantic coast in the north-west of Morocco, the site is the product of a fertile exchange between the Arabo-Muslim past and Western modernism. The inscribed city encompasses the new town conceived and built under the French Protectorate from 1912 to the 1930s, including royal and administrative areas, residential and commercial developments and the Jardins d’Essais botanical and pleasure gardens. It also encompasses older parts of the city dating back to the 12thcentury. The new town is one of the largest and most ambitious modern urban projects built in Africa in the 20th century and probably the most complete. The older parts include Hassan Mosque (begun in 1184) and the Almohad ramparts and gates, the only surviving parts of the project for a great capital city of the Almohad caliphate as well as remains from the Moorish, or Andalusian, principality of the 17thcentury.",,(ii)(iv),MEDIUM,7,0,,,,,capital,capital; gate; mosque,,Criterion_iv; Criterion_ii; OUV_ArchElements,https://whc.unesco.org/en/list/1401,True
251,Agra Fort,Cultural,Asia and the Pacific,India,,,"Near the gardens of the Taj Mahal stands the important 16th-century Mughal monument known as the Red Fort of Agra. This powerful fortress of red sandstone encompasses, within its 2.5-km-long enclosure walls, the imperial city of the Mughal rulers. It comprises many fairy-tale palaces, such as the Jahangir Palace and the Khas Mahal, built by Shah Jahan; audience halls, such as the Diwan-i-Khas; and two very beautiful mosques.",,(iii),HIGH,7,2,red sandstone; sandstone,Sedimentary,,,,fort; fortress; mosque; palace; wall,,OUV_Stone; OUV_ArchElements,https://whc.unesco.org/en/list/251,True
586,Rohtas Fort,Cultural,Asia and the Pacific,Pakistan,,,"Following his defeat of the Mughal emperor Humayun in 1541, Sher Shah Suri built a strong fortified complex at Rohtas, a strategic site in the north of what is now Pakistan. It was never taken by storm and has survived intact to the present day. The main fortifications consist of the massive walls, which extend for more than 4 km; they are lined with bastions and pierced by monumental gateways. Rohtas Fort, also called Qila Rohtas, is an exceptional example of early Muslim military architecture in Central and South Asia.","The Committee decided to inscribe this property on the basis of criteria (ii) and (iv), considering that the Rohtas Fort is an exceptional example of the Muslim military architecture of central and south Asia, which blends architectural and artistic traditions from Turkey and the Indian sub-continent to create the model for Mughal architecture and its subsequent refinements and adaptations.",(ii)(iv),MEDIUM,7,0,,,,,,fort; gateway; wall,,Criterion_iv; Criterion_ii; OUV_ArchElements,https://whc.unesco.org/en/list/586,True
1599,Krzemionki Prehistoric Striped Flint Mining Region,Cultural,Europe and North America,Poland,,,"Located in the mountain region of Świętokrzyskie, Krzemionki is an ensemble of four mining sites, dating from the Neolithic to the Bronze Age (about 3900 to 1600 BCE), dedicated to the extraction and processing of striped flint, which was mainly used for axe-making. With its underground mining structures, flint workshops and some 4,000 shafts and pits, the property features one of the most comprehensive prehistoric underground flint extraction and processing systems identified to date. The property provides information about life and work in prehistoric settlements and bears witness to an extinct cultural tradition. It is an exceptional testimony of the importance of the prehistoric period and of flint mining for tool production in human history.",,(iii)(iv),MEDIUM,7,1,flint,Sedimentary,,,,shaft,,Criterion_iv; OUV_Stone,https://whc.unesco.org/en/list/1599,True
492,Taos Pueblo,Cultural,Europe and North America,United States of America,,,"Situated in the valley of a small tributary of the Rio Grande, this adobe settlement – consisting of dwellings and ceremonial buildings – represents the culture of the Pueblo Indians of Arizona and New Mexico.",,(iv),MEDIUM,7,1,adobe,Sedimentary,,,,,,Criterion_iv; OUV_Stone,https://whc.unesco.org/en/list/492,True
234,Churches and Convents of Goa,Cultural,Asia and the Pacific,India,,,"The churches and convents of Goa, the former capital of the Portuguese Indies – particularly the Church of Bom Jesus, which contains the tomb of St Francis-Xavier – illustrate the evangelization of Asia. These monuments were influential in spreading forms of Manueline, Mannerist and Baroque art in all the countries of Asia where missions were established.",,(ii)(iv)(vi),MEDIUM,7,0,,,,,capital,capital; church; tomb,,Criterion_iv; Criterion_ii; OUV_ArchElements,https://whc.unesco.org/en/list/234,True
1189,"Harar Jugol, the Fortified Historic Town",Cultural,Africa,Ethiopia,,,"The fortified historic town of Harar is located in the eastern part of the country on a plateau with deep gorges surrounded by deserts and savannah. The walls surrounding this sacred Muslim city were built between the 13th and 16th centuries. Harar Jugol, said to be the fourth holiest city of Islam, numbers 82 mosques, three of which date from the 10th century, and 102 shrines, but the townhouses with their exceptional interior design constitute the most spectacular part of Harar's cultural heritage. The impact of African and Islamic traditions on the development of the town's building types and urban layout make for its particular character and uniqueness.",,(ii)(iii)(iv)(v),MEDIUM,7,0,,,,,,mosque; shrine; wall,,Criterion_iv; Criterion_ii; OUV_ArchElements,https://whc.unesco.org/en/list/1189,True
942,The Historic Centre (Chorá) with the Monastery of Saint-John the Theologian and the Cave of the Apocalypse on the Island of Pátmos,Cultural,Europe and North America,Greece,,,"The small island of P&aacute;tmos in the Dodecanese is reputed to be where St John the Theologian wrote both his Gospel and the Apocalypse. A monastery dedicated to the &lsquo;beloved disciple&rsquo; was founded there in the late 10th century and it has been a place of pilgrimage and Greek Orthodox learning ever since. The fine monastic complex dominates the island. The old settlement of Chor&aacute;, associated with it, contains many religious and secular buildings.","Criterion (iii): The town of Chor&aacute; on the island of P&aacute;tmos is one of the few settlements in Greece that have evolved uninterruptedly since the 12th century. There are few other places in the world where religious ceremonies that date back to the early Christian times are still being practised unchanged.
 Criterion (iv): The Monastery of Hagios Ioannis Theologos (Saint John the Theologian) and the Cave of the Apocalypse on the island of P&aacute;tmos, together with the associated medieval settlement of Chor&aacute;, constitute an exceptional example of a traditional Greek Orthodox pilgrimage centre of outstanding architectural interest.
Criterion (vi): The Monastery of Hagios Ioannis Theologos and the Cave of the Apocalypse commemorate the site where St John the Theologian (Divine), the &ldquo;Beloved Disciple&rdquo;, composed two of the most sacred Christian works, his Gospel and the Apocalypse.",(iii)(iv)(vi),HIGH,7,0,,,,,,monastery,cave,Criterion_iv; Title_Stone_Keyword,https://whc.unesco.org/en/list/942,True
780,Archaeological Site of Aigai (modern name Vergina),Cultural,Europe and North America,Greece,,,"The city of Aigai, the ancient first capital of the Kingdom of Macedonia, was discovered in the 19th century near Vergina, in northern Greece. The most important remains are the monumental palace, lavishly decorated with mosaics and painted stuccoes, and the burial ground with more than 300 tumuli, some of which date from the 11th century B.C. One of the royal tombs in the Great Tumulus is identified as that of Philip II, who conquered all the Greek cities, paving the way for his son Alexander and the expansion of the Hellenistic world.","The Committee decided to inscribe the nominated property on the basis of cultural criteria (i) and (iii) considering that the site is of outstanding universal value representing an exceptional testimony to a significant development in European civilization, at the transition from classical city-state to the imperial structure of the Hellenistic and Roman periods. This is vividly demonstrated in particular by the remarkable series of royal tombs and their rich contents. The Committee decided to add to the proposed criteria cultural criterion (i), since the paintings found at Vergina are of extraordinarily high quality and historical importance.",(i)(iii),MEDIUM,7,0,,,,,capital,capital; palace; tomb,,Criterion_i; OUV_Materials; OUV_ArchElements,https://whc.unesco.org/en/list/780,True
493,Medieval City of Rhodes,Cultural,Europe and North America,Greece,,,"The Order of St John of Jerusalem occupied Rhodes from 1309 to 1523 and set about transforming the city into a stronghold. It subsequently came under Turkish and Italian rule. With the Palace of the Grand Masters, the Great Hospital and the Street of the Knights, the Upper Town is one of the most beautiful urban ensembles of the Gothic period. In the Lower Town, Gothic architecture coexists with mosques, public baths and other buildings dating from the Ottoman period.",,(ii)(iv)(v),MEDIUM,7,0,,,,,,bath; mosque; palace,,Criterion_iv; Criterion_ii; OUV_ArchElements,https://whc.unesco.org/en/list/493,True
1114,Yin Xu,Cultural,Asia and the Pacific,China,,,"The archaeological site of Yin Xu, close to Anyang City, some 500 km south of Beijing, is an ancient capital city of the late Shang Dynasty (1300 - 1046 BC). It testifies to the golden age of early Chinese culture, crafts and sciences, a time of great prosperity of the Chinese Bronze Age. A number of royal tombs and palaces, prototypes of later Chinese architecture, have been unearthed on the site, including the Palace and Royal Ancestral Shrines Area, with more than 80 house foundations, and the only tomb of a member of the royal family of the Shang Dynasty to have remained intact, the Tomb of Fu Hao. The large number and superb craftsmanship of the burial accessories found there bear testimony to the advanced level of Shang crafts industry. Inscriptions on oracle bones found in Yin Xu bear invaluable testimony to the development of one of the world’s oldest writing systems, ancient beliefs and social systems.",,(ii)(iii)(iv)(vi),MEDIUM,7,0,,,,,capital,capital; foundation; palace; tomb,,Criterion_iv; Criterion_ii; OUV_ArchElements,https://whc.unesco.org/en/list/1114,True
32,Wieliczka and Bochnia Royal Salt Mines,Cultural,Europe and North America,Poland,,,"The deposit of rock salt in Wieliczka and Bochnia has been mined since the 13th century. This major industrial undertaking has royal status and is the oldest of its type in Europe. The site is a serial property consisting of Wieliczka and Bochnia salt mines and Wieliczka Saltworks Castle. The Wieliczka and Bochnia Royal Salt Mines illustrate the historic stages of the development of mining techniques in Europe from the 13th to the 20th centuries: both mines have hundreds of kilometers of galleries with works of art, underground chapels and statues sculpted in the salt, making a fascinating pilgrimage into the past. The mines were administratively and technically run by Wieliczka Saltworks Castle, which dates from the medieval period and has been rebuilt several times in the course of its history.",,(iv),MEDIUM,7,1,rock salt,Sedimentary,,,,castle; gallery,,Criterion_iv; OUV_Stone,https://whc.unesco.org/en/list/32,True
546,Maulbronn Monastery Complex,Cultural,Europe and North America,Germany,,,"Founded in 1147, the Cistercian Maulbronn Monastery is considered the most complete and best-preserved medieval monastic complex north of the Alps. Surrounded by fortified walls, the main buildings were constructed between the 12th and 16th centuries. The monastery's church, mainly in Transitional Gothic style, had a major influence in the spread of Gothic architecture over much of northern and central Europe. The water-management system at Maulbronn, with its elaborate network of drains, irrigation canals and reservoirs, is of exceptional interest.",,(ii)(iv),MEDIUM,7,0,,,,,,church; monastery; wall,,Criterion_iv; Criterion_ii; OUV_ArchElements,https://whc.unesco.org/en/list/546,True
912,Dazu Rock Carvings,Cultural,Asia and the Pacific,China,,,"The steep hillsides of the Dazu area contain an exceptional series of rock carvings dating from the 9th to the 13th century. They are remarkable for their aesthetic quality, their rich diversity of subject matter, both secular and religious, and the light that they shed on everyday life in China during this period. They provide outstanding evidence of the harmonious synthesis of Buddhism, Taoism and Confucianism.","Criterion (i): The Dazu carvings represent the pinnacle of Chinese rock art for their high aesthetic quality and their diversity of style and subject matter.
Criterion (ii): Tantric Buddhism from India and the Chinese Taoist and Confucian beliefs came together at Dazu to create a highly original and influential manifestation of spiritual harmony.
Criterion (iii): The eclectic nature of religious belief in later Imperial China is given material expression in the exceptional artistic heritage of the Dazu rock art.",(i)(ii)(iii),HIGH,7,0,,,,,pinnacle,pinnacle,rock,Criterion_i; Criterion_ii; Title_Stone_Keyword,https://whc.unesco.org/en/list/912,True
1614,Mathildenhöhe Darmstadt,Cultural,Europe and North America,Germany,,,"The Darmstadt Artists’ Colony on Mathildenhöhe, the highest elevation above the city of Darmstadt in west-central Germany, was established in 1897 by Ernst Ludwig, Grand Duke of Hesse, as a centre for emerging reform movements in architecture, arts and crafts. The buildings of the colony were created by its artist members as experimental early modernist living and working environments. The colony was expanded during successive international exhibitions in 1901, 1904, 1908 and 1914. Today, it offers a testimony to early modern architecture, urban planning and landscape design, all of which were influenced by the Arts and Crafts movement and the Vienna Secession. The serial property consists of two component parts including 23 elements, such as the Wedding Tower (1908), the Exhibition Hall (1908), the Plane Tree Grove (1833, 1904-14), the Russian Chapel of St. Maria Magdalena (1897-99), the Lily Basin, the Gottfried Schwab Memorial (1905), the Pergola and Garden (1914), the “Swan Temple” Garden Pavilion (1914), the Ernst Ludwig Fountain, and the 13 houses and artists’ studios that were built for the Darmstadt Artists’ Colony and for the international exhibitions. A Three House Group, built for the 1904 exhibition is an additional component.",,(ii)(iv),MEDIUM,7,0,,,,,,pavilion; temple; tower,,Criterion_iv; Criterion_ii; OUV_ArchElements,https://whc.unesco.org/en/list/1614,True
1470,Naumburg Cathedral,Cultural,Europe and North America,Germany,,,"Located in the eastern part of the Thuringian Basin, the Cathedral of Naumburg, whose construction began in 1028, is an outstanding testimony to medieval art and architecture. Its Romanesque structure, flanked by two Gothic choirs, demonstrates the stylistic transition from late Romanesque to early Gothic. The west choir, dating to the first half of the 13th century, reflects changes in religious practice and the appearance of science and nature in the figurative arts. The choir and life-size sculptures of the founders of the Cathedral are masterpieces of the workshop known as the ‘Naumburg Master’.",,(i)(ii),HIGH,7,0,,,,,,cathedral,cathedral,Criterion_i; Criterion_ii; Title_Stone_Keyword,https://whc.unesco.org/en/list/1470,True
1694,Wooden Hypostyle Mosques of Medieval Anatolia,Cultural,Europe and North America,Türkiye,,,"This serial property is comprised of five hypostyle mosques built in Anatolia between the late 13th and mid-14th centuries, each located in a different province of present-day Türkiye. The unusual structural system of the mosques combines an exterior building envelope built of masonry with multiple rows of wooden interior columns (“hypostyle”) that support a flat wooden ceiling and the roof. These mosques are known for the skilful woodcarving and handiwork used in their structures, architectural fittings, and furnishings.",,(ii)(iv),MEDIUM,7,0,,,,,masonry,ceiling; column; hypostyle; mosque; roof,,Criterion_iv; Criterion_ii; OUV_ArchElements,https://whc.unesco.org/en/list/1694,True
984,Blaenavon Industrial Landscape,Cultural,Europe and North America,United Kingdom of Great Britain and Northern Ireland,,,"The area around Blaenavon is evidence of the pre-eminence of South Wales as the world's major producer of iron and coal in the 19th century. All the necessary elements can still be seen - coal and ore mines, quarries, a primitive railway system, furnaces, workers' homes, and the social infrastructure of their community.","Criterion (iii): The Blaenavon landscape constitutes an exceptional illustration in material form of the social and economic structure of 19th century industry.
Criterion (iv): The components of the Blaenavon industrial landscape together make up an outstanding and remarkably complete example of a 19th century industrial landscape.",(iii)(iv),MEDIUM,7,1,coal,Sedimentary,,,quarry,,,Criterion_iv; OUV_Stone,https://whc.unesco.org/en/list/984,True
1131,Royal Exhibition Building and Carlton Gardens,Cultural,Asia and the Pacific,Australia,,,"The Royal Exhibition Building and its surrounding Carlton Gardens were designed for the great international exhibitions of 1880 and 1888 in Melbourne. The building and grounds were designed by Joseph Reed. The building is constructed of brick and timber, steel and slate. It combines elements from the Byzantine, Romanesque, Lombardic and Italian Renaissance styles. The property is typical of the international exhibition movement which saw over 50 exhibitions staged between 1851 and 1915 in venues including Paris, New York, Vienna, Calcutta, Kingston (Jamaica) and Santiago (Chile). All shared a common theme and aims: to chart material and moral progress through displays of industry from all nations.","Criterion (ii): The Royal Exhibition Building and the surrounding Carlton Gardens, as the main extant survivors of a Palace of Industry and its setting, together reflect the global influence of the international exhibition movement of the 19th and early 20th centuries. The movement showcased technological innovation and change, which helped promote a rapid increase in industrialisation and international trade through the exchange of knowledge and ideas.",(ii),MEDIUM,7,1,slate,Metamorphic,,,,palace,,Criterion_ii; OUV_Stone; OUV_Materials,https://whc.unesco.org/en/list/1131,True
870,Historic Monuments of Ancient Nara,Cultural,Asia and the Pacific,Japan,,,"Nara was the capital of Japan from 710 to 784. During this period the framework of national government was consolidated and Nara enjoyed great prosperity, emerging as the fountainhead of Japanese culture. The city's historic monuments – Buddhist temples, Shinto shrines and the excavated remains of the great Imperial Palace – provide a vivid picture of life in the Japanese capital in the 8th century, a period of profound political and cultural change.",Criterion (ii): The historic monuments of ancient Nara bear exceptional witness to the evolution of Japanese architecture and art as a result of cultural links with China and Korea which were to have a profound influence on future developments. Criterion (iii): The flowering of Japanese culture during the period when Nara was the capital is uniquely demonstrated by its architectural heritage. Criterion (iv): The layout of the Imperial Palace and the design of the surviving monuments in Nara are outstanding examples of the architecture and planning of early Asian capital cities. Criterion (vi): The Buddhist temples and Shinto shrines of Nara demonstrate the continuing spiritual power and influence of these religions in an exceptional manner.,(ii)(iii)(iv)(vi),MEDIUM,7,0,,,,,capital,capital; palace; shrine; temple,,Criterion_iv; Criterion_ii; OUV_ArchElements,https://whc.unesco.org/en/list/870,True
809,Episcopal Complex of the Euphrasian Basilica in the Historic Centre of Poreč,Cultural,Europe and North America,Croatia,,,"The group of religious monuments in Porec, where Christianity was established as early as the 4th century, constitutes the most complete surviving complex of its type. The basilica, atrium, baptistery and episcopal palace are outstanding examples of religious architecture, while the basilica itself combines classical and Byzantine elements in an exceptional manner.","The Committee decided to inscribe this property on the basis of criteria (ii), (iii) and (iv), considering that the Episcopal complex of the Euphrasian Basilica in the historic centre of Porec is an outstanding example of an early Christian episcopal ensemble that is exceptional by virtue of its completeness and its unique Basilican cathedral.",(ii)(iii)(iv),MEDIUM,7,0,,,,,,atrium; basilica; cathedral; palace,,Criterion_iv; Criterion_ii; OUV_ArchElements,https://whc.unesco.org/en/list/809,True
1278,Historic Monuments and Sites in Kaesong,Cultural,Asia and the Pacific,Democratic People's Republic of Korea,,,"Situated in Kaesong city, in the south of the country, the site consists of 12 separate components, which together testify to the history and culture of the Koryo Dynasty from the 10th to 14th centuries. The geomantic layout of the former capital city of Kaesong, its palaces, institutions and tomb complex, defensive walls and gates embody the political, cultural, philosophical and spiritual values of a crucial era in the region&rsquo;s history.&nbsp; The monuments inscribed also include an astronomical and meteorological observatory, two schools (including one dedicated to educating national officials) and commemorative steles. The site testifies to the transition from Buddhism to neo-Confucianism in East Asia and to the assimilation of the cultural spiritual and political values of the states that existed prior to Korea&rsquo;s unification under the Koryo Dynasty. The integration of Buddhist, Confucian, Taoist and geomantic concepts is manifest in the planning of the site and the architecture of its monuments.",,(ii)(iii),MEDIUM,7,0,,,,,capital; stele,capital; gate; palace; tomb; wall,,Criterion_ii; OUV_Construction; OUV_ArchElements,https://whc.unesco.org/en/list/1278,True
1330,Residence of Bukovinian and Dalmatian Metropolitans,Cultural,Europe and North America,Ukraine,,,"The Residence of Bukovinian and Dalmatian Metropolitans represents a masterful synergy of architectural styles built by Czech architect Josef Hlavka from 1864 to 1882. The property, an outstanding example of 19th-century historicist architecture, also includes a seminary and monastery and is dominated by the domed, cruciform Seminary Church with a garden and park. The complex expresses architectural and cultural influences from the Byzantine period onward and embodies the powerful presence of the Orthodox Church during Habsburg rule, reflecting the Austro-Hungarian Empire policy of religious tolerance.",,(ii)(iii)(iv),MEDIUM,7,0,,,,,,church; dome; monastery,,Criterion_iv; Criterion_ii; OUV_ArchElements,https://whc.unesco.org/en/list/1330,True
1139,Tomb of Askia,Cultural,Africa,Mali,,,"The dramatic 17-m pyramidal structure of the Tomb of Askia was built by Askia Mohamed, the Emperor of Songhai, in 1495 in his capital Gao. It bears testimony to the power and riches of the empire that flourished in the 15th and 16th centuries through its control of the trans-Saharan trade, notably in salt and gold. It is also a fine example of the monumental mud-building traditions of the West African Sahel. The complex, including the pyramidal tomb, two flat-roofed mosque buildings, the mosque cemetery and the open-air assembly ground, was built when Gao became the capital of the Songhai Empire and after Askia Mohamed had returned from Mecca and made Islam the official religion of the empire.",,(ii)(iii)(iv),MEDIUM,7,0,,,,,capital,capital; mosque; roof; tomb,,Criterion_iv; Criterion_ii; OUV_ArchElements,https://whc.unesco.org/en/list/1139,True
130,Ħal Saflieni Hypogeum,Cultural,Europe and North America,Malta,,,"The Hypogeum is an enormous subterranean structure excavated c. 2500 B.C., using cyclopean rigging to lift huge blocks of coralline limestone. Perhaps originally a sanctuary, it became a necropolis in prehistoric times.",,(iii),HIGH,7,3,coralline; coralline limestone; limestone,Sedimentary,,,cyclopean,sanctuary,,OUV_Stone; OUV_Stone_3+,https://whc.unesco.org/en/list/130,True
1550,Asmara: A Modernist African City,Cultural,Africa,Eritrea,,,"Located at over 2,000 m above sea level, the capital of Eritrea developed from the 1890s onwards as a military outpost for the Italian colonial power. After 1935, Asmara underwent a large scale programme of construction applying the Italian rationalist idiom of the time to governmental edifices, residential and commercial buildings, churches, mosques, synagogues, cinemas, hotels, etc. The property encompasses the area of the city that resulted from various phases of planning between 1893 and 1941, as well as the indigenous unplanned neighbourhoods of Arbate Asmera and Abbashawel. It is an exceptional example of early modernist urbanism at the beginning of the 20th century and its application in an African context.",,(ii)(iv),MEDIUM,7,0,,,,,capital,capital; church; mosque,,Criterion_iv; Criterion_ii; OUV_ArchElements,https://whc.unesco.org/en/list/1550,True
1703,The Historic Centre of Odesa,Cultural,Europe and North America,Ukraine,,,"The Historic Center of Odesa, part of the Black Sea port city developed on the site of Khadzhybei, is a densely built-up area, planned according to classicism canons, characterized by two- to four-storey buildings and wide perpendicular streets lined with trees. Historic buildings reflect the rapid economic development of the city in the 19th and early 20th centuries. The site includes theatres, bridges, monuments, religious buildings, schools, private palaces and tenement houses, clubs, hotels, banks, shopping centres, warehouses, stock exchanges and other public and administrative buildings designed by architects and engineers, mostly from Italy in the early years, but also of other nationalities. Eclecticism is the dominant feature of the historic city centre’s architecture. The site bears witness to the city’s highly diverse ethnic and religious communities, representing an outstanding example of intercultural exchanges and the growth of multicultural and multi-ethnic Eastern European cities of the 19th century.",,(ii)(iv),MEDIUM,7,0,,,,,,bridge; palace; theatre,,Criterion_iv; Criterion_ii; OUV_ArchElements,https://whc.unesco.org/en/list/1703,True
560,"Archaeological Zone of Paquimé, Casas Grandes",Cultural,Latin America and the Caribbean,Mexico,,,"Paquimé, Casas Grandes, which reached its apogee in the 14th and 15th centuries, played a key role in trade and cultural contacts between the Pueblo culture of the south-western United States and northern Mexico and the more advanced civilizations of Mesoamerica. The extensive remains, only part of which have been excavated, are clear evidence of the vitality of a culture which was perfectly adapted to its physical and economic environment, but which suddenly vanished at the time of the Spanish Conquest.","Criterion iii: Paquimé Casas Grandes bears eloquent and abundant testimony to an important element in the cultural evolution of North America, and in particular to prehispanic commercial and cultural links. Criterion iv: The extensive remains of the archaeological site of Paquimé Casas Grandes provide exceptional evidence of the development of adobe architecture in North America, and in particular of the blending of this with the more advanced techniques of Mesoamerica.",(iii)(iv),MEDIUM,7,1,adobe,Sedimentary,,,,,,Criterion_iv; OUV_Stone,https://whc.unesco.org/en/list/560,True
416,Historic Centre of Puebla,Cultural,Latin America and the Caribbean,Mexico,,,"Puebla, which was founded ex nihilo in 1531, is situated about 100 km east of Mexico City, at the foot of the Popocatepetl volcano. It has preserved its great religious structures such as the 16th–17th-century cathedral and fine buildings like the old archbishop's palace, as well as a host of houses with walls covered in tiles (azulejos). The new aesthetic concepts resulting from the fusion of European and American styles were adopted locally and are peculiar to the Baroque district of Puebla.",,(ii)(iv),MEDIUM,7,0,,,,,,cathedral; palace; wall,,Criterion_iv; Criterion_ii; OUV_ArchElements,https://whc.unesco.org/en/list/416,True
616,Historic Centre of Prague,Cultural,Europe and North America,Czechia,,,"Built between the 11th and 18th centuries, the Old Town, the Lesser Town and the New Town speak of the great architectural and cultural influence enjoyed by this city since the Middle Ages. The many magnificent monuments, such as Hradcany Castle, St Vitus Cathedral, Charles Bridge and numerous churches and palaces, built mostly in the 14th century under the Holy Roman Emperor, Charles IV.",,(ii)(iv)(vi),MEDIUM,7,0,,,,,,bridge; castle; cathedral; church; palace,,Criterion_iv; Criterion_ii; OUV_ArchElements,https://whc.unesco.org/en/list/616,True
724,Medieval Monuments in Kosovo,Cultural,Europe and North America,Serbia,,,"The four edifices of the site reflect the high points of the Byzantine-Romanesque ecclesiastical culture, with its distinct style of wall painting, which developed in the Balkans between the 13th and 17th centuries. The Dečani Monastery was built in the mid-14th century for the Serbian king Stefan Dečanski and is also his mausoleum. The Patriarchate of Peć Monastery is a group of four domed churches featuring series of wall paintings. The 13th-century frescoes of the Church of Holy Apostles are painted in a unique, monumental style. Early 14th-century frescoes in the church of the Holy Virgin of Ljevisa represent the appearance of the new so-called Palaiologian Renaissance style, combining the influences of the eastern Orthodox Byzantine and the Western Romanesque traditions. The style played a decisive role in subsequent Balkan art.",,(ii)(iii)(iv),MEDIUM,7,0,,,,,,church; mausoleum; monastery; wall,,Criterion_iv; Criterion_ii; OUV_ArchElements,https://whc.unesco.org/en/list/724,True
412,Historic Centre of Mexico City and Xochimilco,Cultural,Latin America and the Caribbean,Mexico,,,"Built in the 16th century by the Spanish on the ruins of Tenochtitlan, the old Aztec capital, Mexico City is now one of the world's largest and most densely populated cities. It has five Aztec temples, the ruins of which have been identified, a cathedral (the largest on the continent) and some fine 19th- and 20th-century public buildings such as the Palacio de las Bellas Artes. Xochimilco lies 28 km south of Mexico City. With its network of canals and artificial islands, it testifies to the efforts of the Aztec people to build a habitat in the midst of an unfavourable environment. Its characteristic urban and rural structures, built since the 16th century and during the colonial period; have been preserved in an exceptional manner.",,(ii)(iii)(iv)(v),MEDIUM,7,0,,,,,capital,capital; cathedral; temple,,Criterion_iv; Criterion_ii; OUV_ArchElements,https://whc.unesco.org/en/list/412,True
97,Historical Complex of Split with the Palace of Diocletian,Cultural,Europe and North America,Croatia,,,"The ruins of Diocletian's Palace, built between the late 3rd and the early 4th centuries A.D., can be found throughout the city. The cathedral was built in the Middle Ages, reusing materials from the ancient mausoleum. Twelfth- and 13th-century Romanesque churches, medieval fortifications, 15th-century Gothic palaces and other palaces in Renaissance and Baroque style make up the rest of the protected area.",,(ii)(iii)(iv),MEDIUM,7,0,,,,,,cathedral; church; mausoleum; palace,,Criterion_iv; Criterion_ii; OUV_ArchElements,https://whc.unesco.org/en/list/97,True
696,Kronborg Castle,Cultural,Europe and North America,Denmark,,,"Located on a strategically important site commanding the Sund, the stretch of water between Denmark and Sweden, the Royal castle of Kronborg at Helsingør (Elsinore) is of immense symbolic value to the Danish people and played a key role in the history of northern Europe in the 16th-18th centuries. Work began on the construction of this outstanding Renaissance castle in 1574, and its defences were reinforced according to the canons of the period's military architecture in the late 17th century. It has remained intact to the present day. It is world-renowned as Elsinore, the setting of Shakespeare's Hamlet.","Criterion (iv): Kronborg Castle is an outstanding example of the Renaissance castle, and one which played a highly significant role in the history of this region of northern Europe.",(iv),HIGH,7,0,,,,,,castle,castle,Criterion_iv; Title_Stone_Keyword,https://whc.unesco.org/en/list/696,True
1170,Historical Centre of the City of Yaroslavl,Cultural,Europe and North America,Russian Federation,,,"Situated at the confluence of the Volga and Kotorosl Rivers some 250 km north-east of Moscow, the historic city of Yaroslavl developed into a major commercial centre from the 11th century. It is renowned for its numerous 17th-century churches and is an outstanding example of the urban planning reform Empress Catherine the Great ordered for the whole of Russia in 1763. While keeping some of its significant historic structures, the town was renovated in the neoclassical style on a radial urban master plan. It has also kept elements from the 16th century in the Spassky Monastery, one of the oldest in the Upper Volga region, built on the site of a pagan temple in the late 12th century but reconstructed over time.","Criterion (ii): The historic town of Yaroslavl with its 17th century churches and its Neo-classical radial urban plan and civic architecture is an outstanding example of the interchange of cultural and architectural influences between Western Europe and Russian Empire.
Criterion (iv): Yaroslavl is an outstanding example of the town-planning reform ordered by Empress Catherine The Great in the whole of Russia, implemented between 1763 and 1830.",(ii)(iv),MEDIUM,7,0,,,,,,church; monastery; temple,,Criterion_iv; Criterion_ii; OUV_ArchElements,https://whc.unesco.org/en/list/1170,True
1142,Sacred Sites and Pilgrimage Routes in the Kii Mountain Range,Cultural,Asia and the Pacific,Japan,,,"Set in the dense forests of the Kii Mountains overlooking the Pacific Ocean, three sacred sites – Yoshino and Omine, Kumano Sanzan, Koyasan – linked by pilgrimage routes to the ancient capital cities of Nara and Kyoto, reflect the fusion of Shinto, rooted in the ancient tradition of nature worship in Japan, and Buddhism, which was introduced from China and the Korean Peninsula. The sites (506.4 ha) and their surrounding forest landscape reflect a persistent and extraordinarily well-documented tradition of sacred mountains over 1,200 years. The area, with its abundance of streams, rivers and waterfalls, is still part of the living culture of Japan and is much visited for ritual purposes and hiking, with up to 15 million visitors annually. Each of the three sites contains shrines, some of which were founded as early as the 9th century.","Criterion (ii): The monuments and sites that form the cultural landscape of the Kii Mountains are a unique fusion between Shintoism and Buddhism that illustrates the interchange and development of religious cultures in East Asia.
Criterion (iii): The Shinto shrines and Buddhist temples in the Kii Mountains, and their associated rituals, bear exceptional testimony to the development of Japan’s religious culture over more than a thousand years.
Criterion (iv): The Kii Mountains have become the setting for the creation of unique forms of shrine and temple buildings which have had a profound influence on the building of temples and shrines elsewhere in Japan.
Criterion (vi): Together, the sites and the forest landscape of the Kii Mountains reflect a persistent and extraordinarily well-documented tradition of sacred mountains over the past 1200 years.",(ii)(iii)(iv)(vi),MEDIUM,7,0,,,,,capital,capital; shrine; temple,,Criterion_iv; Criterion_ii; OUV_ArchElements,https://whc.unesco.org/en/list/1142,True
1070,"Citadel, Ancient City and Fortress Buildings of Derbent",Cultural,Europe and North America,Russian Federation,,,"The Citadel, Ancient City and Fortress Buildings of Derbent were part of the northern lines of the Sasanian Persian Empire, which extended east and west of the Caspian Sea. The fortification was built in stone. It consisted of two parallel walls that formed a barrier from the seashore up to the mountain. The town of Derbent was built between these two walls, and has retained part of its medieval fabric. The site continued to be of great strategic importance until the 19th century.","Criterion (iii): The site of the ancient city of Derbent has been crucial for the control of the north-south passage on the west side of the Caspian Sea since the 1st millennium BCE. The defence structures that were built by the Sasanians in the 5th century CE were in continuous use by the succeeding Persian, Arabic, Mongol, and Timurid governments for some 15 centuries.
Criterion (iv): The ancient city of Derbent and its defence structures are the most significant section of the strategic defence systems designed and built in the Sasanian empire along their northern limes, and maintained during the successive governments until the Russian occupation in the 19th century.",(iii)(iv),HIGH,7,0,,,,,,fortress; wall,fortress,Criterion_iv; Title_Stone_Keyword,https://whc.unesco.org/en/list/1070,True
277,Hatra,Cultural,Arab States,Iraq,,,"A large fortified city under the influence of the Parthian Empire and capital of the first Arab Kingdom, Hatra withstood invasions by the Romans in A.D. 116 and 198 thanks to its high, thick walls reinforced by towers. The remains of the city, especially the temples where Hellenistic and Roman architecture blend with Eastern decorative features, attest to the greatness of its civilization.",,(ii)(iii)(iv)(vi),MEDIUM,7,0,,,,,capital,capital; temple; tower; wall,,Criterion_iv; Criterion_ii; OUV_ArchElements,https://whc.unesco.org/en/list/277,True
268,Abbey of St Gall,Cultural,Europe and North America,Switzerland,,,"The Convent of St Gall, a perfect example of a great Carolingian monastery, was, from the 8th century to its secularization in 1805, one of the most important in Europe. Its library is one of the richest and oldest in the world and contains precious manuscripts such as the earliest-known architectural plan drawn on parchment. From 1755 to 1768, the conventual area was rebuilt in Baroque style. The cathedral and the library are the main features of this remarkable architectural complex, reflecting 12 centuries of continuous activity.",,(ii)(iv),MEDIUM,7,0,,,,,,abbey; cathedral; monastery,,Criterion_iv; Criterion_ii; OUV_ArchElements,https://whc.unesco.org/en/list/268,True
276,Samarra Archaeological City,Cultural,Arab States,Iraq,,,"Samarra Archaeological City is the site of a powerful Islamic capital city that ruled over the provinces of the Abbasid Empire extending from Tunisia to Central Asia for a century. Located on both sides of the River Tigris 130 km north of Baghdad, the length of the site from north to south is 41.5 km; its width varying from 8 km to 4 km. It testifies to the architectural and artistic innovations that developed there and spread to the other regions of the Islamic world and beyond. The 9th-century Great Mosque and its spiral minaret are among the numerous remarkable architectural monuments of the site, 80% of which remain to be excavated.",,(ii)(iii)(iv),MEDIUM,7,0,,,,,capital,capital; minaret; mosque,,Criterion_iv; Criterion_ii; OUV_ArchElements,https://whc.unesco.org/en/list/276,True
1810,Mount Amel Castles,Cultural,Arab States,Lebanon,,,"The serial property comprises five fortified sites located across the historic region of Jabal Amel in southern Lebanon: Qalaat Al Chakif (Beaufort Castle), Qalaat Tibnin (Toron Castle), Qalaat Chakra (Dubieh Castle), Qalaat Deir Kifa (Maron Castle), and Qalaat Chama’ (Chama’ Castle). Occupying prominent hilltops and strategic ridges overlooking major regional routes, the castles formed an integrated defensive and administrative network that controlled movement, communication, and agricultural resources across a vast territory. Developed between the medieval period and the 19th century, they illustrate successive phases of occupation and adaptation by Crusader, Ayyubid, Mamluk, Ottoman, and local feudal rulers. Their fortifications, keeps, towers, gateways, and residential quarters preserve evidence of the continuous exchange of military knowledge, construction techniques, and territorial management practices between European and Near Eastern traditions, while demonstrating the evolution of defensive architecture and fortified network over nearly a millennium.",,(ii)(iv),MEDIUM,7,0,,,,,,castle; gateway; tower,,Criterion_iv; Criterion_ii; OUV_ArchElements,https://whc.unesco.org/en/list/1810,True
1192,Qal’at al-Bahrain – Ancient Harbour and Capital of Dilmun,Cultural,Arab States,Bahrain,,,"Qal’at al-Bahrain is a typical tell – an artificial mound created by many successive layers of human occupation. The strata of the 300 × 600 m tell testify to continuous human presence from about 2300 BC to the 16th century AD. About 25% of the site has been excavated, revealing structures of different types: residential, public, commercial, religious and military. They testify to the importance of the site, a trading port, over the centuries. On the top of the 12 m mound there is the impressive Portuguese fort, which gave the whole site its name, qal’a (fort). The site was the capital of the Dilmun, one of the most important ancient civilizations of the region. It contains the richest remains inventoried of this civilization, which was hitherto only known from written Sumerian references.","Criterion (ii): Being an important port city, where people and traditions from different parts of the then known world met, lived and practiced their commercial activities, makes the place a real meeting point of cultures – all reflected in its architecture and development. Being in addition, invaded and occupied for long periods, by most of the great powers and empires, leaved their cultural traces in different strata of the tell.
Criterion (iii): The site was the capital of one of the most important ancient civilizations of the region – the Dilmun civilization. As such this site is the best representative of this culture.
Criterion (iv): The palaces of Dilmun are unique examples of public architecture of this culture, which had an impact on architecture in general in the region. The different fortifications are the best examples of defence works from the 3rd century B.C to the 16th century AD, all on one site. The protected palm groves surrounding the site are an illustration of the typical landscape and agriculture of the region, since the 3rd century BC.",(ii)(iii)(iv),MEDIUM,7,0,,,,,capital,capital; fort; palace,,Criterion_iv; Criterion_ii; OUV_ArchElements,https://whc.unesco.org/en/list/1192,True
2,City of Quito,Cultural,Latin America and the Caribbean,Ecuador,,,"Quito, the capital of Ecuador, was founded in the 16th century on the ruins of an Inca city and stands at an altitude of 2,850 m. Despite the 1917 earthquake, the city has the best-preserved, least altered historic centre in Latin America. The monasteries of San Francisco and Santo Domingo, and the Church and Jesuit College of La Compañía, with their rich interiors, are pure examples of the 'Baroque school of Quito', which is a fusion of Spanish, Italian, Moorish, Flemish and indigenous art.",,(ii)(iv),MEDIUM,7,0,,,,,capital,capital; church; monastery,,Criterion_iv; Criterion_ii; OUV_ArchElements,https://whc.unesco.org/en/list/2,True
910,Brimstone Hill Fortress National Park,Cultural,Latin America and the Caribbean,Saint Kitts and Nevis,,,"Brimstone Hill Fortress National Park is an outstanding, well-preserved example of 17th- and 18th-century military architecture in a Caribbean context. Designed by the British and built by African slave labour, the fortress is testimony to European colonial expansion, the African slave trade and the emergence of new societies in the Caribbean.","Criterion (iii): Brimstone Hill is an outstanding British fortress, built by slave labour to exact standards during a peak period of European colonial expansion in the Caribbean. Criterion (iv): Because of its strategic layout and construction, Brimstone Hill Fortress is an exceptional and well preserved example of 17th and 18th century British military architecture.",(iii)(iv),HIGH,7,0,,,,,,fortress,fortress,Criterion_iv; Title_Stone_Keyword,https://whc.unesco.org/en/list/910,True
787,The Trulli of Alberobello,Cultural,Europe and North America,Italy,,,"The trulli , limestone dwellings found in the southern region of Puglia, are remarkable examples of drywall (mortarless) construction, a prehistoric building technique still in use in this region. The trulli are made of roughly worked limestone boulders collected from neighbouring fields. Characteristically, they feature pyramidal, domed or conical roofs built up of corbelled limestone slabs.","The Committee decided to inscribe the nominated property on the basis of cultural criteria (iii), (iv) and (v) considering that the site is of outstanding universal value being an exceptional example of a form of building construction deriving from prehistoric construction techniques that have survived intact and functioning into the modern world.",(iii)(iv)(v),MEDIUM,7,1,limestone,Sedimentary,,,,roof,,Criterion_iv; OUV_Stone,https://whc.unesco.org/en/list/787,True
1648,Sudanese style mosques in northern Côte d’Ivoire,Cultural,Africa,Côte d'Ivoire,,,"The eight Sudanese-style mosques located in Tengréla, Kouto, Sorobango, Samatiguila, Nambira, Kong, and Kaouara are characterized by earthen construction, projecting frameworks, vertical buttresses crowned with pottery or ostrich eggs, and high or low minarets in the form of a truncated pyramid. They present an interpretation of an architectural style that originated between the 12th and 14th centuries in the city of Djenné, which was then part of the Mali Empire and whose prosperity came from the trade of gold and salt across the Sahara to North Africa. It is especially from the 15th century that this style spread southwards, from the desert regions to the Sudanese savannah, adopting lower forms with stronger buttresses, to meet the requirements of a more humid climate. These mosques are the best preserved of the twenty that have survived in Côte d'Ivoire, out of several hundred that still existed at the beginning of the 20th century. The Sudanese style that characterizes these mosques, and which is unique to the savannah region of West Africa, developed between the eleventh and nineteenth centuries, when Islamic merchants and scholars spread southward from the Mali Empire, extending the trans-Saharan trade routes into the woodlands. The mosques are not only very important physical evidence of the trans-Saharan trade that fostered the expansion of Islam and Islamic culture, but are also a tangible expression of the fusion of two architectural forms that have endured over time: the Islamic form practiced by the Arab-Berbers and that of the indigenous animist communities.",,(ii)(iv),MEDIUM,7,0,,,,,,buttress; minaret; mosque; pyramid,,Criterion_iv; Criterion_ii; OUV_ArchElements,https://whc.unesco.org/en/list/1648,True
1573,"Royal Building of Mafra – Palace, Basilica, Convent, Cerco Garden and Hunting Park (Tapada)",Cultural,Europe and North America,Portugal,,,"Located 30 km northwest of Lisbon, the property was conceived by King João V in 1711 as a tangible representation of his conception of the monarchy and the State. This imposing quadrangular building houses the king’s and queen's palaces, the royal chapel, shaped like a Roman baroque basilica, a Franciscan monastery and a library containing 36,000 volumes. The complex is completed by the Cerco garden, with its geometric layout, and the royal hunting park (Tapada). The Royal Mafra Building is one of the most remarkable works undertaken by King João V, which illustrates the power and reach of the Portuguese Empire. João V adopted Roman and Italian baroque architectural and artistic models and commissioned works of art that make Mafra an exceptional example of Italian Baroque.",,(iv),MEDIUM,6,0,,,,,,basilica; monastery; palace,,Criterion_iv; OUV_ArchElements,https://whc.unesco.org/en/list/1573,True
958,Walled City of Baku with the Shirvanshah's Palace and Maiden Tower,Cultural,Europe and North America,Azerbaijan,,,"Built on a site inhabited since the Palaeolithic period, the Walled City of Baku reveals evidence of Zoroastrian, Sasanian, Arabic, Persian, Shirvani, Ottoman, and Russian presence in cultural continuity. The Inner City (Icheri Sheher) has preserved much of its 12th-century defensive walls. The 12th-century Maiden Tower (Giz Galasy) is built over earlier structures dating from the 7th to 6th centuries BC, and the 15th-century Shirvanshahs' Palace is one of the pearls of Azerbaijan's architecture.","Criterion (iv): The Walled City of Baku represents an outstanding and rare example of an historic urban ensemble and architecture with influence from Zoroastrian, Sassanian, Arabic, Persian, Shirvani, Ottoman, and Russian cultures.",(iv),MEDIUM,6,0,,,,,,palace; tower; wall,,Criterion_iv; OUV_ArchElements,https://whc.unesco.org/en/list/958,True
1367,Garrison Border Town of Elvas and its Fortifications,Cultural,Europe and North America,Portugal,,,"The site, extensively fortified from the 17th to 19th centuries, represents the largest bulwarked dry-ditch system in the world. Within its walls, the town contains barracks and other military buildings as well as churches and monasteries. While Elvas contains remains dating back to the 10th century ad, its fortification began when Portugal regained independence in 1640. The fortifications designed by Dutch Jesuit padre Cosmander represent the best surviving example of the Dutch school of fortifications anywhere. The site also contains the Amoreira aqueduct, built to enable the stronghold to withstand lengthy sieges.","Criterion (iv): Elvas is the largest complex of dry-ditched bulwarked land fortifications in the world surviving to the present day.The bulwarked fortifications of the Historic Centre are the best extant evidence of the Old Dutch Method of fortification in the world. Fort of Santa Luzia is paradigmatic of the highly functional character of bulwarked military architecture, in sacrificing a perfect - and redundant -geometric regularity in order to maximize the military effectiveness of the territorial defensive system to which it belongs. The excellence of design and construction of the Fort of Graça, in a situation also conditioned strongly by its location and available space. At the end of the 18th century, experienced European military men already thought so, among them Christian, Prince of Waldeck (Principality of Germany), engaged with the post of Marshal, on 10 March 1797 to assist the Commander-in-Chief of the Portuguese army. From his journey of inspection made in 1798, the following reference to the fort remains: “The fort continues to be a masterpiece of fortification, incorporating all the skill and art available at the time (…)”.",(iv),MEDIUM,6,0,,,,,,aqueduct; church; fort; monastery; wall,,Criterion_iv; OUV_ArchElements,https://whc.unesco.org/en/list/1367,True
532,Palaces and Parks of Potsdam and Berlin,Cultural,Europe and North America,Germany,,,"With 500 ha of parks and 150 buildings constructed between 1730 and 1916, Potsdam's complex of palaces and parks forms an artistic whole, whose eclectic nature reinforces its sense of uniqueness. It extends into the district of Berlin-Zehlendorf, with the palaces and parks lining the banks of the River Havel and Lake Glienicke. Voltaire stayed at the Sans-Souci Palace, built under Frederick II between 1745 and 1747.",,(i)(ii)(iv),MEDIUM,6,0,,,,,,palace,,Criterion_iv; Criterion_i; Criterion_ii,https://whc.unesco.org/en/list/532,True
371,Ironbridge Gorge,Cultural,Europe and North America,United Kingdom of Great Britain and Northern Ireland,,,"Ironbridge is known throughout the world as the symbol of the Industrial Revolution. It contains all the elements of progress that contributed to the rapid development of this industrial region in the 18th century, from the mines themselves to the railway lines. Nearby, the blast furnace of Coalbrookdale, built in 1708, is a reminder of the discovery of coke. The bridge at Ironbridge, the world's first bridge constructed of iron, had a considerable influence on developments in the fields of technology and architecture.",,(i)(ii)(iv)(vi),MEDIUM,6,0,,,,,,bridge,,Criterion_iv; Criterion_i; Criterion_ii,https://whc.unesco.org/en/list/371,True
710,Gelati Monastery,Cultural,Europe and North America,Georgia,,,"Founded in 1106 in the west of Georgia, the Monastery of Gelati is a masterpiece of the Golden Age of medieval Georgia, a period of political strength and economic growth between the 11th and 13th centuries. It is characterized by the facades of smoothly hewn large blocks, balanced proportions and blind arches for exterior decoration. The Gelati monastery, one of the largest medieval Orthodox monasteries, was also a centre of science and education and the Academy it housed was one of the most important centres of culture in ancient Georgia.",,(iv),MEDIUM,6,0,,,,,,arch; facade; monastery,,Criterion_iv; OUV_ArchElements,https://whc.unesco.org/en/list/710,True
1402,Al Zubarah Archaeological Site,Cultural,Arab States,Qatar,,,"The walled coastal town of Al Zubarah in the Persian Gulf flourished as a pearling and trading centre in the late 18th century and early 19th centuries, before it was destroyed in 1811 and abandoned in the early 1900s. Founded by merchants from Kuwait, Al Zubarah had trading links across the Indian Ocean, Arabia and Western Asia. A layer of sand blown from the desert has protected the remains of the site’s palaces, mosques, streets, courtyard houses, and fishermen’s huts; its harbour and double defensive walls, a canal, walls, and cemeteries. Excavation has only taken place over a small part of the site, which offers an outstanding testimony to an urban trading and pearl-diving tradition which sustained the region’s major coastal towns and led to the development of small independent states that flourished outside the control of the Ottoman, European, and Persian empires and eventually led to the emergence of modern day Gulf States.",,(iii)(iv)(v),MEDIUM,6,0,,,,,,courtyard; mosque; palace; wall,,Criterion_iv; OUV_ArchElements,https://whc.unesco.org/en/list/1402,True
1091,Complex of Koguryo Tombs,Cultural,Asia and the Pacific,Democratic People's Republic of Korea,,,"The property includes several group and individual tombs - totalling about 30 individual tombs - from the later period of the Koguryo Kingdom, one of the strongest kingdoms in nowadays northeast China and half of the Korean peninsula between the 3rd century BC to 7th century AD. The tombs, many with beautiful wall paintings, are almost the only remains of this culture. Only about 90 out of more than 10,000 Koguryo tombs discovered in China and Korea so far, have wall paintings. Almost half of these tombs are located on this site and they are thought to have been made for the burial of kings, members of the royal family and the aristocracy. These paintings offer a unique testimony to daily life of this period.","Criterion (i): The wall paintings of the Koguryo Tombs are masterpieces of the culture and period of the Koguryo kingdom; the construction of the tombs demonstrates ingenious engineering solutions.
Criterion (ii): The special burial customs of the Koguryo culture had an important influence on other cultures in the region, including those in Japan.
Criterion (iii): The Koguryo Tombs are an exceptional testimony of the Koguryo culture, its burial customs as well as its daily life and beliefs.
Criterion (iv): The complex of Koguryo Tombs is an important example of burial typology.",(i)(ii)(iii)(iv),MEDIUM,6,0,,,,,,tomb; wall,,Criterion_iv; Criterion_i; Criterion_ii,https://whc.unesco.org/en/list/1091,True
600,"Paris, Banks of the Seine",Cultural,Europe and North America,France,,,"From the Louvre to the Eiffel Tower, from the Place de la Concorde to the Grand and Petit Palais, the evolution of Paris and its history can be seen from the River Seine. The Cathedral of Notre-Dame and the Sainte Chapelle are architectural masterpieces while Haussmann's wide squares and boulevards influenced late 19th- and 20th-century town planning the world over.",,(i)(ii)(iv),MEDIUM,6,0,,,,,,cathedral; tower,,Criterion_iv; Criterion_i; Criterion_ii,https://whc.unesco.org/en/list/600,True
1319,Royal Tombs of the Joseon Dynasty,Cultural,Asia and the Pacific,Republic of Korea,,,"The Royal Tombs of the Joseon Dynasty form a collection of 40 tombs scattered over 18 locations. Built over five centuries, from 1408 to 1966, the tombs honoured the memory of ancestors, showed respect for their achievements, asserted royal authority, protected ancestral spirits from evil and provided protection from vandalism. Spots of outstanding natural beauty were chosen for the tombs which typically have their back protected by a hill as they face south toward water and, ideally, layers of mountain ridges in the distance. Alongside the burial area, the royal tombs feature a ceremonial area and an entrance. In addition to the burial mounds, associated buildings that are an integral part of the tombs include a T-shaped wooden shrine, a shed for stele, a royal kitchen and a guards&rsquo; house, a red-spiked gate and the tomb keeper&rsquo;s house. The grounds are adorned on the outside with a range of stone objects including figures of people and animals. The Joseon Tombs completes the 5,000 year history of royal tombs architecture in the Korean peninsula.",,(iii)(iv)(vi),MEDIUM,6,0,,,,,stele,gate; shrine; tomb,,Criterion_iv; OUV_ArchElements,https://whc.unesco.org/en/list/1319,True
1477,Baekje Historic Areas,Cultural,Asia and the Pacific,Republic of Korea,,,"Located in the mountainous mid-western region of the Republic of Korea, this property comprises eight archaeological sites dating from 475 to 660 CE, including the Gongsanseong fortress and royal tombs at Songsan-ri related to the capital, Ungjin (present day Gongju), the Busosanseong Fortress and Gwanbuk-ri administrative buildings, the Jeongnimsa Temple, the royal tombs in Neungsan-ri and the Naseong city wall related to the capital, Sabi (now Buyeo), the royal palace at Wanggung-ri and the Mireuksa Temple in Iksan related to the secondary Sabi capital. Together, these sites represent the later period of the Baekje Kingdom – one of the three earliest kingdoms on the Korean peninsula (18 BCE to 660 CE) - during which time they were at the crossroads of considerable technological, religious (Buddhist), cultural and artistic exchanges between the ancient East Asian kingdoms in Korea, China and Japan.",,(ii)(iii),MEDIUM,6,0,,,,,capital,capital; fortress; palace; temple; tomb; wall,,Criterion_ii; OUV_ArchElements; OUV_ArchElements_6+,https://whc.unesco.org/en/list/1477,True
373,"Stonehenge, Avebury and Associated Sites",Cultural,Europe and North America,United Kingdom of Great Britain and Northern Ireland,,,"Stonehenge and Avebury, in Wiltshire, are among the most famous groups of megaliths in the world. The two sanctuaries consist of circles of menhirs arranged in a pattern whose astronomical significance is still being explored. These holy places and the nearby Neolithic sites are an incomparable testimony to prehistoric times.",,(i)(ii)(iii),MEDIUM,6,0,,,,,megalith; menhir,sanctuary,,Criterion_i; Criterion_ii; OUV_Construction,https://whc.unesco.org/en/list/373,True
933,The Loire Valley between Sully-sur-Loire and Chalonnes,Cultural,Europe and North America,France,,,"The Loire Valley is an outstanding cultural landscape of great beauty, containing historic towns and villages, great architectural monuments (the châteaux), and cultivated lands formed by many centuries of interaction between their population and the physical environment, primarily the river Loire itself.","Criterion (i): The Loire Valley is noteworthy for the quality of its architectural heritage, in its historic towns such as Blois, Chinon, Orléans, Saumur, and Tours, but in particular in its world-famous castles, such as the Château de Chambord.
Criterion (ii): The Loire Valley is an outstanding cultural landscape along a major river which bears witness to an interchange of human values and to a harmonious development of interactions between human beings and their environment over two millennia.
Criterion (iv): The landscape of the Loire Valley, and more particularly its many cultural monuments, illustrate to an exceptional degree the ideals of the Renaissance and the Age of the Enlightenment on western European thought and design.",(i)(ii)(iv),MEDIUM,6,0,,,,,,castle,,Criterion_iv; Criterion_i; Criterion_ii,https://whc.unesco.org/en/list/933,True
1337,Episcopal City of Albi,Cultural,Europe and North America,France,,,"On the banks of the Tarn river in south-west France, the old city of Albi reflects the culmination of a medieval architectural and urban ensemble. Today the Old Bridge (Pont-Vieux), the Saint-Salvi quarter and its church are testimony to its initial development (10th -11th centuries). Following the Albigensian Crusade against the Cathar heretics (13th century) it became a powerful episcopal city. Built in a unique southern French Gothic style from local brick in characteristic red and orange colours, the lofty fortified Cathedral (late 13th century) dominates the city, demonstrating the power regained by the Roman Catholic clergy. Alongside the Cathedral is the vast bishop’s Palais de la Berbie, overlooking the river and surrounded by residential quarters that date back to the Middle Ages. The Episcopal City of Albi forms a coherent and homogeneous ensemble of monuments and quarters that has remained largely unchanged over the centuries.",,(iv)(v),MEDIUM,6,0,,,,,,bridge; cathedral; church,,Criterion_iv; OUV_ArchElements,https://whc.unesco.org/en/list/1337,True
1552,Roșia Montană Mining Landscape,Cultural,Europe and North America,Romania,,,"Located in the Metalliferous range of the Apuseni Mountains in the west of Romania, Roșia Montană features the most significant, extensive and technically diverse underground Roman gold mining complex known at the time of inscription. As Alburnus Maior, it was the site of extensive gold-mining during the Roman Empire. Over 166 years starting in 106 CE, the Romans extracted some 500 tonnes of gold from the site developing highly engineered works, different types of galleries totalling 7km and a number of waterwheels in four underground localities chosen for their high-grade ore. Wax‐coated wooden writing tablets have provided detailed legal, socio‐economic, demographic and linguistic information about the Roman mining activities, not just in Alburnus Maior but also across the wider Dacian province. The site demonstrates a fusion of imported Roman mining technology with locally developed techniques, unknown elsewhere from such an early era. Mining on the site was also carried out, albeit to a lesser extent, between medieval times and the modern era. The later extractive works surround and cut across the Roman galleries. The ensemble is set in an agro-pastoral landscape which largely reflects the structures of the communities that supported the mines between the 18th and early 20th centuries.",,(ii)(iii)(iv),MEDIUM,6,0,,,,,,gallery,,Criterion_iv; Criterion_ii; OUV_Materials,https://whc.unesco.org/en/list/1552,True
165,Cistercian Abbey of Fontenay,Cultural,Europe and North America,France,,,"This stark Burgundian monastery was founded by St Bernard in 1119. With its church, cloister, refectory, sleeping quarters, bakery and ironworks, it is an excellent illustration of the ideal of self-sufficiency as practised by the earliest communities of Cistercian monks.",,(iv),MEDIUM,6,0,,,,,,abbey; church; cloister; monastery,,Criterion_iv; OUV_ArchElements,https://whc.unesco.org/en/list/165,True
770,Canal du Midi,Cultural,Europe and North America,France,,,"This 360-km network of navigable waterways linking the Mediterranean and the Atlantic through 328 structures (locks, aqueducts, bridges, tunnels, etc.) is one of the most remarkable feats of civil engineering in modern times. Built between 1667 and 1694, it paved the way for the Industrial Revolution. The care that its creator, Pierre-Paul Riquet, took in the design and the way it blends with its surroundings turned a technical achievement into a work of art.","The Committee decided to inscribe the nominated property on the basis of cultural criteria (i), (ii), (iv) and (vi) considering that the site is of outstanding universal value being one of the greatest engineering achievements of the Modern Age, providing the model for the flowering of technology that led directly to the Industrial Revolution and the modern technological age. Additionally, it combines with its technological innovation a concern for high aesthetic architectural and landscape design that has few parallels. The Committee endorsed the inscription of this property as the Canal du Midi clearly is an exceptional example of a designed landscape",(i)(ii)(iv)(vi),MEDIUM,6,0,,,,,,aqueduct; bridge,,Criterion_iv; Criterion_i; Criterion_ii,https://whc.unesco.org/en/list/770,True
795,Maritime Greenwich,Cultural,Europe and North America,United Kingdom of Great Britain and Northern Ireland,,,"The ensemble of buildings at Greenwich, an outlying district of London, and the park in which they are set, symbolize English artistic and scientific endeavour in the 17th and 18th centuries. The Queen's House (by Inigo Jones) was the first Palladian building in England, while the complex that was until recently the Royal Naval College was designed by Christopher Wren. The park, laid out on the basis of an original design by André Le Nôtre, contains the Old Royal Observatory, the work of Wren and the scientist Robert Hooke.","The Committee decided to inscribe this property on the basis of cultural criteria (i), (ii), (iv) and (vi), considering that the public and private buildings and the Royal Park at Greenwich form an exceptional ensemble that bears witness to human artistic and scientific endeavour of the highest quality, to European architecture at an important stage of its evolution, and to the creation of a landscape that integrates nature and culture in a harmonious whole.",(i)(ii)(iv)(vi),MEDIUM,6,0,,,,,,,,Criterion_iv; Criterion_i; Criterion_ii,https://whc.unesco.org/en/list/795,True
428,City of Bath,Cultural,Europe and North America,United Kingdom of Great Britain and Northern Ireland,,,"Founded by the Romans as a thermal spa, Bath became an important centre of the wool industry in the Middle Ages. In the 18th century, under George III, it developed into an elegant town with neoclassical Palladian buildings, which blend harmoniously with the Roman baths.",,(i)(ii)(iv),MEDIUM,6,0,,,,,,bath,,Criterion_iv; Criterion_i; Criterion_ii,https://whc.unesco.org/en/list/428,True
545,"Kremlin and Red Square, Moscow",Cultural,Europe and North America,Russian Federation,,,"Inextricably linked to all the most important historical and political events in Russia since the 13th century, the Kremlin (built between the 14th and 17th centuries by outstanding Russian and foreign architects) was the residence of the Great Prince and also a religious centre. At the foot of its ramparts, on Red Square, St Basil's Basilica is one of the most beautiful Russian Orthodox monuments.",,(i)(ii)(iv)(vi),MEDIUM,6,0,,,,,,basilica,,Criterion_iv; Criterion_i; Criterion_ii,https://whc.unesco.org/en/list/545,True
90,Abu Mena,Cultural,Arab States,Egypt,,,"The church, baptistry, basilicas, public buildings, streets, monasteries, houses and workshops in this early Christian holy city were built over the tomb of the martyr Menas of Alexandria, who died in A.D. 296.",,(iv),MEDIUM,6,0,,,,,,church; monastery; tomb,,Criterion_iv; OUV_ArchElements,https://whc.unesco.org/en/list/90,True
974,Monastic Island of Reichenau,Cultural,Europe and North America,Germany,,,"The island of Reichenau on Lake Constance preserves the traces of the Benedictine monastery, founded in 724, which exercised remarkable spiritual, intellectual and artistic influence. The churches of St Mary and Marcus, St Peter and St Paul, and St George, mainly built between the 9th and 11th centuries, provide a panorama of early medieval monastic architecture in central Europe. Their wall paintings bear witness to impressive artistic activity.","Criterion (iii): The remains of the Reichenau foundation bear outstanding witness to the religious and cultural role of a great Benedictine monastery in the early Middle Ages.
Criterion (iv): The churches on the island of Reichenau retain remarkable elements of several stages of construction and thus offer outstanding examples of monastic architecture in Central Europe from the 9th to the 11th century.
Criterion (vi): The monastery of Reichenau was a highly significant artistic centre of great significance to the history of art in Europe in the 10th and 11th centuries, as is superbly illustrated by its monumental wall paintings and its illuminations.",(iii)(iv)(vi),MEDIUM,6,0,,,,,,church; foundation; monastery; wall,,Criterion_iv; OUV_ArchElements,https://whc.unesco.org/en/list/974,True
633,White Monuments of Vladimir and Suzdal,Cultural,Europe and North America,Russian Federation,,,"These two artistic centres in central Russia hold an important place in the country's architectural history. There are a number of magnificent 12th- and 13th-century public and religious buildings, above all the masterpieces of the Collegiate Church of St Demetrios and the Cathedral of the Assumption of the Virgin.",,(i)(ii)(iv),MEDIUM,6,0,,,,,,cathedral; church,,Criterion_iv; Criterion_i; Criterion_ii,https://whc.unesco.org/en/list/633,True
393,Archaeological Site of Delphi,Cultural,Europe and North America,Greece,,,"The pan-Hellenic sanctuary of Delphi, where the oracle of Apollo spoke, was the site of the omphalos, the 'navel of the world'. Blending harmoniously with the superb landscape and charged with sacred meaning, Delphi in the 6th century B.C. was indeed the religious centre and symbol of unity of the ancient Greek world.",,(i)(ii)(iii)(iv)(vi),MEDIUM,6,0,,,,,,sanctuary,,Criterion_iv; Criterion_i; Criterion_ii,https://whc.unesco.org/en/list/393,True
755,"Historic Centre of Oporto, Luiz I Bridge and Monastery of Serra do Pilar",Cultural,Europe and North America,Portugal,,,"The city of Oporto, built along the hillsides overlooking the mouth of the Douro river, is an outstanding urban landscape with a 2,000-year history. Its continuous growth, linked to the sea (the Romans gave it the name Portus, or port), can be seen in the many and varied monuments, from the cathedral with its Romanesque choir, to the neoclassical Stock Exchange and the typically Portuguese Manueline-style Church of Santa Clara.",The Committee decided to inscribe the nominated property on the basis of cultural criterion (iv) considering that the site is of outstanding universal value as the urban fabric and its many historic buildings bear remarkable testimony to the development over the past thousand years of a European city that looks outward to the west for its cultural and commercial links.,(iv),MEDIUM,6,0,,,,,,bridge; cathedral; church; monastery,,Criterion_iv; OUV_ArchElements,https://whc.unesco.org/en/list/755,True
714,Rock Paintings of the Sierra de San Francisco,Cultural,Latin America and the Caribbean,Mexico,,,"From c. 100 B.C. to A.D. 1300, the Sierra de San Francisco (in the El Vizcaino reserve, in Baja California) was home to a people who have now disappeared but who left one of the most outstanding collections of rock paintings in the world. They are remarkably well-preserved because of the dry climate and the inaccessibility of the site. Showing human figures and many animal species and illustrating the relationship between humans and their environment, the paintings reveal a highly sophisticated culture. Their composition and size, as well as the precision of the outlines and the variety of colours, but especially the number of sites, make this an impressive testimony to a unique artistic tradition.",,(i)(iii),HIGH,6,0,,,,,,,rock,Criterion_i; Title_Stone_Keyword,https://whc.unesco.org/en/list/714,True
1455,Susa,Cultural,Asia and the Pacific,Iran (Islamic Republic of),,,"Located in the south-west of Iran, in the lower Zagros Mountains, the property encompasses a group of archaeological mounds rising on the eastern side of the Shavur River, as well as Ardeshir’s palace, on the opposite bank of the river. The excavated architectural monuments include administrative, residential and palatial structures. Susa contains several layers of superimposed urban settlements in a continuous succession from the late 5th millennium BCE until the 13th century CE. The site bears exceptional testimony to the Elamite, Persian and Parthian cultural traditions, which have largely disappeared.",,(i)(ii)(iii)(iv),MEDIUM,6,0,,,,,,palace,,Criterion_iv; Criterion_i; Criterion_ii,https://whc.unesco.org/en/list/1455,True
1456,Shahr-i Sokhta,Cultural,Asia and the Pacific,Iran (Islamic Republic of),,,"Shahr-i Sokhta, meaning ‘Burnt City’, is located at the junction of Bronze Age trade routes crossing the Iranian plateau. The remains of the mudbrick city represent the emergence of the first complex societies in eastern Iran. Founded around 3200 BC, it was populated during four main periods up to 1800 BC, during which time there developed several distinct areas within the city: those where monuments were built, and separate quarters for housing, burial and manufacture. Diversions in water courses and climate change led to the eventual abandonment of the city in the early second millennium. The structures, burial grounds and large number of significant artefacts unearthed there, and their well-preserved state due to the dry desert climate, make this site a rich source of information regarding the emergence of complex societies and contacts between them in the third millennium BC.",,(ii)(iii)(iv),MEDIUM,6,0,,,,,,,,Criterion_iv; Criterion_ii; OUV_Materials,https://whc.unesco.org/en/list/1456,True
125,Natural and Culturo-Historical Region of Kotor,Cultural,Europe and North America,Montenegro,,,"In the Middle Ages, this natural harbour on the Adriatic coast in Montenegro was an important artistic and commercial centre with its own famous schools of masonry and iconography. A large number of the monuments (including four Romanesque churches and the town walls) were seriously damaged by the 1979 earthquake but the town has been restored, largely with UNESCO’s help.",,(i)(ii)(iii)(iv),MEDIUM,6,0,,,,,masonry,church; wall,,Criterion_iv; Criterion_i; Criterion_ii,https://whc.unesco.org/en/list/125,True
1621,Deer Stone Monuments and Related Bronze Age Sites,Cultural,Asia and the Pacific,Mongolia,,,"Located on the slopes of the Khangai Ridge in central Mongolia, these deer stones were used for ceremonial and funerary practices. Dating from about 1200 to 600 BCE, they stand up to four metres tall and are set directly in the ground as single standing stones or in groups, and are almost always located in complexes that include large burial mounds called khirgisüürs and sacrificial altars. Covered with highly stylized or representational engravings of stags, deer stones are the most important surviving structures belonging to the culture of Eurasian Bronze Age nomads that evolved and then slowly disappeared between the 2nd and 1st millennia BCE.",,(i)(iii),HIGH,6,0,,,,,,altar,stone,Criterion_i; Title_Stone_Keyword,https://whc.unesco.org/en/list/1621,True
1108,"Biblical Tels - Megiddo, Hazor, Beer Sheba",Cultural,Europe and North America,Israel,,,"Tels (prehistoric settlement mounds), are characteristic of the flatter lands of the eastern Mediterranean, particularly Lebanon, Syria, Israel and eastern Turkey. Of more than 200 tels in Israel, Megiddo, Hazor and Beer Sheba are representative of those that contain substantial remains of cities with biblical connections. The three tels also present some of the best examples in the Levant of elaborate Iron Age, underground water-collecting systems, created to serve dense urban communities. Their traces of construction over the millennia reflect the existence of centralized authority, prosperous agricultural activity and the control of important trade routes.","Criterion (ii):  The three tels represent an interchange of human values throughout the ancient near-east, forged through extensive trade routes and alliances with other states and manifest in building styles which merged Egyptian, Syrian and Aegean influences to create a distinctive local style.
Criterion (iii):  The three tels are a testimony to a civilisation that has disappeared &ndash;that of the Cananean cities of the Bronze Age and the biblical cities of the Iron Age-, manifest in their expressions of creativity: town planning, fortifications, palaces, and water collection technologies.
Criterion (iv):  The biblical cities exerted a powerful influence on later history through the biblical narrative.
Criterion (vi):  The three tels, through their mentions in the Bible, constitute a religious and spiritual testimony of outstanding universal value.",(ii)(iii)(iv)(vi),MEDIUM,6,0,,,,,,palace,,Criterion_iv; Criterion_ii; OUV_Materials,https://whc.unesco.org/en/list/1108,True
1250,Central University City Campus of the Universidad Nacional Autónoma de México (UNAM),Cultural,Latin America and the Caribbean,Mexico,,,"The ensemble of buildings, sports facilities and open spaces of the Central University City Campus of the Universidad Nacional Autónoma de México (UNAM), was built from 1949 to 1952 by more than 60 architects, engineers and artists who were involved in the project. As a result, the campus constitutes a unique example of 20th-century modernism integrating urbanism, architecture, engineering, landscape design and fine arts with references to local traditions, especially to Mexico’s pre-Hispanic past. The ensemble embodies social and cultural values of universal significance and is one of the most significant icons of modernity in Latin America.",,(i)(ii)(iv),MEDIUM,6,0,,,,,,,,Criterion_iv; Criterion_i; Criterion_ii,https://whc.unesco.org/en/list/1250,True
394,Venice and its Lagoon,Cultural,Europe and North America,Italy,,,"Founded in the 5th century and spread over 118 small islands, Venice became a major maritime power in the 10th century. The whole city is an extraordinary architectural masterpiece in which even the smallest building contains works by some of the world's greatest artists such as Giorgione, Titian, Tintoretto, Veronese and others.",,(i)(ii)(iii)(iv)(v)(vi),MEDIUM,6,0,,,,,,,,Criterion_iv; Criterion_i; Criterion_ii,https://whc.unesco.org/en/list/394,True
717,Historic Centre of Siena,Cultural,Europe and North America,Italy,,,"Siena is the embodiment of a medieval city. Its inhabitants pursued their rivalry with Florence right into the area of urban planning. Throughout the centuries, they preserved their city's Gothic appearance, acquired between the 12th and 15th centuries. During this period the work of Duccio, the Lorenzetti brothers and Simone Martini was to influence the course of Italian and, more broadly, European art. The whole city of Siena, built around the Piazza del Campo, was devised as a work of art that blends into the surrounding landscape.",,(i)(ii)(iv),MEDIUM,6,0,,,,,,,,Criterion_iv; Criterion_i; Criterion_ii,https://whc.unesco.org/en/list/717,True
815,"Hospicio Cabañas, Guadalajara",Cultural,Latin America and the Caribbean,Mexico,,,"The Hospicio Cabañas was built at the beginning of the 19th century to provide care and shelter for the disadvantaged – orphans, old people, the handicapped and chronic invalids. This remarkable complex, which incorporates several unusual features designed specifically to meet the needs of its occupants, was unique for its time. It is also notable for the harmonious relationship between the open and built spaces, the simplicity of its design, and its size. In the early 20th century, the chapel was decorated with a superb series of murals, now considered some of the masterpieces of Mexican art. They are the work of José Clemente Orozco, one of the greatest Mexican muralists of the period.","The Committee decided to inscribe this property on the basis of criteria (i), (ii), (iii) and (iv), considering that the Hospicio Cabañas is a unique architectural complex, designed to respond to social and economic requirements for housing the sick, the aged, the young, and the needy, which provides an outstanding solution of great subtlety and humanity. It also houses one of the acknowledged masterpieces of mural art.",(i)(ii)(iii)(iv),MEDIUM,6,0,,,,,,,,Criterion_iv; Criterion_i; Criterion_ii,https://whc.unesco.org/en/list/815,True
831,Archaeological Area of Agrigento,Cultural,Europe and North America,Italy,,,"Founded as a Greek colony in the 6th century B.C., Agrigento became one of the leading cities in the Mediterranean world. Its supremacy and pride are demonstrated by the remains of the magnificent Doric temples that dominate the ancient town, much of which still lies intact under today's fields and orchards. Selected excavated areas throw light on the later Hellenistic and Roman town and the burial practices of its early Christian inhabitants.","The Committee decided to inscribe this site on the basis of criteria (i), (ii), (iii) and (iv), considering that Agrigento was one of the greatest cities of the ancient Mediterranean world, and it has been preserved in an exceptionally intact condition. Its great row of Doric temples is one of the most outstanding monuments of Greek art and culture.",(i)(ii)(iii)(iv),MEDIUM,6,0,,,,,doric,temple,,Criterion_iv; Criterion_i; Criterion_ii,https://whc.unesco.org/en/list/831,True
990,"Assisi, the Basilica of San Francesco and Other Franciscan Sites",Cultural,Europe and North America,Italy,,,"Assisi, a medieval city built on a hill, is the birthplace of Saint Francis, closely associated with the work of the Franciscan Order. Its medieval art masterpieces, such as the Basilica of San Francesco and paintings by Cimabue, Pietro Lorenzetti, Simone Martini and Giotto, have made Assisi a fundamental reference point for the development of Italian and European art and architecture.","Criterion (i): Assisi represents an ensemble of masterpieces of human creative genius, such as the Basilica of San Francesco, which have made it a fundamental reference for art history in Europe and in the world.
Criterion (ii): The interchange of artistic and spiritual message of the Franciscan Order has significantly contributed to developments in art and architecture in the world.
Criterion (iii): Assisi represents a unique example of continuity of a city-sanctuary within its environmental setting from its Umbrian-Roman and medieval origins to the present, represented in the cultural landscape, the religious ensembles, systems of communication, and traditional land-use.
Criterion (iv): The Basilica of San Francesco is an outstanding example of a type of architectural ensemble that has significantly influenced the development of art and architecture.
Criterion (vi): Being the birthplace of the Franciscan Order, Assisi has from the Middle Ages been closely associated with the cult and diffusion of the Franciscan movement in the world, focusing on the universal message of peace and tolerance even to other religions or beliefs.",(i)(ii)(iii)(iv)(vi),MEDIUM,6,0,,,,,,basilica; sanctuary,,Criterion_iv; Criterion_i; Criterion_ii,https://whc.unesco.org/en/list/990,True
1372,The Persian Garden,Cultural,Asia and the Pacific,Iran (Islamic Republic of),,,"The property includes nine gardens in as many provinces. They exemplify the diversity of Persian garden designs that evolved and adapted to different climate conditions while retaining principles that have their roots in the times of Cyrus the Great, 6th century BC. Always divided into four sectors, with water playing an important role for both irrigation and ornamentation, the Persian garden was conceived to symbolize Eden and the four Zoroastrian elements of sky, earth, water and plants. These gardens, dating back to different periods since the 6th century BC, also feature buildings, pavilions and walls, as well as sophisticated irrigation systems. They have influenced the art of garden design as far as India and Spain.",,(i)(ii)(iii)(iv)(vi),MEDIUM,6,0,,,,,,pavilion; wall,,Criterion_iv; Criterion_i; Criterion_ii,https://whc.unesco.org/en/list/1372,True
1024,Late Baroque Towns of the Val di Noto (South-Eastern Sicily),Cultural,Europe and North America,Italy,,,"The eight towns in south-eastern Sicily: Caltagirone, Militello Val di Catania, Catania, Modica, Noto, Palazzolo, Ragusa and Scicli, were all rebuilt after 1693 on or beside towns existing at the time of the earthquake which took place in that year. They represent a considerable collective undertaking, successfully carried out at a high level of architectural and artistic achievement. Keeping within the late Baroque style of the day, they also depict distinctive innovations in town planning and urban building.","Criterion (i): This group of towns in south-eastern Sicily provides outstanding testimony to the exuberant genius of late Baroque art and architecture.
Criterion (ii): The towns of the Val di Noto represent the culmination and final flowering of Baroque art in Europe.
Criterion (iv): The exceptional quality of the late Baroque art and architecture in the Val di Noto lies in its geographical and chronological homogeneity, as well as its quantity, the result of the 1693 earthquake in this region.
Criterion (v): The eight towns of south-eastern Sicily that make up this nomination, which are characteristic of the settlement pattern and urban form of this region, are permanently at risk from earthquakes and eruptions of Mount Etna.",(i)(ii)(iv)(v),MEDIUM,6,0,,,,,,,,Criterion_iv; Criterion_i; Criterion_ii,https://whc.unesco.org/en/list/1024,True
1025,"Villa d'Este, Tivoli",Cultural,Europe and North America,Italy,,,"The Villa d'Este in Tivoli, with its palace and garden, is one of the most remarkable and comprehensive illustrations of Renaissance culture at its most refined. Its innovative design along with the architectural components in the garden (fountains, ornamental basins, etc.) make this a unique example of an Italian 16th-century garden. The Villa d'Este, one of the first giardini delle meraviglie , was an early model for the development of European gardens.","Criterion (i): The Villa d’Este is one of the most outstanding examples of Renaissance culture at its apogee.
Criterion (ii): The gardens of the Villa d’Este had a profound influence on the development of garden design throughout Europe.
Criterion (iii): The principles of Renaissance design and aesthetics are illustrated in an exceptional manner by the gardens of the Villa d’Este.
Criterion (iv): The gardens of the Villa d’Este are among the earliest and finest of the giardini delle meraviglie and symbolize the flowering of Renaissance culture.",(i)(ii)(iii)(iv)(vi),MEDIUM,6,0,,,,,,palace,,Criterion_iv; Criterion_i; Criterion_ii,https://whc.unesco.org/en/list/1025,True
631,"El Tajin, Pre-Hispanic City",Cultural,Latin America and the Caribbean,Mexico,,,"Located in the state of Veracruz, El Tajin was at its height from the early 9th to the early 13th century. It became the most important centre in north-east Mesoamerica after the fall of the Teotihuacan Empire. Its cultural influence extended all along the Gulf and penetrated into the Maya region and the high plateaux of central Mexico. Its architecture, which is unique in Mesoamerica, is characterized by elaborate carved reliefs on the columns and frieze. The 'Pyramid of the Niches', a masterpiece of ancient Mexican and American architecture, reveals the astronomical and symbolic significance of the buildings. El Tajin has survived as an outstanding example of the grandeur and importance of the pre-Hispanic cultures of Mexico.",,(iii)(iv),MEDIUM,6,0,,,,,frieze,column; frieze; pyramid,,Criterion_iv; OUV_ArchElements,https://whc.unesco.org/en/list/631,True
395,"Piazza del Duomo, Pisa",Cultural,Europe and North America,Italy,,,"Standing in a large green expanse, Piazza del Duomo houses a group of monuments known the world over. These four masterpieces of medieval architecture – the cathedral, the baptistry, the campanile (the 'Leaning Tower') and the cemetery – had a great influence on monumental art in Italy from the 11th to the 14th century.",,(i)(ii)(iv)(vi),MEDIUM,6,0,,,,,,cathedral; tower,,Criterion_iv; Criterion_i; Criterion_ii,https://whc.unesco.org/en/list/395,True
823,Residences of the Royal House of Savoy,Cultural,Europe and North America,Italy,,,"When Emmanuel-Philibert, Duke of Savoy, moved his capital to Turin in 1562, he began a vast series of building projects (continued by his successors) to demonstrate the power of the ruling house. This outstanding complex of buildings, designed and embellished by the leading architects and artists of the time, radiates out into the surrounding countryside from the Royal Palace in the 'Command Area' of Turin to include many country residences and hunting lodges.","The Committee decided to inscribe this property on the basis of criteria (i), (ii), (iv) and (v), considering that the Residences of the Royal House of Savoy in and around Turin represent a comprehensive overview of European monumental architecture in the 17th and 18th centuries, using style, dimensions, and space to illustrate in an exceptional way the prevailing doctrine of absolute monarchy in material terms.",(i)(ii)(iv)(v),MEDIUM,6,0,,,,,capital,capital; palace,,Criterion_iv; Criterion_i; Criterion_ii,https://whc.unesco.org/en/list/823,True
415,Historic Centre of Oaxaca and Archaeological Site of Monte Albán,Cultural,Latin America and the Caribbean,Mexico,,,"Inhabited over a period of 1,500 years by a succession of peoples – Olmecs, Zapotecs and Mixtecs – the terraces, dams, canals, pyramids and artificial mounds of Monte Albán were literally carved out of the mountain and are the symbols of a sacred topography. The nearby city of Oaxaca, which is built on a grid pattern, is a good example of Spanish colonial town planning. The solidity and volume of the city's buildings show that they were adapted to the earthquake-prone region in which these architectural gems were constructed.",,(i)(ii)(iii)(iv),MEDIUM,6,0,,,,,,pyramid; terrace,,Criterion_iv; Criterion_i; Criterion_ii,https://whc.unesco.org/en/list/415,True
414,Pre-Hispanic City of Teotihuacan,Cultural,Latin America and the Caribbean,Mexico,,,"The holy city of Teotihuacan ('the place where the gods were created') is situated some 50 km north-east of Mexico City. Built between the 1st and 7th centuries A.D., it is characterized by the vast size of its monuments – in particular, the Temple of Quetzalcoatl and the Pyramids of the Sun and the Moon, laid out on geometric and symbolic principles. As one of the most powerful cultural centres in Mesoamerica, Teotihuacan extended its cultural and artistic influence throughout the region, and even beyond.",,(i)(ii)(iii)(iv)(vi),MEDIUM,6,0,,,,,,pyramid; temple,,Criterion_iv; Criterion_i; Criterion_ii,https://whc.unesco.org/en/list/414,True
411,Pre-Hispanic City and National Park of Palenque,Cultural,Latin America and the Caribbean,Mexico,,,"A prime example of a Mayan sanctuary of the classical period, Palenque was at its height between AD 500 and 700, when its influence extended throughout the basin of the Usumacinta River. The elegance and craftsmanship of the buildings, as well as the lightness of the sculpted reliefs with their Mayan mythological themes, attest to the creative genius of this civilization.",,(i)(ii)(iii)(iv),MEDIUM,6,0,,,,,,sanctuary,,Criterion_iv; Criterion_i; Criterion_ii,https://whc.unesco.org/en/list/411,True
660,Buddhist Monuments in the Horyu-ji Area,Cultural,Asia and the Pacific,Japan,,,"There are around 48 Buddhist monuments in the Horyu-ji area, in Nara Prefecture. Several date from the late 7th or early 8th century, making them some of the oldest surviving wooden buildings in the world. These masterpieces of wooden architecture are important not only for the history of art, since they illustrate the adaptation of Chinese Buddhist architecture and layout to Japanese culture, but also for the history of religion, since their construction coincided with the introduction of Buddhism to Japan from China by way of the Korean peninsula.",,(i)(ii)(iv)(vi),MEDIUM,6,0,,,,,,,,Criterion_iv; Criterion_i; Criterion_ii,https://whc.unesco.org/en/list/660,True
776,Itsukushima Shinto Shrine,Cultural,Asia and the Pacific,Japan,,,"The island of Itsukushima, in the Seto inland sea, has been a holy place of Shintoism since the earliest times. The first shrine buildings here were probably erected in the 6th century. The present shrine dates from the 12th century and the harmoniously arranged buildings reveal great artistic and technical skill. The shrine plays on the contrasts in colour and form between mountains and sea and illustrates the Japanese concept of scenic beauty, which combines nature and human creativity.","The Committee decided to inscribe the nominated property on the basis of cultural criteria (i), (ii), (iv) and (vi) as the supreme example of this form of religious centre, setting traditional architecture of great artistic and technical merit against a dramatic natural background and thereby creating a work of art of incomparable physical beauty.",(i)(ii)(iv)(vi),MEDIUM,6,0,,,,,,shrine,,Criterion_iv; Criterion_i; Criterion_ii,https://whc.unesco.org/en/list/776,True
192,Old Walled City of Shibam,Cultural,Arab States,Yemen,,,"Surrounded by a fortified wall, the 16th-century city of Shibam is one of the oldest and best examples of urban planning based on the principle of vertical construction. Its impressive tower-like structures rise out of the cliff and have given the city the nickname of ‘the Manhattan of the desert’.",,(iii)(iv)(v),MEDIUM,6,0,,,,,,base; tower; wall,,Criterion_iv; OUV_ArchElements,https://whc.unesco.org/en/list/192,True
603,Samarkand – Crossroad of Cultures,Cultural,Asia and the Pacific,Uzbekistan,,,"The historic town of Samarkand is a crossroad and melting pot of the world's cultures. Founded in the 7th century B.C. as ancient Afrasiab, Samarkand had its most significant development in the Timurid period from the 14th to the 15th centuries. The major monuments include the Registan Mosque and madrasas, Bibi-Khanum Mosque, the Shakhi-Zinda compound and the Gur-Emir ensemble, as well as Ulugh-Beg's Observatory.","Criterion i : The architecture and townscape of Samarkand, situated at the crossroads of ancient cultures, are masterpieces of Islamic cultural creativity.
Criterion ii : Ensembles in Samarkand such as the Bibi Khanum Mosque and Registan Square played a seminal role in the development of Islamic architecture over the entire region, from the Mediterranean to the Indian subcontinent.
Criterion iv : The historic town of Samarkand illustrates in its art, architecture, and urban structure the most important stages of Central Asian cultural and political history from the 13th century to the present day.",(i)(ii)(iv),MEDIUM,6,0,,,,,,mosque,,Criterion_iv; Criterion_i; Criterion_ii,https://whc.unesco.org/en/list/603,True
1588,Bagan,Cultural,Asia and the Pacific,Myanmar,,,"Lying on a bend of the Ayeyarwady River in the central plain of Myanmar, Bagan is a sacred landscape, featuring an exceptional range of Buddhist art and architecture. The seven components of the serial property include numerous temples, stupas, monasteries and places of pilgrimage, as well as archaeological remains, frescoes and sculptures. The property bears spectacular testimony to the peak of Bagan civilization (11th -13th centuries CE), when the site was the capital of a regional empire. This ensemble of monumental architecture reflects the strength of religious devotion of an early Buddhist empire.",,(iii)(iv)(vi),MEDIUM,6,0,,,,,capital,capital; monastery; stupa; temple,,Criterion_iv; OUV_ArchElements,https://whc.unesco.org/en/list/1588,True
623,"Mines of Rammelsberg, Historic Town of Goslar and Upper Harz Water Management System",Cultural,Europe and North America,Germany,,,"The Upper Harz mining water management system, which lies south of the Rammelsberg mines and the town of Goslar, has been developed over a period of some 800 years to assist in the process of extracting ore for the production of non-ferrous metals. Its construction was first undertaken in the Middle Ages by Cistercian monks, and it was then developed on a vast scale from the end of the 16th century until the 19th century. It is made up of an extremely complex but perfectly coherent system of artificial ponds, small channels, tunnels and underground drains. It enabled the development of water power for use in mining and metallurgical processes. It is a major site for mining innovation in the western world.",,(i)(ii)(iii)(iv),MEDIUM,6,0,,,,,,,,Criterion_iv; Criterion_i; Criterion_ii,https://whc.unesco.org/en/list/623,True
514,Heart of Neolithic Orkney,Cultural,Europe and North America,United Kingdom of Great Britain and Northern Ireland,,,"The group of Neolithic monuments on Orkney consists of a large chambered tomb (Maes Howe), two ceremonial stone circles (the Stones of Stenness and the Ring of Brodgar) and a settlement (Skara Brae), together with a number of unexcavated burial, ceremonial and settlement sites. The group constitutes a major prehistoric cultural landscape which gives a graphic depiction of life in this remote archipelago in the far north of Scotland some 5,000 years ago.","Criteria (i), (ii), (iii), and (iv): The monuments of Orkney, dating back to 3000-2000 BC, are outstanding testimony to the cultural achievements of the Neolithic peoples of northern Europe.",(i)(ii)(iii)(iv),MEDIUM,6,0,,,,,,tomb,,Criterion_iv; Criterion_i; Criterion_ii,https://whc.unesco.org/en/list/514,True
272,Hanseatic City of Lübeck,Cultural,Europe and North America,Germany,,,"Lübeck – the former capital and Queen City of the Hanseatic League – was founded in the 12th century and prospered until the 16th century as the major trading centre for northern Europe. It has remained a centre for maritime commerce to this day, particularly with the Nordic countries. Despite the damage it suffered during the Second World War, the basic structure of the old city, consisting mainly of 15th- and 16th-century patrician residences, public monuments (the famous Holstentor brick gate), churches and salt storehouses, remains unaltered.",,(iv),MEDIUM,6,0,,,,,capital,capital; church; gate,,Criterion_iv; OUV_ArchElements,https://whc.unesco.org/en/list/272,True
361,Historic Centre of Évora,Cultural,Europe and North America,Portugal,,,"This museum-city, whose roots go back to Roman times, reached its golden age in the 15th century, when it became the residence of the Portuguese kings. Its unique quality stems from the whitewashed houses decorated with azulejos and wrought-iron balconies dating from the 16th to the 18th century. Its monuments had a profound influence on Portuguese architecture in Brazil.",,(ii)(iv),MEDIUM,6,0,,,,,,balcony,,Criterion_iv; Criterion_ii; OUV_Materials,https://whc.unesco.org/en/list/361,True
1594,Jodrell Bank Observatory,Cultural,Europe and North America,United Kingdom of Great Britain and Northern Ireland,,,"Located in a rural area of northwest England, free from radio interference, Jodrell Bank is one of the world's leading radio astronomy observatories. At the beginning of its use, in 1945, the property housed research on cosmic rays detected by radar echoes. This observatory, which is still in operation, includes several radio telescopes and working buildings, including engineering sheds and the Control Building. Jodrell Bank has had substantial scientific impact in fields such as the study of meteors and the moon, the discovery of quasars, quantum optics, and the tracking of spacecraft. This exceptional technological ensemble illustrates the transition from traditional optical astronomy to radio astronomy (1940s to 1960s), which led to radical changes in the understanding of the universe.",,(i)(ii)(iv)(vi),MEDIUM,6,0,,,,,,,,Criterion_iv; Criterion_i; Criterion_ii,https://whc.unesco.org/en/list/1594,True
29,Historic Centre of Kraków,Cultural,Europe and North America,Poland,,,"The Historic Centre of Kraków, the former capital of Poland, is situated at the foot of the Royal Wawel Castle. The 13th-century merchants' town has Europe's largest market square and numerous historical houses, palaces and churches with their magnificent interiors. Further evidence of the town's fascinating history is provided by the remnants of the 14th-century fortifications and the medieval site of Kazimierz with its ancient synagogues in the southern part of town, Jagellonian University and the Gothic cathedral where the kings of Poland were buried.",,(iv),MEDIUM,6,0,,,,,capital,capital; castle; cathedral; church; palace,,Criterion_iv; OUV_ArchElements,https://whc.unesco.org/en/list/29,True
392,Temple of Apollo Epicurius at Bassae,Cultural,Europe and North America,Greece,,,"This famous temple to the god of healing and the sun was built towards the middle of the 5th century B.C. in the lonely heights of the Arcadian mountains. The temple, which has the oldest Corinthian capital yet found, combines the Archaic style and the serenity of the Doric style with some daring architectural features.",,(i)(ii)(iii),MEDIUM,6,0,,,,,capital; corinthian; doric,capital; temple,,Criterion_i; Criterion_ii; OUV_Construction,https://whc.unesco.org/en/list/392,True
618,Historic Town of Banská Štiavnica and the Technical Monuments in its Vicinity,Cultural,Europe and North America,Slovakia,,,"Over the centuries, the town of Banská Štiavnica was visited by many outstanding engineers and scientists who contributed to its fame. The old medieval mining centre grew into a town with Renaissance palaces, 16th-century churches, elegant squares and castles. The urban centre blends into the surrounding landscape, which contains vital relics of the mining and metallurgical activities of the past.",,(iv)(v),MEDIUM,6,0,,,,,,castle; church; palace,,Criterion_iv; OUV_ArchElements,https://whc.unesco.org/en/list/618,True
404,"Acropolis, Athens",Cultural,Europe and North America,Greece,,,"The Acropolis of Athens and its monuments are universal symbols of the classical spirit and civilization and form the greatest architectural and artistic complex bequeathed by Greek Antiquity to the world. In the second half of the fifth century bc, Athens, following the victory against the Persians and the establishment of democracy, took a leading position amongst the other city-states of the ancient world. In the age that followed, as thought and art flourished, an exceptional group of artists put into effect the ambitious plans of Athenian statesman Pericles and, under the inspired guidance of the sculptor Pheidias, transformed the rocky hill into a unique monument of thought and the arts. The most important monuments were built during that time: the Parthenon, built by Ictinus, the Erechtheon, the Propylaea, the monumental entrance to the Acropolis, designed by Mnesicles and the small temple Athena Nike.&nbsp;",,(i)(ii)(iii)(iv)(vi),MEDIUM,6,0,,,,,,temple,,Criterion_iv; Criterion_i; Criterion_ii,https://whc.unesco.org/en/list/404,True
517,Archaeological Site of Olympia,Cultural,Europe and North America,Greece,,,"The site of Olympia, in a valley in the Peloponnesus, has been inhabited since prehistoric times. In the 10th century B.C., Olympia became a centre for the worship of Zeus. The Altis – the sanctuary to the gods – has one of the highest concentrations of masterpieces from the ancient Greek world. In addition to temples, there are the remains of all the sports structures erected for the Olympic Games, which were held in Olympia every four years beginning in 776 B.C.",,(i)(ii)(iii)(iv)(vi),MEDIUM,6,0,,,,,,sanctuary; temple,,Criterion_iv; Criterion_i; Criterion_ii,https://whc.unesco.org/en/list/517,True
1517,Archaeological Site of Philippi,Cultural,Europe and North America,Greece,,,"The remains of this walled city lie at the foot of an acropolis in north-eastern Greece, on the ancient route linking Europe and Asia, the Via Egnatia. Founded in 356 BC by the Macedonian King Philip II, the city developed as a “small Rome” with the establishment of the Roman Empire in the decades following the Battle of Philippi, in 42 BCE. The vibrant Hellenistic city of Philip II, of which the walls and their gates, the theatre and the funerary heroon (temple) are to be seen, was supplemented with Roman public buildings such as the Forum and a monumental terrace with temples to its north. Later the city became a centre of the Christian faith following the visit of the Apostle Paul in 49-50 CE. The remains of its basilicas constitute an exceptional testimony to the early establishment of Christianity.",,(iii)(iv),MEDIUM,6,0,,,,,,gate; temple; terrace; theatre; wall,,Criterion_iv; OUV_ArchElements,https://whc.unesco.org/en/list/1517,True
569,Historic Centres of Berat and Gjirokastra,Cultural,Europe and North America,Albania,,,"Berat and Gjirokastra are inscribed as rare examples of an architectural character typical of the Ottoman period. Located in central Albania, Berat bears witness to the coexistence of various religious and cultural communities down the centuries. It features a castle, locally known as the Kala, most of which was built in the 13th century, although its origins date back to the 4th century BC. The citadel area numbers many Byzantine churches, mainly from the 13th century, as well as several mosques built under the Ottoman era which began in 1417. Gjirokastra, in the Drinos river valley in southern Albania, features a series of outstanding two-story houses which were developed in the 17th century. The town also retains a bazaar, an 18th-century mosque and two churches of the same period.",,(iii)(iv),MEDIUM,6,0,,,,,,castle; church; mosque,,Criterion_iv; OUV_ArchElements,https://whc.unesco.org/en/list/569,True
543,Itchan Kala,Cultural,Asia and the Pacific,Uzbekistan,,,"Itchan Kala is the inner town (protected by brick walls some 10 m high) of the old Khiva oasis, which was the last resting-place of caravans before crossing the desert to Iran. Although few very old monuments still remain, it is a coherent and well-preserved example of the Muslim architecture of Central Asia. There are several outstanding structures such as the Djuma Mosque, the mausoleums and the madrasas and the two magnificent palaces built at the beginning of the 19th century by Alla-Kulli-Khan.",,(iii)(iv)(v),MEDIUM,6,0,,,,,,mausoleum; mosque; palace; wall,,Criterion_iv; OUV_ArchElements,https://whc.unesco.org/en/list/543,True
758,Millenary Benedictine Abbey of Pannonhalma and its Natural Environment,Cultural,Europe and North America,Hungary,,,"The first Benedictine monks settled here in 996. They went on to convert the Hungarians, to found the country's first school and, in 1055, to write the first document in Hungarian. From the time of its founding, this monastic community has promoted culture throughout central Europe. Its 1,000-year history can be seen in the succession of architectural styles of the monastic buildings (the oldest dating from 1224), which still today house a school and the monastic community.",The Committee decided to inscribe the nominated property on the basis of cultural criteria (iv) and (vi) considering that the site is of outstanding universal value illustrating in an exceptional manner the structure and setting of an early Christian Monastery that has evolved over a thousand years of continuous use. Its location and the early date of its foundation bear unique witness to the propagation and continuity of Christianity in Central Europe.,(iv)(vi),MEDIUM,6,0,,,,,,abbey; foundation; monastery,,Criterion_iv; OUV_ArchElements,https://whc.unesco.org/en/list/758,True
249,Group of Monuments at Mahabalipuram,Cultural,Asia and the Pacific,India,,,"This group of sanctuaries, founded by the Pallava kings, was carved out of rock along the Coromandel coast in the 7th and 8th centuries. It is known especially for its rathas (temples in the form of chariots), mandapas (cave sanctuaries), giant open-air reliefs such as the famous 'Descent of the Ganges', and the temple of Rivage, with thousands of sculptures to the glory of Shiva.",,(i)(ii)(iii)(vi),MEDIUM,6,0,,,,,,mandapa; sanctuary; temple,,Criterion_i; Criterion_ii; OUV_ArchElements,https://whc.unesco.org/en/list/249,True
252,Taj Mahal,Cultural,Asia and the Pacific,India,,,"An immense mausoleum of white marble, built in Agra between 1631 and 1648 by order of the Mughal emperor Shah Jahan in memory of his favourite wife, the Taj Mahal is the jewel of Muslim art in India and one of the universally admired masterpieces of the world's heritage.",,(i),HIGH,6,2,marble; white marble,Metamorphic,,,,mausoleum,,Criterion_i; OUV_Stone,https://whc.unesco.org/en/list/252,True
433,Bahla Fort,Cultural,Arab States,Oman,,,"The oasis of Bahla owes its prosperity to the Banu Nebhan, the dominant tribe in the area from the 12th to the end of the 15th century. The ruins of the immense fort, with its walls and towers of unbaked brick and its stone foundations, is a remarkable example of this type of fortification and attests to the power of the Banu Nebhan.",,(iv),MEDIUM,6,0,,,,,,fort; foundation; tower; wall,,Criterion_iv; OUV_ArchElements,https://whc.unesco.org/en/list/433,True
1551,Historic City of Ahmadabad,Cultural,Asia and the Pacific,India,,,"The walled city of Ahmadabad, founded by Sultan Ahmad Shah in the 15th century, on the eastern bank of the Sabarmati river, presents a rich architectural heritage from the sultanate period, notably the Bhadra citadel, the walls and gates of the Fort city and numerous mosques and tombs as well as important Hindu and Jain temples of later periods. The urban fabric is made up of densely-packed traditional houses (pols) in gated traditional streets (puras) with characteristic features such as bird feeders, public wells and religious institutions. The city continued to flourish as the capital of the State of Gujarat for six centuries, up to the present.",,(ii)(v),MEDIUM,6,0,,,,,capital,capital; fort; gate; mosque; temple; tomb; wall,,Criterion_ii; OUV_ArchElements; OUV_ArchElements_6+,https://whc.unesco.org/en/list/1551,True
1441,Van Nellefabriek,Cultural,Europe and North America,Netherlands (Kingdom of the),,,"Van Nellefabriek was designed and built in the 1920s on the banks of a canal in the Spaanse Polder industrial zone north-west of Rotterdam. The site is one of the icons of 20th-century industrial architecture, comprising a complex of factories, with façades consisting essentially of steel and glass, making large-scale use of the curtain wall principle. It was conceived as an ‘ideal factory’, open to the outside world, whose interior working spaces evolved according to need, and in which daylight was used to provide pleasant working conditions. It embodies the new kind of factory that became a symbol of the modernist and functionalist culture of the inter-war period and bears witness to the long commercial and industrial history of the Netherlands in the field of importation and processing of food products from tropical countries, and their industrial processing for marketing in Europe.",,(ii)(iv),MEDIUM,6,0,,,,,,wall,,Criterion_iv; Criterion_ii; OUV_Materials,https://whc.unesco.org/en/list/1441,True
1349,Seventeenth-Century Canal Ring Area of Amsterdam inside the Singelgracht,Cultural,Europe and North America,Netherlands (Kingdom of the),,,"The historic urban ensemble of the canal district of Amsterdam was a project for a new ‘port city’ built at the end of the 16th and beginning of the 17th centuries. It comprises a network of canals to the west and south of the historic old town and the medieval port that encircled the old town and was accompanied by the repositioning inland of the city’s fortified boundaries, the Singelgracht. This was a long-term programme that involved extending the city by draining the swampland, using a system of canals in concentric arcs and filling in the intermediate spaces. These spaces allowed the development of a homogeneous urban ensemble including gabled houses and numerous monuments. This urban extension was the largest and most homogeneous of its time. It was a model of large-scale town planning, and served as a reference throughout the world until the 19th century.",,(i)(ii)(iv),MEDIUM,6,0,,,,,,gable,,Criterion_iv; Criterion_i; Criterion_ii,https://whc.unesco.org/en/list/1349,True
899,Droogmakerij de Beemster (Beemster Polder),Cultural,Europe and North America,Netherlands (Kingdom of the),,,"The Beemster Polder, dating from the early 17th century, is is an exceptional example of reclaimed land in the Netherlands. It has preserved intact its well-ordered landscape of fields, roads, canals, dykes and settlements, laid out in accordance with classical and Renaissance planning principles.","Criterion (i): The Beemster Polder is a masterpiece of creative planning, in which the ideals of antiquity and the Renaissance were applied to the design of a reclaimed landscape.
Criterion (ii): The innovative and intellectually imaginative landscape of the Beemster Polder had a profound and lasting impact on reclamation projects in Europe and beyond. Criterion iv The creation of the Beemster Polder marks a major step forward in the interrelationship between humankind and water at a crucial period of social and economic expansion.",(i)(ii)(iv),MEDIUM,6,0,,,,,,,,Criterion_iv; Criterion_i; Criterion_ii,https://whc.unesco.org/en/list/899,True
867,Ir.D.F. Woudagemaal (D.F. Wouda Steam Pumping Station),Cultural,Europe and North America,Netherlands (Kingdom of the),,,The Wouda Pumping Station at Lemmer in the province of Friesland opened in 1920. It is the largest steam-pumping station ever built and is still in operation. It represents the high point of the contribution made by Netherlands engineers and architects in protecting their people and land against the natural forces of water.,"Criterion (i): The advent of steam as a source of energy provided the Dutch engineers with a powerful tool in their millennial task of water management, and the Wouda installation is the largest of its type ever built.
Criterion (ii): The Wouda Pumping Station represents the apogee of Dutch hydraulic engineering, which has provided the models and set the standards for the whole world for centuries.
Criterion (iv): The Wouda pumping installations bear exceptional witness to the power of steam in controlling the forces of nature, especially as applied to water handling by Dutch engineers.",(i)(ii)(iv),MEDIUM,6,0,,,,,,,,Criterion_iv; Criterion_i; Criterion_ii,https://whc.unesco.org/en/list/867,True
818,Mill Network at Kinderdijk-Elshout,Cultural,Europe and North America,Netherlands (Kingdom of the),,,"The outstanding contribution made by the people of the Netherlands to the technology of handling water is admirably demonstrated by the installations in the Kinderdijk-Elshout area. Construction of hydraulic works for the drainage of land for agriculture and settlement began in the Middle Ages and have continued uninterruptedly to the present day. The site illustrates all the typical features associated with this technology – dykes, reservoirs, pumping stations, administrative buildings and a series of beautifully preserved windmills.","The Committee decided to inscribe this site on the basis of criteria (i), (ii) and (iv) considering that the Kinderdijk-Elshout mill network is an outstanding man-made landscape that bears powerful testimony to human ingenuity and fortitude over nearly a millennium in draining and protecting an area by the development and application of hydraulic technology.",(i)(ii)(iv),MEDIUM,6,0,,,,,,,,Criterion_iv; Criterion_i; Criterion_ii,https://whc.unesco.org/en/list/818,True
1253,"Gamzigrad-Romuliana, Palace of Galerius",Cultural,Europe and North America,Serbia,,,"The Late Roman fortified palace compound and memorial complex of Gamzigrad-Romuliana, Palace of Galerius, in the east of Serbia, was commissioned by Emperor Caius Valerius Galerius Maximianus, in the late 3rd and early 4th centuries. It was known as Felix Romuliana, named after the emperor&rsquo;s mother. The site consists of fortifications, the palace in the north-western part of the complex, basilicas, temples, hot baths, memorial complex, and a tetrapylon. The group of buildings is also unique in its intertwining of ceremonial and memorial functions.",,(iii)(iv),MEDIUM,6,0,,,,,,bath; palace; temple,,Criterion_iv; OUV_ArchElements,https://whc.unesco.org/en/list/1253,True
890,Historic Centre of the Town of Diamantina,Cultural,Latin America and the Caribbean,Brazil,,,"Diamantina, a colonial village set like a jewel in a necklace of inhospitable rocky mountains, recalls the exploits of diamond prospectors in the 18th century and testifies to the triumph of human cultural and artistic endeavour over the environment.","Criterion (ii) Diamantina shows how explorers of the Brazilian territory, diamond prospectors, and representatives of the Crown were able to adapt European models to an American context in the 18th century, thus creating a culture that was faithful to its roots yet completely original. Criterion (iv) The urban and architectural group of Diamantina, perfectly integrated into a wild landscape, is a fine example of an adventurous spirit combined with a quest for refinement so typical of human nature.",(ii)(iv),MEDIUM,6,0,,,,diamond,,,,Criterion_iv; Criterion_ii; Decorative_Mineral,https://whc.unesco.org/en/list/890,True
664,Archaeological Ensemble of Mérida,Cultural,Europe and North America,Spain,,,"The colony of Augusta Emerita, which became present-day M&eacute;rida in Estremadura, was founded in 25 B.C. at the end of the Spanish Campaign and was the capital of Lusitania. The well-preserved remains of the old city include, in particular, a large bridge over the Guadiana, an amphitheatre, a theatre, a vast circus and an exceptional water-supply system. It is an excellent example of a provincial Roman capital during the empire and in the years afterwards.",,(iii)(iv),MEDIUM,6,0,,,,,capital,amphitheatre; bridge; capital; theatre,,Criterion_iv; OUV_ArchElements,https://whc.unesco.org/en/list/664,True
1004,Imperial Tombs of the Ming and Qing Dynasties,Cultural,Asia and the Pacific,China,,,"It represents the addition of three Imperial Tombs of the Qing Dynasty in Liaoning to the Ming tombs inscribed in 2000 and 2003. The Three Imperial Tombs of the Qing Dynasty in Liaoning Province include the Yongling Tomb, the Fuling Tomb, and the Zhaoling Tomb, all built in the 17th century. Constructed for the founding emperors of the Qing Dynasty and their ancestors, the tombs follow the precepts of traditional Chinese geomancy and fengshui theory. They feature rich decoration of stone statues and carvings and tiles with dragon motifs, illustrating the development of the funerary architecture of the Qing Dynasty. The three tomb complexes, and their numerous edifices, combine traditions inherited from previous dynasties and new features of Manchu civilization.","Criterion (i): The harmonious integration of remarkable architectural groups in a natural environment chosen to meet the criteria of geomancy (Fengshui) makes the Ming and Qing Imperial Tombs masterpieces of human creative genius.
Criteria (ii), (iii) and (iv): The imperial mausolea are outstanding testimony to a cultural and architectural tradition that for over five hundred years dominated this part of the world; by reason of their integration into the natural environment, they make up a unique ensemble of cultural landscapes.
Criterion (vi): The Ming and Qing Tombs are dazzling illustrations of the beliefs, world view, and geomantic theories of Fengshui prevalent in feudal China. They have served as burial edifices for illustrious personages and as the theatre for major events that have marked the history of China.",(i)(ii)(iii)(iv)(vi),MEDIUM,6,0,,,,,,theatre; tomb,,Criterion_iv; Criterion_i; Criterion_ii,https://whc.unesco.org/en/list/1004,True
356,Historic Areas of Istanbul,Cultural,Europe and North America,Türkiye,,,"With its strategic location on the Bosphorus peninsula between the Balkans and Anatolia, the Black Sea and the Mediterranean, Istanbul has been associated with major political, religious and artistic events for more than 2,000 years. Its masterpieces include the ancient Hippodrome of Constantine, the 6th-century Hagia Sophia and the 16th-century Süleymaniye Mosque, all now under threat from population pressure, industrial pollution and uncontrolled urbanization.",,(i)(ii)(iii)(iv),MEDIUM,6,0,,,,,,mosque,,Criterion_iv; Criterion_i; Criterion_ii,https://whc.unesco.org/en/list/356,True
813,Classical Gardens of Suzhou,Cultural,Asia and the Pacific,China,,,"Classical Chinese garden design, which seeks to recreate natural landscapes in miniature, is nowhere better illustrated than in the nine gardens in the historic city of Suzhou. They are generally acknowledged to be masterpieces of the genre. Dating from the 11th-19th century, the gardens reflect the profound metaphysical importance of natural beauty in Chinese culture in their meticulous design.","The Committee decided to inscribe this property on the basis of criteria (i), (ii), (iii), (iv) and (v), considering that the four classical gardens of Suzhou are masterpieces of Chinese landscape garden design in which art, nature, and ideas are integrated perfectly to create ensembles of great beauty and peaceful harmony, and four gardens are integral to the entire historic urban plan.",(i)(ii)(iii)(iv)(v),MEDIUM,6,0,,,,,,,,Criterion_iv; Criterion_i; Criterion_ii,https://whc.unesco.org/en/list/813,True
880,"Summer Palace, an Imperial Garden in Beijing",Cultural,Asia and the Pacific,China,,,"The Summer Palace in Beijing &ndash; first built in 1750, largely destroyed in the war of 1860 and restored on its original foundations in 1886 &ndash; is a masterpiece of Chinese landscape garden design. The natural landscape of hills and open water is combined with artificial features such as pavilions, halls, palaces, temples and bridges to form a harmonious ensemble of outstanding aesthetic value.","Criterion i: The Summer Palace in Beijing is an outstanding expression of the creative art of Chinese landscape garden design, incorporating the works of humankind and nature in a harmonious whole. Criterion ii: The Summer Palace epitomizes the philosophy and practice of Chinese garden design, which played a key role in the development of this cultural form throughout the East. Criterion iii: The imperial Chinese garden, illustrated by the Summer Palace, is a potent symbol of one of the major world civilizations.",(i)(ii)(iii),MEDIUM,6,0,,,,,,bridge; foundation; palace; pavilion; temple,,Criterion_i; Criterion_ii; OUV_ArchElements,https://whc.unesco.org/en/list/880,True
320,Works of Antoni Gaudí,Cultural,Europe and North America,Spain,,,"Seven properties built by the architect Antoni Gaudí (1852–1926) in or near Barcelona testify to Gaudí’s exceptional creative contribution to the development of architecture and building technology in the late 19th and early 20th centuries. These monuments represent an eclectic, as well as a very personal, style which was given free reign in the design of gardens, sculpture and all decorative arts, as well as architecture. The seven buildings are: Parque Güell; Palacio Güell; Casa Mila; Casa Vicens; Gaudí’s work on the Nativity façade and Crypt of La Sagrada Familia; Casa Batlló; Crypt in Colonia Güell.","Criterion (i):  The work of Antoni Gaudí represents an exceptional and outstanding creative contribution to the development of architecture and building technology in the late 19th and early 20th centuries.
Criterion (ii):  Gaudí’s work exhibits an important interchange of values closely associated with the cultural and artistic currents of his time, as represented in el Modernisme of Catalonia. It anticipated and influenced many of the forms and techniques that were relevant to the development of modern construction in the 20th century.
Criterion (iv):  Gaudí’s work represents a series of outstanding examples of the building typology in the architecture of the early 20th century, residential as well as public, to the development of which he made a significant and creative contribution.",(i)(ii)(iv),MEDIUM,6,0,,,,,,crypt,,Criterion_iv; Criterion_i; Criterion_ii,https://whc.unesco.org/en/list/320,True
668,Angkor,Cultural,Asia and the Pacific,Cambodia,,,"Angkor is one of the most important archaeological sites in South-East Asia. Stretching over some 400 km2, including forested area, Angkor Archaeological Park contains the magnificent remains of the different capitals of the Khmer Empire, from the 9th to the 15th century. They include the famous Temple of Angkor Wat and, at Angkor Thom, the Bayon Temple with its countless sculptural decorations. UNESCO has set up a wide-ranging programme to safeguard this symbolic site and its surroundings.",,(i)(ii)(iii)(iv),MEDIUM,6,0,,,,,capital,capital; temple,,Criterion_iv; Criterion_i; Criterion_ii,https://whc.unesco.org/en/list/668,True
1622,Arslantepe Mound,Cultural,Europe and North America,Türkiye,,,"Arslantepe Mound is a 30-metre-tall archaeological tell located in the Malatya plain, 15 km south-west of the Euphrates River. Archaeological evidence from the site testifies to its occupation from at least the 6th millennium BCE up until the Medieval period. The earliest layers belong to the Late Chalcolithic 1-2 periods, contemporary to Early Uruk in Southern Mesopotamia (4300-3900 BCE) and are characterized by adobe houses. The most prominent and flourishing period of the site was in the Late Chalcolithic 5 period, during which the so-called palace complex was constructed. Considerable evidence also testifies to the Early Bronze Age period, most prominently identified by the Royal Tomb complex. The archaeological stratigraphy then extends to the Middle and Late Bronze Ages and Hittite periods, including Neo-Hittite levels. The site illustrates the processes which led to the emergence of a State society in the Near East and a sophisticated bureaucratic system that predates writing. Exceptional metal objects and weapons have been excavated at the site, among them the earliest swords so far known in the world, which suggests the beginning of forms of organized combat as the prerogative of an elite, who -at Arslantepe- exhibited them as instruments of their new political power.",,(iii),MEDIUM,6,1,adobe,Sedimentary,,,,palace; tomb,,OUV_Stone; OUV_Materials,https://whc.unesco.org/en/list/1622,True
1643,The works of Jože Plečnik in Ljubljana – Human Centred Urban Design,Cultural,Europe and North America,Slovenia,,,"The works Jože Plečnik carried in Ljubljana between World War I and World War II present an example of a human centred urban design that successively changed the identity of the city following the dissolution of the Austro-Hungarian Empire, when it changed from a provincial city into the symbolic capital of the Slovenian people. The architect Jože Plečnik contributed to this transformation with his personal, profoundly human vision for the city, based on an architectural dialogue with the older city while serving the needs of emerging modern 20th century society. The property consists of a series of public spaces (squares, parks, streets, promenades, bridges) and public institutions (national library, churches, markets, funerary complex) that were sensitively integrated into the pre-existing urban, natural and cultural context and contributed to the city’s new identity. This highly contextual and human-scale urbanistic approach, as well as Plečnik’s distinctive architectural idiom, stand apart from the other predominant modernist principles of his time. It is an exceptional case of creating public spaces, buildings and green areas according to the vision of a single architect within a limited time, the limited space of an existing city, and with relatively limited resources.",,(iv),MEDIUM,6,0,,,,,capital,base; bridge; capital; church,,Criterion_iv; OUV_ArchElements,https://whc.unesco.org/en/list/1643,True
1039,Yungang Grottoes,Cultural,Asia and the Pacific,China,,,"The Yungang Grottoes, in Datong city, Shanxi Province, with their 252 caves and 51,000 statues, represent the outstanding achievement of Buddhist cave art in China in the 5th and 6th centuries. The Five Caves created by Tan Yao, with their strict unity of layout and design, constitute a classical masterpiece of the first peak of Chinese Buddhist art.","Criterion (i): The assemblage of statuary of the Yungang Grottoes is a masterpiece of early Chinese Buddhist cave art.
Criterion (ii): The Yungang cave art represent the successful fusion of Buddhist religious symbolic art from south and central Asia with Chinese cultural traditions, starting in the 5th century CE under Imperial auspices.
Criterion (iii): The power and endurance of Buddhist belief in China are vividly illustrated by the Yungang grottoes.
Criterion (iv): The Buddhist tradition of religious cave art achieved its first major impact at Yungang, where it developed its own distinct character and artistic power.",(i)(ii)(iii)(iv),MEDIUM,6,0,,,,,,,,Criterion_iv; Criterion_i; Criterion_ii,https://whc.unesco.org/en/list/1039,True
1112,Kaiping Diaolou and Villages,Cultural,Asia and the Pacific,China,,,"Kaiping Diaolou and Villages feature the Diaolou, multi-storeyed defensive village houses in Kaiping, which display a complex and flamboyant fusion of Chinese and Western structural and decorative forms. They reflect the significant role of émigré Kaiping people in the development of several countries in South Asia, Australasia and North America, during the late 19th and early 20th centuries. There are four groups of Diaolou and twenty of the most symbolic ones are inscribed on the List. These buildings take three forms: communal towers built by several families and used as temporary refuge, residential towers built by individual rich families and used as fortified residences, and watch towers. Built of stone, pise , brick or concrete, these buildings represent a complex and confident fusion between Chinese and Western architectural styles. Retaining a harmonious relationship with the surrounding landscape, the Diaolou testify to the final flowering of local building traditions that started in the Ming period in response to local banditry.",,(ii)(iii)(iv),MEDIUM,6,0,,,,,,tower,,Criterion_iv; Criterion_ii; OUV_Materials,https://whc.unesco.org/en/list/1112,True
20,Ancient City of Damascus,Cultural,Arab States,Syrian Arab Republic,,,"Founded in the 3rd millennium B.C., Damascus is one of the oldest cities in the Middle East. In the Middle Ages, it was the centre of a flourishing craft industry, specializing in swords and lace. The city has some 125 monuments from different periods of its history – one of the most spectacular is the 8th-century Great Mosque of the Umayyads, built on the site of an Assyrian sanctuary.",,(i)(ii)(iii)(iv)(vi),MEDIUM,6,0,,,,,,mosque; sanctuary,,Criterion_iv; Criterion_i; Criterion_ii,https://whc.unesco.org/en/list/20,True
1493,Pampulha Modern Ensemble,Cultural,Latin America and the Caribbean,Brazil,,,"The Pampulha Modern Ensemble was the centre of a visionary garden city project created in 1940 at Belo Horizonte, the capital of Minas Gerais State. Designed around an artificial lake, this cultural and leisure centre included a casino, a ballroom, the Golf Yacht Club and the São Francisco de Assis church. The buildings were designed by architect Oscar Niemeyer, in collaboration with innovative artists. The Ensemble comprises bold forms that exploit the plastic potential of concrete, while fusing architecture, landscape design, sculpture and painting into a harmonious whole. It reflects the influence of local traditions, the Brazilian climate and natural surroundings on the principles of modern architecture.",,(i)(ii)(iv),MEDIUM,6,0,,,,,capital,capital; church,,Criterion_iv; Criterion_i; Criterion_ii,https://whc.unesco.org/en/list/1493,True
1005,Major Town Houses of the Architect Victor Horta (Brussels),Cultural,Europe and North America,Belgium,,,"The four major town houses - H&ocirc;tel Tassel, H&ocirc;tel Solvay, H&ocirc;tel van Eetvelde, and Maison &amp; Atelier Horta - located in Brussels and designed by the architect Victor Horta, one of the earliest initiators of Art Nouveau, are some of the most remarkable pioneering works of architecture of the end of the 19th century. The stylistic revolution represented by these works is characterised by their open plan, the diffusion of light, and the brilliant joining of the curved lines of decoration with the structure of the building.","Criterion (i): The Town Houses of Victor Horta in Brussels are works of human creative genius, representing the highest expression of the influential Art Nouveau style in art and architecture.
Criterion (ii): The appearance of Art Nouveau in the closing years of the 19th century marked a decisive stage in the evolution of architecture, making possible subsequent developments, and the Town Houses of Victor Horta in Brussels bear exceptional witness to its radical new approach.
Criterion (iv): The Town Houses of Victor Horta are outstanding examples of Art Nouveau architecture brilliantly illustrating the transition from the 19th to the 20th century in art, thought, and society.",(i)(ii)(iv),MEDIUM,6,0,,,,,,,,Criterion_iv; Criterion_i; Criterion_ii,https://whc.unesco.org/en/list/1005,True
348,Old Town of Ávila with its Extra-Muros Churches,Cultural,Europe and North America,Spain,,,"Founded in the 11th century to protect the Spanish territories from the Moors, this 'City of Saints and Stones', the birthplace of St Teresa and the burial place of the Grand Inquisitor Torquemada, has kept its medieval austerity. This purity of form can still be seen in the Gothic cathedral and the fortifications which, with their 82 semicircular towers and nine gates, are the most complete in Spain.",,(iii)(iv),MEDIUM,6,0,,,,,,cathedral; church; gate; tower,,Criterion_iv; OUV_ArchElements,https://whc.unesco.org/en/list/348,True
559,Royal Domain of Drottningholm,Cultural,Europe and North America,Sweden,,,"The Royal Domain of Drottningholm stands on an island in Lake Mälar in a suburb of Stockholm. With its castle, perfectly preserved theatre (built in 1766), Chinese pavilion and gardens, it is the finest example of an 18th-century north European royal residence inspired by the Palace of Versailles.",,(iv),MEDIUM,6,0,,,,,,castle; palace; pavilion; theatre,,Criterion_iv; OUV_ArchElements,https://whc.unesco.org/en/list/559,True
1572,Göbekli Tepe,Cultural,Europe and North America,Türkiye,,,"Located in the Germuş mountains of south-eastern Anatolia, this property presents monumental round-oval and rectangular megalithic structures erected by hunter-gatherers in the Pre-Pottery Neolithic age between 9,600 and 8,200 BCE. These monuments were probably used in connection with rituals, most likely of a funerary nature. Distinctive T-shaped pillars are carved with images of wild animals, providing insight into the way of life and beliefs of people living in Upper Mesopotamia about 11,500 years ago.",,(i)(ii)(iv),MEDIUM,6,0,,,,,megalithic,pillar,,Criterion_iv; Criterion_i; Criterion_ii,https://whc.unesco.org/en/list/1572,True
312,Monuments of Oviedo and the Kingdom of the Asturias,Cultural,Europe and North America,Spain,,,"In the 9th century the flame of Christianity was kept alive in the Iberian peninsula in the tiny Kingdom of the Asturias. Here an innovative pre-Romanesque architectural style was created that was to play a significant role in the development of the religious architecture of the peninsula. Its highest achievements can be seen in the churches of Santa María del Naranco, San Miguel de Lillo, Santa Cristina de Lena, the Cámara Santa and San Julián de los Prados, in and around the ancient capital city of Oviedo. Associated with them is the remarkable contemporary hydraulic engineering structure known as La Foncalada.",,(i)(ii)(iv),MEDIUM,6,0,,,,,capital,capital; church,,Criterion_iv; Criterion_i; Criterion_ii,https://whc.unesco.org/en/list/312,True
217,Ancient City of Nessebar,Cultural,Europe and North America,Bulgaria,,,"Situated on a rocky peninsula on the Black Sea, the more than 3,000-year-old site of Nessebar was originally a Thracian settlement (Menebria). At the beginning of the 6th century BC, the city became a Greek colony. The city’s remains, which date mostly from the Hellenistic period, include the acropolis, a temple of Apollo, an agora and a wall from the Thracian fortifications. Among other monuments, the Stara Mitropolia Basilica and the fortress date from the Middle Ages, when this was one of the most important Byzantine towns on the west coast of the Black Sea. Wooden houses built in the 19th century are typical of the Black Sea architecture of the period.",,(iii)(iv),MEDIUM,6,0,,,,,,basilica; fortress; temple; wall,,Criterion_iv; OUV_ArchElements,https://whc.unesco.org/en/list/217,True
1199,Kunya-Urgench,Cultural,Asia and the Pacific,Turkmenistan,,,"Kunya-Urgench is situated in north-western Turkmenistan, on the left bank of the Amu Daria River. Urgench was the capital of the Khorezm region, part of the Achaemenid Empire. The old town contains a series of monuments mainly from the 11th to 16th centuries, including a mosque, the gates of a caravanserai, fortresses, mausoleums and a 60-m high minaret. The monuments testify to outstanding achievements in architecture and craftsmanship whose influence reached Iran and Afghanistan, and later the architecture of the Mogul Empire of 16th-century India.","Criterion (ii): The tradition of architecture expressed in the design and craftsmanship of Kunya-Urgench has been influential in the wider region to the south and southwest i.e. in Iran and Afghanistan, and later in the architecture of the Mogul Empire (India, 16th century).
Criterion (iii): Kunya-Urgench provides an exceptional testimony to a cultural tradition (the Islamic culture of the Khorezm) and is unique in its state of preservation. The society that created this centre has disappeared; however we note that most of visitors are in fact pilgrims from the region.",(ii)(iii),MEDIUM,6,0,,,,,capital,capital; fortress; gate; mausoleum; minaret; mosque,,Criterion_ii; OUV_ArchElements; OUV_ArchElements_6+,https://whc.unesco.org/en/list/1199,True
440,Mogao Caves,Cultural,Asia and the Pacific,China,,,"Situated at a strategic point along the Silk Route, at the crossroads of trade as well as religious, cultural and intellectual influences, the 492 cells and cave sanctuaries in Mogao are famous for their statues and wall paintings, spanning 1,000 years of Buddhist art.",,(i)(ii)(iii)(iv)(v)(vi),MEDIUM,6,0,,,,,,sanctuary; wall,,Criterion_iv; Criterion_i; Criterion_ii,https://whc.unesco.org/en/list/440,True
23,Site of Palmyra,Cultural,Arab States,Syrian Arab Republic,,,"An oasis in the Syrian desert, north-east of Damascus, Palmyra contains the monumental ruins of a great city that was one of the most important cultural centres of the ancient world. From the 1st to the 2nd century, the art and architecture of Palmyra, standing at the crossroads of several civilizations, married Graeco-Roman techniques with local traditions and Persian influences.",,(i)(ii)(iv),MEDIUM,6,0,,,,,,,,Criterion_iv; Criterion_i; Criterion_ii,https://whc.unesco.org/en/list/23,True
803,Las Médulas,Cultural,Europe and North America,Spain,,,"In the 1st century A.D. the Roman Imperial authorities began to exploit the gold deposits of this region in north-west Spain, using a technique based on hydraulic power. After two centuries of working the deposits, the Romans withdrew, leaving a devastated landscape. Since there was no subsequent industrial activity, the dramatic traces of this remarkable ancient technology are visible everywhere as sheer faces in the mountainsides and the vast areas of tailings, now used for agriculture.","The Committee decided to inscribe this property on the basis of criteria (i), (ii), (iii) and (iv), considering that the Las Médulas gold-mining area is an outstanding example of innovative Roman technology, in which all the elements of the ancient landscape, both industrial and domestic, have survived to an exceptional degree.",(i)(ii)(iii)(iv),MEDIUM,6,0,,,,,,base,,Criterion_iv; Criterion_i; Criterion_ii,https://whc.unesco.org/en/list/803,True
1273,Wooden Churches of the Slovak part of the Carpathian Mountain Area,Cultural,Europe and North America,Slovakia,,,"The Wooden Churches of the Slovak part of Carpathian Mountain Area&nbsp;inscribed on the World Heritage List consist of two Roman Catholic, three Protestant and three Greek Orthodox churches built between the 16th and 18th centuries. The property presents good examples of a rich local tradition of religious architecture, marked by the meeting of Latin and Byzantine cultures. The edifices exhibit some typological variations in their floor plans, interior spaces and external appearance due to their respective religious practices. They bear testimony to the development of major architectural and artistic trends during the period of construction and to their interpretation and adaptation to a specific geographical and cultural context. Interiors are decorated with paintings on the walls and ceilings and other works of art that enrich the cultural significance of the properties.",,(iii)(iv),MEDIUM,6,0,,,,,,ceiling; church; floor; wall,,Criterion_iv; OUV_ArchElements,https://whc.unesco.org/en/list/1273,True
1348,Ancient Villages of Northern Syria,Cultural,Arab States,Syrian Arab Republic,,,"Some 40 villages grouped in eight parks situated in north-western Syria provide remarkable testimony to rural life in late Antiquity and during the Byzantine period. Abandoned in the 8th to 10th centuries, the villages, which date from the 1st to 7th centuries, feature a remarkably well preserved landscape and the architectural remains of dwellings, pagan temples, churches, cisterns, bathhouses etc. The relict cultural landscape of the villages also constitutes an important illustration of the transition from the ancient pagan world of the Roman Empire to Byzantine Christianity. Vestiges illustrating hydraulic techniques, protective walls and Roman agricultural plot plans furthermore offer testimony to the inhabitants' mastery of agricultural production.",,(iii)(iv)(v),MEDIUM,6,0,,,,,,church; temple; wall,,Criterion_iv; OUV_ArchElements,https://whc.unesco.org/en/list/1348,True
381,Old City of Salamanca,Cultural,Europe and North America,Spain,,,"This ancient university town north-west of Madrid was first conquered by the Carthaginians in the 3rd century B.C. It then became a Roman settlement before being ruled by the Moors until the 11th century. The university, one of the oldest in Europe, reached its high point during Salamanca's golden age. The city's historic centre has important Romanesque, Gothic, Moorish, Renaissance and Baroque monuments. The Plaza Mayor, with its galleries and arcades, is particularly impressive.",,(i)(ii)(iv),MEDIUM,6,0,,,,,,gallery,,Criterion_iv; Criterion_i; Criterion_ii,https://whc.unesco.org/en/list/381,True
379,Historic City of Toledo,Cultural,Europe and North America,Spain,,,"Successively a Roman municipium, the capital of the Visigothic Kingdom, a fortress of the Emirate of Cordoba, an outpost of the Christian kingdoms fighting the Moors and, in the 16th century, the temporary seat of supreme power under Charles V, Toledo is the repository of more than 2,000 years of history. Its masterpieces are the product of heterogeneous civilizations in an environment where the existence of three major religions – Judaism, Christianity and Islam – was a major factor.",,(i)(ii)(iii)(iv),MEDIUM,6,0,,,,,capital,capital; fortress,,Criterion_iv; Criterion_i; Criterion_ii,https://whc.unesco.org/en/list/379,True
438,The Great Wall,Cultural,Asia and the Pacific,China,,,"In c. 220 B.C., under Qin Shi Huang, sections of earlier fortifications were joined together to form a united defence system against invasions from the north. Construction continued up to the Ming dynasty (1368–1644), when the Great Wall became the world's largest military structure. Its historic and strategic importance is matched only by its architectural significance.",,(i)(ii)(iii)(iv)(vi),MEDIUM,6,0,,,,,,wall,,Criterion_iv; Criterion_i; Criterion_ii,https://whc.unesco.org/en/list/438,True
1433,"Birthplace of Jesus: Church of the Nativity and the Pilgrimage Route, Bethlehem",Cultural,Arab States,State of Palestine,,,"The inscribed property is situated 10 km south of Jerusalem on the site identified by Christian tradition as the birthplace of Jesus since the 2nd century. A church was first completed there in ad 339 and the edifice that replaced it after a fire in the 6th century retains elaborate floor mosaics from the original building. The site also includes Latin, Greek Orthodox, Franciscan and Armenian convents and churches, as well as bell towers, terraced gardens and a pilgrimage route.",,(iv)(vi),MEDIUM,6,0,,,,,,church; floor; terrace; tower,,Criterion_iv; OUV_ArchElements,https://whc.unesco.org/en/list/1433,True
659,Brú na Bóinne - Archaeological Ensemble of the Bend of the Boyne,Cultural,Europe and North America,Ireland,,,"The three main prehistoric sites of the Brú na Bóinne Complex, Newgrange, Knowth and Dowth, are situated on the north bank of the River Boyne 50 km north of Dublin. This is Europe's largest and most important concentration of prehistoric megalithic art. The monuments there had social, economic, religious and funerary functions.","The Committee inscribed the site under criteria (i), (iii) and (iv) and invited the Irish authorities to control carefully future developments in and around the site and to involve ICOMOS in conservation and management planning.",(i)(iii)(iv),MEDIUM,5,0,,,,,megalithic,,,Criterion_iv; Criterion_i,https://whc.unesco.org/en/list/659,True
229,"Place Stanislas, Place de la Carrière and Place d'Alliance in Nancy",Cultural,Europe and North America,France,,,"Nancy, the temporary residence of a king without a kingdom – Stanislas Leszczynski, later to become Duke of Lorraine – is paradoxically the oldest and most typical example of a modern capital where an enlightened monarch proved to be sensitive to the needs of the public. Built between 1752 and 1756 by a brilliant team led by the architect Héré, this was a carefully conceived project that succeeded in creating a capital that not only enhanced the sovereign's prestige but was also functional.",,(i)(iv),MEDIUM,5,0,,,,,capital,capital,,Criterion_iv; Criterion_i,https://whc.unesco.org/en/list/229,True
334,Sanctuary of Bom Jesus do Congonhas,Cultural,Latin America and the Caribbean,Brazil,,,"This sanctuary in Minais Gerais, south of Belo Horizonte was built in the second half of the 18th century. It consists of a church with a magnificent Rococo interior of Italian inspiration; an outdoor stairway decorated with statues of the prophets; and seven chapels illustrating the Stations of the Cross, in which the polychrome sculptures by Aleijadinho are masterpieces of a highly original, moving, expressive form of Baroque art.",,(i)(iv),MEDIUM,5,0,,,,,,church; sanctuary,,Criterion_iv; Criterion_i,https://whc.unesco.org/en/list/334,True
359,Thracian Tomb of Sveshtari,Cultural,Europe and North America,Bulgaria,,,"Discovered in 1982 near the village of Sveshtari, this 3rd-century BC Thracian tomb reflects the fundamental structural principles of Thracian cult buildings. The tomb has a unique architectural decor, with polychrome half-human, half-plant caryatids and painted murals. The 10 female figures carved in high relief on the walls of the central chamber and the decoration of the lunette in its vault are the only examples of this type found so far in the Thracian lands. It is a remarkable reminder of the culture of the Getes, a Thracian people who were in contact with the Hellenistic and Hyperborean worlds, according to ancient geographers.",,(i)(iii),MEDIUM,5,0,,,,,,tomb; vault; wall,,Criterion_i; OUV_ArchElements,https://whc.unesco.org/en/list/359,True
1443,The Grand Canal,Cultural,Asia and the Pacific,China,,,"The Grand Canal is a vast waterway system in the north-eastern and central-eastern plains of China, running from Beijing in the north to Zhejiang province in the south. Constructed in sections from the 5th century BC onwards, it was conceived as a unified means of communication for the Empire for the first time in the 7th century AD (Sui dynasty). This led to a series of gigantic construction sites, creating the world’s largest and most extensive civil engineering project prior to the Industrial Revolution. It formed the backbone of the Empire’s inland communication system, transporting grain and strategic raw materials, and supplying rice to feed the population. By the 13th century it consisted of more than 2,000 km of artificial waterways, linking five of China’s main river basins. It has played an important role in ensuring the country’s economic prosperity and stability and is still in use today as a major means of communication.",,(i)(iii)(iv)(vi),MEDIUM,5,0,,,,,,,,Criterion_iv; Criterion_i,https://whc.unesco.org/en/list/1443,True
782,La Lonja de la Seda de Valencia,Cultural,Europe and North America,Spain,,,"Built between 1482 and 1533, this group of buildings was originally used for trading in silk (hence its name, the Silk Exchange) and it has always been a centre for commerce. It is a masterpiece of late Gothic architecture. The grandiose Sala de Contratación (Contract or Trading Hall), in particular, illustrates the power and wealth of a major Mediterranean mercantile city in the 15th and 16th centuries.","The Committee decided to inscribe the nominated property on the basis of cultural criteria (i) and (iv), considering that the site is of outstanding universal value as it is a wholly exceptional example of a secular building in late Gothic style, which dramatically illustrates the power and wealth of one of the great Mediterranean mercantile cities.",(i)(iv),MEDIUM,5,0,,,,,,,,Criterion_iv; Criterion_i,https://whc.unesco.org/en/list/782,True
550,Historic Centre of San Gimignano,Cultural,Europe and North America,Italy,,,"'San Gimignano delle belle Torri' is in Tuscany, 56 km south of Florence. It served as an important relay point for pilgrims travelling to or from Rome on the Via Francigena. The patrician families who controlled the town built around 72 tower-houses (some as high as 50 m) as symbols of their wealth and power. Although only 14 have survived, San Gimignano has retained its feudal atmosphere and appearance. The town also has several masterpieces of 14th- and 15th-century Italian art.",,(i)(iii)(iv),MEDIUM,5,0,,,,,,tower,,Criterion_iv; Criterion_i,https://whc.unesco.org/en/list/550,True
1529,Taputapuātea,Cultural,Europe and North America,France,,,"Taputapuātea on Ra’iātea Island is at the centre of the ‘Polynesian Triangle’, a vast portion of the Pacific Ocean, dotted with islands, and the last part of the globe to be settled by humans. The property includes two forested valleys, a portion of lagoon and coral reef and a strip of open ocean. At the heart of the property is the Taputapuātea marae complex, a political, ceremonial and funerary centre. It is characterized by several marae, with different functions. Widespread in Polynesia, the marae were places where the world of the living intersected the world of the ancestors and the gods. Taputapuātea is an exceptional testimony to 1,000 years of mā'ohi civilization.",,(iii)(iv)(vi),MEDIUM,5,0,,,,coral,,,,Criterion_iv; Decorative_Mineral,https://whc.unesco.org/en/list/1529,True
904,Wooden Churches of Maramureş,Cultural,Europe and North America,Romania,,,"These eight churches are outstanding examples of a range of architectural solutions from different periods and areas. They show the variety of designs and craftsmanship adopted in these narrow, high, timber constructions with their characteristic tall, slim clock towers at the western end of the building, either single- or double-roofed and covered by shingles. As such, they are a particular vernacular expression of the cultural landscape of this mountainous area of northern Romania.","Criterion (iv): The Maramures wooden churches are outstanding examples of vernacular religious wooden architecture resulting from the interchange of Orthodox religious traditions with Gothic influences in a specific vernacular interpretation of timber construction traditions, showing a high level of artistic maturity and craft skills.",(iv),MEDIUM,5,0,,,,,,church; tower,,Criterion_iv; OUV_Materials,https://whc.unesco.org/en/list/904,True
84,"Vézelay, Church and Hill",Cultural,Europe and North America,France,,,"Shortly after its foundation in the 9th century, the Benedictine abbey of Vézelay acquired the relics of St Mary Magdalene and since then it has been an important place of pilgrimage. St Bernard preached the Second Crusade there in 1146 and Richard the Lion-Hearted and Philip II Augustus met there to leave for the Third Crusade in 1190. With its sculpted capitals and portal, the Madeleine of Vézelay – a 12th-century monastic church – is a masterpiece of Burgundian Romanesque art and architecture.",,(i)(vi),MEDIUM,5,0,,,,,capital,abbey; capital; church; foundation,,Criterion_i; OUV_ArchElements,https://whc.unesco.org/en/list/84,True
445,Brasilia,Cultural,Latin America and the Caribbean,Brazil,,,"Brasilia, a capital created ex nihilo in the centre of the country in 1956, was a landmark in the history of town planning. Urban planner Lucio Costa and architect Oscar Niemeyer intended that every element – from the layout of the residential and administrative districts (often compared to the shape of a bird in flight) to the symmetry of the buildings themselves – should be in harmony with the city’s overall design. The official buildings, in particular, are innovative and imaginative.",,(i)(iv),MEDIUM,5,0,,,,,capital,capital,,Criterion_iv; Criterion_i,https://whc.unesco.org/en/list/445,True
736,Seokguram Grotto and Bulguksa Temple,Cultural,Asia and the Pacific,Republic of Korea,,,"Established in the 8th century on the slopes of Mount Toham, the Seokguram Grotto contains a monumental statue of the Buddha looking at the sea in the bhumisparsha mudra position. With the surrounding portrayals of gods, Bodhisattvas and disciples, all realistically and delicately sculpted in high and low relief, it is considered a masterpiece of Buddhist art in the Far East. The Temple of Bulguksa (built in 774) and the Seokguram Grotto form a religious architectural complex of exceptional significance.",,(i)(iv),MEDIUM,5,0,,,,,,temple,,Criterion_iv; Criterion_i,https://whc.unesco.org/en/list/736,True
986,Ciudad Universitaria de Caracas,Cultural,Latin America and the Caribbean,Venezuela (Bolivarian Republic of),,,"The Ciudad Universitaria de Caracas, built to the design of the architect Carlos Raúl Villanueva, between 1940 and 1960, is an outstanding example of the Modern Movement in architecture. The university campus integrates the large number of buildings and functions into a clearly articulated ensemble, including masterpieces of modern architecture and visual arts, such as the Aula Magna with the ""Clouds"" of Alexander Calder, the Olympic Stadium, and the Covered Plaza.","Criterion i :The Ciudad Universitaria de Caracas is a masterpiece of modern city planning, architecture and art, created by the Venezuelan architect Carlos Raúl Villanueva and a group of distinguished avant-garde artists.
Criterion iv : The Ciudad Universitaria de Caracas is an outstanding example of the coherent realization of the urban, architectural, and artistic ideals of the early 20th century. It constitutes an ingenious interpretation of the concepts and spaces of colonial traditions and an example of an open and ventilated solution, appropriate for its tropical environment.",(i)(iv),MEDIUM,5,0,,,,,,,,Criterion_iv; Criterion_i,https://whc.unesco.org/en/list/986,True
1224,Temple of Preah Vihear,Cultural,Asia and the Pacific,Cambodia,,,"Situated on the edge of a plateau that dominates the plain of Cambodia, the Temple of Preah Vihear is dedicated to Shiva. The Temple is composed of a series of sanctuaries linked by a system of pavements and staircases over an 800 metre long axis and dates back to the first half of the 11th century AD. Nevertheless, its complex history can be traced to the 9th century, when the hermitage was founded. This site is particularly well preserved, mainly due to its remote location. The site is exceptional for the quality of its architecture, which is adapted to the natural environment and the religious function of the temple, as well as for the exceptional quality of its carved stone ornamentation.",,(i),MEDIUM,5,0,,,,,,sanctuary; staircase; temple,,Criterion_i; OUV_ArchElements,https://whc.unesco.org/en/list/1224,True
372,Studley Royal Park including the Ruins of Fountains Abbey,Cultural,Europe and North America,United Kingdom of Great Britain and Northern Ireland,,,"In the 18th century a designed landscape of exceptional beauty was created around the ruins of the Cistercian Fountains Abbey, in Yorkshire. The spectacular ruins of the 12th century abbey and water mill, the Jacobean mansion of Fountains Hall, the Victorian masterpiece St Mary’s Church and one of the most magnificent Georgian water gardens ever created, make this a landscape of outstanding merit.",,(i)(iv),MEDIUM,5,0,,,,,,abbey; church,,Criterion_iv; Criterion_i,https://whc.unesco.org/en/list/372,True
378,Mudejar Architecture of Aragon,Cultural,Europe and North America,Spain,,,"The development in the 12th century of Mudejar art in Aragon resulted from the particular political, social and cultural conditions that prevailed in Spain after the Reconquista. This art, influenced by Islamic tradition, also reflects various contemporary European styles, particularly the Gothic. Present until the early 17th century, it is characterized by an extremely refined and inventive use of brick and glazed tiles in architecture, especially in the belfries.",,(iv),MEDIUM,5,0,,,,,,,,Criterion_iv; OUV_Materials,https://whc.unesco.org/en/list/378,True
135,Fortifications on the Caribbean Side of Panama: Portobelo-San Lorenzo,Cultural,Latin America and the Caribbean,Panama,,,"Magnificent examples of 17th- and 18th-century military architecture, these Panamanian forts on the Caribbean coast form part of the defence system built by the Spanish Crown to protect transatlantic trade.",,(i)(iv),MEDIUM,5,0,,,,,,fort,,Criterion_iv; Criterion_i,https://whc.unesco.org/en/list/135,True
1528,Talayotic Menorca,Cultural,Europe and North America,Spain,,,"Located on the island of Menorca in the western Mediterranean Sea, these archaeological sites are situated in agro-pastoral landscapes. A testimony to the occupation of the island by prehistoric communities, these sites display a diversity of prehistoric settlements and burial places. The materials, forms and locations of structures dating from the Bronze Age (1600 BCE) to the Late Iron Age (123 BCE) show the evolution of a “cyclopean” architecture built with very large blocks of stone. Astronomical orientations and visual interconnections between prehistoric structures indicate networks with possible cosmological meanings.",,(iii)(iv),MEDIUM,5,0,,,,,cyclopean,,,Criterion_iv; OUV_Materials,https://whc.unesco.org/en/list/1528,True
246,"Sun Temple, Konârak",Cultural,Asia and the Pacific,India,,,"On the shores of the Bay of Bengal, bathed in the rays of the rising sun, the temple at Konarak is a monumental representation of the sun god Surya's chariot; its 24 wheels are decorated with symbolic designs and it is led by a team of six horses. Built in the 13th century, it is one of India's most famous Brahman sanctuaries.",,(i)(iii)(vi),MEDIUM,5,0,,,,,,bath; sanctuary; temple,,Criterion_i; OUV_ArchElements,https://whc.unesco.org/en/list/246,True
441,Mausoleum of the First Qin Emperor,Cultural,Asia and the Pacific,China,,,"No doubt thousands of statues still remain to be unearthed at this archaeological site, which was not discovered until 1974. Qin (d. 210 B.C.), the first unifier of China, is buried, surrounded by the famous terracotta warriors, at the centre of a complex designed to mirror the urban plan of the capital, Xianyan. The small figures are all different; with their horses, chariots and weapons, they are masterpieces of realism and also of great historical interest.",,(i)(iii)(iv)(vi),MEDIUM,5,0,,,,,capital,capital; mausoleum,,Criterion_iv; Criterion_i,https://whc.unesco.org/en/list/441,True
1054,Churches of Peace in Jawor and Świdnica,Cultural,Europe and North America,Poland,,,"The Churches of Peace in Jawor and Świdnica, the largest timber-framed religious buildings in Europe, were built in the former Silesia in the mid-17th century, amid the religious strife that followed the Peace of Westphalia. Constrained by the physical and political conditions, the Churches of Peace bear testimony to the quest for religious freedom and are a rare expression of Lutheran ideology in an idiom generally associated with the Catholic Church.","Criterion (iii): The Churches of Peace are outstanding testimony to an exceptional act of tolerance on the part of the Catholic Habsburg Emperor towards Protestant communities in Silesia in the period following the Thirty Years’ War in Europe.
Criterion (iv): As a result of conditions imposed by the Emperor the Churches of Peace required the builders, to implement pioneering constructional and architectural solutions of a scale and complexity unknown ever before or since in wooden architecture. The success may be judged by their survival to the present day.
Criterion (vi): The Churches of Peace bear exceptional witness to a particular political development in Europe in the 17th century of great spiritual power and commitment.",(iii)(iv)(vi),MEDIUM,5,0,,,,,,church,,Criterion_iv; OUV_Materials,https://whc.unesco.org/en/list/1054,True
442,Monticello and the University of Virginia in Charlottesville,Cultural,Europe and North America,United States of America,,,"Thomas Jefferson (1743–1826), author of the American Declaration of Independence and third president of the United States, was also a talented architect of neoclassical buildings. He designed Monticello (1769–1809), his plantation home, and his ideal 'academical village' (1817–26), which is still the heart of the University of Virginia. Jefferson's use of an architectural vocabulary based upon classical antiquity symbolizes both the aspirations of the new American republic as the inheritor of European tradition and the cultural experimentation that could be expected as the country matured.",,(i)(iv)(vi),MEDIUM,5,0,,,,,,base,,Criterion_iv; Criterion_i,https://whc.unesco.org/en/list/442,True
704,Temple and Cemetery of Confucius and the Kong Family Mansion in Qufu,Cultural,Asia and the Pacific,China,,,"The temple, cemetery and family mansion of Confucius, the great philosopher, politician and educator of the 6th–5th centuries B.C., are located at Qufu, in Shandong Province. Built to commemorate him in 478 B.C., the temple has been destroyed and reconstructed over the centuries; today it comprises more than 100 buildings. The cemetery contains Confucius' tomb and the remains of more than 100,000 of his descendants. The small house of the Kong family developed into a gigantic aristocratic residence, of which 152 buildings remain. The Qufu complex of monuments has retained its outstanding artistic and historic character due to the devotion of successive Chinese emperors over more than 2,000 years.",,(i)(iv)(vi),MEDIUM,5,0,,,,,,temple; tomb,,Criterion_iv; Criterion_i,https://whc.unesco.org/en/list/704,True
55,Røros Mining Town and the Circumference,Cultural,Europe and North America,Norway,,,"Røros Mining Town and the Circumference is linked to the copper mines, established in the 17th century and exploited for 333 years until 1977. The site comprises the Town and its industrial-rural cultural landscapes; Femundshytta, a smelter with its associated area; and the Winter Transport Route. Completely rebuilt after its destruction by Swedish troops in 1679, Røros contains about 2000 wooden one- and two-storey houses and a smelting house. Many of these buildings have preserved their blackened wooden façades, giving the town a medieval appearance. Surrounded by a buffer zone, coincident with the area of privileges (the Circumference) granted to the mining enterprise by the Danish-Norwegian Crown (1646), the property illustrates the establishment and flourishing of a lasting culture based on copper mining in a remote region with a harsh climate.",,(iii)(iv)(v),MEDIUM,5,0,,,,,,base,,Criterion_iv; OUV_Materials,https://whc.unesco.org/en/list/55,True
173,Stone Town of Zanzibar,Cultural,Africa,United Republic of Tanzania,,,"The Stone Town of Zanzibar is a fine example of the Swahili coastal trading towns of East Africa. It retains its urban fabric and townscape virtually intact and contains many fine buildings that reflect its particular culture, which has brought together and homogenized disparate elements of the cultures of Africa, the Arab region, India, and Europe over more than a millennium.","Criterion ii : The Stone Town of Zanzibar is an outstanding material manifestation of cultural fusion and harmonization.
Criterion iii : For many centuries there was intense seaborne trading activity between Asia and Africa, and this is illustrated in an exceptional manner by the architecture and urban structure of the Stone Town.
Criterion vi : Zanzibar has great symbolic importance in the suppression of slavery, since it was one of the main slave-trading ports in East Africa and also the base from which its opponents such as David Livingstone conducted their campaign.",(ii)(iii)(vi),HIGH,5,0,,,,,,base,stone,Criterion_ii; Title_Stone_Keyword,https://whc.unesco.org/en/list/173,True
922,"Rani-ki-Vav (the Queen’s Stepwell) at Patan, Gujarat",Cultural,Asia and the Pacific,India,,,"Rani-ki-Vav, on the banks of the Saraswati River, was initially built as a memorial to a king in the 11th century AD. Stepwells are a distinctive form of subterranean water resource and storage systems on the Indian subcontinent, and have been constructed since the 3rd millennium BC. They evolved over time from what was basically a pit in sandy soil towards elaborate multi-storey works of art and architecture. Rani-ki-Vav was built at the height of craftsmens’ ability in stepwell construction and the Maru-Gurjara architectural style, reflecting mastery of this complex technique and great beauty of detail and proportions. Designed as an inverted temple highlighting the sanctity of water, it is divided into seven levels of stairs with sculptural panels of high artistic quality; more than 500 principle sculptures and over a thousand minor ones combine religious, mythological and secular imagery, often referencing literary works. The fourth level is the deepest and leads into a rectangular tank 9.5 m by 9.4 m, at a depth of 23 m. The well is located at the westernmost end of the property and consists of a shaft 10 m in diameter and 30 m deep.",,(i)(iv),MEDIUM,5,0,,,,,,shaft; temple,,Criterion_iv; Criterion_i,https://whc.unesco.org/en/list/922,True
1217,Vizcaya Bridge,Cultural,Europe and North America,Spain,,,"Vizcaya Bridge straddles the mouth of the Ibaizabal estuary, west of Bilbao. It was designed by the Basque architect Alberto de Palacio and completed in 1893. The 45-m-high bridge with its span of 160 m, merges 19th-century ironworking traditions with the then new lightweight technology of twisted steel ropes. It was the first bridge in the world to carry people and traffic on a high suspended gondola and was used as a model for many similar bridges in Europe, Africa and the America only a few of which survive. With its innovative use of lightweight twisted steel cables, it is regarded as one of the outstanding architectural iron constructions of the Industrial Revolution.",,(i)(ii),MEDIUM,5,0,,,,,,bridge,,Criterion_i; Criterion_ii; OUV_Materials,https://whc.unesco.org/en/list/1217,True
1053,Wooden Churches of Southern Małopolska,Cultural,Europe and North America,Poland,,,"The wooden churches of southern Little Poland represent outstanding examples of the different aspects of medieval church-building traditions in Roman Catholic culture. Built using the horizontal log technique, common in eastern and northern Europe since the Middle Ages, these churches were sponsored by noble families and became status symbols. They offered an alternative to the stone structures erected in urban centres.","Criterion (iii): The wooden churches of Little Poland bear important testimony to medieval church building traditions, as these related to the liturgical and cult functions of the Roman Catholic Church in a relatively closed region in central Europe.
Criterion (iv): The churches are the most representative examples of surviving Gothic churches built in horizontal log technique, particularly impressive in their artistic and technical execution, and sponsored by noble families and rulers as symbols of social and political prestige.",(iii)(iv),MEDIUM,5,0,,,,,,church,,Criterion_iv; OUV_Materials,https://whc.unesco.org/en/list/1053,True
881,Temple of Heaven: an Imperial Sacrificial Altar in Beijing,Cultural,Asia and the Pacific,China,,,"The Temple of Heaven, founded in the first half of the 15th century, is a dignified complex of fine cult buildings set in gardens and surrounded by historic pine woods. In its overall layout and that of its individual buildings, it symbolizes the relationship between earth and heaven &ndash; the human world and God's world &ndash; which stands at the heart of Chinese cosmogony, and also the special role played by the emperors within that relationship.","Criterion i: The Temple of Heaven is a masterpiece of architecture and landscape design which simply and graphically illustrates a cosmogony of great importance for the evolution of one of the world&rsquo;s great civilizations. Criterion ii: The symbolic layout and design of the Temple of Heaven had a profound influence on architecture and planning in the Far East over many centuries. Criterion iii: For more than two thousand years China was ruled by a series of feudal dynasties, the legitimacy of which is symbolized by the design and layout of the Temple of Heaven.",(i)(ii)(iii),MEDIUM,5,0,,,,,,altar; temple,,Criterion_i; Criterion_ii; OUV_Materials,https://whc.unesco.org/en/list/881,True
1645,Dholavira: a Harappan City,Cultural,Asia and the Pacific,India,,,"The ancient city of Dholavira, the southern centre of the Harappan Civilization, is sited on the arid island of Khadir in the State of Gujarat. Occupied between ca. 3000-1500 BCE, the archaeological site, one of the best preserved urban settlements from the period in Southeast Asia, comprises a fortified city and a cemetery. Two seasonal streams provided water, a scarce resource in the region, to the walled city which comprises a heavily fortified castle and ceremonial ground as well as streets and houses of different proportion quality which testify to a stratified social order. A sophisticated water management system demonstrates the ingenuity of the Dholavira people in their struggle to survive and thrive in a harsh environment. The site includes a large cemetery with cenotaphs of six types testifying to the Harappan’s unique view of death. Bead processing workshops and artifacts of various kinds such as copper, shell, stone, jewellery of semi-precious stones, terracotta, gold, ivory and other materials have been found during archaeological excavations of the site, exhibiting the culture’s artistic and technological achievements. Evidence for inter-regional trade with other Harappan cities, as well as with cities in the Mesopotamia region and the Oman peninsula have also been discovered.",,(iii)(iv),MEDIUM,5,0,,,,,,castle; cenotaph,,Criterion_iv; OUV_Materials,https://whc.unesco.org/en/list/1645,True
642,Prambanan Temple Compounds,Cultural,Asia and the Pacific,Indonesia,,,"Built in the 10th century, this is the largest temple compound dedicated to Shiva in Indonesia. Rising above the centre of the last of these concentric squares are three temples decorated with reliefs illustrating the epic of the Ramayana, dedicated to the three great Hindu divinities (Shiva, Vishnu and Brahma) and three temples dedicated to the animals who serve them.",,(i)(iv),MEDIUM,5,0,,,,,,temple,,Criterion_iv; Criterion_i,https://whc.unesco.org/en/list/642,True
1379,Margravial Opera House Bayreuth,Cultural,Europe and North America,Germany,,,"A masterpiece of Baroque theatre architecture, built between 1745 and 1750, the Opera House is the only entirely preserved example of its type where an audience of 500 can experience Baroque court opera culture and acoustics authentically, as its auditorium retains its original materials, i.e. wood and canvas. Commissioned by Margravine Wilhelmine, wife of Frederick, Margrave of Brandenburg–Bayreuth, it was designed by the renowned theatre architect Giuseppe Galli Bibiena. As a court opera house in a public space, it foreshadowed the large public theatres of the 19th century. The highly decorated theatre’s tiered loge structure of wood with illusionistic painted canvas represents the ephemeral ceremonial architectural tradition that was employed in pageants and celebrations for princely self-representation.","It is today the most important and best preserved example of court opera house architecture and of the Baroque opera culture. The theatre is a masterwork of Baroque court theatre architecture by Giuseppe Galli Bibiena in terms of its tiered loge form and acoustic, decorative and iconological properties. It marks a specific point in the development of opera houses, being a court opera house located not within a palace but as an urban element in the public space, foreshadowing the great public opera houses of the 19th century.",(i)(iv),MEDIUM,5,0,,,,,,palace; theatre,,Criterion_iv; Criterion_i,https://whc.unesco.org/en/list/1379,True
505,Monastery of Alcobaça,Cultural,Europe and North America,Portugal,,,"The Monastery of Santa Maria d'Alcoba&ccedil;a, north of Lisbon, was founded in the 12th century by King Alfonso I. Its size, the purity of its architectural style, the beauty of the materials and the care with which it was built make this a masterpiece of Cistercian Gothic art.",,(i)(iv),MEDIUM,5,0,,,,,,monastery,,Criterion_iv; Criterion_i,https://whc.unesco.org/en/list/505,True
115,"Meidan Emam, Esfahan",Cultural,Asia and the Pacific,Iran (Islamic Republic of),,,"Built by Shah Abbas I the Great at the beginning of the 17th century, and bordered on all sides by monumental buildings linked by a series of two-storeyed arcades, the site is known for the Royal Mosque, the Mosque of Sheykh Lotfollah, the magnificent Portico of Qaysariyyeh and the 15th-century Timurid palace. They are an impressive testimony to the level of social and cultural life in Persia during the Safavid era.",,(i)(v)(vi),MEDIUM,5,0,,,,,,mosque; palace; portico,,Criterion_i; OUV_ArchElements,https://whc.unesco.org/en/list/115,True
1127,Muskauer Park / Park Mużakowski,Cultural,Europe and North America,"Germany,Poland",,,"A landscaped park of 559.9 ha astride the Neisse River and the border between Poland and Germany, it was created by Prince Hermann von Puckler-Muskau from 1815 to 1844. Blending seamlessly with the surrounding farmed landscape, the park pioneered new approaches to landscape design and influenced the development of landscape architecture in Europe and America. Designed as a ‘painting with plants’, it did not seek to evoke classical landscapes, paradise, or some lost perfection, instead using local plants to enhance the inherent qualities of the existing landscape. This integrated landscape extends into the town of Muskau with green passages that formed urban parks framing areas for development. The town thus became a design component in a utopian landscape. The site also features a reconstructed castle, bridges and an arboretum.","Criterion (i): Muskauer Park is an exceptional example of a European landscape park that broke new ground in terms of development towards an ideal made-made landscape.
Criterion (iv): Muskauer Park was the forerunner for new approaches to landscape design in cities, and influenced the development of ‘landscape architecture’ as a discipline.",(i)(iv),MEDIUM,5,0,,,,,,bridge; castle,,Criterion_iv; Criterion_i,https://whc.unesco.org/en/list/1127,True
1221,Rideau Canal,Cultural,Europe and North America,Canada,,,"The Rideau Canal, a monumental early 19th-century construction covering 202 km of the Rideau and Cataraqui rivers from Ottawa south to Kingston Harbour on Lake Ontario, was built primarily for strategic military purposes at a time when Great Britain and the United States vied for control of the region. The site, one of the first canals to be designed specifically for steam-powered vessels, also features an ensemble of fortifications. It is the best-preserved example of a slackwater canal in North America, demonstrating the use of this European technology on a large scale. It is the only canal dating from the great North American canal-building era of the early 19th century to remain operational along its original line with most of its structures intact.",,(i)(iv),MEDIUM,5,0,,,,,,,,Criterion_iv; Criterion_i,https://whc.unesco.org/en/list/1221,True
975,Zollverein Coal Mine Industrial Complex in Essen,Cultural,Europe and North America,Germany,,,"The Zollverein industrial complex in Land Nordrhein-Westfalen consists of the complete infrastructure of a historical coal-mining site, with some 20th-century buildings of outstanding architectural merit. It constitutes remarkable material evidence of the evolution and decline of an essential industry over the past 150 years.","Criterion (ii): The Zollverein XII Coal Mine Industrial Complex is an exceptional industrial monument by virtue of the fact that its buildings are outstanding examples of the application of the design concepts of the Modern Movement in architecture in a wholly industrial context.
Criterion (iii): The technological and other structures of Zollverein XII is representative of a crucial period in the development of traditional heavy industries in Europe, when sympathetic and positive use was made of architectural designs of outstanding quality.",(ii)(iii),MEDIUM,5,1,coal,Sedimentary,,,,,,Criterion_ii; OUV_Stone,https://whc.unesco.org/en/list/975,True
1485,The Forth Bridge,Cultural,Europe and North America,United Kingdom of Great Britain and Northern Ireland,,,"This railway bridge, crossing the Forth estuary in Scotland, had the world’s longest spans (541 m) when it opened in 1890. It remains one of the greatest cantilever trussed bridges and continues to carry passengers and freight. Its distinctive industrial aesthetic is the result of a forthright and unadorned display of its structural components. Innovative in style, materials and scale, the Forth Bridge marks an important milestone in bridge design and construction during the period when railways came to dominate long-distance land travel.",,(i)(iv),MEDIUM,5,0,,,,,,bridge; cantilever,,Criterion_iv; Criterion_i,https://whc.unesco.org/en/list/1485,True
114,Persepolis,Cultural,Asia and the Pacific,Iran (Islamic Republic of),,,"Founded by Darius I in 518 B.C., Persepolis was the capital of the Achaemenid Empire. It was built on an immense half-artificial, half-natural terrace, where the king of kings created an impressive palace complex inspired by Mesopotamian models. The importance and quality of the monumental ruins make it a unique archaeological site.",,(i)(iii)(vi),MEDIUM,5,0,,,,,capital,capital; palace; terrace,,Criterion_i; OUV_ArchElements,https://whc.unesco.org/en/list/114,True
1624,Chankillo Archaeoastronomical Complex,Cultural,Latin America and the Caribbean,Peru,,,"The Chankillo Archaeoastronomical Complex is a prehistoric site (250-200 BC), located on the north-central coast of Peru, in the Casma Valley, comprising a set of constructions in a desert landscape that, together with natural features, functioned as a calendrical instrument, using the sun to define dates throughout the year. The site includes a triple-walled hilltop complex, known as the Fortified Temple, two building complexes called Observatory and Administrative Centre, a line of 13 cuboidal towers stretching along the ridge of a hill, and the Cerro Mucho Malo that complements the Thirteen Towers as a natural marker. The ceremonial centre was probably dedicated to a solar cult, and the presence of an observation point on either side of the north-south line of the Thirteen Towers allows the observation both of the solar rising and setting points throughout the whole year. The site shows great innovation by using the solar cycle and an artificial horizon to mark the solstices, the equinoxes, and every other date within the year with a precision of 1-2 days. It is thus a testimony of the culmination of a long historical evolution of astronomical practices in the Casma Valley.",,(i)(iv),MEDIUM,5,0,,,,,,temple; tower,,Criterion_iv; Criterion_i,https://whc.unesco.org/en/list/1624,True
22,Ancient City of Bosra,Cultural,Arab States,Syrian Arab Republic,,,"Bosra, once the capital of the Roman province of Arabia, was an important stopover on the ancient caravan route to Mecca. A magnificent 2nd-century Roman theatre, early Christian ruins and several mosques are found within its great walls.",,(i)(iii)(vi),MEDIUM,5,0,,,,,capital,capital; mosque; theatre; wall,,Criterion_i; OUV_ArchElements,https://whc.unesco.org/en/list/22,True
374,Castles and Town Walls of King Edward in Gwynedd,Cultural,Europe and North America,United Kingdom of Great Britain and Northern Ireland,,,"The castles of Beaumaris and Harlech (largely the work of the greatest military engineer of the time, James of St George) and the fortified complexes of Caernarfon and Conwy are located in the former principality of Gwynedd, in north Wales. These extremely well-preserved monuments are examples of the colonization and defence works carried out throughout the reign of Edward I (1272–1307) and the military architecture of the time.",,(i)(iii)(iv),MEDIUM,5,0,,,,,,castle,,Criterion_iv; Criterion_i,https://whc.unesco.org/en/list/374,True
786,Palace and Gardens of Schönbrunn,Cultural,Europe and North America,Austria,,,"From the 18th century to 1918, Schönbrunn was the residence of the Habsburg emperors. It was designed by the architects Johann Bernhard Fischer von Erlach and Nicolaus Pacassi and is full of outstanding examples of decorative art. Together with its gardens, the site of the world’s first zoo in 1752, it is a remarkable Baroque ensemble and a perfect example of Gesamtkunstwerk.","The Committee decided to inscribe the nominated property as an ensemble on the basis of cultural criteria (i) and (iv) considering that the site is of outstanding universal value being an especially well preserved example of the Baroque princely residential ensemble, which constitutes an outstanding example of a Gesamtkunstwerk. The Palace and Gardens are exceptional by virtue of the evidence that they preserve of modifications over several centuries that vividly illustrate the tastes, interests and aspirations of successive Habsburg monarchs.",(i)(iv),MEDIUM,5,0,,,,,,palace,,Criterion_iv; Criterion_i,https://whc.unesco.org/en/list/786,True
1245,San Marino Historic Centre and Mount Titano,Cultural,Europe and North America,San Marino,,,"San Marino Historic Centre and Mount Titano covers 55 ha, including Mount Titano and the historic centre of the city which dates back to the foundation of the republic as a city-state in the 13th century. San Marino is inscribed as a testimony to the continuity of a free republic since the Middle Ages. The inscribed city centre includes fortification towers, walls, gates and bastions, as well as a neo-classical basilica of the 19th century, 14th and 16th century convents, and the Palazzo Publico of the 19th century, as well as the 18th century Titano Theatre. The property represents an historical centre still inhabited and preserving all its institutional functions. Thanks to its position on top of Mount Titano, it was not affected by the urban transformations that have occurred from the advent of the industrial era to today.",,(iii),MEDIUM,5,0,,,,,,basilica; foundation; gate; theatre; tower; wall,,OUV_ArchElements; OUV_ArchElements_6+,https://whc.unesco.org/en/list/1245,True
87,Ancient Thebes with its Necropolis,Cultural,Arab States,Egypt,,,"Thebes, the city of the god Amon, was the capital of Egypt during the period of the Middle and New Kingdoms. With the temples and palaces at Karnak and Luxor, and the necropolises of the Valley of the Kings and the Valley of the Queens, Thebes is a striking testimony to Egyptian civilization at its height.",,(i)(iii)(vi),MEDIUM,5,0,,,,,capital,capital; palace; temple,,Criterion_i; OUV_ArchElements,https://whc.unesco.org/en/list/87,True
385,Old City of Sana'a,Cultural,Arab States,Yemen,,,"Situated in a mountain valley at an altitude of 2,200 m, Sana’a has been inhabited for more than 2,500 years. In the 7th and 8th centuries the city became a major centre for the propagation of Islam. This religious and political heritage can be seen in the 103 mosques, 14 hammams and over 6,000 houses, all built before the 11th century. Sana’a’s many-storeyed tower-houses built of rammed earth (pisé) add to the beauty of the site.",,(iv)(v)(vi),MEDIUM,5,0,,,,,,mosque; tower,,Criterion_iv; OUV_Materials,https://whc.unesco.org/en/list/385,True
1097,Ensemble of the Novodevichy Convent,Cultural,Europe and North America,Russian Federation,,,"The Novodevichy Convent, in south-western Moscow, built in the 16th and 17th centuries in the so-called Moscow Baroque style, was part of a chain of monastic ensembles that were integrated into the defence system of the city. The convent was directly associated with the political, cultural and religious history of Russia, and closely linked to the Moscow Kremlin. It was used by women of the Tsar&rsquo;s family and the aristocracy. Members of the Tsar&rsquo;s family and entourage were also buried in its cemetery. The convent provides an example of the highest accomplishments of Russian architecture with rich interiors and an important collection of paintings and artefacts.","Criterion (i): The Novodevichy Convent is the most outstanding example of the so-called &lsquo;Moscow Baroque&rsquo;, which became a fashionable style in the region of Moscow. Apart form its fine architecture and decorative details, the site is characterised by its town-planning values.
Criterion (iv): The Novodevichy Convent is an outstanding example of an exceptionally well preserved monastic complex, representing particularly the &lsquo;Moscow baroque&rsquo; style in the architecture of the late 17th century.
Criterion (vi): The Novodevichy Convent ensemble integrates the political and cultural nature of the existing World Heritage site of Moscow Kremlin. It is itself closely related to Russian Orthodoxy, as well as with the Russian history especially in the 16th and 17th centuries.",(i)(iv)(vi),MEDIUM,5,0,,,,,,,,Criterion_iv; Criterion_i,https://whc.unesco.org/en/list/1097,True
314,"Alhambra, Generalife and Albayzín, Granada",Cultural,Europe and North America,Spain,,,"Rising above the modern lower town, the Alhambra and the Albaycín, situated on two adjacent hills, form the medieval part of Granada. To the east of the Alhambra fortress and residence are the magnificent gardens of the Generalife, the former rural residence of the emirs who ruled this part of Spain in the 13th and 14th centuries. The residential district of the Albaycín is a rich repository of Moorish vernacular architecture, into which the traditional Andalusian architecture blends harmoniously.",,(i)(iii)(iv),MEDIUM,5,0,,,,,,fortress,,Criterion_iv; Criterion_i,https://whc.unesco.org/en/list/314,True
326,Petra,Cultural,Arab States,Jordan,,,"Inhabited since prehistoric times, this Nabataean caravan-city, situated between the Red Sea and the Dead Sea, was an important crossroads between Arabia, Egypt and Syria-Phoenicia. Petra is half-built, half-carved into the rock, and is surrounded by mountains riddled with passages and gorges. It is one of the world's most famous archaeological sites, where ancient Eastern traditions blend with Hellenistic architecture.",,(i)(iii)(iv),MEDIUM,5,0,,,,,,,,Criterion_iv; Criterion_i,https://whc.unesco.org/en/list/326,True
689,As-Salt - The Place of Tolerance and Urban Hospitality,Cultural,Arab States,Jordan,,,"Built on three closely-spaced hills in the Balqa highland of west-central Jordan, the city of As-Salt, was an important trading link between the eastern desert and the west. During the last 60 years of the Ottoman period, the region prospered from the arrival and settlement of merchants from Nablus, Syria, and Lebanon who made their fortunes in trade, banking, and farming. This prosperity attracted skilled craftsmen from different parts of the region who worked on transforming the modest rural settlement into a thriving town with a distinctive layout and an architecture characterized by large public buildings and family residences constructed of local yellow limestone. The site’s urban core includes approximately 650 significant historic buildings exhibiting a blend of European Art Nouveau and Neo-Colonial styles combined with local traditions. The city’s non-segregated development expresses tolerance between Muslims and Christians who developed traditions of hospitality evidenced in Madafas (guest houses, known as Dawaween) and the social welfare system known as Takaful Ijtimai’. These tangible and intangible aspects emerged through a melding of rural traditions and bourgeois merchants’ and tradespeople’s practices during the Golden Age of As-Salt’s development between 1860s to 1920s.",,(ii)(iii),MEDIUM,5,1,limestone,Sedimentary,,,,,,Criterion_ii; OUV_Stone,https://whc.unesco.org/en/list/689,True
96,Stari Ras and Sopoćani,Cultural,Europe and North America,Serbia,,,"On the outskirts of Stari Ras, the first capital of Serbia, there is an impressive group of medieval monuments consisting of fortresses, churches and monasteries. The monastery at Sopoćani is a reminder of the contacts between Western civilization and the Byzantine world.",,(i)(iii),MEDIUM,5,0,,,,,capital,capital; church; fortress; monastery,,Criterion_i; OUV_ArchElements,https://whc.unesco.org/en/list/96,True
44,Thracian Tomb of Kazanlak,Cultural,Europe and North America,Bulgaria,,,"Discovered in 1944, this tomb dates from the Hellenistic period, around the end of the 4th century BC. It is located near Seutopolis, the capital city of the Thracian king Seutes III, and is part of a large Thracian necropolis. The tholos has a narrow corridor and a round burial chamber, both decorated with murals representing Thracian burial rituals and culture. These paintings are Bulgaria’s best-preserved artistic masterpieces from the Hellenistic period.",,(i)(iii)(iv),MEDIUM,5,0,,,,,capital,capital; tomb,,Criterion_iv; Criterion_i,https://whc.unesco.org/en/list/44,True
12,Tiya,Cultural,Africa,Ethiopia,,,"Tiya is among the most important of the roughly 160 archaeological sites discovered so far in the Soddo region, south of Addis Ababa. The site contains 36 monuments, including 32 carved stelae covered with symbols, most of which are difficult to decipher. They are the remains of an ancient Ethiopian culture whose age has not yet been precisely determined.",,(i)(iv),MEDIUM,5,0,,,,,stelae,,,Criterion_iv; Criterion_i,https://whc.unesco.org/en/list/12,True
1650,The Porticoes of Bologna,Cultural,Europe and North America,Italy,,,"The serial property comprises twelve component parts consisting of ensembles of porticoes and their surrounding built areas, located within the Municipality of Bologna from the 12th century to the present. These portico ensembles are considered to be the most representative among city’s porticoes, which cover a total stretch of 62 km. Some of the porticoes are built of wood, others of stone or brick, as well as reinforced concrete, covering roads, squares, paths and walkways, either on one or both sides of a street. The property includes porticoed buildings that do not form a structural continuum with other buildings and therefore are not part of a comprehensive covered walkway or passage. The porticoes are appreciated as sheltered walkways and prime locations for merchant activities. In the 20th century, the use of concrete allowed the replacement of the traditional vaulted arcades with new building possibilities and a new architectural language for the porticoes emerged, as exemplified in the Barca district. Together, the selected porticoes reflect different typologies, urban and social functions and chronological phases. Defined as private property for public use, the porticoes have become an expression and element of Bologna’s urban identity.",,(iv),MEDIUM,5,0,,,,,,portico,,Criterion_iv; OUV_Materials,https://whc.unesco.org/en/list/1650,True
1103,Mausoleum of Khoja Ahmed Yasawi,Cultural,Asia and the Pacific,Kazakhstan,,,"The Mausoleum of Khoja Ahmed Yasawi, in the town of Yasi, now Turkestan, was built at the time of Timur (Tamerlane), from 1389 to 1405. In this partly unfinished building, Persian master builders experimented with architectural and structural solutions later used in the construction of Samarkand, the capital of the Timurid Empire. Today, it is one of the largest and best-preserved constructions of the Timurid period.","Criterion i: The Mausoleum of Khoja Ahmed Yasawi is an outstanding achievement in the Timurid architecture, and it has significantly contributed to the development of Islamic religious architecture. Criterion iii: The mausoleum and its site represent an exceptional testimony to the culture of the Central Asian region, and to the development of building technology. Criterion iv: The Mausoleum of Khoja Ahmed Yasawi was a prototype for the development of a major building type in the Timurid period, becoming a significant reference in the history of Timurid architecture.",(i)(iii)(iv),MEDIUM,5,0,,,,,capital,capital; mausoleum,,Criterion_iv; Criterion_i,https://whc.unesco.org/en/list/1103,True
448,Nemrut Dağ,Cultural,Europe and North America,Türkiye,,,"The mausoleum of Antiochus I (69–34 B.C.), who reigned over Commagene, a kingdom founded north of Syria and the Euphrates after the breakup of Alexander's empire, is one of the most ambitious constructions of the Hellenistic period. The syncretism of its pantheon, and the lineage of its kings, which can be traced back through two sets of legends, Greek and Persian, is evidence of the dual origin of this kingdom's culture.",,(i)(iii)(iv),MEDIUM,5,0,,,,,,mausoleum,,Criterion_iv; Criterion_i,https://whc.unesco.org/en/list/448,True
1158,Etruscan Necropolises of Cerveteri and Tarquinia,Cultural,Europe and North America,Italy,,,"These two large Etruscan cemeteries reflect different types of burial practices from the 9th to the 1st century BC, and bear witness to the achievements of Etruscan culture. Which over nine centuries developed the earliest urban civilization in the northern Mediterranean. Some of the tombs are monumental, cut in rock and topped by impressive tumuli (burial mounds). Many feature carvings on their walls, others have wall paintings of outstanding quality. The necropolis near Cerveteri, known as Banditaccia, contains thousands of tombs organized in a city-like plan, with streets, small squares and neighbourhoods. The site contains very different types of tombs: trenches cut in rock; tumuli; and some, also carved in rock, in the shape of huts or houses with a wealth of structural details. These provide the only surviving evidence of Etruscan residential architecture. The necropolis of Tarquinia, also known as Monterozzi, contains 6,000 graves cut in the rock. It is famous for its 200 painted tombs, the earliest of which date from the 7th century BC.","Criterion (i): The necropolises of Tarquinia and Cerveteri are masterpieces of creative genius: Tarquinia's large-scale wall paintings are exceptional both for their formal qualities and for their content, which reveal aspects of life, death, and religious beliefs of the ancient Etruscans. Cerveteri shows in a funerary context the same town planning and architectural schemes used in an ancient city.
Criterion (iii): The two necropolises constitute a unique and exceptional testimony to the ancient Etruscan civilisation, the only urban type of civilisation in pre-Roman Italy. Moreover, the depiction of daily life in the frescoed tombs, many of which are replicas of Etruscan houses, is a unique testimony to this vanished culture.
Criterion (iv): Many of the tombs of Tarquinia and Cerveteri represent types of buildings which no longer exist in any other form. The cemeteries, replicas of Etruscan town planning schemes, are some of the earliest existing in the region.",(i)(iii)(iv),MEDIUM,5,0,,,,,,tomb; wall,,Criterion_iv; Criterion_i,https://whc.unesco.org/en/list/1158,True
859,Holy Trinity Column in Olomouc,Cultural,Europe and North America,Czechia,,,"This memorial column, erected in the early years of the 18th century, is the most outstanding example of a type of monument specific to central Europe. In the characteristic regional style known as Olomouc Baroque and rising to a height of 35 m, it is decorated with many fine religious sculptures, the work of the distinguished Moravian artist Ondrej Zahner.","Criterion (i): The Olomouc Holy Trinity Column is one of the most exceptional examples of the apogee of central European Baroque artistic expression.
Criterion (iv): The Holy Trinity Column constituted a unique material demonstration of religious faith in central Europe during the Baroque period, and the Olomouc example represents its most outstanding expression.",(i)(iv),MEDIUM,5,0,,,,,,column,,Criterion_iv; Criterion_i,https://whc.unesco.org/en/list/859,True
621,Historic Centre of Telč,Cultural,Europe and North America,Czechia,,,"The houses in Telc, which stands on a hilltop, were originally built of wood. After a fire in the late 14th century, the town was rebuilt in stone, surrounded by walls and further strengthened by a network of artificial ponds. The town's Gothic castle was reconstructed in High Gothic style in the late 15th century.",,(i)(iv),MEDIUM,5,0,,,,,,castle; wall,,Criterion_iv; Criterion_i,https://whc.unesco.org/en/list/621,True
852,Historic Centre of Riga,Cultural,Europe and North America,Latvia,,,"Riga was a major centre of the Hanseatic League, deriving its prosperity in the 13th–15th centuries from the trade with central and eastern Europe. The urban fabric of its medieval centre reflects this prosperity, though most of the earliest buildings were destroyed by fire or war. Riga became an important economic centre in the 19th century, when the suburbs surrounding the medieval town were laid out, first with imposing wooden buildings in neoclassical style and then in Jugendstil . It is generally recognized that Riga has the finest collection of art nouveau buildings in Europe.","The Committee decided to inscribe this property on the basis of criteria (i) and (ii), considering that the historic centre of Riga, while retaining its medieval and later urban fabric relatively intact, is of outstanding universal value by virtue of the quality and the quantity of its Art Nouveau/Jugendstil architecture, which is unparalleled anywhere in the world, and its 19th century architecture in wood.",(i)(ii),MEDIUM,5,0,,,,,,,,Criterion_i; Criterion_ii; OUV_Materials,https://whc.unesco.org/en/list/852,True
294,Baalbek,Cultural,Arab States,Lebanon,,,"This Phoenician city, where a triad of deities was worshipped, was known as Heliopolis during the Hellenistic period. It retained its religious function during Roman times, when the sanctuary of the Heliopolitan Jupiter attracted thousands of pilgrims. Baalbek, with its colossal structures, is one of the finest examples of Imperial Roman architecture at its apogee.",,(i)(iv),MEDIUM,5,0,,,,,,sanctuary,,Criterion_iv; Criterion_i,https://whc.unesco.org/en/list/294,True
1276,Rhaetian Railway in the Albula / Bernina Landscapes,Cultural,Europe and North America,"Italy,Switzerland",,,"Rhaetian Railway in the Albula / Bernina Landscapes, brings together two historic railway lines that cross the Swiss Alps through two passes. Opened in 1904, the Albula line in the north western part of the property is 67 km long. It features an impressive set of structures including 42 tunnels and covered galleries and 144 viaducts and bridges. The 61 km Bernina pass line features 13 tunnels and galleries and 52 viaducts and bridges. The property is exemplary of the use of the railway to overcome the isolation of settlements in the Central Alps early in the 20th century, with a major and lasting socio-economic impact on life in the mountains. It constitutes an outstanding technical, architectural and environmental ensemble and embodies architectural and civil engineering achievements, in harmony with the landscapes through which they pass.",,(ii)(iv),MEDIUM,4,0,,,,,,bridge; gallery,,Criterion_iv; Criterion_ii,https://whc.unesco.org/en/list/1276,True
232,"Humayun's Tomb, Delhi",Cultural,Asia and the Pacific,India,,,"This tomb, built in 1570, is of particular cultural significance as it was the first garden-tomb on the Indian subcontinent. It inspired several major architectural innovations, culminating in the construction of the Taj Mahal.",The Committee inscribed the site on the World Heritage List under criteria (ii) and (iv).,(ii)(iv),MEDIUM,4,0,,,,,,tomb,,Criterion_iv; Criterion_ii,https://whc.unesco.org/en/list/232,True
36,Medina of Tunis,Cultural,Arab States,Tunisia,,,"Under the Almohads and the Hafsids, from the 12th to the 16th century, Tunis was considered one of the greatest and wealthiest cities in the Islamic world. Some 700 monuments, including palaces, mosques, mausoleums, madrasas and fountains, testify to this remarkable past.",,(ii)(iii)(v),MEDIUM,4,0,,,,,,mausoleum; mosque; palace,,Criterion_ii; OUV_ArchElements,https://whc.unesco.org/en/list/36,True
306,Matobo Hills,Cultural,Africa,Zimbabwe,,,"The area exhibits a profusion of distinctive rock landforms rising above the granite shield that covers much of Zimbabwe. The large boulders provide abundant natural shelters and have been associated with human occupation from the early Stone Age right through to early historical times, and intermittently since. They also feature an outstanding collection of rock paintings. The Matobo Hills continue to provide a strong focus for the local community, which still uses shrines and sacred places closely linked to traditional, social and economic activities.","Criterion (iii) : The Matobo Hills has one of the highest concentrations of rock art in Southern Africa. The rich evidence from archaeology and from the rock paintings at Matobo provide a very full picture of the lives of foraging societies in the Stone Age and the way agricultural societies came to replace them.
Criterion (v) : The interaction between communities and the landscape, manifest in the rock art and also in the long standing religious traditions still associated with the rocks, are community responses to a landscape.
Criterion (vi) : The Mwari religion, centred on Matoba, which may date back to the Iron Age, is the most powerful oracular tradition in southern Africa.",(iii)(v)(vi),MEDIUM,4,1,granite,Igneous,,,,shrine,,OUV_Stone,https://whc.unesco.org/en/list/306,True
759,Dutch Water Defence Lines,Cultural,Europe and North America,Netherlands (Kingdom of the),,,"The Dutch Water Defence Lines represents a defence system extending over 200 km along the edge of the administrative and economic heartland of Holland. It is comprised of the New Dutch Waterline and the Defence Line of Amsterdam. Built between 1815 and 1940, the system consists of a network of forts, dikes, sluices, pumping stations, canals and inundation polders, working in concert to protect the Netherlands by applying the principle of temporary flooding of the land. It has been developed thanks to the special knowledge of hydraulic engineering for defence purposes held and applied by the people of the Netherlands since the 16th century. Each of the polders along the line of fortifications has its own inundation facilities.",,(ii)(iv)(v),MEDIUM,4,0,,,,,,fort,,Criterion_iv; Criterion_ii,https://whc.unesco.org/en/list/759,True
1549,Historic Centre of Sheki with the Khan’s Palace,Cultural,Europe and North America,Azerbaijan,,,"The historic city of Sheki is located at the foot of the Greater Caucasus Mountains and divided in two by the Gurjana River. While the older northern part is built on the mountain, its southern part extends into the river valley. Its historic centre, rebuilt after the destruction of an earlier town by mudflows in the 18th century, is characterized by a traditional architectural ensemble of houses with high gabled roofs. Located along important historic trade routes, the city's architecture is influenced by Safavid, Qadjar and Russian building traditions. The Khan Palace, in the northeast of the city, and a number of merchant houses reflect the wealth generated by silkworm breeding and the trade in silk cocoons from the late 18th to the 19th centuries.",,(ii)(v),MEDIUM,4,0,,,,,,gable; palace; roof,,Criterion_ii; OUV_ArchElements,https://whc.unesco.org/en/list/1549,True
1464,Fray Bentos Industrial Landscape,Cultural,Latin America and the Caribbean,Uruguay,,,"Located on land projecting into the Uruguay River west of the town of Fray Bentos, the industrial complex was built following the development of a factory founded in 1859 to process meat produced on the vast prairies nearby. The site illustrates the whole process of meat sourcing, processing, packing and dispatching. It includes buildings and equipment of the Liebig Extract of Meat Company, which exported meat extract and corned-beef to the European market from 1865 and the Anglo Meat Packing Plant, which exported frozen meat from 1924. Through its physical location, industrial and residential buildings as well as social institutions, the site presents an illustration of the entire process of meat production on a global scale.",,(ii)(iv),MEDIUM,4,0,,,,,,,,Criterion_iv; Criterion_ii,https://whc.unesco.org/en/list/1464,True
1449,Tomioka Silk Mill and Related Sites,Cultural,Asia and the Pacific,Japan,,,"This property is a historic sericulture and silk mill complex established in the late 19th and early 20th century in the Gunma prefecture, north-west of Tokyo. It consists of four sites that correspond to the different stages in the production of raw silk: a large raw silk reeling plant whose machinery and industrial expertise were imported from France; an experimental farm for production of cocoons; a school for the dissemination of sericulture knowledge; and a cold-storage facility for silkworm eggs. The site illustrates Japan’s desire to rapidly access the best mass production techniques, and became a decisive element in the renewal of sericulture and the Japanese silk industry in the last quarter of the 19th century. Tomioka Silk Mill and its related sites became the centre of innovation for the production of raw silk and marked Japan’s entry into the modern, industrialized era, making it the world’s leading exporter of raw silk, notably to Europe and the United States.",,(ii)(iv),MEDIUM,4,0,,,,,,,,Criterion_iv; Criterion_ii,https://whc.unesco.org/en/list/1449,True
4,L’Anse aux Meadows National Historic Site,Cultural,Europe and North America,Canada,,,"At the tip of the Great Northern Peninsula of the island of Newfoundland, the remains of an 11th-century Viking settlement are evidence of the first European presence in North America. The excavated remains of wood-framed peat-turf buildings are similar to those found in Norse Greenland and Iceland.",,(vi),MEDIUM,4,1,peat,Sedimentary,,,,,,OUV_Stone,https://whc.unesco.org/en/list/4,True
1336,Archaeological Sites of the Island of Meroe,Cultural,Arab States,Sudan,,,"The Archaeological Sites of the Island of Meroe, a semi-desert landscape between the Nile and Atbara rivers, was the heartland of the Kingdom of Kush, a major power from the 8th century B.C. to the 4th century A.D. The property consists of the royal city of the Kushite kings at Meroe, near the River Nile, the nearby religious site of Naqa and Musawwarat es Sufra. It was the seat of the rulers who occupied Egypt for close to a century and features, among other vestiges, pyramids, temples and domestic buildings as well as major installations connected to water management. Their vast empire extended from the Mediterranean to the heart of Africa, and the property testifies to the exchange between the art, architectures, religions and languages of both regions.",,(ii)(iii)(iv)(v),MEDIUM,4,0,,,,,,pyramid; temple,,Criterion_iv; Criterion_ii,https://whc.unesco.org/en/list/1336,True
819,"Historic Area of Willemstad, Inner City and Harbour, Curaçao",Cultural,Europe and North America,Netherlands (Kingdom of the),,,The people of the Netherlands established a trading settlement at a fine natural harbour on the Caribbean island of Curaçao in 1634. The town developed continuously over the following centuries. The modern town consists of several distinct historic districts whose architecture reflects not only European urban-planning concepts but also styles from the Netherlands and from the Spanish and Portuguese colonial towns with which Willemstad engaged in trade.,"The Committee decided to inscribe this site on the basis of cultural criteria (ii), (iv) and (v), considering that the Historic Area of Willemstad is a European colonial ensemble in the Caribbean of outstanding value and integrity, which illustrates the organic growth of a multicultural community over three centuries and preserves to a high degree significant elements of the many strands that came together to create it.",(ii)(iv)(v),MEDIUM,4,0,,,,,,,,Criterion_iv; Criterion_ii,https://whc.unesco.org/en/list/819,True
1418,"Fujisan, sacred place and source of artistic inspiration",Cultural,Asia and the Pacific,Japan,,,"The beauty of the solitary, often snow-capped, stratovolcano, known around the world as Mount Fuji, rising above villages and tree-fringed sea and lakes has long been the object of pilgrimages and inspired artists and poets. The inscribed property consists of 25 sites which reflect the essence of Fujisan’s sacred and artistic landscape. In the 12th century, Fujisan became the centre of training for ascetic Buddhism, which included Shinto elements. On the upper 1,500-metre tier of the 3,776m mountain, pilgrim routes and crater shrines have been inscribed alongside sites around the base of the mountain including Sengen-jinja shrines, Oshi lodging houses, and natural volcanic features such as lava tree moulds, lakes, springs and waterfalls, which are revered as sacred. Its representation in Japanese art goes back to the 11th century, but 19th century woodblock prints of views, including those from sand beaches with pine tree groves have made Fujisan an internationally recognized icon of Japan and have had a deep impact on the development of Western art.",,(iii)(vi),MEDIUM,4,1,lava,Igneous,,,,base; shrine,,OUV_Stone,https://whc.unesco.org/en/list/1418,True
940,Historic Inner City of Paramaribo,Cultural,Latin America and the Caribbean,Suriname,,,Paramaribo is a former Dutch colonial town from the 17th and 18th centuries planted on the northern coast of tropical South America. The original and highly characteristic street plan of the historic centre remains intact. Its buildings illustrate the gradual fusion of Dutch architectural influence with traditional local techniques and materials.,"Criterion ii Paramaribo is an exceptional example of the gradual fusion of European architecture and construction techniques with indigenous South America materials and crafts to create a new architectural idiom.
Criterion iv Paramaribo is a unique example of the contact between the European culture of the Netherlands and the indigenous cultures and environment of South America in the years of intensive colonization of this region in the 16th and 17th centuries.",(ii)(iv),MEDIUM,4,0,,,,,,,,Criterion_iv; Criterion_ii,https://whc.unesco.org/en/list/940,True
1223,"Melaka and George Town, Historic Cities of the Straits of Malacca",Cultural,Asia and the Pacific,Malaysia,,,"Melaka and George Town, historic cities of the Straits of Malacca have developed over 500 years of trading and cultural exchanges between East and West in the Straits of Malacca. The influences of Asia and Europe have endowed the towns with a specific multicultural heritage that is both tangible and intangible. With its government buildings, churches, squares and fortifications, Melaka demonstrates the early stages of this history originating in the 15th-century Malay sultanate and the Portuguese and Dutch periods beginning in the early 16th century. Featuring residential and commercial buildings, George Town represents the British era from the end of the 18th century. The two towns constitute a unique architectural and cultural townscape without parallel anywhere in East and Southeast Asia.",,(ii)(iii)(iv),MEDIUM,4,0,,,,,,church,,Criterion_iv; Criterion_ii,https://whc.unesco.org/en/list/1223,True
1187,Struve Geodetic Arc,Cultural,Europe and North America,"Belarus,Estonia,Finland,Latvia,Lithuania,Norway,Republic of Moldova,Russian Federation,Sweden,Ukraine",,,"The Struve Arc is a chain of survey triangulations stretching from Hammerfest in Norway to the Black Sea, through 10 countries and over 2,820 km. These are points of a survey, carried out between 1816 and 1855 by the astronomer Friedrich Georg Wilhelm Struve, which represented the first accurate measuring of a long segment of a meridian. This helped to establish the exact size and shape of the planet and marked an important step in the development of earth sciences and topographic mapping. It is an extraordinary example of scientific collaboration among scientists from different countries, and of collaboration between monarchs for a scientific cause. The original arc consisted of 258 main triangles with 265 main station points. The listed site includes 34 of the original station points, with different markings, i.e. a drilled hole in rock, iron cross, cairns, or built obelisks.","Criterion (ii): The first accurate measuring of a long segment of a meridian, helping in the establishment of the exact size and shape of the world exhibits an important step in the development of earth sciences. It is also an extraordinary example for interchange of human values in the form of scientific collaboration among scientists from different countries. It is at the same time an example for collaboration between monarchs of different powers, for a scientific cause.
Criterion (iv): The Struve Geodetic Arc is undoubtedly an outstanding example of technological ensemble – presenting the triangulation points of the measuring of the meridian, being the non movable and non tangible part of the measuring technology.
Criterion (vi): The measuring of the arc and its results are directly associated with men wondering about his world, its shape and size. It is linked with Sir Isaac Newton's theory that the world is not an exact sphere.",(ii)(iv)(vi),MEDIUM,4,0,,,,,obelisk,,,Criterion_iv; Criterion_ii,https://whc.unesco.org/en/list/1187,True
1608,Frontiers of the Roman Empire – The Danube Limes (Western Segment),Cultural,Europe and North America,"Austria,Germany,Slovakia",,,"It covers almost 600km of the whole Roman Empire’s Danube frontier. The property formed part of the much large frontier of the Roman Empire that encircled the Mediterranean Sea. The Danube Limes (Western Segment) reflects the specificities of this part of the Roman Frontier through the selection of sites that represent key elements from roads, legionary fortresses and their associated settlements to small forts and temporary camps, and the way these structures relate to local topography.",,(ii)(iii)(iv),MEDIUM,4,0,,,,,,fort; fortress,,Criterion_iv; Criterion_ii,https://whc.unesco.org/en/list/1608,True
1618,"Paseo del Prado and Buen Retiro, a landscape of Arts and Sciences",Cultural,Europe and North America,Spain,,,"Located at the urban heart of Madrid, this cultural landscape evolved since the creation of the tree-lined Paseo del Prado avenue, a prototype of the Hispanic alameda, in the 16th century. The avenue features major fountains, notably the Fuente de Apolo and the Fuente de Neptuno, and the Fuente de Cibeles, an iconic symbol of the city, surrounded by prestigious buildings. The site embodies a new idea of urban space and development from the enlightened absolutist period of the 18th century. Buildings dedicated to the arts and sciences join others in the site that are devoted to industry, healthcare and research. Collectively, they illustrate the aspiration for a utopian society during the height of the Spanish Empire, linked to the enlightened idea of democratization of knowledge, and exercised major influence in Latin America. The 120-hectare Jardines del Buen Retiro (Garden of Pleasant Retreat), a remnant of the 17th-century Buen Retiro Palace, constitutes the largest part of the property. The site also houses the terraced Royal Botanical Garden and the largely residential neighbourhood of Barrio Jerónimos with its rich variety of 19th- and 20th-century buildings that include cultural and scientific venues.",,(ii)(iv)(vi),MEDIUM,4,0,,,,,,palace; terrace,,Criterion_iv; Criterion_ii,https://whc.unesco.org/en/list/1618,True
1260,Mehmed Paša Sokolović Bridge in Višegrad,Cultural,Europe and North America,Bosnia and Herzegovina,,,"The Mehmed Paša Sokolović Bridge of Višegrad across the Drina River in the east of Bosnia and Herzegovina was built at the end of the 16th century by the court architect Mimar Koca Sinan on the orders of Grand Vizier Mehmed Paša Sokolović. Characteristic of the apogee of Ottoman monumental architecture and civil engineering, the bridge has 11 masonry arches with spans of 11 m to 15 m, and an access ramp at right angles with four arches on the left bank of the river. The 179.5 m long bridge is a representative masterpiece of Sinan, one of the greatest architects and engineers of the classical Ottoman period and a contemporary of the Italian Renaissance, with which his work may be compared. The unique elegance of proportion and monumental nobility of the whole site bear witness to the greatness of this style of architecture.",,(ii)(iv),MEDIUM,4,0,,,,,masonry,arch; bridge,,Criterion_iv; Criterion_ii,https://whc.unesco.org/en/list/1260,True
1721,Umm Al-Jimāl,Cultural,Arab States,Jordan,,,"The property is a rural settlement in northern Jordan that developed organically on the site of an earlier Roman settlement around the 5th century CE and functioned until the end of the 8th century CE. It preserves basaltic structures from the Byzantine and Early Islamic periods that represent the local architecture style of the Hauran region, with some earlier Roman military buildings re-purposed by later inhabitants. The settlement formed part of a broader agricultural landscape that included a complex water catchment system, which sustained agriculture and animal herding. The earliest structures uncovered at Umm Al-Jimāl date back to the 1st century CE, when the area formed part of the Nabataean Kingdom. A rich epigraphic corpus in Greek, Nabataean, Safaitic, Latin and Arabic uncovered on the site and spanning many centuries provides insights into its history, and sheds light on the changes in its inhabitants’ religious beliefs.",,(iii),MEDIUM,4,1,basaltic,Igneous,,,,,,OUV_Stone,https://whc.unesco.org/en/list/1721,True
1178,Humberstone and Santa Laura Saltpeter Works,Cultural,Latin America and the Caribbean,Chile,,,"Humberstone and Santa Laura works contain over 200 former saltpeter works where workers from Chile, Peru and Bolivia lived in company towns and forged a distinctive communal pampinos culture. That culture is manifest in their rich language, creativity, and solidarity, and, above all, in their pioneering struggle for social justice, which had a profound impact on social history. Situated in the remote Pampas, one of the driest deserts on Earth, thousands of pampinos lived and worked in this hostile environment for over 60 years, from 1880, to process the largest deposit of saltpeter in the world, producing the fertilizer sodium nitrate that was to transform agricultural lands in North and South America, and in Europe, and produce great wealth for Chile. Because of the vulnerability of the structures and the impact of a recent earthquake, the site was also placed on the List of World Heritage in Danger to help mobilize resources for its conservation.","Criterion (ii): The development of the saltpeter industry reflects the combined knowledge, skills, technology, and financial investment of a diverse community of people who were brought together from around South America, and from Europe. The saltpeter industry became a huge cultural exchange complex where ideas were quickly absorbed and exploited. The two works represent this process.
Criterion (iii): The saltpeter mines and their associated company towns developed into an extensive and very distinct urban community with its own language, organisation, customs, and creative expressions, as well as displaying technical entrepreneurship. The two nominated works represent this distinctive culture.
Criterion (iv): The saltpeter mines in the north of Chile together became the largest producers of natural saltpeter in the world, transforming the Pampa and indirectly the agricultural lands that benefited from the fertilisers the works produced. The two works represent this transformation process.",(ii)(iii)(iv),MEDIUM,4,0,,,,,,,,Criterion_iv; Criterion_ii,https://whc.unesco.org/en/list/1178,True
200,Sacred City of Anuradhapura,Cultural,Asia and the Pacific,Sri Lanka,,,"This sacred city was established around a cutting from the 'tree of enlightenment', the Buddha's fig tree, brought there in the 3rd century B.C. by Sanghamitta, the founder of an order of Buddhist nuns. Anuradhapura, a Ceylonese political and religious capital that flourished for 1,300 years, was abandoned after an invasion in 993. Hidden away in dense jungle for many years, the splendid site, with its palaces, monasteries and monuments, is now accessible once again.",,(ii)(iii)(vi),MEDIUM,4,0,,,,,capital,capital; monastery; palace,,Criterion_ii; OUV_ArchElements,https://whc.unesco.org/en/list/200,True
420,City of Potosí,Cultural,Latin America and the Caribbean,Bolivia (Plurinational State of),,,"In the 16th century, this area was regarded as the world’s largest industrial complex. The extraction of silver ore relied on a series of hydraulic mills. The site consists of the industrial monuments of the Cerro Rico, where water is provided by an intricate system of aqueducts and artificial lakes; the colonial town with the Casa de la Moneda; the Church of San Lorenzo; several patrician houses; and the barrios mitayos, the areas where the workers lived.",,(ii)(iv)(vi),MEDIUM,4,0,,,,,,aqueduct; church,,Criterion_iv; Criterion_ii,https://whc.unesco.org/en/list/420,True
1313,Heritage of Mercury. Almadén and Idrija,Cultural,Europe and North America,"Slovenia,Spain",,,"The property includes the mining sites of Almadén (Spain), where mercury (quicksilver) has been extracted since antiquity, and Idrija (Slovenia), where mercury was first found in AD1490. The Spanish property includes buildings relating to its mining history, including Retamar Castle, religious buildings and traditional dwellings. The site in Idrija notably features mercury stores and infrastructure, as well as miners’ living quarters, and a miners’ theatre. The sites bear testimony to the intercontinental trade in mercury which generated important exchanges between Europe and America over the centuries. Together they represent the two largest mercury mines in the world, operational until recent times.",,(ii)(iv),MEDIUM,4,0,,,,,,castle; theatre,,Criterion_iv; Criterion_ii,https://whc.unesco.org/en/list/1313,True
1702,Rachid Karami International Fair-Tripoli,Cultural,Arab States,Lebanon,,,"Located in northern Lebanon, the Rachid Karameh International Fair of Tripoli was designed in 1962 by the Brazilian architect Oscar Niemeyer on a 70-hectare site located between the historic centre of Tripoli and the Al Mina port. The main building of the fair consists of a huge covered hall in the shape of a boomerang of 750 metres by 70 metres, a flexible space for countries to install exhibitions. The fair was the flagship project of Lebanon's modernization policy in the 1960s. The close collaboration between Oscar Niemeyer, the architect of the project, and Lebanese engineers gave rise to a remarkable example of exchange between different continents. In terms of scale and wealth of formal expression, it is one of the major representative works of 20th century modern architecture in the Arab Near East.",,(ii)(iv),MEDIUM,4,0,,,,,,,,Criterion_iv; Criterion_ii,https://whc.unesco.org/en/list/1702,True
1459,"Qhapaq Ñan, Andean Road System",Cultural,Latin America and the Caribbean,"Argentina,Bolivia (Plurinational State of),Chile,Colombia,Ecuador,Peru",,,"This site is an extensive Inca communication, trade and defence network of roads covering 30,000 km. Constructed by the Incas over several centuries and partly based on pre-Inca infrastructure, this extraordinary network through one of the world’s most extreme geographical terrains linked the snow-capped peaks of the Andes – at an altitude of more than 6,000 m – to the coast, running through hot rainforests, fertile valleys and absolute deserts. It reached its maximum expansion in the 15th century, when it spread across the length and breadth of the Andes. The Qhapac Ñan, Andean Road System includes 273 component sites spread over more than 6,000 km that were selected to highlight the social, political, architectural and engineering achievements of the network, along with its associated infrastructure for trade, accommodation and storage, as well as sites of religious significance.",,(ii)(iii)(iv)(vi),MEDIUM,4,0,,,,,,base,,Criterion_iv; Criterion_ii,https://whc.unesco.org/en/list/1459,True
287,Rock-Art Sites of Tadrart Acacus,Cultural,Arab States,Libya,,,"On the borders of Tassili N'Ajjer in Algeria, also a World Heritage site, this rocky massif has thousands of cave paintings in very different styles, dating from 12,000 B.C. to A.D. 100. They reflect marked changes in the fauna and flora, and also the different ways of life of the populations that succeeded one another in this region of the Sahara.",,(iii),HIGH,4,0,,,,,,,rock,Title_Stone_Keyword,https://whc.unesco.org/en/list/287,True
944,Mountain Railways of India,Cultural,Asia and the Pacific,India,,,"This site includes three railways. The Darjeeling Himalayan Railway was the first, and is still the most outstanding, example of a hill passenger railway. Opened in 1881, its design applies bold and ingenious engineering solutions to the problem of establishing an effective rail link across a mountainous terrain of great beauty. The construction of the Nilgiri Mountain Railway, a 46-km long metre-gauge single-track railway in Tamil Nadu State was first proposed in 1854, but due to the difficulty of the mountainous location the work only started in 1891 and was completed in 1908. This railway, scaling an elevation of 326 m to 2,203 m, represented the latest technology of the time. The Kalka Shimla Railway, a 96-km long, single track working rail link built in the mid-19th century to provide a service to the highland town of Shimla is emblematic of the technical and material efforts to disenclave mountain populations through the railway. All three railways are still fully operational.",,(ii)(iv),MEDIUM,4,0,,,,,,,,Criterion_iv; Criterion_ii,https://whc.unesco.org/en/list/944,True
1486,Rjukan-Notodden Industrial Heritage Site,Cultural,Europe and North America,Norway,,,"Located in a dramatic landscape of mountains, waterfalls and river valleys, the site comprises hydroelectric power plants, transmission lines, factories, transport systems and towns. The complex was established by the Norsk-Hydro Company to manufacture artificial fertilizer from nitrogen in the air. It was built to meet the Western world’s growing demand for agricultural production in the early 20th century. The company towns of Rjukan and Notodden show workers’ accommodation and social institutions linked by rail and ferry to ports where the fertilizer was loaded. The Rjukan-Notodden site manifests an exceptional combination of industrial assets and themes associated to the natural landscape. It stands out as an example of a new global industry in the early 20th century.",,(ii)(iv),MEDIUM,4,0,,,,,,,,Criterion_iv; Criterion_ii,https://whc.unesco.org/en/list/1486,True
250,Great Living Chola Temples,Cultural,Asia and the Pacific,India,,,"The Great Living Chola Temples were built by kings of the Chola Empire, which stretched over all of south India and the neighbouring islands. The site includes three great 11th- and 12th-century Temples: the Brihadisvara Temple at Thanjavur, the Brihadisvara Temple at Gangaikondacholisvaram and the Airavatesvara Temple at Darasuram. The Temple of Gangaikondacholisvaram, built by Rajendra I, was completed in 1035. Its 53-m vimana (sanctum tower) has recessed corners and a graceful upward curving movement, contrasting with the straight and severe tower at Thanjavur. The Airavatesvara temple complex, built by Rajaraja II, at Darasuram features a 24-m vimana and a stone image of Shiva. The temples testify to the brilliant achievements of the Chola in architecture, sculpture, painting and bronze casting.","Criterion (i): The three Chola temples of Southern India represent an outstanding creative achievement in the architectural conception of the pure form of the dravida type of temple.
Criterion (ii): The Brihadisvara Temple at Thanjavur became the first great example of the Chola temples, followed by a development of which the other two properties also bear witness.
Criterion (iii): The three Great Chola Temples are an exceptional and the most outstanding testimony to the development of the architecture of the Chola Empire and the Tamil civilisation in Southern India.
Criterion (iv): The Great Chola temples at Thanjavur, at Gangaikondacholapuram and Darasuram are outstanding examples of the architecture and the representation of the Chola ideology.",(ii)(iii),MEDIUM,4,0,,,,,,temple; tower; vimana,,Criterion_ii; OUV_ArchElements,https://whc.unesco.org/en/list/250,True
1295,"Fort Jesus, Mombasa",Cultural,Africa,Kenya,,,"The Fort, built by the Portuguese in 1593-1596 to the designs of Giovanni Battista Cairati to protect the port of Mombasa, is one of the most outstanding and well preserved examples of 16th Portuguese military fortification and a landmark in the history of this type of construction. The Fort's layout and form reflected the Renaissance ideal that perfect proportions and geometric harmony are to be found in the human body. The property covers an area of 2.36 hectares and includes the fort's moat and immediate surroundings.",,(ii)(iv),MEDIUM,4,0,,,,,,fort; moat,,Criterion_iv; Criterion_ii,https://whc.unesco.org/en/list/1295,True
541,Vilnius Historic Centre,Cultural,Europe and North America,Lithuania,,,"Political centre of the Grand Duchy of Lithuania from the 13th to the end of the 18th century, Vilnius has had a profound influence on the cultural and architectural development of much of eastern Europe. Despite invasions and partial destruction, it has preserved an impressive complex of Gothic, Renaissance, Baroque and classical buildings as well as its medieval layout and natural setting.",,(ii)(iv),MEDIUM,4,0,,,,,,,,Criterion_iv; Criterion_ii,https://whc.unesco.org/en/list/541,True
1272,São Francisco Square in the Town of São Cristóvão,Cultural,Latin America and the Caribbean,Brazil,,,"São Francisco Square, in the town of São Cristovão, is a quadrilateral open space surrounded by substantial early buildings such as São Francisco Church and convent, the Church and Santa Casa da Misericórdia, the Provincial Palace and the associated houses of different historical periods surrounding the Square. This monumental ensemble, together with the surrounding 18th- and 19th- century houses, creates an urban landscape which reflects the history of the town since its origin. The Franciscan complex is an example of the typical architecture of the religious order developed in north-eastern Brazil.",,(ii)(iv),MEDIUM,4,0,,,,,,church; palace,,Criterion_iv; Criterion_ii,https://whc.unesco.org/en/list/1272,True
611,Historic Town of Zabid,Cultural,Arab States,Yemen,,,"Zabid's domestic and military architecture and its urban plan make it an outstanding archaeological and historical site. Besides being the capital of Yemen from the 13th to the 15th century, the city played an important role in the Arab and Muslim world for many centuries because of its Islamic university.",,(ii)(iv)(vi),MEDIUM,4,0,,,,,capital,capital,,Criterion_iv; Criterion_ii,https://whc.unesco.org/en/list/611,True
247,Hill Forts of Rajasthan,Cultural,Asia and the Pacific,India,,,"The serial site, situated in the state of Rajastahan, includes six majestic forts in Chittorgarh; Kumbhalgarh; Sawai Madhopur; Jhalawar; Jaipur, and Jaisalmer. The ecclectic architecture of the forts, some up to 20 kilometres in circumference, bears testimony to the power of the Rajput princely states that flourished in the region from the 8th to the 18th centuries. Enclosed within defensive walls are major urban centres, palaces, trading centres and other buildings including temples that often predate the fortifications within which developed an elaborate courtly culture that supported learning, music and the arts. Some of the urban centres enclosed in the fortifications have survived, as have many of the site's temples and other sacred buildings. The forts use the natural defenses offered by the landscape: hills, deserts, rivers, and dense forests. They also feature extensive water harvesting structures, largely still in use today.",,(ii)(iii),MEDIUM,4,0,,,,,,fort; palace; temple; wall,,Criterion_ii; OUV_ArchElements,https://whc.unesco.org/en/list/247,True
1582,The Colonial Transisthmian Route of Panamá,Cultural,Latin America and the Caribbean,Panama,,,"From the 16th century, the isthmus of Panama became a global strategic asset facilitating the transportation of goods and people between the Iberian Peninsula and the colonies of the Kingdom of Spain in America, the archipelago of the Philippines and the Canary Islands. The serial property bears testimony of the crossing of the isthmus including strategic fortified settlements, historic towns, archaeological sites and roads used to connect the Caribbean Sea and the Pacific Ocean until the mid-18th century.",,(ii)(iv),MEDIUM,4,0,,,,,,,,Criterion_iv; Criterion_ii,https://whc.unesco.org/en/list/1582,True
148,Old City of Jerusalem and its Walls,Cultural,Arab States,Jerusalem (Site proposed by Jordan),,,"As a holy city for Judaism, Christianity and Islam, Jerusalem has always been of great symbolic importance. Among its 220 historic monuments, the Dome of the Rock stands out: built in the 7th century, it is decorated with beautiful geometric and floral motifs. It is recognized by all three religions as the site of Abraham's sacrifice. The Wailing Wall delimits the quarters of the different religious communities, while the Resurrection rotunda in the Church of the Holy Sepulchre houses Christ's tomb.",,(ii)(iii)(vi),MEDIUM,4,0,,,,,,church; dome; tomb; wall,,Criterion_ii; OUV_ArchElements,https://whc.unesco.org/en/list/148,True
1757,Ancient Capitals of Asuka and Fujiwara,Cultural,Asia and the Pacific,Japan,,,"Located in the southern part of the Nara Basin, Asuka and Fujiwara were the two ancient capitals of the Japanese archipelago that marked the establishment of a centralised state system modelled after the Chinese codified law known as ritsuryō. Nineteen component parts, comprising palaces/government offices, Buddhist temples and mounded tombs, contain archaeological evidence of the Asuka Capital (588-694 CE) and the Fujiwara Capital (694-710 CE). The Asuka capital was established at the site of the Asuka-dera Temple, the first Buddhist temple in Japan. Together, the sites illustrate the introduction and consolidation of key elements of early centralized governance and influenced the later Japanese capitals of Nara and Kyoto.",,(ii)(iii),MEDIUM,4,0,,,,,capital,capital; palace; temple; tomb,,Criterion_ii; OUV_ArchElements,https://whc.unesco.org/en/list/1757,True
1480,Victorian Gothic and Art Deco Ensembles of Mumbai,Cultural,Asia and the Pacific,India,,,"Having become a global trading centre, the city of Mumbai implemented an ambitious urban planning project in the second half of the 19th century. It led to the construction of ensembles of public buildings bordering the Oval Maidan open space, first in the Victorian Neo-Gothic style and then, in the early 20th century, in the Art Deco idiom. The Victorian ensemble includes Indian elements suited to the climate, including balconies and verandas. The Art Deco edifices, with their cinemas and residential buildings, blend Indian design with Art Deco imagery, creating a unique style that has been described as Indo-Deco. These two ensembles bear testimony to the phases of modernization that Mumbai has undergone in the course of the 19th and 20th centuries.",,(ii)(iv),MEDIUM,4,0,,,,,,balcony,,Criterion_iv; Criterion_ii,https://whc.unesco.org/en/list/1480,True
1613,The Great Spa Towns of Europe,Cultural,Europe and North America,"Austria,Belgium,Czechia,France,Germany,Italy,United Kingdom of Great Britain and Northern Ireland",,,"This transnational serial property comprises eleven spa towns, located in seven European countries: Baden bei Wien (Austria); Spa (Belgium); Františkovy Lázně; Karlovy Vary; Mariánské Lázně (Czechia); Vichy (France); Bad Ems; Baden-Baden; Bad Kissingen (Germany); Montecatini Terme (Italy); and City of Bath (United Kingdom). All of these towns developed around natural mineral water springs. They bear witness to the international European spa culture that developed from the early 18th century to the 1930s, leading to the emergence of grand international resorts that impacted urban typology around ensembles of spa buildings such as baths, kurhaus and kursaal (buildings and rooms dedicated to therapy), pump rooms, drinking halls, colonnades and galleries designed to harness the natural mineral water resources and to allow their practical use for bathing and drinking. Related facilities include gardens, assembly rooms, casinos, theatres, hotels and villas, as well as spa-specific support infrastructure. These ensembles are all integrated into an overall urban context that includes a carefully managed recreational and therapeutic environment in a picturesque landscape. Together, these sites embody the significant interchange of human values and developments in medicine, science and balneology.",,(ii)(iii),MEDIUM,4,0,,,,,,bath; gallery; theatre,,Criterion_ii; OUV_ArchElements,https://whc.unesco.org/en/list/1613,True
688,"Historic Monuments of Ancient Kyoto (Kyoto, Uji and Otsu Cities)",Cultural,Asia and the Pacific,Japan,,,"Built in A.D. 794 on the model of the capitals of ancient China, Kyoto was the imperial capital of Japan from its foundation until the middle of the 19th century. As the centre of Japanese culture for more than 1,000 years, Kyoto illustrates the development of Japanese wooden architecture, particularly religious architecture, and the art of Japanese gardens, which has influenced landscape gardening the world over.",,(ii)(iv),MEDIUM,4,0,,,,,capital,capital; foundation,,Criterion_iv; Criterion_ii,https://whc.unesco.org/en/list/688,True
119,Timbuktu,Cultural,Africa,Mali,,,"Home of the prestigious Koranic Sankore University and other madrasas, Timbuktu was an intellectual and spiritual capital and a centre for the propagation of Islam throughout Africa in the 15th and 16th centuries. Its three great mosques, Djingareyber, Sankore and Sidi Yahia, recall Timbuktu's golden age. Although continuously restored, these monuments are today under threat from desertification.",,(ii)(iv)(v),MEDIUM,4,0,,,,,capital,capital; mosque,,Criterion_iv; Criterion_ii,https://whc.unesco.org/en/list/119,True
189,Historic Centre of the Town of Olinda,Cultural,Latin America and the Caribbean,Brazil,,,"Founded in the 16th century by the Portuguese, the town’s history is linked to the sugar-cane industry. Rebuilt after being looted by the Dutch, its basic urban fabric dates from the 18th century. The harmonious balance between the buildings, gardens, 20 Baroque churches, convents and numerous small passos (chapels) all contribute to Olinda’s particular charm.",,(ii)(iv),MEDIUM,4,0,,,,,,church,,Criterion_iv; Criterion_ii,https://whc.unesco.org/en/list/189,True
826,"Portovenere, Cinque Terre, and the Islands (Palmaria, Tino and Tinetto)",Cultural,Europe and North America,Italy,,,"The Ligurian coast between Cinque Terre and Portovenere is a cultural landscape of great scenic and cultural value. The layout and disposition of the small towns and the shaping of the surrounding landscape, overcoming the disadvantages of a steep, uneven terrain, encapsulate the continuous history of human settlement in this region over the past millennium.","The Committee decided to inscribe this site on the basis of criteria (ii), (iv) and (v), considering that the eastern Ligurian Riviera between Cinque Terre and Portovenere is a cultural site of outstanding value, representing the harmonious interaction between people and nature to produce a landscape of exceptional scenic quality that illustrates a traditional way of life that has existed for a thousand years and continues to play an important socio-economic role in the life of the community.",(ii)(iv)(v),MEDIUM,4,0,,,,,,,,Criterion_iv; Criterion_ii,https://whc.unesco.org/en/list/826,True
1351,Camino Real de Tierra Adentro,Cultural,Latin America and the Caribbean,Mexico,,,"Camino Real de Tierra Adentro was the Royal Inland Road, also known as the Silver Route. The inscribed property consists of 55 sites and five existing World Heritage sites lying along a 1400 km section of this 2600 km route, that extends north from Mexico City to Texas and New Mexico, United States of America. The route was actively used as a trade route for 300 years, from the mid-16th to the 19th centuries, mainly for transporting silver extracted from the mines of Zacatecas, Guanajuato and San Luis Potosí, and mercury imported from Europe. Although it is a route that was motivated and consolidated by the mining industry, it also fostered the creation of social, cultural and religious links in particular between Spanish and Amerindian cultures.",,(ii)(iv),MEDIUM,4,0,,,,,,,,Criterion_iv; Criterion_ii,https://whc.unesco.org/en/list/1351,True
1274,Protective town of San Miguel and the Sanctuary of Jesús Nazareno de Atotonilco,Cultural,Latin America and the Caribbean,Mexico,,,"The fortified town, first established in the 16th century to protect the Royal Route inland, reached its apogee in the 18th century when many of its outstanding religious and civic buildings were built in the style of the Mexican Baroque. Some of these buildings are masterpieces of the style that evolved in the transition from Baroque to neoclassical. Situated 14 km from the town, the Jesuit sanctuary, also dating from the 18th century, is one of the finest examples of Baroque art and architecture in the New Spain. It consists of a large church, and several smaller chapels, all decorated with oil paintings by Rodriguez Juárez and mural paintings by Miguel Antonio Martínez de Pocasangre. Because of its location, San Miguel de Allende acted as a melting pot where Spaniards, Creoles and Amerindians exchanged cultural influences while the Sanctuary of Jesús Nazareno de Atotonilco constitutes an exceptional example of the exchange between European and Latin American cultures. Its architecture and interior decoration testify to the influence of Saint Ignacio de Loyola’s doctrine.",,(ii)(iv),MEDIUM,4,0,,,,,,church; sanctuary,,Criterion_iv; Criterion_ii,https://whc.unesco.org/en/list/1274,True
614,City of Safranbolu,Cultural,Europe and North America,Türkiye,,,"From the 13th century to the advent of the railway in the early 20th century, Safranbolu was an important caravan station on the main East–West trade route. The Old Mosque, Old Bath and Süleyman Pasha Medrese were built in 1322. During its apogee in the 17th century, Safranbolu's architecture influenced urban development throughout much of the Ottoman Empire.",,(ii)(iv)(v),MEDIUM,4,0,,,,,,bath; mosque,,Criterion_iv; Criterion_ii,https://whc.unesco.org/en/list/614,True
94,Rock Drawings in Valcamonica,Cultural,Europe and North America,Italy,,,"Valcamonica, situated in the Lombardy plain, has one of the world's greatest collections of prehistoric petroglyphs – more than 140,000 symbols and figures carved in the rock over a period of 8,000 years and depicting themes connected with agriculture, navigation, war and magic.",,(iii)(vi),HIGH,4,0,,,,,,,rock,Title_Stone_Keyword,https://whc.unesco.org/en/list/94,True
1269,Sacred City of Caral-Supe,Cultural,Latin America and the Caribbean,Peru,,,"The 5000-year-old 626-hectare archaeological site of The Sacred City of Caral-Supe is situated on a dry desert terrace overlooking the green valley of the Supe river. It dates back to the Late Archaic Period of the Central Andes and is the oldest centre of civilization in the Americas. Exceptionally well-preserved, the site is impressive in terms of its design and the complexity of its architectural, especially its monumental stone and earthen platform mounts and sunken circular courts. One of 18 urban settlements situated in the same area, Caral features complex and monumental architecture, including six large pyramidal structures. A quipu (the knot system used in Andean civilizations to record information) found on the site testifies to the development and complexity of Caral society. The city&rsquo;s plan and some of its components, including pyramidal structures and residence of the elite, show clear evidence of ceremonial functions, signifying a powerful religious ideology.",,(ii)(iii)(iv),MEDIUM,4,0,,,,,,terrace,,Criterion_iv; Criterion_ii,https://whc.unesco.org/en/list/1269,True
895,Historic Fortified Town of Campeche,Cultural,Latin America and the Caribbean,Mexico,,,"Campeche is a typical example of a harbour town from the Spanish colonial period in the New World. The historic centre has kept its outer walls and system of fortifications, designed to defend this Caribbean port against attacks from the sea.","Criterion (ii): The harbour town of Campeche is an urbanization model of a Baroque colonial town, with its checkerboard street plan; the defensive walls surrounding its historic centre reflect the influence of the military architecture in the Caribbean. Criterion (iv): The fortifications system of Campeche, an eminent example of the military architecture of the 17th and 18th centuries, is part of an overall defensive system set up by the Spanish to protect the ports on the Caribbean Sea from pirate attacks.",(ii)(iv),MEDIUM,4,0,,,,,,wall,,Criterion_iv; Criterion_ii,https://whc.unesco.org/en/list/895,True
1555,Colonies of Benevolence,Cultural,Europe and North America,"Belgium,Netherlands (Kingdom of the)",,,"The transnational serial property is an Enlightenment experiment in social reform. These cultural landscapes demonstrate an innovative, highly influential 19th-century model of pauper relief and of settler colonialism, which today is known as an agricultural domestic colony. The property encompasses four Colonies of Benevolence in three component parts: Frederiksoord-Wilhelminaoord and Veenhuizen in the Netherlands, and Wortel in Belgium. Together they bear witness to a 19th century experiment in social reform, an effort to alleviate urban poverty by establishing agricultural colonies in remote locations. Established in 1818, Frederiksoord (the Netherlands) is the earliest of these Colonies and home to the original headquarters of the Society of Benevolence, an association which aimed to reduce poverty at the national level. The other component parts were constructed between 1820 and 1823. In Frederiksoord-Wilhelminaoord, small farms along planted avenues were built for families and this Colony was referred to as ‘free’. Wortel is a hybrid Colony, first built for families and called ‘free’, later inhabited by beggars and vagrants and catalogued as ‘unfree’. In Veenhuizen large dormitory structures and larger centralized farms along planted avenues were built for orphans, beggars and vagrants that worked under the supervision of guards. This colony was called ‘unfree’. Each component part has a distinctive spatial character, connected to the target group for which it was built, and a specific organization of the work, with either family farms or institutions with working farms for groups of individuals. The Colonies were designed as panoptic settlements along orthogonal lines. They feature residential buildings, farm houses, churches and other communal facilities. At their peak in the mid-19th century, over 11,000 people lived in such Colonies in the Netherlands. In Belgium their number peaked at 6,000 in 1910.",,(ii)(iv),MEDIUM,4,0,,,,,,church,,Criterion_iv; Criterion_ii,https://whc.unesco.org/en/list/1555,True
862,Historic Monuments Zone of Tlacotalpan,Cultural,Latin America and the Caribbean,Mexico,,,"Tlacotalpan, a Spanish colonial river port on the Gulf coast of Mexico, was founded in the mid-16th century. It has preserved its original urban fabric to a remarkable degree, with wide streets, colonnaded houses in a profusion of styles and colours, and many mature trees in the public open spaces and private gardens.","Criterion ii: The urban layout and architecture of Tlacotalpan represent a fusion of Spanish and Caribbean traditions of exceptional importance and quality. Criterion iv: Tlacotalpan is a Spanish colonial river port on the Gulf coast of Mexico which has preserved its original urban fabric to an exceptional degree. Its outstanding character lies in its townscape of wide streets, modest houses in an exuberant variety of styles and colours, and many mature trees in public and private open spaces.",(ii)(iv),MEDIUM,4,0,,,,,,,,Criterion_iv; Criterion_ii,https://whc.unesco.org/en/list/862,True
733,"Ferrara, City of the Renaissance, and its Po Delta",Cultural,Europe and North America,Italy,,,"Ferrara, which grew up around a ford over the River Po, became an intellectual and artistic centre that attracted the greatest minds of the Italian Renaissance in the 15th and 16th centuries. Here, Piero della Francesca, Jacopo Bellini and Andrea Mantegna decorated the palaces of the House of Este. The humanist concept of the 'ideal city' came to life here in the neighbourhoods built from 1492 onwards by Biagio Rossetti according to the new principles of perspective. The completion of this project marked the birth of modern town planning and influenced its subsequent development.","Criterion (iii): The Este ducal residences in the Po Delta illustrate the influence of Renaissance culture on the natural landscape in an exceptional manner.
Criterion (v): The Po Delta is an outstanding planned cultural landscape which retains its original form to a remarkable extent.",(ii)(iii)(iv)(v)(vi),MEDIUM,4,0,,,,,,palace,,Criterion_iv; Criterion_ii,https://whc.unesco.org/en/list/733,True
175,Medici Villas and Gardens in Tuscany,Cultural,Europe and North America,Italy,,,"Twelve villas and two gardens spread across the Tuscan landscape make up this site which bears testimony to the influence the Medici family exerted over modern European culture through its patronage of the arts. Built between the 15th&nbsp;and 17th&nbsp;centuries, they represent an innovative system of construction in harmony with nature and dedicated to leisure, the arts and knowledge. The villas embody an innovative form and function, a new type of princely residence that differed from both the farms owned by rich Florentines of the period and from the military might of baronial castles. The Medici villas form the first example of the connection between architecture, gardens, and the environment and became an enduring reference for princely residences throughout Italy and Europe. Their gardens and integration into the natural environment helped develop the appreciation of landscape characteristic Humanism and the Renaissance.",,(ii)(iv)(vi),MEDIUM,4,0,,,,,tuscan,castle,,Criterion_iv; Criterion_ii,https://whc.unesco.org/en/list/175,True
726,Historic Centre of Naples,Cultural,Europe and North America,Italy,,,"From the Neapolis founded by Greek settlers in 470 B.C. to the city of today, Naples has retained the imprint of the successive cultures that emerged in Europe and the Mediterranean basin. This makes it a unique site, with a wealth of outstanding monuments such as the Church of Santa Chiara and the Castel Nuovo.",,(ii)(iv),MEDIUM,4,0,,,,,,church,,Criterion_iv; Criterion_ii,https://whc.unesco.org/en/list/726,True
797,City of Verona,Cultural,Europe and North America,Italy,,,"The historic city of Verona was founded in the 1st century B.C. It particularly flourished under the rule of the Scaliger family in the 13th and 14th centuries and as part of the Republic of Venice from the 15th to 18th centuries. Verona has preserved a remarkable number of monuments from antiquity, the medieval and Renaissance periods, and represents an outstanding example of a military stronghold.","Criterion (ii): In its urban structure and its architecture, Verona is an outstanding example of a town that has developed progressively and uninterruptedly over two thousand years, incorporating artistic elements of the highest quality from each succeeding period.
Criterion (iv): Verona represents in an exceptional way the concept of the fortified town at several seminal stages of European history.",(ii)(iv),MEDIUM,4,0,,,,,,,,Criterion_iv; Criterion_ii,https://whc.unesco.org/en/list/797,True
1318,Longobards in Italy. Places of the Power (568-774 A.D.),Cultural,Europe and North America,Italy,,,"The Longobards in Italy, Places of Power, 568 - 774 A.D.&nbsp;comprises seven groups of important buildings (including fortresses, churches, and monasteries) throughout the Italian Peninsula. They testify to the high achievement of the Lombards, who migrated from northern Europe and developed their own specific culture in Italy where they ruled over vast territories in the 6th to 8th centuries. The Lombards synthesis of architectural styles marked the transition from Antiquity to the European Middle Ages, drawing on the heritage of Ancient Rome, Christian spirituality, Byzantine influence and Germanic northern Europe. The serial property testifies to the Lombards' major role in the spiritual and cultural development of Medieval European Christianity, notably by bolstering the monastic movement.",,(ii)(iii)(vi),MEDIUM,4,0,,,,,,church; fortress; monastery,,Criterion_ii; OUV_ArchElements,https://whc.unesco.org/en/list/1318,True
585,Historic Centre of Morelia,Cultural,Latin America and the Caribbean,Mexico,,,"Built in the 16th century, Morelia is an outstanding example of urban planning which combines the ideas of the Spanish Renaissance with the Mesoamerican experience. Well-adapted to the slopes of the hill site, its streets still follow the original layout. More than 200 historic buildings, all in the region's characteristic pink stone, reflect the town's architectural history, revealing a masterly and eclectic blend of the medieval spirit with Renaissance, Baroque and neoclassical elements. Morelia was the birthplace of several important personalities of independent Mexico and has played a major role in the country's history.",,(ii)(iv)(vi),MEDIUM,4,0,,,,,,,,Criterion_iv; Criterion_ii,https://whc.unesco.org/en/list/585,True
828,Historic Centre of Urbino,Cultural,Europe and North America,Italy,,,"The small hill town of Urbino, in the Marche, experienced a great cultural flowering in the 15th century, attracting artists and scholars from all over Italy and beyond, and influencing cultural developments elsewhere in Europe. Owing to its economic and cultural stagnation from the 16th century onwards, it has preserved its Renaissance appearance to a remarkable extent.","Criterion (ii): During its short cultural pre-eminence, Urbino attracted some of the most outstanding humanist scholars and artists of the Renaissance, who created there an exceptional urban complex of remarkable homogeneity, the influence of which carried far into the rest of Europe.
Criterion (iv): Urbino represents a pinnacle of Renaissance art and architecture, harmoniously adapted to its physical site and to its medieval precursor in an exceptional manner.",(ii)(iv),MEDIUM,4,0,,,,,pinnacle,pinnacle,,Criterion_iv; Criterion_ii,https://whc.unesco.org/en/list/828,True
1211,Genoa: Le Strade Nuove and the system of the Palazzi dei Rolli,Cultural,Europe and North America,Italy,,,"The Strade Nuove and the system of the Palazzi dei Rolli in Genoa’s historic centre date from the late 16th and early 17th centuries when the Republic of Genoa was at the height of its financial and seafaring power. The site represents the first example in Europe of an urban development project parcelled out by a public authority within a unitary framework and associated to a particular system of ‘public lodging’ in private residences, as decreed by the Senate in 1576. The site includes an ensemble of Renaissance and Baroque palaces along the so-called ‘new streets’ (Strade Nuove). The Palazzi dei Rolli offer an extraordinary variety of different solutions, achieving universal value in adapting to the particular characteristics of the site and to the requirements of a specific social and economic organization. They also offer an original example of a public network of private residences designated to host state visits.",,(ii)(iv),MEDIUM,4,0,,,,,,palace,,Criterion_iv; Criterion_ii,https://whc.unesco.org/en/list/1211,True
1358,Citadel of the Ho Dynasty,Cultural,Asia and the Pacific,Viet Nam,,,"The 14th -century Ho Dynasty citadel, built according to the feng shui principles, testifies to the flowering of neo-Confucianism in late 14th century Viet Nam and its spread to other parts of east Asia. According to these principles it was sited in a landscape of great scenic beauty on an axis joining the Tuong Son and Don Son mountains in a plain between the Ma and Buoi rivers. The citadel buildings represent an outstanding example of a new style of south-east Asian imperial city.",,(ii)(iv),MEDIUM,4,0,,,,,,,,Criterion_iv; Criterion_ii,https://whc.unesco.org/en/list/1358,True
830,Costiera Amalfitana,Cultural,Europe and North America,Italy,,,"The Amalfi coast is an area of great physical beauty and natural diversity. It has been intensively settled by human communities since the early Middle Ages. There are a number of towns such as Amalfi and Ravello with architectural and artistic works of great significance. The rural areas show the versatility of the inhabitants in adapting their use of the land to the diverse nature of the terrain, which ranges from terraced vineyards and orchards on the lower slopes to wide upland pastures.","The Committee decided to inscribe this site on the basis of criteria (ii), (iv) and (v), considering that the Costiera Amalfitana is an outstanding example of a Mediterranean landscape, with exceptional cultural and natural scenic values resulting from its dramatic topography and historical evolution.",(ii)(iv)(v),MEDIUM,4,0,,,,,,terrace,,Criterion_iv; Criterion_ii,https://whc.unesco.org/en/list/830,True
1229,Crac des Chevaliers and Qal’at Salah El-Din,Cultural,Arab States,Syrian Arab Republic,,,"These two castles represent the most significant examples illustrating the exchange of influences and documenting the evolution of fortified architecture in the Near East during the time of the Crusades (11th - 13th centuries). The Crac des Chevaliers was built by the Hospitaller Order of Saint John of Jerusalem from 1142 to 1271. With further construction by the Mamluks in the late 13th century, it ranks among the best-preserved examples of the Crusader castles. The Qal’at Salah El-Din (Fortress of Saladin), even though partly in ruins, represents an outstanding example of this type of fortification, both in terms of the quality of construction and the survival of historical stratigraphy. It retains features from its Byzantine beginnings in the 10th century, the Frankish transformations in the late 12th century and fortifications added by the Ayyubid dynasty (late 12th to mid-13th century).",,(ii)(iv),MEDIUM,4,0,,,,,,castle; fortress,,Criterion_iv; Criterion_ii,https://whc.unesco.org/en/list/1229,True
792,Historic Monuments Zone of Querétaro,Cultural,Latin America and the Caribbean,Mexico,,,"The old colonial town of Querétaro is unusual in having retained the geometric street plan of the Spanish conquerors side by side with the twisting alleys of the Indian quarters. The Otomi, the Tarasco, the Chichimeca and the Spanish lived together peacefully in the town, which is notable for the many ornate civil and religious Baroque monuments from its golden age in the 17th and 18th centuries.","The Committee decided to inscribe the nominated property on the basis of cultural criteria (ii) and (iv) considering that the site is of outstanding universal value and an exceptional example of a colonial town whose layout symbolizes its multi- ethnic population. It is also endowed with a wealth of outstanding buildings, notably from the 17th and 18th centuries.",(ii)(iv),MEDIUM,4,0,,,,,,,,Criterion_iv; Criterion_ii,https://whc.unesco.org/en/list/792,True
949,My Son Sanctuary,Cultural,Asia and the Pacific,Viet Nam,,,Between the 4th and 13th centuries a unique culture which owed its spiritual origins to Indian Hinduism developed on the coast of contemporary Viet Nam. This is graphically illustrated by the remains of a series of impressive tower-temples located in a dramatic site that was the religious and political capital of the Champa Kingdom for most of its existence.,"Criterion (ii) : The My Son Sanctuary is an exceptional example of cultural interchange, with the introduction the Hindu architecture of the Indian sub-continent into South-East Asia.
Criterion (iii) :The Champa Kingdom was an important phenomenon in the political and cultural history of South-East Asia, vividly illustrated by the ruins of My Son.",(ii)(iii),MEDIUM,4,0,,,,,capital,capital; sanctuary; temple; tower,,Criterion_ii; OUV_ArchElements,https://whc.unesco.org/en/list/949,True
1068,Sacri Monti of Piedmont and Lombardy,Cultural,Europe and North America,Italy,,,"The nine Sacri Monti (Sacred Mountains) of northern Italy are groups of chapels and other architectural features created in the late 16th and 17th centuries and dedicated to different aspects of the Christian faith. In addition to their symbolic spiritual meaning, they are of great beauty by virtue of the skill with which they have been integrated into the surrounding natural landscape of hills, forests and lakes. They also house much important artistic material in the form of wall paintings and statuary.","Criterion (ii): The implantation of architecture and sacred art into a natural landscape for didactic and spiritual purposes achieved its most exceptional expression in the Sacri Monti (‘Sacred Mountains’) of northern Italy and had a profound influence on subsequent developments elsewhere in Europe.
Criterion (iv): The Sacri Monti (‘Sacred Mountains’) of northern Italy represent the successful integration of architecture and fine art into a landscape of great beauty for spiritual reasons at a critical period in the history of the Roman Catholic Church.",(ii)(iv),MEDIUM,4,0,,,,,,church; wall,,Criterion_iv; Criterion_ii,https://whc.unesco.org/en/list/1068,True
676,Historic Centre of Zacatecas,Cultural,Latin America and the Caribbean,Mexico,,,"Founded in 1546 after the discovery of a rich silver lode, Zacatecas reached the height of its prosperity in the 16th and 17th centuries. Built on the steep slopes of a narrow valley, the town has breathtaking views and there are many old buildings, both religious and civil. The cathedral, built between 1730 and 1760, dominates the centre of the town. It is notable for its harmonious design and the Baroque profusion of its façades, where European and indigenous decorative elements are found side by side.",,(ii)(iv),MEDIUM,4,0,,,,,,cathedral,,Criterion_iv; Criterion_ii,https://whc.unesco.org/en/list/676,True
1096,White City of Tel-Aviv – the Modern Movement,Cultural,Europe and North America,Israel,,,"Tel Aviv was founded in 1909 and developed as a metropolitan city under the British Mandate in Palestine. The White City was constructed from the early 1930s until the 1950s, based on the urban plan by Sir Patrick Geddes, reflecting modern organic planning principles. The buildings were designed by architects who were trained in Europe where they practised their profession before immigrating. They created an outstanding architectural ensemble of the Modern Movement in a new cultural context.","Criterion (ii): The White City of Tel Aviv is a synthesis of outstanding significance of the various trends of the Modern Movement in architecture and town planning in the early part of the 20th century. Such influences were adapted to the cultural and climatic conditions of the place, as well as being integrated with local traditions.
Criterion (iv): The new town of Tel Aviv is an outstanding example of new town planning and architecture in the early 20th century, adapted to the requirements of a particular cultural and geographic context.",(ii)(iv),MEDIUM,4,0,,,,,,base,,Criterion_iv; Criterion_ii,https://whc.unesco.org/en/list/1096,True
1042,Old City of Acre,Cultural,Europe and North America,Israel,,,"Acre is a historic walled port-city with continuous settlement from the Phoenician period. The present city is characteristic of a fortified town dating from the Ottoman 18th and 19th centuries, with typical urban components such as the citadel, mosques, khans and baths. The remains of the Crusader town, dating from 1104 to 1291, lie almost intact, both above and below today's street level, providing an exceptional picture of the layout and structures of the capital of the medieval Crusader kingdom of Jerusalem.","Criterion (ii): Acre is an exceptional historic town in that preserves the substantial remains of the its medieval Crusader buildings beneath the existing Moslem fortified town dating from the 18th and 19th centuries.
Criterion (iii): The remains of the Crusader town of Acre, both above and below the present-day street level, provide an exceptional picture of the layout and structures of the capital of the medieval Crusader Kingdom of Jerusalem.
Criterion (v): Present-day Acre is an important example of an Ottoman walled town, with typical urban components such as the citadel, mosques, khans, and baths well preserved, partly built on top of the underlying Crusader structures.",(ii)(iii)(v),MEDIUM,4,0,,,,,capital,bath; capital; mosque,,Criterion_ii; OUV_ArchElements,https://whc.unesco.org/en/list/1042,True
602,Historic Centre of Bukhara,Cultural,Asia and the Pacific,Uzbekistan,,,"Bukhara, which is situated on the Silk Route, is more than 2,000 years old. It is the most complete example of a medieval city in Central Asia, with an urban fabric that has remained largely intact. Monuments of particular interest include the famous tomb of Ismail Samani, a masterpiece of 10th-century Muslim architecture, and a large number of 17th-century madrasas.",,(ii)(iv)(vi),MEDIUM,4,0,,,,,,tomb,,Criterion_iv; Criterion_ii,https://whc.unesco.org/en/list/602,True
1058,Portuguese City of Mazagan (El Jadida),Cultural,Arab States,Morocco,,,"The Portuguese fortification of Mazagan, now part of the city of El Jadida, 90-km southwest of Casablanca, was built as a fortified colony on the Atlantic coast in the early 16th century. It was taken over by the Moroccans in 1769. The fortification with its bastions and ramparts is an early example of Renaissance military design. The surviving Portuguese buildings include the cistern and the Church of the Assumption, built in the Manueline style of late Gothic architecture. The Portuguese City of Mazagan - one of the early settlements of the Portuguese explorers in West Africa on the route to India - is an outstanding example of the interchange of influences between European and Moroccan cultures, well reflected in architecture, technology, and town planning.","Criterion (ii): The Portuguese city of Mazagan is an outstanding example of the interchange of influences between European and Moroccan cultures, and one of the early settlements of the Portuguese explorers in West Africa, on the route to India. These influences are well reflected in architecture, technology, and town planning.
Criterion (iv): The Portuguese fortified city of Mazagan is an outstanding and early example of the realisation of the Renaissance ideals integrated with Portuguese construction technology. Notable buildings from the Portuguese period include: the cistern, and the church of the Assumption, built in the Manueline style of the early 16th century.",(ii)(iv),MEDIUM,4,0,,,,,,church,,Criterion_iv; Criterion_ii,https://whc.unesco.org/en/list/1058,True
1504,Stećci Medieval Tombstone Graveyards,Cultural,Europe and North America,"Bosnia and Herzegovina,Croatia,Montenegro,Serbia",,,"This serial property combines 28 sites, located in Bosnia and Herzegovina, western Serbia, western Montenegro and central and southern Croatia, representing these cemeteries and regionally distinctive medieval tombstones, or stećci. The cemeteries, which date from the 12th to 16th centuries CE, are laid out in rows, as was the common custom in Europe from the Middle Ages. The stećci are mostly carved from limestone. They feature a wide range of decorative motifs and inscriptions that represent iconographic continuities within medieval Europe as well as locally distinctive traditions.",,(iii)(vi),MEDIUM,4,1,limestone,Sedimentary,,,,,,OUV_Stone,https://whc.unesco.org/en/list/1504,True
1507,"Phu Phrabat, a testimony to the Sīma stone tradition of the Dvaravati period",Cultural,Asia and the Pacific,Thailand,,,"The property illustrates the Sīma stone tradition of the Dvaravati period (7th-11th centuries CE). While sacred boundary markers for areas of Theravada Buddhist monastic practice vary in materials, extensive use of stones is found only in the Khorat Plateau region in Southeast Asia. Buddhism’s arrival in the 7th century led to an increase in the erection of Sīma stones throughout the region for over four centuries. The Phu Phrabat Mountain area preserves the largest corpus in the world of in situ Sīma stones from the Dvaravati period, testifying to the tradition that once prevailed in the region. The scale of Sīma stone erection and rock shelter modification has transformed the natural landscape into a religious centre, and rock paintings on surfaces of 47 rock shelters are the physical evidence of human occupation over two millennia.",,(iii)(v),HIGH,4,0,,,,,,,stone,Title_Stone_Keyword,https://whc.unesco.org/en/list/1507,True
558,Skogskyrkogården,Cultural,Europe and North America,Sweden,,,"This Stockholm cemetery was created between 1917 and 1920 by two young architects, Asplund and Lewerentz, on the site of former gravel pits overgrown with pine trees. The design blends vegetation and architectural elements, taking advantage of irregularities in the site to create a landscape that is finely adapted to its function. It has had a profound influence in many countries of the world.",,(ii)(iv),MEDIUM,4,0,,,,,,,,Criterion_iv; Criterion_ii,https://whc.unesco.org/en/list/558,True
1620,Sítio Roberto Burle Marx,Cultural,Latin America and the Caribbean,Brazil,,,"Situated in the western region of Rio de Janeiro, the property embodies a successful project developed over more than 40 years by landscape architect and artist Roberto Burle Marx (1909-1994), a “landscape laboratory” to create “living works of art” using native plants and drawing on Modernist ideas. Began in 1949, the property encompasses extensive landscapes, gardens, buildings and collections, which feature the key characteristics that came to define Burle Marx’s landscape gardens and influenced the development of modern gardens internationally. The site is characterized by sinuous forms, exuberant mass planting, architectural plant arrangements, dramatic colour contrasts, use of tropical plants, and the incorporation of elements of traditional folk culture. By the end of the 1960s, the site housed the most representative collection of Brazilian plants, alongside other rare tropical species. In the site, 3,500 cultivated species of tropical and subtropical flora grow in harmony with the native vegetation of the region, notably the Atlantic Forest biome and associated ecosystems, mangrove swamp and restinga (coastal tropical sandy plain). Sítio Roberto Burle Marx exhibits an ecological conception of form as a process, including social collaboration which is the basis for environmental and cultural preservation. It comprises the first modern tropical garden to be inscribed on the World Heritage List.",,(ii)(iv),MEDIUM,4,0,,,,,,,,Criterion_iv; Criterion_ii,https://whc.unesco.org/en/list/1620,True
1346,Tabriz Historic Bazaar Complex,Cultural,Asia and the Pacific,Iran (Islamic Republic of),,,"Tabriz has been a place of cultural exchange since antiquity and its historic bazaar complex is one of the most important commercial centres on the Silk Road. Tabriz Historic Bazaar Complex consists of a series of interconnected, covered, brick structures, buildings, and enclosed spaces for different functions. Tabriz and its Bazaar were already prosperous and famous in the 13th century, when the town, in the province of Eastern Azerbaijan, became the capital city of the Safavid kingdom. The city lost its status as capital in the 16th century, but remained important as a commercial hub until the end of the 18th century, with the expansion of Ottoman power. It is one of the most complete examples of the traditional commercial and cultural system of Iran.",,(ii)(iii)(iv),MEDIUM,4,0,,,,,capital,capital,,Criterion_iv; Criterion_ii,https://whc.unesco.org/en/list/1346,True
1397,Masjed-e Jāmé of Isfahan,Cultural,Asia and the Pacific,Iran (Islamic Republic of),,,"Located in the historic centre of Isfahan, the Masjed-e Jāmé (‘Friday mosque’) can be seen as a stunning illustration of the evolution of mosque architecture over twelve centuries, starting in ad 841. It is the oldest preserved edifice of its type in Iran and a prototype for later mosque designs throughout Central Asia. The complex, covering more than 20,000 m2, is also the first Islamic building that adapted the four-courtyard layout of Sassanid palaces to Islamic religious architecture. Its double-shelled ribbed domes represent an architectural innovation that inspired builders throughout the region. The site also features remarkable decorative details representative of stylistic developments over more than a thousand years of Islamic art.",,(ii),MEDIUM,4,0,,,,,,courtyard; dome; mosque; palace,,Criterion_ii; OUV_ArchElements,https://whc.unesco.org/en/list/1397,True
762,"Church Town of Gammelstad, Luleå",Cultural,Europe and North America,Sweden,,,"Gammelstad, at the head of the Gulf of Bothnia, is the best-preserved example of a 'church village', a unique kind of village formerly found throughout northern Scandinavia. The 404 wooden houses, huddled round the early 15th-century stone church, were used only on Sundays and at religious festivals to house worshippers from the surrounding countryside who could not return home the same day because of the distance and difficult travelling conditions.","The Committee decided to inscribe the nominated property on the basis of cultural criteria (ii), (iv) and (v), considering that the site is of outstanding universal value as it is a remarkable example of the traditional church town of northern Scandanavia, and admirably illustrates the adaptation of conventional urban design to the special geographical and climatic conditions of a hostile natural environment.",(ii)(iv)(v),MEDIUM,4,0,,,,,,church,,Criterion_iv; Criterion_ii,https://whc.unesco.org/en/list/762,True
1422,Golestan Palace,Cultural,Asia and the Pacific,Iran (Islamic Republic of),,,"The lavish Golestan Palace is a masterpiece of the Qajar era, embodying the successful integration of earlier Persian crafts and architecture with Western influences. The walled Palace, one of the oldest groups of buildings in Teheran, became the seat of government of the Qajar family, which came into power in 1779 and made Teheran the capital of the country. Built around a garden featuring pools as well as planted areas, the Palace’s most characteristic features and rich ornaments date from the 19th century. It became a centre of Qajari arts and architecture of which it is an outstanding example and has remained a source of inspiration for Iranian artists and architects to this day. It represents a new style incorporating traditional Persian arts and crafts and elements of 18th century architecture and technology.",,(ii)(iii)(iv),MEDIUM,4,0,,,,,capital,capital; palace,,Criterion_iv; Criterion_ii,https://whc.unesco.org/en/list/1422,True
871,Naval Port of Karlskrona,Cultural,Europe and North America,Sweden,,,"Karlskrona is an outstanding example of a late-17th-century European planned naval city. The original plan and many of the buildings have survived intact, along with installations that illustrate its subsequent development up to the present day.","Criterion (ii): Karlskrona is an exceptionally well preserved example of a European planned naval town, which incorporates elements derived from earlier establishments in other countries and which was in its turn to serve as the model for subsequent towns with similar functions.
Criterion (iv): Naval bases played an important role in the centuries during which naval power was a determining factor in European Realpolitik, and Karlskrona is the best preserved and most complete of those that survive.",(ii)(iv),MEDIUM,4,0,,,,,,,,Criterion_iv; Criterion_ii,https://whc.unesco.org/en/list/871,True
968,Agricultural Landscape of Southern Öland,Cultural,Europe and North America,Sweden,,,"The southern part of the island of Öland in the Baltic Sea is dominated by a vast limestone plateau. Human beings have lived here for some five thousand years and adapted their way of life to the physical constraints of the island. As a consequence, the landscape is unique, with abundant evidence of continuous human settlement from prehistoric times to the present day.","Criterion (iv): The landscape of Southern Öland takes its contemporary form from its long cultural history, adapting to the physical constraints of the geology and topography.
Criterion (v): Södra Öland is an outstanding example of human settlement, making the optimum use of diverse landscape types on a single island.",(iv)(v),MEDIUM,4,1,limestone,Sedimentary,,,,,,Criterion_iv; OUV_Stone,https://whc.unesco.org/en/list/968,True
836,Archaeological Site of Volubilis,Cultural,Arab States,Morocco,,,"The Mauritanian capital, founded in the 3rd century B.C., became an important outpost of the Roman Empire and was graced with many fine buildings. Extensive remains of these survive in the archaeological site, located in a fertile agricultural area. Volubilis was later briefly to become the capital of Idris I, founder of the Idrisid dynasty, who is buried at nearby Moulay Idris.","The Committee decided to inscribe the Archaeological Site of Volubilis on the basis of criteria (ii), (iii), (iv) and (vi), considering that this site is an exceptionally well preserved example of a large Roman colonial town on the fringes of the Empire.",(ii)(iii)(iv)(vi),MEDIUM,4,0,,,,,capital,capital,,Criterion_iv; Criterion_ii,https://whc.unesco.org/en/list/836,True
837,Medina of Tétouan (formerly known as Titawin),Cultural,Arab States,Morocco,,,"T&eacute;touan was of particular importance in the Islamic period, from the 8th century onwards, since it served as the main point of contact between Morocco and Andalusia. After the Reconquest, the town was rebuilt by Andalusian refugees who had been expelled by the Spanish. This is well illustrated by its art and architecture, which reveal clear Andalusian influence. Although one of the smallest of the Moroccan medinas, T&eacute;touan is unquestionably the most complete and it has been largely untouched by subsequent outside influences.","The Committee decided to inscribe the Medina of T&eacute;touan (formerly known as Titawin) on the basis of criteria (ii), (iv) and (v), considering that it is an exceptionally well preserved and complete example of this type of historic town, displaying all the features of the high Andalusian culture.",(ii)(iv)(v),MEDIUM,4,0,,,,,,,,Criterion_iv; Criterion_ii,https://whc.unesco.org/en/list/837,True
753,Medina of Essaouira (formerly Mogador),Cultural,Arab States,Morocco,,,"Essaouira is an exceptional example of a late-18th-century fortified town, built according to the principles of contemporary European military architecture in a North African context. Since its foundation, it has been a major international trading seaport, linking Morocco and its Saharan hinterland with Europe and the rest of the world.",Criterion ii Essaouira is an outstanding and well preserved example of a late 18th century European fortified seaport town translated to a North African context. Criterion iv With the opening up of Morocco to the rest of the world in the later 17th century Essaouira was laid out by a French architect who had been profoundly influenced by the work of Vauban at Saint-Malo. It has retained its European appearance to a substantial extent.,(ii)(iv),MEDIUM,4,0,,,,,,foundation,,Criterion_iv; Criterion_ii,https://whc.unesco.org/en/list/753,True
1585,Trans-Iranian Railway,Cultural,Asia and the Pacific,Iran (Islamic Republic of),,,"The Trans-Iranian Railway connects the Caspian Sea in the northeast with the Persian Gulf in the southwest crossing two mountain ranges as well as rivers, highlands, forests and plains, and four different climatic areas. Started in 1927 and completed in 1938, the 1,394-kilometre-long railway was designed and executed in a successful collaboration between the Iranian government and 43 construction contractors from many countries. The railway is notable for its scale and the engineering works it required to overcome steep routes and other difficulties. Its construction involved extensive mountain cutting in some areas, while the rugged terrain in others dictated the construction of 174 large bridges, 186 small bridges and 224 tunnels, including 11 spiral tunnels. Unlike most early railway projects, construction of the Trans-Iranian Railway was funded by national taxes to avoid foreign investment and control.",,(ii)(iv),MEDIUM,4,0,,,,,,bridge,,Criterion_iv; Criterion_ii,https://whc.unesco.org/en/list/1585,True
170,Medina of Fez,Cultural,Arab States,Morocco,,,"Founded in the 9th century, Fez reached its height in the 13th–14th centuries under the Marinids, when it replaced Marrakesh as the capital of the kingdom. The urban fabric and the principal monuments in the medina – madrasas, fondouks, palaces, residences, mosques and fountains - date from this period. Although the political capital of Morocco was transferred to Rabat in 1912, Fez has retained its status as the country's cultural and spiritual centre.",,(ii)(v),MEDIUM,4,0,,,,,capital,capital; mosque; palace,,Criterion_ii; OUV_ArchElements,https://whc.unesco.org/en/list/170,True
1134,"Grimeton Radio Station, Varberg",Cultural,Europe and North America,Sweden,,,"The Varberg Radio Station at Grimeton in southern Sweden (built 1922–24) is an exceptionally well-preserved monument to early wireless transatlantic communication. It consists of the transmitter equipment, including the aerial system of six 127-m high steel towers. Although no longer in regular use, the equipment has been maintained in operating condition. The 109.9-ha site comprises buildings housing the original Alexanderson transmitter, including the towers with their antennae, short-wave transmitters with their antennae, and a residential area with staff housing. The architect Carl Åkerblad designed the main buildings in the neoclassical style and the structural engineer Henrik Kreüger was responsible for the antenna towers, the tallest built structures in Sweden at that time. The site is an outstanding example of the development of telecommunications and is the only surviving example of a major transmitting station based on pre-electronic technology.","Criterion (ii): The Varberg radio station at Grimeton is an outstanding monument representing the process of development of communication technology in the period following the First World War.
Criterion (iv): The Varberg radio station is an exceptionally well preserved example of a type of telecommunication centre, representing the technological achievements by the early 1920s, as well as documenting the further development over some three decades.",(ii)(iv),MEDIUM,4,0,,,,,,base; tower,,Criterion_iv; Criterion_ii,https://whc.unesco.org/en/list/1134,True
1770,Alamūt Castle and Related Fortifications,Cultural,Asia and the Pacific,Iran (Islamic Republic of),,,"The serial property comprises of Alamūt Castle and six associated fortifications—Lambesar, Navizaršāh, Šams Kelāyeh, Qosṭinlār, Širkūh, and Ilān—strategically positioned within the rugged landscape of the Alborz Mountains in Qazvin Province, northern Iran. From the late 11th century CE, Alamūt served as the political, military, and intellectual centre of the Nezāri Ismaʿilis, an influential Islamic movement whose reach extended across Iran and the wider Islamic world. This fortified network functioned both as a refuge and as a scholarly and cultural hub, sustaining the Nezāri community until the fall of Alamūt in 1256 and continuing to shape regional religious and intellectual history long thereafter. Together, the fortifications illustrate the strategic organisation, resilience, and cultural significance of the Nezāri Ismaʿili state.",,(iii),HIGH,4,0,,,,,,castle,castle,Title_Stone_Keyword,https://whc.unesco.org/en/list/1770,True
943,Belfries of Belgium and France,Cultural,Europe and North America,"Belgium,France",,,"Twenty-three belfries in the north of France and the belfry of Gembloux in Belgium were inscribed in 2005, as an extension to the 32 Belgian belfries inscribed in 1999 as Belfries of Flanders and Wallonia. Built between the 11th and 17th centuries, they showcase the Roman, Gothic, Renaissance and Baroque styles of architecture. They are highly significant tokens of the winning of civil liberties. While Italian, German and English towns mainly opted to build town halls, in part of north-western Europe, greater emphasis was placed on building belfries. Compared with the keep (symbol of the seigneurs) and the bell-tower (symbol of the Church), the belfry, the third tower in the urban landscape, symbolizes the power of the aldermen. Over the centuries, they came to represent the influence and wealth of the towns.",,(ii)(iv),MEDIUM,4,0,,,,,,church; tower,,Criterion_iv; Criterion_ii,https://whc.unesco.org/en/list/943,True
1774,Amazonia Theaters,Cultural,Latin America and the Caribbean,Brazil,,,"The property consists of two component parts: The Theatro da Paz and the Praça da República in Belém, and the Teatro Amazonas and the Largo de São Sebastião in Manaus. These were built in the States of Pará and Amazonas in Brazil during the Amazonian ‘Golden Age’ as a result of the economic peak of the Rubber Cycle between 1879 and 1912. Inspired by French and European architecture and decorated with motifs evoking the Amazon, these ensembles were designed as symbols of political and urban ambition. Inaugurated in 1878 and 1889, the Theatro da Paz and the Praça da República asserted the strategic role of the city of Belém as a port and State capital and celebrated the Brazilian Republic, while the Teatro Amazonas, inaugurated in 1896, was part of the large-scale urban development of Manaus during the rubber boom and, along with the Largo de São Sebastião, expressed the wealth and prestige of the future capital of the Amazon.",,(ii)(iv),MEDIUM,4,0,,,,,capital,capital,,Criterion_iv; Criterion_ii,https://whc.unesco.org/en/list/1774,True
1478,Erzgebirge/Krušnohoří Mining Region,Cultural,Europe and North America,"Czechia,Germany",,,"Erzgebirge/Krušnohoří (Ore Mountains) spans a region in south-eastern Germany (Saxony) and north-western Czechia, which contains a wealth of several metals exploited through mining from the Middle Ages onwards. The region became the most important source of silver ore in Europe from 1460 to 1560. Mining was the trigger for technological and scientific innovations transferred worldwide. Tin was historically the second metal to be extracted and processed at the site. At the end of the 19th century, the region became a major global producer of uranium. The cultural landscape of the Ore Mountains has been deeply shaped by 800 years of almost continuous mining, from the 12th to the 20th century, with mining, pioneering water management systems, innovative mineral processing and smelting sites, and mining cities.",,(ii)(iii)(iv),MEDIUM,4,0,,,,,,,,Criterion_iv; Criterion_ii,https://whc.unesco.org/en/list/1478,True
702,Earliest 16th-Century Monasteries on the Slopes of Popocatepetl,Cultural,Latin America and the Caribbean,Mexico,,,"The Earliest 16th-Century Monasteries on the Slopes of Popocatepetl is a serial property with 15 component parts located in the states of Morelos, Puebla and Tlaxcala in Mexico, built as part of the evangelisation and colonisation of the northern territories of Mexico. They are in an excellent state of conservation and are good examples of the architectural style adopted by the first missionaries – Franciscans, Dominicans and Augustinians – who converted the indigenous populations to Christianity in the early 16th century. They also represent an example of a new architectural concept in which open spaces, including wide atria and posa chapels, are of renewed importance. The influence of this style is felt throughout the Mexican territory and even beyond its borders.",,(ii)(iv),MEDIUM,4,0,,,,,,,,Criterion_iv; Criterion_ii,https://whc.unesco.org/en/list/702,True
1202,Urban Historic Centre of Cienfuegos,Cultural,Latin America and the Caribbean,Cuba,,,"The colonial town of Cienfuegos was founded in 1819 in the Spanish territory but was initially settled by immigrants of French origin. It became a trading place for sugar cane, tobacco and coffee. Situated on the Caribbean coast of southern-central Cuba at the heart of the country’s sugar cane, mango, tobacco and coffee production area, the town first developed in the neoclassical style. It later became more eclectic but retained a harmonious overall townscape. Among buildings of particular interest are the Government Palace (City Hall), San Lorenzo School, the Bishopric, the Ferrer Palace, the former lyceum, and some residential houses. Cienfuegos is the first, and an outstanding example of an architectural ensemble representing the new ideas of modernity, hygiene and order in urban planning as developed in Latin America from the 19th century.","Criterion (ii): The historic town of Cienfuegos exhibits an important interchange of influences based on the Spanish Enlightenment, and it is an outstanding early example of their implementation in urban planning in Latin America in the 19th century.
Criterion (iv): Cienfuegos is the first and an outstanding example of an architectural ensemble representing the new ideas of modernity, hygiene and order, in urban planning as these developed in the Latin America from the 19th century.",(ii)(iv),MEDIUM,4,0,,,,,,base; palace,,Criterion_iv; Criterion_ii,https://whc.unesco.org/en/list/1202,True
211,Minaret and Archaeological Remains of Jam,Cultural,Asia and the Pacific,Afghanistan,,,"The 65m-tall Minaret of Jam is a graceful, soaring structure, dating back to the 12th century. Covered in elaborate brickwork with a blue tile inscription at the top, it is noteworthy for the quality of its architecture and decoration, which represent the culmination of an architectural and artistic tradition in this region. Its impact is heightened by its dramatic setting, a deep river valley between towering mountains in the heart of the Ghur province.","Criterion (ii): The innovative architecture and decoration of the Minaret of Jam played a significant role in the development of the arts and architecture of the Indian sub-continent and beyond.
Criterion (iii): The Minaret of Jam and its associated archaeological remains constitute exceptional testimony to the power and quality of the Ghurid civilization that dominated its region in the 12th and 13th centuries.
Criterion (iv): The Minaret of Jam is an outstanding example of Islamic architecture and ornamentation in this region and played a significant role in their further dissemination.",(ii)(iii)(iv),MEDIUM,4,0,,,,,,minaret; tower,,Criterion_iv; Criterion_ii,https://whc.unesco.org/en/list/211,True
1518,Archaeological Site of Ani,Cultural,Europe and North America,Türkiye,,,"This site is located on a secluded plateau of northeast Turkey overlooking a ravine that forms a natural border with Armenia. This medieval city combines residential, religious and military structures, characteristic of a medieval urbanism built up over the centuries by Christian and then Muslim dynasties. The city flourished in the 10th and 11th centuries CE when it became the capital of the medieval Armenian kingdom of the Bagratides and profited from control of one branch of the Silk Road. Later, under Byzantine, Seljuk and Georgian sovereignty, it maintained its status as an important crossroads for merchant caravans. The Mongol invasion and a devastating earthquake in 1319 marked the beginning of the city’s decline. The site presents a comprehensive overview of the evolution of medieval architecture through examples of almost all the different architectural innovations of the region between the 7th and 13th centuries CE.",,(ii)(iii)(iv),MEDIUM,4,0,,,,,capital,capital,,Criterion_iv; Criterion_ii,https://whc.unesco.org/en/list/1518,True
1523,Churches of the Pskov School of Architecture,Cultural,Europe and North America,Russian Federation,,,"This group of monuments is located in the historic city of Pskov, on the banks of the Velikaya River in the northwest of Russia. Characteristics of these buildings, produced by the Pskov School of Architecture, include cubic volumes, domes, porches and belfries, with the oldest elements dating back to the 12th century. Churches and cathedrals are integrated into the natural environment through gardens, perimeter walls and fences. Inspired by the Byzantine and Novgorod traditions, the Pskov School of Architecture reached its peak in the 15th and 16th centuries, and was one of the foremost schools in the country. It informed the evolution of Russian architecture over five centuries.",,(ii),MEDIUM,4,0,,,,,,cathedral; church; dome; wall,,Criterion_ii; OUV_ArchElements,https://whc.unesco.org/en/list/1523,True
1541,"Kulangsu, a Historic International Settlement",Cultural,Asia and the Pacific,China,,,"Kulangsu is a tiny island located on the estuary of the Chiu-lung River, facing the city of Xiamen. With the opening of a commercial port at Xiamen in 1843, and the establishment of the island as an international settlement in 1903, this island off the southern coast of the Chinese empire suddenly became an important window for Sino-foreign exchanges. Kulangsu is an exceptional example of the cultural fusion that emerged from these exchanges, which remain legible in its urban fabric. There is a mixture of different architectural styles including Traditional Southern Fujian Style, Western Classical Revival Style and Veranda Colonial Style. The most exceptional testimony of the fusion of various stylistic influences is a new architectural movement, the Amoy Deco Style, which is a synthesis of the Modernist style of the early 20th century and Art Deco.",,(ii)(iv),MEDIUM,4,0,,,,,,,,Criterion_iv; Criterion_ii,https://whc.unesco.org/en/list/1541,True
876,University and Historic Precinct of Alcalá de Henares,Cultural,Europe and North America,Spain,,,"Founded by Cardinal Jiménez de Cisneros in the early 16th century, Alcalá de Henares was the world's first planned university city. It was the original model for the Civitas Dei (City of God), the ideal urban community which Spanish missionaries brought to the Americas. It also served as a model for universities in Europe and elsewhere.","Criterion (ii): Alcalá de Henares was the first city to be designed and built solely as the seat of a university, and was to serve as the model for other centres of learning in Europe and the Americas.
Criterion (iv): The concept of the ideal city, the City of God (Civitas Dei), was first given material expression in Alcalá de Henares, from where it was widely diffused throughout the world.
Criterion (vi): The contribution of Alcalá de Henares to the intellectual development of humankind finds expression in its materialization of the Civitas Dei, in the advances in linguistics that took place there, not least in the definition of the Spanish language, and through the work of its great son, Miguel de Cervantes Saavedra and his masterpiece, Don Quixote.",(ii)(iv)(vi),MEDIUM,4,0,,,,,,,,Criterion_iv; Criterion_ii,https://whc.unesco.org/en/list/876,True
929,San Cristóbal de La Laguna,Cultural,Europe and North America,Spain,,,"San Crist&oacute;bal de La Laguna, in the Canary Islands, has two nuclei: the original, unplanned Upper Town; and the Lower Town, the first ideal 'city-territory' laid out according to philosophical principles. Its wide streets and open spaces have a number of fine churches and public and private buildings dating from the 16th to the 18th century.","Criteria (ii) and (iv): San Crist&oacute;bal de la Laguna was the first non-fortified Spanish colonial town, and its layout provided the model for many colonial towns in the Americas.",(ii)(iv),MEDIUM,4,0,,,,,,church,,Criterion_iv; Criterion_ii,https://whc.unesco.org/en/list/929,True
1439,Namhansanseong,Cultural,Asia and the Pacific,Republic of Korea,,,"Namhansanseong was designed as an emergency capital for the Joseon dynasty (1392–1910), in a mountainous site 25 km south-east of Seoul. Built and defended by Buddhist monk-soldiers, it could accommodate 4,000 people and fulfilled important administrative and military functions. Its earliest remains date from the 7th century, but it was rebuilt several times, notably in the early 17th century in anticipation of an attack from the Sino-Manchu Qing dynasty. The city embodies a synthesis of the defensive military engineering concepts of the period, based on Chinese and Japanese influences, and changes in the art of fortification following the introduction from the West of weapons using gunpowder. A city that has always been inhabited, and which was the provincial capital over a long period, it contains evidence of a variety of military, civil and religious buildings and has become a symbol of Korean sovereignty.",,(ii)(iv),MEDIUM,4,0,,,,,capital,base; capital,,Criterion_iv; Criterion_ii,https://whc.unesco.org/en/list/1439,True
988,Catalan Romanesque Churches of the Vall de Boí,Cultural,Europe and North America,Spain,,,"The narrow Vall de Boí is situated in the high Pyrénées, in the Alta Ribagorça region and is surrounded by steep mountains. Each village in the valley contains a Romanesque church, and is surrounded by a pattern of enclosed fields. There are extensive seasonally-used grazing lands on the higher slopes.","Criterion (ii): The significant developments in Romanesque art and architecture in the churches of the Vall de Boí testify to profound cultural interchange across medieval Europe, and in particular across the mountain barrier of the Pyrenees.
Criterion (iv): The Churches of the Vall de Boí are an especially pure and consistent example of Romanesque art in a virtually untouched rural setting.",(ii)(iv),MEDIUM,4,0,,,,,,church,,Criterion_iv; Criterion_ii,https://whc.unesco.org/en/list/988,True
811,Old Town of Lijiang,Cultural,Asia and the Pacific,China,,,"The Old Town of Lijiang, which is perfectly adapted to the uneven topography of this key commercial and strategic site, has retained a historic townscape of high quality and authenticity. Its architecture is noteworthy for the blending of elements from several cultures that have come together over many centuries. Lijiang also possesses an ancient water-supply system of great complexity and ingenuity that still functions effectively today.","The Committee decided to inscribe this site on the basis of cultural criteria (ii), (iv) and (v). Lijiang is an exceptional ancient town set in a dramatic landscape which represents the harmonious fusion of different cultural traditions to produce an urban landscape of outstanding quality.",(ii)(iv)(v),MEDIUM,4,0,,,,,,,,Criterion_iv; Criterion_ii,https://whc.unesco.org/en/list/811,True
976,Gyeongju Historic Areas,Cultural,Asia and the Pacific,Republic of Korea,,,"The Gyeongju Historic Areas contain a remarkable concentration of outstanding examples of Korean Buddhist art, in the form of sculptures, reliefs, pagodas, and the remains of temples and palaces from the flowering, in particular between the 7th and 10th centuries, of this form of unique artistic expression.","Criterion (ii) The Gyeongju Historic Areas contain a number of sites and monuments of exceptional significance in the development of Buddhist and secular architecture in Korea. Criterion (iii) The Korean peninsula was ruled for nearly a thousand years by the Silla dynasty, and the sites and monuments in and around Gyeongju (including the holy mountain of Namsan) bear outstanding testimony to its cultural achievements.",(ii)(iii),MEDIUM,4,0,,,,,,pagoda; palace; temple,,Criterion_ii; OUV_ArchElements,https://whc.unesco.org/en/list/976,True
960,Monastery of Geghard and the Upper Azat Valley,Cultural,Europe and North America,Armenia,,,"The monastery of Geghard contains a number of churches and tombs, most of them cut into the rock, which illustrate the very peak of Armenian medieval architecture. The complex of medieval buildings is set into a landscape of great natural beauty, surrounded by towering cliffs at the entrance to the Azat Valley.","Criterion (ii): The monastery of Geghard, with its remarkable rock-cut churches and tombs, is an exceptionally well preserved and complete example of medieval Armenian monastic architecture and decorative art, with many innovatory features which had a profound influence on subsequent developments in the region.",(ii),MEDIUM,4,0,,,,,rock cut,church; monastery; tomb; tower,,Criterion_ii; OUV_ArchElements,https://whc.unesco.org/en/list/960,True
1453,Precolumbian Chiefdom Settlements with Stone Spheres of the Diquís,Cultural,Latin America and the Caribbean,Costa Rica,,,"The property includes four archaeological sites located in the Diquís Delta in southern Costa Rica, which are considered unique examples of the complex social, economic and political systems of the period AD 500–1500. They contain artificial mounds, paved areas, burial sites and, most significantly, a collection of stone spheres, between 0.7 m and 2.57 m in diameter, whose meaning, use and production remain largely a mystery. The spheres are distinctive for their perfection, number, size and density, and placement in original locations. Their preservation from the looting that befell the vast majority of archaeological sites in Costa Rica has been attributed to the thick layers of sediment that kept them buried for centuries.",,(iii),HIGH,4,0,,,,,,,stone,Title_Stone_Keyword,https://whc.unesco.org/en/list/1453,True
777,Monasteries of Haghpat and Sanahin,Cultural,Europe and North America,Armenia,,,"These two Byzantine monasteries in the Tumanian region from the period of prosperity during the Kiurikian dynasty (10th to 13th century) were important centres of learning. Sanahin was renown for its school of illuminators and calligraphers. The two monastic complexes represent the highest flowering of Armenian religious architecture, whose unique style developed from a blending of elements of Byzantine ecclesiastical architecture and the traditional vernacular architecture of the Caucasian region.",The Committee decided to inscribe the Monastery of Haghpat on the basis of cultural criteria (ii) and (iv) considering that it is of outstanding universal value and an exceptional example of ecclesiastical architecture that developed in Armenia in the 10th to 13th centuries which is unique by virtue of its blending of elements of both Byzantine church architecture and the traditional vernacular building style of this region.,(ii)(iv),MEDIUM,4,0,,,,,,church; monastery,,Criterion_iv; Criterion_ii,https://whc.unesco.org/en/list/777,True
816,Changdeokgung Palace Complex,Cultural,Asia and the Pacific,Republic of Korea,,,"In the early 15th century, the King Taejong ordered the construction of a new palace at an auspicious site. A Bureau of Palace Construction was set up to create the complex, consisting of a number of official and residential buildings set in a garden that was cleverly adapted to the uneven topography of the 58-ha site. The result is an exceptional example of Far Eastern palace architecture and design, blending harmoniously with the surrounding landscape.","The Committee decided to inscribe this property on the basis of criteria (ii), (iii) and (iv), considering that the Changdeogung Palace Complex is an outstanding example of Far Eastern palace architecture and garden design, exceptional for the way in which the buildings are integrated into and harmonized with the natural setting, adapting to the topography and retaining indigenous tree cover.",(ii)(iii)(iv),MEDIUM,4,0,,,,,,palace,,Criterion_iv; Criterion_ii,https://whc.unesco.org/en/list/816,True
784,Historic Centre of the City of Salzburg,Cultural,Europe and North America,Austria,,,"Salzburg has managed to preserve an extraordinarily rich urban fabric, developed over the period from the Middle Ages to the 19th century when it was a city-state ruled by a prince-archbishop. Its Flamboyant Gothic art attracted many craftsmen and artists before the city became even better known through the work of the Italian architects Vincenzo Scamozzi and Santini Solari, to whom the centre of Salzburg owes much of its Baroque appearance. This meeting-point of northern and southern Europe perhaps sparked the genius of Salzburg&rsquo;s most famous son, Wolfgang Amadeus Mozart, whose name has been associated with the city ever since.","The Committee decided to inscribe the nominated property on the basis of cultural criteria (ii), (iv) and (vi) and considered that the site is of outstanding universal value being an important example of a European ecclesiastical city- state which preserves to a remarkable degree its dramatic townscape, its historically significant urban fabric and a large number of outstanding ecclesiastical and secular buildings from several centuries. It is also noteworthy for its associations with the arts, and in particular with music in the person of its famous son, Wolfgang Amadeus Mozart.",(ii)(iv)(vi),MEDIUM,4,0,,,,,,,,Criterion_iv; Criterion_ii,https://whc.unesco.org/en/list/784,True
526,Colonial City of Santo Domingo,Cultural,Latin America and the Caribbean,Dominican Republic,,,"After Christopher Columbus's arrival on the island in 1492, Santo Domingo became the site of the first cathedral, hospital, customs house and university in the Americas. This colonial town, founded in 1498, was laid out on a grid pattern that became the model for almost all town planners in the New World.",,(ii)(iv)(vi),MEDIUM,4,0,,,,,,cathedral,,Criterion_iv; Criterion_ii,https://whc.unesco.org/en/list/526,True
1678,Astronomical Observatories of Kazan Federal University,Cultural,Europe and North America,Russian Federation,,,"The property is comprised of two component parts: one in the historical centre of Kazan and the other in a forested suburban area west of the city. The Kazan City Astronomical Observatory, built in 1837, is located on the University campus and the building is characterized by a semi-circular façade and three towers with domes built to house astronomical instruments. The suburban Engelhardt Astronomical Observatory includes structures for sky observations and residential buildings, all located within a park. The observatories have been preserved complete with astronomical instruments and today perform mainly educational functions.",,(ii)(iv),MEDIUM,4,0,,,,,,dome; tower,,Criterion_iv; Criterion_ii,https://whc.unesco.org/en/list/1678,True
495,"Strasbourg, Grande-Île and Neustadt",Cultural,Europe and North America,France,,,"The initial property, inscribed in 1988 on the World Heritage List, was formed by the Grande-Île, the historic centre of Strasbourg, structured around the cathedral. The extension concerns the Neustadt, new town, designed and built under the German administration (1871-1918). The Neustadt draws the inspiration for its urban layout partially from the Haussmannian model, while adopting an architectural idiom of Germanic inspiration. This dual influence has enabled the creation of an urban space that is specific to Strasbourg, where the perspectives created around the cathedral open to a unified landscape around the rivers and canals.",,(ii)(iv),MEDIUM,4,0,,,,,,cathedral,,Criterion_iv; Criterion_ii,https://whc.unesco.org/en/list/495,True
868,Routes of Santiago de Compostela in France,Cultural,Europe and North America,France,,,"Santiago de Compostela was the supreme goal for countless thousands of pious pilgrims who converged there from all over Europe throughout the Middle Ages. To reach Spain pilgrims had to pass through France, and the group of important historical monuments included in this inscription marks out the four routes by which they did so.","Criterion (ii): The Pilgrimage Route of Santiago de Compostela played a key role in religious and cultural exchange and development during the later Middle Ages, and this is admirably illustrated by the carefully selected monuments on the routes followed by pilgrims in France.
Criterion (iv): The spiritual and physical needs of pilgrims travelling to Santiago de Compostela were met by the development of a number of specialized types of edifice, many of which originated or were further developed on the French sections.
Criterion (vi): The Pilgrimage Route of Santiago de Compostela bears exceptional witness to the power and influence of Christian faith among people of all classes and countries in Europe during the Middle Ages.",(ii)(iv)(vi),MEDIUM,4,0,,,,,,,,Criterion_iv; Criterion_ii,https://whc.unesco.org/en/list/868,True
1031,Historic Centre of Guimarães and Couros Zone,Cultural,Europe and North America,Portugal,,,"The historic town of Guimarães is associated with the emergence of the Portuguese national identity in the 12th century. An exceptionally well-preserved and authentic example of the evolution of a medieval settlement into a modern town, its rich building typology exemplifies the specific development of Portuguese architecture from the 15th to 19th century through the consistent use of traditional building materials and techniques. The property includes two monastic complexes and an industrial area, the Couros Zone, which, like the local river, was named after the traditional craft of leather tanning. Evidence of the craft, though no longer practiced, persists in the form of tanneries, workers' houses and urban spaces from the 19th and early 20th centuries. The property bears witness to a thousand years of Portuguese urban, architectural and societal developments.",,(ii)(iii)(iv),MEDIUM,4,0,,,,,,,,Criterion_iv; Criterion_ii,https://whc.unesco.org/en/list/1031,True
1387,University of Coimbra – Alta and Sofia,Cultural,Europe and North America,Portugal,,,"Situated on a hill overlooking the city, the University of Coimbra with its colleges grew and evolved over more than seven centuries within the old town. Notable university buildings include the 12th century Cathedral of Santa Cruz and a number of 16th century colleges,  the Royal Palace of Alcáçova, which has housed the University since 1537, the Joanine Library with its rich baroque decor, the 18th century Botanical Garden and University Press, as well as the large “University City” created during the 1940s. The University’s edifices became a reference in the development of other institutions of higher education in the Portuguese-speaking world where it also exerted a major influence on learning and literature. Coimbra offers an outstanding example of an integrated university city with a specific urban typology as well as its own ceremonial and cultural traditions that have been kept alive through the ages.",,(ii)(iv)(vi),MEDIUM,4,0,,,,,,cathedral; palace,,Criterion_iv; Criterion_ii,https://whc.unesco.org/en/list/1387,True
857,"La Grand-Place, Brussels",Cultural,Europe and North America,Belgium,,,"La Grand-Place in Brussels is a remarkably homogeneous body of public and private buildings, dating mainly from the late 17th century. The architecture provides a vivid illustration of the level of social and cultural life of the period in this important political and commercial centre.","Criterion (ii): The Grand-Place is an outstanding example of the eclectic and highly successful blending of architectural and artistic styles that characterizes the culture and society of this region.
Criterion (iv): Through the nature and quality of its architecture and of its outstanding quality as a public open space, the Grand-Place illustrates in an exceptional way the evolution and achievements of a highly successful mercantile city of northern Europe at the height of its prosperity.",(ii)(iv),MEDIUM,4,0,,,,,,,,Criterion_iv; Criterion_ii,https://whc.unesco.org/en/list/857,True
1116,Quebrada de Humahuaca,Cultural,Latin America and the Caribbean,Argentina,,,"Quebrada de Humahuaca follows the line of a major cultural route, the Camino Inca, along the spectacular valley of the Rio Grande, from its source in the cold high desert plateau of the High Andean lands to its confluence with the Rio Leone some 150 km to the south. The valley shows substantial evidence of its use as a major trade route over the past 10,000 years. It features visible traces of prehistoric hunter-gatherer communities, of the Inca Empire (15th to 16th centuries) and of the fight for independence in the 19th and 20th centuries.","Criterion (ii): The Quebrada de Humahuaca valley has been used over the past 10,000 years as a crucial passage for the transport of people and ideas from the high Andean lands to the plains.
Criteria (iv) and (v): The Quebrada de Humahuaca valley reflects the way its strategic position has engendered settlement, agriculture and trade. Its distinctive pre-Hispanic and pre-Incan settlements, as a group with their associated field systems, form a dramatic addition to the landscape and one that can certainly be called outstanding.",(ii)(iv)(v),MEDIUM,4,0,,,,,,,,Criterion_iv; Criterion_ii,https://whc.unesco.org/en/list/1116,True
995,Jesuit Block and Estancias of Córdoba,Cultural,Latin America and the Caribbean,Argentina,,,"The Jesuit Block in Córdoba, heart of the former Jesuit Province of Paraguay, contains the core buildings of the Jesuit system: the university, the church and residence of the Society of Jesus, and the college. Along with the five estancias, or farming estates, they contain religious and secular buildings, which illustrate the unique religious, social, and economic experiment carried out in the world for a period of over 150 years in the 17th and 18th centuries.","Criterion (ii): The Jesuit buildings and ensembles of Córdoba and the estancias are exceptional examples of the fusion of European and indigenous values and cultures during a seminal period in South America.
Criterion (iv): The religious, social, and economic experiment carried out in South America for over 150 years by the Society of Jesus produced a unique form of material expression, which is illustrated by the Jesuit buildings and ensembles of Córdoba and the estancias.",(ii)(iv),MEDIUM,4,0,,,,,,church,,Criterion_iv; Criterion_ii,https://whc.unesco.org/en/list/995,True
785,Semmering Railway,Cultural,Europe and North America,Austria,,,"The Semmering Railway, built over 41 km of high mountains between 1848 and 1854, is one of the greatest feats of civil engineering from this pioneering phase of railway building. The high standard of the tunnels, viaducts and other works has ensured the continuous use of the line up to the present day. It runs through a spectacular mountain landscape and there are many fine buildings designed for leisure activities along the way, built when the area was opened up due to the advent of the railway.","Criterion (ii): The Semmering Railway represents an outstanding technological solution to a major physical problem in the construction of early railways.
Criterion (iv): With the construction of the Semmering Railway, areas of great natural beauty became more easily accessible and as a result these were developed for residential and recreational use, creating a new form of cultural landscape.",(ii)(iv),MEDIUM,4,0,,,,,,,,Criterion_iv; Criterion_ii,https://whc.unesco.org/en/list/785,True
993,Historic Centre of the Town of Goiás,Cultural,Latin America and the Caribbean,Brazil,,,"Goiás testifies to the occupation and colonization of the lands of central Brazil in the 18th and 19th centuries. The urban layout is an example of the organic development of a mining town, adapted to the conditions of the site. Although modest, both public and private architecture form a harmonious whole, thanks to the coherent use of local materials and vernacular techniques.","Criterion ii: In its layout and architecture the historic town of Goiás is an outstanding example of a European town admirably adapted to the climatic, geographical and cultural constraints of central South America.
Criterion iv: Goiás represents the evolution of a form of urban structure and architecture characteristic of the colonial settlement of South America, making full use of local materials and techniques and conserving its exceptional setting.",(ii)(iv),MEDIUM,4,0,,,,,,,,Criterion_iv; Criterion_ii,https://whc.unesco.org/en/list/993,True
624,Town of Bamberg,Cultural,Europe and North America,Germany,,,"From the 10th century onwards, this town became an important link with the Slav peoples, especially those of Poland and Pomerania. During its period of greatest prosperity, from the 12th century onwards, the architecture of Bamberg strongly influenced northern Germany and Hungary. In the late 18th century it was the centre of the Enlightenment in southern Germany, with eminent philosophers and writers such as Hegel and Hoffmann living there.",,(ii)(iv),MEDIUM,4,0,,,,,,,,Criterion_iv; Criterion_ii,https://whc.unesco.org/en/list/624,True
687,Völklingen Ironworks,Cultural,Europe and North America,Germany,,,"The ironworks, which cover some 6 ha, dominate the city of Völklingen. Although they have recently gone out of production, they are the only intact example, in the whole of western Europe and North America, of an integrated ironworks that was built and equipped in the 19th and 20th centuries and has remained intact.",,(ii)(iv),MEDIUM,4,0,,,,,,,,Criterion_iv; Criterion_ii,https://whc.unesco.org/en/list/687,True
896,"Museumsinsel (Museum Island), Berlin",Cultural,Europe and North America,Germany,,,"The museum as a social phenomenon owes its origins to the Age of Enlightenment in the 18th century. The five museums on the Museumsinsel in Berlin, built between 1824 and 1930, are the realization of a visionary project and show the evolution of approaches to museum design over the course of the 20th century. Each museum was designed so as to establish an organic connection with the art it houses. The importance of the museum's collections &ndash; which trace the development of civilizations throughout the ages &ndash; is enhanced by the urban and architectural quality of the buildings.","Criterion (ii): The Berlin Museumsinsel is a unique ensemble of museum buildings which illustrates the evolution of modern museum design over more than a century.
Criterion (iv): The art museum is a social phenomenon that owes its origins to the Age of Enlightenment and its extension to all people to the French Revolution. The Museumsinsel is the most outstanding example of this concept given material form and a symbolic central urban setting.",(ii)(iv),MEDIUM,4,0,,,,,,,,Criterion_iv; Criterion_ii,https://whc.unesco.org/en/list/896,True
897,Wartburg Castle,Cultural,Europe and North America,Germany,,,"Wartburg Castle blends superbly into its forest surroundings and is in many ways 'the ideal castle'. Although it has retained some original sections from the feudal period, the form it acquired during the 19th-century reconstitution gives a good idea of what this fortress might have been at the height of its military and seigneurial power. It was during his exile at Wartburg Castle that Martin Luther translated the New Testament into German.","Criterion (iii): The Castle of Wartburg is an outstanding monument of the feudal period in central Europe.
Criterion (vi): The Castle of Wartburg is rich in cultural associations, most notably its role as the place of exile of Martin Luther, who composed his German translation of the New Testament there. It is also a powerful symbol of German integration and unity.",(iii)(vi),HIGH,4,0,,,,,,castle; fortress,castle,Title_Stone_Keyword,https://whc.unesco.org/en/list/897,True
863,Historic Centre of Santa Ana de los Ríos de Cuenca,Cultural,Latin America and the Caribbean,Ecuador,,,"Santa Ana de los Ríos de Cuenca is set in a valley surrounded by the Andean mountains in the south of Ecuador. This inland colonial town (entroterra ), now the country's third city, was founded in 1557 on the rigorous planning guidelines issued 30 years earlier by the Spanish king Charles V. Cuenca still observes the formal orthogonal town plan that it has respected for 400 years. One of the region's agricultural and administrative centres, it has been a melting pot for local and immigrant populations. Cuenca's architecture, much of which dates from the 18th century, was 'modernized' in the economic prosperity of the 19th century as the city became a major exporter of quinine, straw hats and other products.",Criterion (ii): Cuenca illustrates the successful implantation of the principles of Renaissance urban planning in the Americas. Criterion (iv): The successful fusion of different societies and cultures in Latin America is vividly symbolized by the layout and townscape of Cuenca. Criterion (v): Cuenca is an outstanding example of a planned inland Spanish colonial city.,(ii)(iv)(v),MEDIUM,4,0,,,,,,,,Criterion_iv; Criterion_ii,https://whc.unesco.org/en/list/863,True
429,New Lanark,Cultural,Europe and North America,United Kingdom of Great Britain and Northern Ireland,,,"New Lanark is a small 18th- century village set in a sublime Scottish landscape where the philanthropist and Utopian idealist Robert Owen moulded a model industrial community in the early 19th century. The imposing cotton mill buildings, the spacious and well-designed workers' housing, and the dignified educational institute and school still testify to Owen's humanism.","Criterion (ii): When Richard Arkwright&rsquo;s new factory system for textile production was brought to New Lanark the need to provide housing and other facilities to the workers and managers was recognized. It was there that Robert Owen created a model for industrial communities that was to spread across the world in the 19th and 20th centuries.
Criterion (iv): New Lanark saw the construction not only of well designed and equipped workers&rsquo; housing but also public buildings designed to improve their spiritual as well as their physical needs.
Criterion (vi): The name of New Lanark is synonymous with that of Robert Owen and his social philosophy in matters such as progressive education, factory reform, humane working practices, international cooperation, and garden cities, which was to have a profound influence on social developments throughout the 19th century and beyond.",(ii)(iv)(vi),MEDIUM,4,0,,,,,,,,Criterion_iv; Criterion_ii,https://whc.unesco.org/en/list/429,True
1066,Upper Middle Rhine Valley,Cultural,Europe and North America,Germany,,,"The 65km-stretch of the Middle Rhine Valley, with its castles, historic towns and vineyards, graphically illustrates the long history of human involvement with a dramatic and varied natural landscape. It is intimately associated with history and legend and for centuries has exercised a powerful influence on writers, artists and composers.","Criterion (ii): As one of the most important transport routes in Europe, the Middle Rhine Valley has for two millennia facilitated the exchange of culture between the Mediterranean region and the north.
Criterion (iv): The Middle Rhine Valley is an outstanding organic cultural landscape, the present-day character of which is determined both by its geomorphological and geological setting and by the human interventions, such as settlements, transport infrastructure, and land-use, that it has undergone over two thousand years.
Criterion (v): The Middle Rhine Valley is an outstanding example of an evolving traditional way of life and means of communication in a narrow river valley. The terracing of its steep slopes in particular has shaped the landscape in many ways for more than two millennia. However, this form of land-use is under threat from the socio-economic pressures of the present day.",(ii)(iv)(v),MEDIUM,4,0,,,,,,castle,,Criterion_iv; Criterion_ii,https://whc.unesco.org/en/list/1066,True
872,Historic Site of Lyon,Cultural,Europe and North America,France,,,"The long history of Lyon, which was founded by the Romans in the 1st century B.C. as the capital of the Three Gauls and has continued to play a major role in Europe's political, cultural and economic development ever since, is vividly illustrated by its urban fabric and the many fine historic buildings from all periods.","Criterion (ii): Lyon bears exceptional testimony to the continuity of urban settlement over more than two millennia on a site of great commercial and strategic significance, where cultural traditions from many parts of Europe have come together to create a coherent and vigorous continuing community.
Criterion (iv): By virtue of the special way in which it has developed spatially, Lyon illustrates in an exceptional way the progress and evolution of architectural design and town planning over many centuries.",(ii)(iv),MEDIUM,4,0,,,,,capital,capital,,Criterion_iv; Criterion_ii,https://whc.unesco.org/en/list/872,True
19,"Fasil Ghebbi, Gondar Region",Cultural,Africa,Ethiopia,,,"In the 16th and 17th centuries, the fortress-city of Fasil Ghebbi was the residence of the Ethiopian emperor Fasilides and his successors. Surrounded by a 900-m-long wall, the city contains palaces, churches, monasteries and unique public and private buildings marked by Hindu and Arab influences, subsequently transformed by the Baroque style brought to Gondar by the Jesuit missionaries.",,(ii)(iii),MEDIUM,4,0,,,,,,church; fortress; monastery; palace; wall,,Criterion_ii; OUV_ArchElements,https://whc.unesco.org/en/list/19,True
479,Town of Luang Prabang,Cultural,Asia and the Pacific,Lao People's Democratic Republic,,,"Luang Prabang is an outstanding example of the fusion of traditional architecture and Lao urban structures with those built by the European colonial authorities in the 19th and 20th centuries. Its unique, remarkably well-preserved townscape illustrates a key stage in the blending of these two distinct cultural traditions.",,(ii)(iv)(v),MEDIUM,4,0,,,,,,,,Criterion_iv; Criterion_ii,https://whc.unesco.org/en/list/479,True
10,Lower Valley of the Awash,Cultural,Africa,Ethiopia,,,"The Awash valley contains one of the most important groupings of palaeontological sites on the African continent. The remains found at the site, the oldest of which date back at least 4 million years, provide evidence of human evolution which has modified our conception of the history of humankind. The most spectacular discovery came in 1974, when 52 fragments of a skeleton enabled the famous Lucy to be reconstructed.",,(ii)(iii)(iv),MEDIUM,4,0,,,,,,,,Criterion_iv; Criterion_ii,https://whc.unesco.org/en/list/10,True
13,Melka Kunture and Balchit: Archaeological and Palaeontological Sites in the Highland Area of Ethiopia,Cultural,Africa,Ethiopia,,,"Located in the Upper Awash Valley in Ethiopia, the serial property is a cluster of prehistoric sites that preserve archaeological and palaeontological records – including footprints – that testify to the area’s occupation by the hominin groups from two million years ago. The sites, situated about 2,000 to 2,200 metres above sea level, yielded Homo erectus, Homo heidelbergensis and archaic Homo sapiens fossils, documented in well-dated strata in association with various tools made from volcanic rocks. The cultural sequence includes four consecutive phases of the Oldowan, Acheulean, Middle Stone Age and Late Stone Age techno-complexes. Fragments of palaeo-landscapes, preserved buried under volcanic and sedimentary deposits with fossil fauna and flora, allow reconstruction of the high-mountain ecosystem of the Ethiopian Highlands during the Pleistocene. Conclusions can thus be drawn on the adaptation of hominin groups to the challenges and climatic conditions of high altitudes.",,(iii)(iv)(v),MEDIUM,4,1,volcanic rock,Igneous,,,,,,Criterion_iv; OUV_Stone,https://whc.unesco.org/en/list/13,True
1399,Levuka Historical Port Town,Cultural,Asia and the Pacific,Fiji,,,"The town and its low line of buildings set among coconut and mango trees along the beach front was the first colonial capital of Fiji, ceded to the British in 1874. It developed from the early 19th century as a centre of commercial activity by Americans and Europeans who built warehouses, stores, port facilities, residences, and religious, educational and social institutions around the villages of the South Pacific island’s indigenous population. It is a rare example of a late colonial port town that was influenced in its development by the indigenous community which continued to outnumber the European settlers. Thus the town, an outstanding example of late 19th century Pacific port settlements, reflects the integration of local building traditions by a supreme naval power, leading to the emergence of a unique landscape.",,(ii)(iv),MEDIUM,4,0,,,,,capital,capital,,Criterion_iv; Criterion_ii,https://whc.unesco.org/en/list/1399,True
1765,Jingdezhen Handicraft Porcelain Industry Sites,Cultural,Asia and the Pacific,China,,,"The serial property portrays the evolution of the production of handicraft porcelain from the 10th to 19th centuries that had profound industrial, artistic and trading influences in China and beyond globally. The five component parts reflect the processes of the production of porcelain, including the extraction and transportation of raw materials, innovations in kiln design and the spatial and social organisation of production on an immense scale. The town area featured the Imperial Kiln alongside civilian kilns, guilds and merchant associations. Jingdezhen was a centre of technological innovation in porcelain production, including the “binary formula” of mixing kaolin and porcelain stone. Porcelain of the highest quality was produced at Jingdezhen, and its blue-and-white porcelain and designs became a prized global commodity and a symbol of Chinese culture and artistry.",,(ii)(iii)(iv)(vi),MEDIUM,4,0,,,,,,,,Criterion_iv; Criterion_ii,https://whc.unesco.org/en/list/1765,True
980,Historic and Architectural Complex of the Kazan Kremlin,Cultural,Europe and North America,Russian Federation,,,"Built on an ancient site, the Kazan Kremlin dates from the Muslim period of the Golden Horde and the Kazan Khanate. It was conquered by Ivan the Terrible in 1552 and became the Christian See of the Volga Land. The only surviving Tatar fortress in Russia and an important place of pilgrimage, the Kazan Kremlin consists of an outstanding group of historic buildings dating from the 16th to 19th centuries, integrating remains of earlier structures of the 10th to 16th centuries.","Criterion (ii): The Kazan Kremlin complex represents exceptional testimony of historical continuity and cultural diversity over a long period of time, resulting in an important interchange of values generated by the different cultures.
Criterion (iii): The historic citadel represents an exceptional testimony of the Khanate period and is the only surviving Tatar fortress with traces of the original town-planning conception.
Criterion (iv): The site and its key monuments represent an outstanding example of a synthesis of Tatar and Russian influences in architecture, integrating different cultures (Bulgar, Golden Horde, Tatar, Italian, and Russian), as well as showing the impact of Islam and Christianity.",(ii)(iii)(iv),MEDIUM,4,0,,,,,,fortress,,Criterion_iv; Criterion_ii,https://whc.unesco.org/en/list/980,True
855,Flemish Béguinages,Cultural,Europe and North America,Belgium,,,"The Béguines were women who dedicated their lives to God without retiring from the world. In the 13th century they founded the béguinages , enclosed communities designed to meet their spiritual and material needs. The Flemish béguinages are architectural ensembles composed of houses, churches, ancillary buildings and green spaces, with a layout of either urban or rural origin and built in styles specific to the Flemish cultural region. They are a fascinating reminder of the tradition of the Béguines that developed in north-western Europe in the Middle Ages.","Criterion (ii): The Flemish béguinages demonstrate outstanding physical characteristics of urban and rural planning and a combination of religious and traditional architecture in styles specific to the Flemish cultural region.
Criterion (iii): The béguinages bear exceptional witness to the cultural tradition of independent religious women in north-western Europe in the Middle Ages.
Criterion (iv): The béguinages constitute an outstanding example of an architectural ensemble associated with a religious movement characteristic of the Middle Ages associating both secular and conventual values.",(ii)(iii)(iv),MEDIUM,4,0,,,,,,church,,Criterion_iv; Criterion_ii,https://whc.unesco.org/en/list/855,True
728,Old and New Towns of Edinburgh,Cultural,Europe and North America,United Kingdom of Great Britain and Northern Ireland,,,"Edinburgh has been the Scottish capital since the 15th century. It has two distinct areas: the Old Town, dominated by a medieval fortress; and the neoclassical New Town, whose development from the 18th century onwards had a far-reaching influence on European urban planning. The harmonious juxtaposition of these two contrasting historic areas, each with many important buildings, is what gives the city its unique character.",,(ii)(iv),MEDIUM,4,0,,,,,capital,capital; fortress,,Criterion_iv; Criterion_ii,https://whc.unesco.org/en/list/728,True
522,Renaissance Monumental Ensembles of Úbeda and Baeza,Cultural,Europe and North America,Spain,,,"The urban morphology of the two small cities of Úbeda and Baeza in southern Spain dates back to the Moorish 9th century and to the Reconquista in the 13th century. An important development took place in the 16th century, when the cities were subject to renovation along the lines of the emerging Renaissance. This planning intervention was part of the introduction into Spain of new humanistic ideas from Italy, which went on to have a great influence on the architecture of Latin America.","Criterion (ii): The 16th-century examples of architectural and urban design in Úbeda and Baeza were instrumental in introducing the Renaissance ideas to Spain. Through the publications of Andréa Vandelvira, the principal project architect, these examples were also diffused to Latin America.
Criterion (iv): The central areas of Úbeda and Baeza constitute outstanding early examples of Renaissance civic architecture and urban planning in Spain in the early 16th century.",(ii)(iv),MEDIUM,4,0,,,,,,,,Criterion_iv; Criterion_ii,https://whc.unesco.org/en/list/522,True
822,Historic Centre (Old Town) of Tallinn,Cultural,Europe and North America,Estonia,,,"The origins of Tallinn date back to the 13th century, when a castle was built there by the crusading knights of the Teutonic Order. It developed as a major centre of the Hanseatic League, and its wealth is demonstrated by the opulence of the public buildings (the churches in particular) and the domestic architecture of the merchants' houses, which have survived to a remarkable degree despite the ravages of fire and war in the intervening centuries.","The Committee decided to inscribe this property on the basis of criteria (ii) and (iv), considering that Tallinn is an outstanding and exceptionally complete and well preserved example of a medieval northern European trading city that retains the salient features of this unique form of economic and social community to a remarkable degree.",(ii)(iv),MEDIUM,4,0,,,,,,castle; church,,Criterion_iv; Criterion_ii,https://whc.unesco.org/en/list/822,True
873,"Provins, Town of Medieval Fairs",Cultural,Europe and North America,France,,,"The fortified medieval town of Provins is situated in the former territory of the powerful Counts of Champagne. It bears witness to early developments in the organization of international trading fairs and the wool industry. The urban structure of Provins, which was built specifically to host the fairs and related activities, has been well preserved.","Criterion (ii): At the beginning of the 2nd millennium Provins was one of several towns in the territory of the Counts of Champagne that became the venues for great annual trading fairs linking northern Europe with the Mediterranean world.
Criterion (iv): Provins preserves to a high degree the architecture and urban layout that characterize these great medieval fair towns.",(ii)(iv),MEDIUM,4,0,,,,,,,,Criterion_iv; Criterion_ii,https://whc.unesco.org/en/list/873,True
1215,Cornwall and West Devon Mining Landscape,Cultural,Europe and North America,United Kingdom of Great Britain and Northern Ireland,,,"Much of the landscape of Cornwall and West Devon was transformed in the 18th and early 19th centuries as a result of the rapid growth of pioneering copper and tin mining. Its deep underground mines, engine houses, foundries, new towns, smallholdings, ports and harbours, and their ancillary industries together reflect prolific innovation which, in the early 19th century, enabled the region to produce two-thirds of the world’s supply of copper. The substantial remains are a testimony to the contribution Cornwall and West Devon made to the Industrial Revolution in the rest of Britain and to the fundamental influence the area had on the mining world at large. Cornish technology embodied in engines, engine houses and mining equipment was exported around the world. Cornwall and West Devon were the heartland from which mining technology rapidly spread.",,(ii)(iii)(iv),MEDIUM,4,0,,,,,,,,Criterion_iv; Criterion_ii,https://whc.unesco.org/en/list/1215,True
781,Historic Walled Town of Cuenca,Cultural,Europe and North America,Spain,,,"Built by the Moors in a defensive position at the heart of the Caliphate of Cordoba, Cuenca is an unusually well-preserved medieval fortified city. Conquered by the Castilians in the 12th century, it became a royal town and bishopric endowed with important buildings, such as Spain's first Gothic cathedral, and the famous casas colgadas (hanging houses), suspended from sheer cliffs overlooking the Huécar river. Taking full advantage of its location, the city towers above the magnificent countryside.",The Committee decided to inscribe the nominated property on the basis of cultural criteria (ii) and (v) considering that the site is of outstanding universal value as it is an exceptional example of the medieval fortress town that has preserved its original townscape remarkably intact along with many excellent examples of religious and secular architecture from the 12th to the 18th centuries. It is also exceptional because the walled town blends into and enhances the fine rural and natural landscape within which it is situated.,(ii)(v),MEDIUM,4,0,,,,,,cathedral; fortress; tower,,Criterion_ii; OUV_ArchElements,https://whc.unesco.org/en/list/781,True
1181,"Le Havre, the City Rebuilt by Auguste Perret",Cultural,Europe and North America,France,,,"The city of Le Havre, on the English Channel in Normandy, was severely bombed during the Second World War. The destroyed area was rebuilt according to the plan of a team headed by Auguste Perret, from 1945 to 1964. The site forms the administrative, commercial and cultural centre of Le Havre. Le Havre is exceptional among many reconstructed cities for its unity and integrity. It combines a reflection of the earlier pattern of the town and its extant historic structures with the new ideas of town planning and construction technology. It is an outstanding post-war example of urban planning and architecture based on the unity of methodology and the use of prefabrication, the systematic utilization of a modular grid, and the innovative exploitation of the potential of concrete.","Criterion (ii): The post-war reconstruction plan of Le Havre is an outstanding example and a landmark of the integration of urban planning traditions and a pioneer implementation of modern developments in architecture, technology, and town planning.
Criterion (iv): Le Havre is an outstanding post-war example of urban planning and architecture based on the unity of methodology and system of prefabrication, the systematic use of a modular grid and the innovative exploitation of the potential of concrete.",(ii)(iv),MEDIUM,4,0,,,,,,base,,Criterion_iv; Criterion_ii,https://whc.unesco.org/en/list/1181,True
1256,"Bordeaux, Port of the Moon",Cultural,Europe and North America,France,,,"The Port of the Moon, port city of Bordeaux in south-west France, is inscribed as an inhabited historic city, an outstanding urban and architectural ensemble, created in the age of the Enlightenment, whose values continued up to the first half of the 20th century, with more protected buildings than any other French city except Paris. It is also recognized for its historic role as a place of exchange of cultural values over more than 2,000 years, particularly since the 12th century due to commercial links with Britain and the Low Lands. Urban plans and architectural ensembles of the early 18th century onwards place the city as an outstanding example of innovative classical and neoclassical trends and give it an exceptional urban and architectural unity and coherence. Its urban form represents the success of philosophers who wanted to make towns into melting pots of humanism, universality and culture.",,(ii)(iv),MEDIUM,4,0,,,,,,,,Criterion_iv; Criterion_ii,https://whc.unesco.org/en/list/1256,True
488,Tower of London,Cultural,Europe and North America,United Kingdom of Great Britain and Northern Ireland,,,"The massive White Tower is a typical example of Norman military architecture, whose influence was felt throughout the kingdom. It was built on the Thames by William the Conqueror to protect London and assert his power. The Tower of London – an imposing fortress with many layers of history, which has become one of the symbols of royalty – was built around the White Tower.",,(ii)(iv),MEDIUM,4,0,,,,,,fortress; tower,,Criterion_iv; Criterion_ii,https://whc.unesco.org/en/list/488,True
805,San Millán Yuso and Suso Monasteries,Cultural,Europe and North America,Spain,,,"The monastic community founded by St Millán in the mid-6th century became a place of pilgrimage. A fine Romanesque church built in honour of the holy man still stands at the site of Suso. It was here that the first literature was produced in Castilian, from which one of the most widely spoken languages in the world today is derived. In the early 16th century the community was housed in the fine new monastery of Yuso, below the older complex; it is still a thriving community today.","The Committee decided to inscribe this property on the basis of criteria (ii), (iv) and (vi), considering that the Monasteries of Suso and Yuso at San Millán de la Cogolla are exceptional testimony to the introduction and continuous survival of Christian monasticism, from the 6th century to the present day. The property is also of outstanding associative significance as the birthplace of the modern written and spoken Spanish language.",(ii)(iv)(vi),MEDIUM,4,0,,,,,,church; monastery,,Criterion_iv; Criterion_ii,https://whc.unesco.org/en/list/805,True
1028,Saltaire,Cultural,Europe and North America,United Kingdom of Great Britain and Northern Ireland,,,"Saltaire, West Yorkshire, is a complete and well-preserved industrial village of the second half of the 19th century. Its textile mills, public buildings and workers' housing are built in a harmonious style of high architectural standards and the urban plan survives intact, giving a vivid impression of Victorian philanthropic paternalism.","Criterion (ii): Saltaire is an outstanding and well preserved example of a mid 19th century industrial town, the layout of which was to exert a major influence on the development of the “garden city” movement.
Criterion (iv): The layout and architecture of Saltaire admirably reflect mid 19th century philanthropic paternalism, as well as the important role played by the textile industry in economic and social development.",(ii)(iv),MEDIUM,4,0,,,,,,,,Criterion_iv; Criterion_ii,https://whc.unesco.org/en/list/1028,True
906,Dacian Fortresses of the Orastie Mountains,Cultural,Europe and North America,Romania,,,"Built in the 1st centuries B.C. and A.D. under Dacian rule, these fortresses show an unusual fusion of military and religious architectural techniques and concepts from the classical world and the late European Iron Age. The six defensive works, the nucleus of the Dacian Kingdom, were conquered by the Romans at the beginning of the 2nd century A.D.; their extensive and well-preserved remains stand in spectacular natural surroundings and give a dramatic picture of a vigorous and innovative civilization.","Criterion (ii): The Dacian fortresses represent the fusion of techniques and concepts of military architecture from inside and outside the classical world to create a unique style.
Criterion (iii): The Geto-Dacian kingdoms of the late 1st millennium BC attained an exceptionally high cultural and socio-economic level, and this is symbolized by this group of fortresses.
Criterion (iv): The hill-fort and its evolved successor, the oppidum, were characteristic of the Late Iron Age in Europe, and the Dacian fortresses are outstanding examples of this type of defended site.",(ii)(iii)(iv),MEDIUM,4,0,,,,,,fort; fortress,,Criterion_iv; Criterion_ii,https://whc.unesco.org/en/list/906,True
1030,Derwent Valley Mills,Cultural,Europe and North America,United Kingdom of Great Britain and Northern Ireland,,,"The Derwent Valley in central England contains a series of 18th- and 19th- century cotton mills and an industrial landscape of high historical and technological interest. The modern factory owes its origins to the mills at Cromford, where Richard Arkwright's inventions were first put into industrial-scale production. The workers' housing associated with this and the other mills remains intact and illustrate the socio-economic development of the area.","Criterion (ii): The Derwent Valley saw the birth of the factory system, when new types of building were erected to house the new technology for spinning cotton developed by Richard Arkwright in the early 19th century.
Criterion (iv): In the Derwent Valley for the first time there was large-scale industrial production in a hitherto rural landscape. The need to provide housing and other facilities for workers and managers resulted in the creation of the first modern industrial towns.",(ii)(iv),MEDIUM,4,0,,,,,,,,Criterion_iv; Criterion_ii,https://whc.unesco.org/en/list/1030,True
1084,"Royal Botanic Gardens, Kew",Cultural,Europe and North America,United Kingdom of Great Britain and Northern Ireland,,,"This historic landscape garden features elements that illustrate significant periods of the art of gardens from the 18th to the 20th centuries. The gardens house botanic collections (conserved plants, living plants and documents) that have been considerably enriched through the centuries. Since their creation in 1759, the gardens have made a significant and uninterrupted contribution to the study of plant diversity and economic botany.","Criterion (ii): Since the 18th century, the Botanic Gardens of Kew have been closely associated with scientific and economic exchanges established throughout the world in the field of botany, and this is reflected in the richness of its collections. The landscape features and architectural features of the gardens reflect considerable artistic influences both with regard to the European continent and to more distant regions.
Criterion (iii): Kew Gardens have largely contributed to advances in many scientific disciplines, particularly botany and ecology. The landscape gardens and the edifices created by celebrated artists such as Charles Bridgeman, William Kent, Lancelot ‘Capability’ Brown and William Chambers reflect the beginning of movements which were to have international influence.",(ii)(iii)(iv),MEDIUM,4,0,,,,,,,,Criterion_iv; Criterion_ii,https://whc.unesco.org/en/list/1084,True
996,Historic Centre of Brugge,Cultural,Europe and North America,Belgium,,,"Brugge is an outstanding example of a medieval historic settlement, which has maintained its historic fabric as this has evolved over the centuries, and where original Gothic constructions form part of the town's identity. As one of the commercial and cultural capitals of Europe, Brugge developed cultural links to different parts of the world. It is closely associated with the school of Flemish Primitive painting.","Criterion (ii): The Historic Town of Brugge is testimony, over a long period, of a considerable exchange of influences on the development of architecture, particularly in brick Gothic, as well as favouring innovative artistic influences in the development of medieval painting, being the birthplace of the school of the Flemish Primitives.
Criterion (iv): The Historic Town of Brugge is an outstanding example of an architectural ensemble, illustrating significant stages in the commercial and cultural fields in medieval Europe, of which the public, social, and religious institutions are a living testimony.
Criterion (vi): The town of Brugge has been the birthplace of the Flemish Primitives and a centre of patronage and development of painting in the Middle Ages with artists such as Jan van Eyck and Hans Memling.",(ii)(iv)(vi),MEDIUM,4,0,,,,,capital,capital,,Criterion_iv; Criterion_ii,https://whc.unesco.org/en/list/996,True
1469,The par force hunting landscape in North Zealand,Cultural,Europe and North America,Denmark,,,"Located about 30 km northeast of Copenhagen, this cultural landscape encompasses the two hunting forests of Store Dyrehave and Gribskov, as well as the hunting park of Jægersborg Hegn/Jægersborg Dyrehave. This is a designed landscape where Danish kings and their court practiced par force hunting, or hunting with hounds, which reached its peak between the 17th and the late 18th centuries, when the absloute monarchs transformed it into a landscape of power. With hunting lanes laid out in a star system, combined with an orthogonal grid pattern, numbered stone posts, fences and a hunting lodge, the site demonstrates the application of Baroque landscaping principles to forested areas.",,(ii)(iv),MEDIUM,4,0,,,,,,,,Criterion_iv; Criterion_ii,https://whc.unesco.org/en/list/1469,True
1636,"ShUM Sites of Speyer, Worms and Mainz",Cultural,Europe and North America,Germany,,,"Located in the former Imperial cathedral cities of Speyer, Worms and Mainz, in the Upper Rhine Valley, the serial site of Speyer, Worms and Mainz comprise the Speyer Jewry-Court, with the structures of the synagogue and women’s shul (Yiddish for synagogue), the archaeological vestiges of the yeshiva (religious school), the courtyard and the still intact underground mikveh (ritual bath), which has retained its high architectural and building quality. The property also comprises the Worms Synagogue Compound, with its in situ post-war reconstruction of the 12th century synagogue and 13th century women’s shul, the community hall (Rashi House), and the monumental 12th-century mikveh. The series also includes the Old Jewish Cemetery in Worms and the Old Jewish Cemetery in Mainz. The four component sites tangibly reflect the early emergence of distinctive Ashkenaz customs and the development and settlement pattern of the ShUM communities, particularly between the 11th and the 14th centuries. The buildings that constitute the property served as prototypes for later Jewish community and religious buildings as well as cemeteries in Europe. The acronym ShUM stands for the Hebrew initials of Speyer, Worms and Mainz.",,(ii)(iii)(vi),MEDIUM,4,0,,,,,,bath; cathedral; courtyard,,Criterion_ii; OUV_ArchElements,https://whc.unesco.org/en/list/1636,True
1499,Antigua Naval Dockyard and Related Archaeological Sites,Cultural,Latin America and the Caribbean,Antigua and Barbuda,,,"The site consists of a group of Georgian-style naval buildings and structures, set within a walled enclosure. The natural environment of this side of the island of Antigua, with its deep, narrow bays surrounded by highlands, offered shelter from hurricanes and was ideal for repairing ships. The construction of the Dockyard by the British navy would not have been possible without the labour of generations of enslaved Africans since the end of the 18th century. Its aim was to protect the interests of sugar cane planters at a time when European powers were competing for control of the Eastern Caribbean.",,(ii)(iv),MEDIUM,4,0,,,,,,,,Criterion_iv; Criterion_ii,https://whc.unesco.org/en/list/1499,True
1067,Historic Centres of Stralsund and Wismar,Cultural,Europe and North America,Germany,,,"The medieval towns of Wismar and Stralsund, on the Baltic coast of northern Germany, were major trading centres of the Hanseatic League in the 14th and 15th centuries. In the 17th and 18th centuries they became Swedish administrative and defensive centres for the German territories. They contributed to the development of the characteristic building types and techniques of Brick Gothic in the Baltic region, as exemplified in several important brick cathedrals, the Town Hall of Stralsund, and the series of houses for residential, commercial and crafts use, representing its evolution over several centuries.","Criterion (ii): Wismar and Stralsund, leading centres of the Wendish section of the Hanseatic League from the 13th to 15th centuries and major administrative and defence centres in the Swedish kingdom in the 17th and 18th centuries, contributed to the development and diffusion of brick construction techniques and building types, characteristic features of Hanseatic towns in the Baltic region, as well as the development of defence systems in the Swedish period.
Criterion (iv): Stralsund and Wismar have crucial importance in the development of the building techniques and urban form that became typical of the Hanseatic trading towns, well documented in the major parish churches, the town hall of Stralsund, and the commercial building types, such as the Dielenhaus.",(ii)(iv),MEDIUM,4,0,,,,,,cathedral; church,,Criterion_iv; Criterion_ii,https://whc.unesco.org/en/list/1067,True
425,Blenheim Palace,Cultural,Europe and North America,United Kingdom of Great Britain and Northern Ireland,,,"Blenheim Palace, near Oxford, stands in a romantic park created by the famous landscape gardener 'Capability' Brown. It was presented by the English nation to John Churchill, first Duke of Marlborough, in recognition of his victory in 1704 over French and Bavarian troops. Built between 1705 and 1722 and characterized by an eclectic style and a return to national roots, it is a perfect example of an 18th-century princely dwelling.",,(ii)(iv),MEDIUM,4,0,,,,,,palace,,Criterion_iv; Criterion_ii,https://whc.unesco.org/en/list/425,True
778,Lushan National Park,Cultural,Asia and the Pacific,China,,,"Mount Lushan, in Jiangxi, is one of the spiritual centres of Chinese civilization. Buddhist and Taoist temples, along with landmarks of Confucianism, where the most eminent masters taught, blend effortlessly into a strikingly beautiful landscape which has inspired countless artists who developed the aesthetic approach to nature found in Chinese culture.","The Committee decided to inscribe this property on the basis of cultural cultural criteria (ii), (iii), (iv) and (vi) as a cultural landscape of outstanding aesthetic value and its powerful associations with Chinese spiritual and cultural life.",(ii)(iii)(iv)(vi),MEDIUM,4,0,,,,,,temple,,Criterion_iv; Criterion_ii,https://whc.unesco.org/en/list/778,True
194,Timgad,Cultural,Arab States,Algeria,,,"Timgad lies on the northern slopes of the Aurès mountains and was created ex nihilo as a military colony by the Emperor Trajan in AD 100. With its square enclosure and orthogonal design based on the cardo and decumanus, the two perpendicular routes running through the city, it is an excellent example of Roman town planning.",,(ii)(iii)(iv),MEDIUM,4,0,,,,,,base,,Criterion_iv; Criterion_ii,https://whc.unesco.org/en/list/194,True
1183,Kondoa Rock-Art Sites,Cultural,Africa,United Republic of Tanzania,,,"On the eastern slopes of the Masai escarpment bordering the Great Rift Valley are natural rock shelters, overhanging slabs of sedimentary rocks fragmented by rift faults, whose vertical planes have been used for rock paintings for at least two millennia. The spectacular collection of images from over 150 shelters over 2,336 km2 , many with high artistic value, displays sequences that provide a unique testimony to the changing socio-economic base of the area from hunter-gatherer to agro-pastoralist, and the beliefs and ideas associated with the different societies. Some of the shelters are still considered to have ritual associations with the people who live nearby, reflecting their beliefs, rituals and cosmological traditions.",,(iii)(vi),HIGH,4,0,,,,,,base,rock,Title_Stone_Keyword,https://whc.unesco.org/en/list/1183,True
511,Archaeological Site of Mystras,Cultural,Europe and North America,Greece,,,"Mystras, the 'wonder of the Morea', was built as an amphitheatre around the fortress erected in 1249 by the prince of Achaia, William of Villehardouin. Reconquered by the Byzantines, then occupied by the Turks and the Venetians, the city was abandoned in 1832, leaving only the breathtaking medieval ruins, standing in a beautiful landscape.",,(ii)(iii)(iv),MEDIUM,4,0,,,,,,amphitheatre; fortress,,Criterion_iv; Criterion_ii,https://whc.unesco.org/en/list/511,True
703,"Mountain Resort and its Outlying Temples, Chengde",Cultural,Asia and the Pacific,China,,,"The Mountain Resort (the Qing dynasty's summer palace), in Hebei Province, was built between 1703 and 1792. It is a vast complex of palaces and administrative and ceremonial buildings. Temples of various architectural styles and imperial gardens blend harmoniously into a landscape of lakes, pastureland and forests. In addition to its aesthetic interest, the Mountain Resort is a rare historic vestige of the final development of feudal society in China.",,(ii)(iv),MEDIUM,4,0,,,,,,palace; temple,,Criterion_iv; Criterion_ii,https://whc.unesco.org/en/list/703,True
530,Delos,Cultural,Europe and North America,Greece,,,"According to Greek mythology, Apollo was born on this tiny island in the Cyclades archipelago. Apollo's sanctuary attracted pilgrims from all over Greece and Delos was a prosperous trading port. The island bears traces of the succeeding civilizations in the Aegean world, from the 3rd millennium B.C. to the palaeochristian era. The archaeological site is exceptionally extensive and rich and conveys the image of a great cosmopolitan Mediterranean port.",,(ii)(iii)(iv)(vi),MEDIUM,4,0,,,,,,sanctuary,,Criterion_iv; Criterion_ii,https://whc.unesco.org/en/list/530,True
1052,Tugendhat Villa in Brno,Cultural,Europe and North America,Czechia,,,"The Tugendhat Villa in Brno, designed by the architect Mies van der Rohe, is an outstanding example of the international style in the modern movement in architecture as it developed in Europe in the 1920s. Its particular value lies in the application of innovative spatial and aesthetic concepts that aim to satisfy new lifestyle needs by taking advantage of the opportunities afforded by modern industrial production.","Criterion (i): The Tugendhat Villa is a masterpiece of the Modern Movement in architecture.
Criterion (ii): The German architect Mies van der Rohe applied the radical new concepts of the Modern Movement triumphantly to the Tugendhat Villa to the design of residential buildings.
Criterion (iv): Architecture was revolutionized by the Modern Movement in the 1920s and the work of Mies van der Rohe, epitomized by the Tugendhat Villa, played a major role in its worldwide diffusion and acceptance.",(ii)(iv),MEDIUM,4,0,,,,,,,,Criterion_iv; Criterion_ii,https://whc.unesco.org/en/list/1052,True
861,Holašovice Historic Village,Cultural,Europe and North America,Czechia,,,"Holašovice is an exceptionally complete and well-preserved example of a traditional central European village. It has a large number of outstanding 18th- and 19th-century vernacular buildings in a style known as 'South Bohemian folk Baroque', and preserves a ground plan dating from the Middle Ages.","Criterion (ii): Holasovice is of special significance in that it represents the fusion of two vernacular building traditions to create an exceptional and enduring style, known as South Bohemian Folk Baroque.
Criterion (iv): The exceptional completeness and excellent preservation of Holasovice and its buildings make it an outstanding example of traditional rural settlement in central Europe.",(ii)(iv),MEDIUM,4,0,,,,,,,,Criterion_iv; Criterion_ii,https://whc.unesco.org/en/list/861,True
1483,Singapore Botanic Gardens,Cultural,Asia and the Pacific,Singapore,,,"Situated at the heart of the city of Singapore, the site demonstrates the evolution of a British tropical colonial botanic garden that has become a modern world-class scientific institution used for both conservation and education. The cultural landscape includes a rich variety of historic features, plantings and buildings that demonstrate the development of the garden since its creation in 1859. It has been an important centre for science, research and plant conservation, notably in connection with the cultivation of rubber plantations, in Southeast Asia since 1875.",,(ii)(iv),MEDIUM,4,0,,,,,,,,Criterion_iv; Criterion_ii,https://whc.unesco.org/en/list/1483,True
905,Kalwaria Zebrzydowska: the Mannerist Architectural and Park Landscape Complex and Pilgrimage Park,Cultural,Europe and North America,Poland,,,Kalwaria Zebrzydowska is a breathtaking cultural landscape of great spiritual significance. Its natural setting – in which a series of symbolic places of worship relating to the Passion of Jesus Christ and the life of the Virgin Mary was laid out at the beginning of the 17th century – has remained virtually unchanged. It is still today a place of pilgrimage.,"Criterion (ii): Kalwaria Zebrzydowska is an exceptional cultural monument in which the natural landscape was used as the setting for a symbolic representation in the form of chapels and avenues of the events of the Passion of Christ. The result is a cultural landscape of great beauty and spiritual quality in which natural and man-made elements combine in a harmonious manner.
Criterion (iv): The Counter Reformation in the late 16th century led to a flowering in the creation of Calvaries in Europe. Kalwaria Zebrzydowska is an outstanding example of this type of large-scale landscape design, which incorporates natural beauty with spiritual objectives and the principles of Baroque park design.",(ii)(iv),MEDIUM,4,0,,,,,,,,Criterion_iv; Criterion_ii,https://whc.unesco.org/en/list/905,True
848,Choirokoitia,Cultural,Europe and North America,Cyprus,,,"The Neolithic settlement of Choirokoitia, occupied from the 7th to the 4th millennium B.C., is one of the most important prehistoric sites in the eastern Mediterranean. Its remains and the finds from the excavations there have thrown much light on the evolution of human society in this key region. Since only part of the site has been excavated, it forms an exceptional archaeological reserve for future study.","Criterion (ii): In the prehistoric period, Cyprus played a key role in the transmission of culture from the Near East to the European world. Criterion (iii): Choirokhoitia is an exceptionally well preserved archaeological site that has provided, and will continue to provide, scientific data of great importance relating to the spread of civilization from Asia to the Mediterranean world. Criterion (iv): Both the excavated remains and the untouched part of Choirokhoitia demonstrate clearly the origins of proto-urban settlement in the Mediterranean region and beyond.",(ii)(iii)(iv),MEDIUM,4,0,,,,,,,,Criterion_iv; Criterion_ii,https://whc.unesco.org/en/list/848,True
1733,Minoan Palatial Centres,Cultural,Europe and North America,Greece,,,"This serial property comprises six archaeological sites on Crete dating from 1900 to 1100 BCE. These sites represent the Minoan civilization, a major prehistoric Mediterranean culture. The palatial centres served as administrative, economic, and religious hubs, featuring advanced architecture, urban planning, and vibrant frescoes. They reveal early writing systems, maritime networks, and cultural exchanges. The property highlights the complexity of the Minoans’ social structure and their enduring influence on Mediterranean history.",,(ii)(iii)(iv)(vi),MEDIUM,4,0,,,,,,,,Criterion_iv; Criterion_ii,https://whc.unesco.org/en/list/1733,True
65,Antigua Guatemala,Cultural,Latin America and the Caribbean,Guatemala,,,"Antigua, the capital of the Captaincy-General of Guatemala, was founded in the early 16th century. Built 1,500 m above sea-level, in an earthquake-prone region, it was largely destroyed by an earthquake in 1773 but its principal monuments are still preserved as ruins. In the space of under three centuries the city, which was built on a grid pattern inspired by the Italian Renaissance, acquired a number of superb monuments.",,(ii)(iii)(iv),MEDIUM,4,0,,,,,capital,capital,,Criterion_iv; Criterion_ii,https://whc.unesco.org/en/list/65,True
835,Medieval Town of Toruń,Cultural,Europe and North America,Poland,,,"Torun owes its origins to the Teutonic Order, which built a castle there in the mid-13th century as a base for the conquest and evangelization of Prussia. It soon developed a commercial role as part of the Hanseatic League. In the Old and New Town, the many imposing public and private buildings from the 14th and 15th centuries (among them the house of Copernicus) are striking evidence of Torun's importance.","The Committee decided to inscribe this property on the basis of criteria (ii) and (iv), considering that Torun is a small historic trading city that preserves to a remarkable extent its original street pattern and outstanding early buildings, and which provides an exceptionally complete picture of the medieval way of life.",(ii)(iv),MEDIUM,4,0,,,,,,base; castle,,Criterion_iv; Criterion_ii,https://whc.unesco.org/en/list/835,True
677,Baroque Churches of the Philippines,Cultural,Asia and the Pacific,Philippines,,,"These four churches, the first of which was built by the Spanish in the late 16th century, are located in Manila, Santa Maria, Paoay and Miag-ao. Their unique architectural style is a reinterpretation of European Baroque by Chinese and Philippine craftsmen.",,(ii)(iv),MEDIUM,4,0,,,,,,church,,Criterion_iv; Criterion_ii,https://whc.unesco.org/en/list/677,True
502,Historic City of Vigan,Cultural,Asia and the Pacific,Philippines,,,"Established in the 16th century, Vigan is the best-preserved example of a planned Spanish colonial town in Asia. Its architecture reflects the coming together of cultural elements from elsewhere in the Philippines, from China and from Europe, resulting in a culture and townscape that have no parallel anywhere in East and South-East Asia.",,(ii)(iv),MEDIUM,4,0,,,,,,,,Criterion_iv; Criterion_ii,https://whc.unesco.org/en/list/502,True
351,Painted Churches in the Troodos Region,Cultural,Europe and North America,Cyprus,,,"This region is characterized by one of the largest groups of churches and monasteries of the former Byzantine Empire. The complex of 10 monuments included on the World Heritage List, all richly decorated with murals, provides an overview of Byzantine and post-Byzantine painting in Cyprus. They range from small churches whose rural architectural style is in stark contrast to their highly refined decoration, to monasteries such as that of St John Lampadistis.",,(ii)(iii)(iv),MEDIUM,4,0,,,,,,church; monastery,,Criterion_iv; Criterion_ii,https://whc.unesco.org/en/list/351,True
812,Ancient City of Ping Yao,Cultural,Asia and the Pacific,China,,,"Ping Yao is an exceptionally well-preserved example of a traditional Han Chinese city, founded in the 14th century. Its urban fabric shows the evolution of architectural styles and town planning in Imperial China over five centuries. Of special interest are the imposing buildings associated with banking, for which Ping Yao was the major centre for the whole of China in the 19th and early 20th centuries.","The Committee decided to inscribe this property on the basis of criteria (ii), (iii) and (iv), considering that the Ancient City of Ping Yao is an outstanding example of a Han Chinese city of the Ming and Qing Dynasties (14th-20th centuries) that has retained all its features to an exceptional degree and in doing so provides a remarkably complete picture of cultural, social, economic, and religious development during one of the most seminal periods of Chinese history.",(ii)(iii)(iv),MEDIUM,4,0,,,,,,,,Criterion_iv; Criterion_ii,https://whc.unesco.org/en/list/812,True
1239,Berlin Modernism Housing Estates,Cultural,Europe and North America,Germany,,,"Waldsiedlung Zehlendorf (the Zehlendorf forest estate), built between 1926 and 1932 in Berlin, is one of the largest modernist housing estates in Germany. This estate comprises multi-storey apartment buildings and single-family row houses, retail units, a railway station with shopping arcades, and green spaces. Inscribed as an extension to the World Heritage serial property ‘Berlin Modernism Housing Estates’, it complements and contributes to the series by representing a different example of modernist housing estates, characterised by its integration into the wooded landscape, the development of transportation infrastructure, an exclusive use of flat roofs, specific colour principles, and a sculptural façade design. Together with this extension, the series provides a comprehensive illustration of the global housing reform movement of the early 20th century.",,(ii)(iv),MEDIUM,4,0,,,,,,roof,,Criterion_iv; Criterion_ii,https://whc.unesco.org/en/list/1239,True
956,Island of Saint-Louis,Cultural,Africa,Senegal,,,"Founded as a French colonial settlement in the 17th century, Saint-Louis was urbanised in the mid-19th century. It was the capital of Senegal from 1872 to 1957 and played an important cultural and economic role in the whole of West Africa. The location of the town on an island at the mouth of the Senegal River, its regular town plan, the system of quays, and the characteristic colonial architecture give Saint-Louis its distinctive appearance and identity.",,(ii)(iv),MEDIUM,4,0,,,,,capital,capital,,Criterion_iv; Criterion_ii,https://whc.unesco.org/en/list/956,True
1033,Historic Centre of Vienna,Cultural,Europe and North America,Austria,,,"Vienna developed from early Celtic and Roman settlements into a Medieval and Baroque city, the capital of the Austro-Hungarian Empire. It played an essential role as a leading European music centre, from the great age of Viennese Classicism through the early part of the 20th century. The historic centre of Vienna is rich in architectural ensembles, including Baroque castles and gardens, as well as the late-19th-century Ringstrasse lined with grand buildings, monuments and parks.","Criterion (ii): The urban and architectural qualities of the Historic Centre of Vienna bear outstanding witness to a continuing interchange of values throughout the second millennium.
Criterion (iv): Three key periods of European cultural and political development – the Middle Ages, the Baroque period, and the Gründerzeit – are exceptionally well illustrated by the urban and architectural heritage of the Historic Centre of Vienna.
Criterion (vi): Since the 16th century Vienna has been universally acknowledged to be the musical capital of Europe.",(ii)(iv)(vi),MEDIUM,4,0,,,,,capital,capital; castle,,Criterion_iv; Criterion_ii,https://whc.unesco.org/en/list/1033,True
1447,Carolingian Westwork and Civitas Corvey,Cultural,Europe and North America,Germany,,,"The site is located along the Weser River on the outskirts of Höxter where the Carolingian Westwork and Civitas Corvey were erected between AD 822 and 885 in a largely preserved rural setting. The Westwork is the only standing structure that dates back to the Carolingian era, while the original imperial abbey complex is preserved as archaeological remains that are only partially excavated. The Westwork of Corvey uniquely illustrates one of the most important Carolingian architectural expressions. It is a genuine creation of this period, and its architectural articulation and decoration clearly illustrate the role played within the Frankish empire by imperial monasteries in securing territorial control and administration, as well as the propagation of Christianity and the Carolingian cultural and political order throughout Europe.",,(ii)(iii)(iv),MEDIUM,4,0,,,,,,abbey; monastery,,Criterion_iv; Criterion_ii,https://whc.unesco.org/en/list/1447,True
534,Garden Kingdom of Dessau-Wörlitz,Cultural,Europe and North America,Germany,,,"The Garden Kingdom of Dessau-Wörlitz is an exceptional example of landscape design and planning of the Age of the Enlightenment, the 18th century. Its diverse components - outstanding buildings, landscaped parks and gardens in the English style, and subtly modified expanses of agricultural land - serve aesthetic, educational, and economic purposes in an exemplary manner.","Criterion (ii): The Garden Kingdom of Dessau-Wörlitz is an outstanding example of the application of the philosophical principles of the Age of the Enlightenment to the design of a landscape that integrates art, education, and economy in a harmonious whole.
Criterion (iv): The 18th century was a seminal period for landscape design, of which the Garden Kingdom of Dessau-Wörlitz is an exceptional and wide-ranging illustration.",(ii)(iv),MEDIUM,4,0,,,,,,,,Criterion_iv; Criterion_ii,https://whc.unesco.org/en/list/534,True
1527,Caves and Ice Age Art in the Swabian Jura,Cultural,Europe and North America,Germany,,,"Modern humans first arrived in Europe 43,000 years ago during the last ice age. One of the areas where they took up residence was the Swabian Jura in southern Germany. Excavated from the 1860s, six caves have revealed items dating from 43,000 to 33,000 years ago. Among them are carved figurines of animals (including cave lions, mammoths, horses and bovids), musical instruments and items of personal adornment. Other figurines depict creatures that are half animal, half human and there is one statuette of a woman. These archaeological sites feature some of the oldest figurative art worldwide and help shed light on the origins of human artistic development.",,(iii),HIGH,4,0,,,,,,,cave,Title_Stone_Keyword,https://whc.unesco.org/en/list/1527,True
729,"Bauhaus and its Sites in Weimar, Dessau and Bernau",Cultural,Europe and North America,Germany,,,"Between 1919 and 1933 the Bauhaus movement revolutionized architectural and aesthetic thinking and practice in the 20th century. The Bauhaus buildings in Weimar, Dessau and Bernau are fundamental representatives of Classical Modernism, directed towards a radical renewal of architecture and design. This property, which was inscribed on the World Heritage List in 1996, originally comprised buildings located in Weimar (Former Art School, the Applied Art School and the Haus Am Horn) and Dessau (Bauhaus Building, the group of seven Masters' Houses). The 2017 extension includes the Houses with Balcony Access in Dessau and the ADGB Trade Union School in Bernau as important contributions to the Bauhaus ideas of austere design, functionalism and social reform.",,(ii)(iv)(vi),MEDIUM,4,0,,,,,,balcony,,Criterion_iv; Criterion_ii,https://whc.unesco.org/en/list/729,True
1580,Water Management System of Augsburg,Cultural,Europe and North America,Germany,,,"The water management system of the city of Augsburg has evolved in successive phases from the 14th century to the present day. It includes a network of canals, water towers dating from the 15th to 17th centuries, which housed pumping machinery, a water-cooled butchers’ hall, a system of three monumental fountains and hydroelectric power stations, which continue to provide sustainable energy today. The technological innovations generated by this water management system have helped establish Augsburg as a pioneer in hydraulic engineering.",,(ii)(iv),MEDIUM,4,0,,,,,,tower,,Criterion_iv; Criterion_ii,https://whc.unesco.org/en/list/1580,True
1110,Historic Centre of Macao,Cultural,Asia and the Pacific,China,,,"Macao, a lucrative port of strategic importance in the development of international trade, was under Portuguese administration from the mid-16th century until 1999, when it came under Chinese sovereignty. With its historic street, residential, religious and public Portuguese and Chinese buildings, the historic centre of Macao provides a unique testimony to the meeting of aesthetic, cultural, architectural and technological influences from East and West. The site also contains a fortress and a lighthouse, the oldest in China. It bears witness to one of the earliest and longest-lasting encounters between China and the West, based on the vibrancy of international trade.","Criterion (ii): The strategic location of Macao on the Chinese territory, and the special relationship established between the Chinese and Portuguese authorities favoured an important interchange of human values in the various fields of culture, sciences, technology, art and architecture over several centuries.
Criterion (iii):  Macao bears a unique testimony to the first and longest-lasting encounter between the West and China. From the 16th to the 20th centuries, it was the focal point for traders and missionaries, and the different fields of learning. The impact of this encounter can be traced in the fusion of different cultures that characterise the historic core zone of Macao.
Criterion (iv):  Macao represents an outstanding example of an architectural ensemble that illustrates the development of the encounter between the Western and Chinese civilisations over some four and half centuries, represented in the historical route, with a series of urban spaces and architectural ensembles, that links the ancient Chinese port with the Portuguese city.
Criterion (vi):  Macao has been associated with the exchange of a variety of cultural, spiritual, scientific and technical influences between the Western and Chinese civilisations. These ideas directly motivated the introduction of crucial changes in China, ultimately ending the era of imperial feudal system and establishing the modern republic.",(ii)(iii)(iv)(vi),MEDIUM,4,0,,,,,,base; fortress,,Criterion_iv; Criterion_ii,https://whc.unesco.org/en/list/1110,True
810,Historic City of Trogir,Cultural,Europe and North America,Croatia,,,Trogir is a remarkable example of urban continuity. The orthogonal street plan of this island settlement dates back to the Hellenistic period and it was embellished by successive rulers with many fine public and domestic buildings and fortifications. Its beautiful Romanesque churches are complemented by the outstanding Renaissance and Baroque buildings from the Venetian period.,"The Committee decided to inscribe this property on the basis of criteria (ii) and (iv), considering that Trogir is an excellent example of a medieval town built on and conforming with the layout of a Hellenistic and Roman city that has conserved its urban fabric to an exceptional degree and with the minimum of modern interventions, in which the trajectory of social and cultural development is clearly visible in every aspect of the townscape.",(ii)(iv),MEDIUM,4,0,,,,,,church,,Criterion_iv; Criterion_ii,https://whc.unesco.org/en/list/810,True
1368,Fagus Factory in Alfeld,Cultural,Europe and North America,Germany,,,"Fagus Factory in Alfeld is a 10-building complex - began around 1910 to the design of Walter Gropius, which is a landmark in the development of modern architecture and industrial design. Serving all stages of manufacture, storage and dispatch of lasts used by the shoe industry, the complex, which is still operational today, is situated in Alfeld an der Leine in Lower Saxony. With its groundbreaking vast expanses of glass panels and functionalist aesthetics, the complex foreshadowed the work of the Bauhaus school and is a landmark in the development of architecture in Europe and North America.",,(ii)(iv),MEDIUM,4,0,,,,,,,,Criterion_iv; Criterion_ii,https://whc.unesco.org/en/list/1368,True
931,City of Graz – Historic Centre and Schloss Eggenberg,Cultural,Europe and North America,Austria,,,"The City of Graz – Historic Centre and Schloss Eggenberg bear witness to an exemplary model of the living heritage of a central European urban complex influenced by the secular presence of the Habsburgs and the cultural and artistic role played by the main aristocratic families. They are a harmonious blend of the architectural styles and artistic movements that have succeeded each other from the Middle Ages until the 18th century, from the many neighbouring regions of Central and Mediterranean Europe. They embody a diversified and highly comprehensive ensemble of architectural, decorative and landscape examples of these interchanges of influence.",,(ii)(iv),MEDIUM,4,0,,,,,,,,Criterion_iv; Criterion_ii,https://whc.unesco.org/en/list/931,True
1185,Plantin-Moretus House-Workshops-Museum Complex,Cultural,Europe and North America,Belgium,,,"The Plantin-Moretus Museum is a printing plant and publishing house dating from the Renaissance and Baroque periods. Situated in Antwerp, one of the three leading cities of early European printing along with Paris and Venice, it is associated with the history of the invention and spread of typography. Its name refers to the greatest printer-publisher of the second half of the 16th century: Christophe Plantin (c. 1520–89). The monument is of outstanding architectural value. It contains exhaustive evidence of the life and work of what was the most prolific printing and publishing house in Europe in the late 16th century. The building of the company, which remained in activity until 1867, contains a large collection of old printing equipment, an extensive library, invaluable archives and works of art, among them a painting by Rubens.","Criterion (ii):  Through the publications of the Officina Plantiniana, the Plantin-Moretus complex is a testimony to the major role played by this important centre of 16th century European humanism in the development of science and culture.
Criterion (iii):  Considered as an integral part of the Memory of the World (UNESCO, 2001), the Plantinian Archives, including the business archives of the Officina, the books of commercial accounts and the correspondence with a number of world-renowned scholars and humanists, provide an outstanding testimony to a cultural tradition of the first importance.
Criterion (iv):  As an outstanding example of the relationship between the living environment of a family during the 16th, 17th and 18th centuries, the world of work and the world of commerce, the Plantin-Moretus Complex is of unrivalled Documentary value relating to significant periods of European history: the Renaissance, the Baroque era and Classicism.
Criterion (vi):  The Plantin-Moretus complex is tangibly associated with ideas, beliefs, technologies and literary and artistic works of outstanding universal significance.",(ii)(iii)(iv)(vi),MEDIUM,4,0,,,,,,,,Criterion_iv; Criterion_ii,https://whc.unesco.org/en/list/1185,True
1001,Mount Qingcheng and the Dujiangyan Irrigation System,Cultural,Asia and the Pacific,China,,,"Construction of the Dujiangyan irrigation system began in the 3rd century B.C. This system still controls the waters of the Minjiang River and distributes it to the fertile farmland of the Chengdu plains. Mount Qingcheng was the birthplace of Taoism, which is celebrated in a series of ancient temples.","Criterion (ii): The Dujiangyan Irrigation System, begun in the 2nd century BCE, is a major landmark in the development of water management and technology, and is still discharging its functions perfectly.
Criterion (iv): The immense advances in science and technology achieved in ancient China are graphically illustrated by the Dujiangyan Irrigation System.
Criterion (vi): The temples of Mount Qingcheng are closely associated with the foundation of Taoism, one of the most influential religions of East Asia over a long period of history.",(ii)(iv)(vi),MEDIUM,4,0,,,,,,foundation; temple,,Criterion_iv; Criterion_ii,https://whc.unesco.org/en/list/1001,True
699,City of Luxembourg: its Old Quarters and Fortifications,Cultural,Europe and North America,Luxembourg,,,"Because of its strategic position, Luxembourg was, from the 16th century until 1867, when its walls were dismantled, one of Europe's greatest fortified sites. It was repeatedly reinforced as it passed from one great European power to another: the Holy Roman Emperors, the House of Burgundy, the Habsburgs, the French and Spanish kings, and finally the Prussians. Until their partial demolition, the fortifications were a fine example of military architecture spanning several centuries.",,(iv),LOW,3,0,,,,,,wall,,Criterion_iv,https://whc.unesco.org/en/list/699,True
1137,Kernavė Archaeological Site (Cultural Reserve of Kernavė),Cultural,Europe and North America,Lithuania,,,"The Kernavė Archaeological site, about 35 km north-west of Vilnius in eastern Lithuania, represents an exceptional testimony to some 10 millennia of human settlements in this region. Situated in the valley of the River Neris, the site is a complex ensemble of archaeological properties, encompassing the town of Kernavė, forts, some unfortified settlements, burial sites and other archaeological, historical and cultural monuments from the late Palaeolithic Period to the Middle Ages. The site of 194,4 ha has preserved the traces of ancient land-use, as well as remains of five impressive hill forts, part of an exceptionally large defence system. Kernavė was an important feudal town in the Middle Ages. The town was destroyed by the Teutonic Order in the late 14th century, however the site remained in use until modern times.","Criterion (iii): The archaeological site of Kernave presents an exceptional testimony to the evolution of human settlements in the Baltic region in Europe over the period of some 10 millennia. The site has exceptional evidence of the contact of Pagan and Christian funeral traditions.
Criterion (iv): The settlement patterns and the impressive hill-forts represent outstanding examples of the development of such types of structures and the history of their use in the pre-Christian era.",(iii)(iv),LOW,3,0,,,,,,fort,,Criterion_iv,https://whc.unesco.org/en/list/1137,True
293,Anjar,Cultural,Arab States,Lebanon,,,"The city of Anjar was founded by Caliph Walid I at the beginning of the 8th century. The ruins reveal a very regular layout, reminiscent of the palace-cities of ancient times, and are a unique testimony to city planning under the Umayyads.",,(iii)(iv),LOW,3,0,,,,,,palace,,Criterion_iv,https://whc.unesco.org/en/list/293,True
483,Pre-Hispanic City of Chichen-Itza,Cultural,Latin America and the Caribbean,Mexico,,,"This sacred site was one of the greatest Mayan centres of the Yucatán peninsula. Throughout its nearly 1,000-year history, different peoples have left their mark on the city. The Maya and Toltec vision of the world and the universe is revealed in their stone monuments and artistic works. The fusion of Mayan construction techniques with new elements from central Mexico make Chichen-Itza one of the most important examples of the Mayan-Toltec civilization in Yucatán. Several buildings have survived, such as the Warriors’ Temple, El Castillo and the circular observatory known as El Caracol.",,(i)(ii)(iii),LOW,3,0,,,,,,temple,,Criterion_i; Criterion_ii,https://whc.unesco.org/en/list/483,True
1329,At-Turaif District in ad-Dir'iyah,Cultural,Arab States,Saudi Arabia,,,"This property was the first capital of the Saudi Dynasty, in the heart of the Arabian Peninsula, north-west of Riyadh. Founded in the 15th century, it bears witness to the Najdi architectural style, which is specific to the centre of the Arabian peninsula. In the 18th and early 19th century, its political and religious role increased, and the citadel at at-Turaif became the centre of the temporal power of the House of Saud and the spread of the Salafiyya reform inside the Muslim religion. The property includes the remains of many palaces and an urban ensemble built on the edge of the ad-Dir’iyah oasis.",,(iv)(v)(vi),LOW,3,0,,,,,capital,capital; palace,,Criterion_iv,https://whc.unesco.org/en/list/1329,True
498,Medina of Sousse,Cultural,Arab States,Tunisia,,,"Sousse was an important commercial and military port during the Aghlabid period (800&ndash;909) and is a typical example of a town dating from the first centuries of Islam. With its kasbah, ramparts, medina (with the Great Mosque), Bu Ftata Mosque and typical ribat (both a fort and a religious building), Sousse was part of a coastal defence system.",,(iii)(iv)(v),LOW,3,0,,,,,,fort; mosque,,Criterion_iv,https://whc.unesco.org/en/list/498,True
1661,"Modernist Kaunas: Architecture of Optimism, 1919-1939",Cultural,Europe and North America,Lithuania,,,"This property testifies to the rapid urbanization that transformed the provincial town of Kaunas into a modern city that became Lithuania’s provisional capital between the First and Second World Wars. Its community-driven transformation of an urban landscape was adapted from an earlier town layout. The quality of modern Kaunas was manifested through the spatial organization of the Naujamiestis (New Town) and Žaliakalnis (Green Hill) areas, and in public buildings, urban spaces and residences constructed during the interwar period that demonstrate a variety of styles in which the Modern Movement found architectural expression in the city.",,(iv),LOW,3,0,,,,,capital,capital,,Criterion_iv,https://whc.unesco.org/en/list/1661,True
1472,Rock Art in the Hail Region of Saudi Arabia,Cultural,Arab States,Saudi Arabia,,,"This property includes two components situated in a desert landscape: Jabel Umm Sinman at Jubbah and the Jabal al-Manjor and Raat at Shuwaymis. A lake once situated at the foot of the Umm Sinman hill range that has now disappeared used to be a source of fresh water for people and animals in the southern part of the Great Narfoud Desert. The ancestors of today’s Arab populations have left traces of their passages in numerous petroglyphs and inscriptions on the rock face. Jabal al-Manjor and Raat form the rocky escarpment of a wadi now covered in sand. They show numerous representations of human and animal figures covering 10,000 years of history.",,(i)(iii),HIGH,3,0,,,,,,,rock,Criterion_i; Title_Stone_Keyword,https://whc.unesco.org/en/list/1472,True
38,Amphitheatre of El Jem,Cultural,Arab States,Tunisia,,,"The impressive ruins of the largest colosseum in North Africa, a huge amphitheatre which could hold up to 35,000 spectators, are found in the small village of El Jem. This 3rd-century monument illustrates the grandeur and extent of Imperial Rome.",,(iv)(vi),LOW,3,0,,,,,,amphitheatre,,Criterion_iv,https://whc.unesco.org/en/list/38,True
132,Megalithic Temples of Malta,Cultural,Europe and North America,Malta,,,"Seven megalithic temples are found on the islands of Malta and Gozo, each the result of an individual development. The two temples of Ggantija on the island of Gozo are notable for their gigantic Bronze Age structures. On the island of Malta, the temples of Hagar Qim, Mnajdra and Tarxien are unique architectural masterpieces, given the limited resources available to their builders. The Ta'Hagrat and Skorba complexes show how the tradition of temple-building was handed down in Malta.",,(iv),LOW,3,0,,,,,megalithic,temple,,Criterion_iv,https://whc.unesco.org/en/list/132,True
1732,"Yen Tu-Vinh Nghiem-Con Son, Kiep Bac Complex of Monuments and Landscapes",Cultural,Asia and the Pacific,Viet Nam,,,"The property comprises 12 sites across forested mountains, lowlands, and river valleys. Centred on the Yen Tu Mountain Range, it was home to the Tran Dynasty during the 13th and 14th centuries and the birthplace of Truc Lam Buddhism, a uniquely Vietnamese Zen tradition that shaped the Dai Viet kingdom. The complex includes pagodas, temples, shrines, and archaeological remains tied to religious and historical figures. Strategically located in geologically favourable settings, it remains a vibrant pilgrimage destination.",,(iii)(vi),LOW,3,0,,,,,,pagoda; shrine; temple,,OUV_ArchElements,https://whc.unesco.org/en/list/1732,True
750,"Ancient Ksour of Ouadane, Chinguetti, Tichitt and Oualata",Cultural,Arab States,Mauritania,,,"Founded in the 11th and 12th centuries to serve the caravans crossing the Sahara, these trading and religious centres became focal points of Islamic culture. They have managed to preserve an urban fabric that evolved between the 12th and 16th centuries. Typically, houses with patios crowd along narrow streets around a mosque with a square minaret. They illustrate a traditional way of life centred on the nomadic culture of the people of the western Sahara.","The Committee decided to inscribe the nominated property on the World Heritage List on the basis of cultural criteria (iii), (iv) and (v) considering that these four ancient cities constitute exceptional examples of settlements built to serve the important trade routes of the Sahara Desert, and which were witness to cultural, social and economic contacts for many centuries.",(iii)(iv)(v),LOW,3,0,,,,,,minaret; mosque,,Criterion_iv,https://whc.unesco.org/en/list/750,True
576,Historic City of Ayutthaya,Cultural,Asia and the Pacific,Thailand,,,"Founded c. 1350, Ayutthaya became the second Siamese capital after Sukhothai. It was destroyed by the Burmese in the 18th century. Its remains, characterized by the prang (reliquary towers) and gigantic monasteries, give an idea of its past splendour.",,(iii),LOW,3,0,,,,,capital,capital; monastery; tower,,OUV_ArchElements,https://whc.unesco.org/en/list/576,True
850,Ouadi Qadisha (the Holy Valley) and the Forest of the Cedars of God (Horsh Arz el-Rab),Cultural,Arab States,Lebanon,,,"The Qadisha valley is one of the most important early Christian monastic settlements in the world. Its monasteries, many of which are of a great age, stand in dramatic positions in a rugged landscape. Nearby are the remains of the great forest of cedars of Lebanon, highly prized in antiquity for the construction of great religious buildings.",Criterion iii: The Qadisha Valley has been the site of monastic communities continuously since the earliest years of Christianity. The trees in the Cedar Forest are survivors of a sacred forest and of one of the most highly prized building materials of the ancient world. Criterion iv: The monasteries of the Qadisha Valley are the most significant surviving examples of this fundamental demonstration of Christian faith.,(iii)(iv),LOW,3,0,,,,,,monastery,,Criterion_iv,https://whc.unesco.org/en/list/850,True
620,"Levoča, Spišský Hrad and the Associated Cultural Monuments",Cultural,Europe and North America,Slovakia,,,"Spi&scaron;sk&yacute; Hrad has one of the largest ensembles of 13th and 14th century military, political and religious buildings in eastern Europe, and its Romanesque and Gothic architecture has remained remarkably intact.
The extended site features the addition of the historic town-centre of Levoča founded in the 13th and 14th centuries within fortifications. Most of the site has been preserved and it includes the 14th century church of St James with its ten alters of the 15th and 16th centuries, a remarkable collection of polychrome works in the Late Gothic style, including an 18.6 metre high alterpiece by completed around 1510 by Master Paul.",,(iv),LOW,3,0,,,,,,church,,Criterion_iv,https://whc.unesco.org/en/list/620,True
1723,The Emergence of Modern Human Behaviour: The Pleistocene Occupation Sites of South Africa,Cultural,Africa,South Africa,,,"This serial property contributes to the understanding of the origin of behaviourally modern humans, their cognitive abilities and cultures, and the climatic transitions that they survived. It is composed of three dispersed archaeological sites, Diepkloof Rock Shelter, Pinnacle Point Site Complex, and Sibhudu Cave, located in the Western Cape and KwaZulu-Natal provinces of South Africa. These sites provide the most varied and best-preserved record known of the development of modern human behaviour, reaching back as far as 162,000 years. Symbolic thought and advanced technologies are exemplified by evidence of ochre processing, engraved patterns, decorative beads, decorated eggshells, advanced projectile weapons and techniques for toolmaking, and microliths.",,(iii)(iv)(v),LOW,3,0,,,,,pinnacle,pinnacle,,Criterion_iv,https://whc.unesco.org/en/list/1723,True
1700,"Landmarks of the Ancient Kingdom of Saba, Marib",Cultural,Arab States,Yemen,,,"The Landmarks of the Ancient Kingdom of Saba, Marib, is a serial property comprising seven archaeological sites that bear witness to the rich Kingdom of Saba and its architectural, aesthetic and technological achievements from the 1st millennium BCE to the arrival of Islam around 630 CE. They bear witness to the complex centralized administration of the Kingdom when it controlled much of the incense route across the Arabian Peninsula, playing a key role in the wider network of cultural exchange fostered by trade with the Mediterranean and East Africa. Located in a semi-arid landscape of valleys, mountains and deserts, the property encompasses the remains of large urban settlements with monumental temples, ramparts and other buildings. The irrigation system of ancient Ma'rib reflects technological prowess in hydrological engineering and agriculture on a scale unparalleled in ancient South Arabia, resulting in the creation of the largest ancient man-made oasis.",,(iii)(iv),LOW,3,0,,,,,,temple,,Criterion_iv,https://whc.unesco.org/en/list/1700,True
1562,"Sansa, Buddhist Mountain Monasteries in Korea",Cultural,Asia and the Pacific,Republic of Korea,,,"The Sansa are Buddhist mountain monasteries located throughout the southern provinces of the Korean Peninsula. The spatial arrangement of the seven temples that comprise the property, established from the 7th to 9th centuries, present common characteristics that are specific to Korea – the ‘madang’ (open courtyard) flanked by four buildings (Buddha Hall, pavilion, lecture hall and dormitory). They contain a large number of individually remarkable structures, objects, documents and shrines. These mountain monasteries are sacred places, which have survived as living centres of faith and daily religious practice to the present.",,(iii),LOW,3,0,,,,,,courtyard; monastery; pavilion; shrine; temple,,OUV_ArchElements,https://whc.unesco.org/en/list/1562,True
318,"Monastery and Site of the Escurial, Madrid",Cultural,Europe and North America,Spain,,,"Built at the end of the 16th century on a plan in the form of a grill, the instrument of the martyrdom of St Lawrence, the Escurial Monastery stands in an exceptionally beautiful site in Castile. Its austere architecture, a break with previous styles, had a considerable influence on Spanish architecture for more than half a century. It was the retreat of a mystic king and became, in the last years of Philip II's reign, the centre of the greatest political power of the time.",,(i)(ii)(vi),LOW,3,0,,,,,,monastery,,Criterion_i; Criterion_ii,https://whc.unesco.org/en/list/318,True
58,Urnes Stave Church,Cultural,Europe and North America,Norway,,,"The wooden church of Urnes (the stavkirke) stands in the natural setting of Sogn og Fjordane. It was built in the 12th and 13th centuries and is an outstanding example of traditional Scandinavian wooden architecture. It brings together traces of Celtic art, Viking traditions and Romanesque spatial structures.",,(i)(ii)(iii),LOW,3,0,,,,,,church,,Criterion_i; Criterion_ii,https://whc.unesco.org/en/list/58,True
1731,Sardis and the Lydian Tumuli of Bin Tepe,Cultural,Europe and North America,Türkiye,,,"Sardis was the capital of the Lydians, a powerful Iron Age civilization (8th-6th centuries BCE) known for its wealth and early coinage production. The city had a unique urban structure with fortified walls, terraces, and distinct zones, including settlements, sanctuaries, and cemeteries. The cemetery of Bin Tepe features some of the largest tumulus tombs in the world. The Lydians developed a distinct language and religious system and were widely mentioned in Greek, Roman, and European texts. After their fall, Sardis remained significant under Persian, Greek, Roman, and Byzantine rule.",,(iii),LOW,3,0,,,,,capital,capital; sanctuary; terrace; tomb; wall,,OUV_ArchElements,https://whc.unesco.org/en/list/1731,True
121,Kathmandu Valley,Cultural,Asia and the Pacific,Nepal,,,"The cultural heritage of the Kathmandu Valley is illustrated by seven groups of monuments and buildings which display the full range of historic and artistic achievements for which the Kathmandu Valley is world famous. The seven include the Durbar Squares of Hanuman Dhoka (Kathmandu), Patan and Bhaktapur, the Buddhist stupas of Swayambhu and Bauddhanath and the Hindu temples of Pashupati and Changu Narayan.",,(iii)(iv)(vi),LOW,3,0,,,,,,stupa; temple,,Criterion_iv,https://whc.unesco.org/en/list/121,True
264,Monastery of Batalha,Cultural,Europe and North America,Portugal,,,"The Monastery of the Dominicans of Batalha was built to commemorate the victory of the Portuguese over the Castilians at the battle of Aljubarrota in 1385. It was to be the Portuguese monarchy's main building project for the next two centuries. Here a highly original, national Gothic style evolved, profoundly influenced by Manueline art, as demonstrated by its masterpiece, the Royal Cloister.",,(i)(ii),LOW,3,0,,,,,,cloister; monastery,,Criterion_i; Criterion_ii,https://whc.unesco.org/en/list/264,True
1405,Neolithic Site of Çatalhöyük,Cultural,Europe and North America,Türkiye,,,"Two hills form the 37&nbsp;ha site on the Southern Anatolian Plateau. The taller eastern mound contains eighteen levels of Neolithic occupation between 7400&nbsp;bc and 6200&nbsp;bc, including wall paintings, reliefs, sculptures and other symbolic and artistic features. Together they testify to the evolution of social organization and cultural practices as humans adapted to a sedentary life. The western mound shows the evolution of cultural practices in the Chalcolithic period, from 6200&nbsp;bc to 5200&nbsp;bc. &Ccedil;atalh&ouml;y&uuml;k provides important evidence of the transition from settled villages to urban agglomeration, which was maintained in the same location for over 2,000 years. It features a unique streetless settlement of houses clustered back to back with roof access into the buildings.",,(iii)(iv),LOW,3,0,,,,,,roof; wall,,Criterion_iv,https://whc.unesco.org/en/list/1405,True
1715,Gdynia Modernist City Centre,Cultural,Europe and North America,Poland,,,"Located on the Baltic Sea coast, “Gdynia Modernist City Centre” encompasses the two most significant east-west and north-south streets, featuring interwar planning blocks and the majority of the city centre’s preserved buildings from that period, which reflect the large-scale application of modernist ideas in architectural design. The result is an urban organism that harnesses a building-block-based planning approach to develop a characteristic, compact complex of modernist architecture, with robust individual architectural expressions. The city centre, with its buildings, villas on Kamienna Góra hill, and other residential buildings of this period, illustrates a critical break with historicism in the progression of turning the village of Gdynia into a new major sea gateway of the first Polish Republic between the First and Second World Wars.",,(iv),LOW,3,0,,,,,,base; gateway,,Criterion_iv,https://whc.unesco.org/en/list/1715,True
1683,Eisinga Planetarium in Franeker,Cultural,Europe and North America,Netherlands (Kingdom of the),,,"Built between 1774 and 1781, this property is a moving mechanical scale model of the solar system as it was known at the time. Conceived and built by an ordinary citizen – the wool manufacturer Eise Eisinga – the model is built into the ceiling and south wall of the former living room/bedroom of its creator. Powered by one single pendulum clock, it provides a realistic image of the positions of the Sun, the Moon, the Earth and five other planets (Mercury, Venus, Mars, Jupiter and Saturn). The planets revolve around the Sun in real time and the distance between the planets is at scale. The model fills the entire ceiling of the room, making it one of the earliest predecessors of the ceiling and projection planetariums of the 20th and 21st centuries.",,(iv),LOW,3,0,,,,,,ceiling; wall,,Criterion_iv,https://whc.unesco.org/en/list/1683,True
1687,Ancient Jericho/Tell es-Sultan,Cultural,Arab States,State of Palestine,,,"Ancient Jerico/Tell es-Sultan is located northwest of present-day Jericho in the Jordan Valley in Palestine, the property is an oval-shaped Tell, or mound, that contains the prehistorical deposits of human activity, and includes the adjacent perennial spring of ‘Ain es-Sultan. By the 9th to 8th millennium BC, Neolithic Ancient Jericho/Tell es-Sultan was already a sizeable permanent settlement, as expressed by surviving monumental architectural attributes such as a wall with a ditch and a tower. It reflects the developments of the period, which include the shifting of humanity to a sedentary communal lifestyle and the related transition to new subsistence economies, as well as changes in social organisation and the development of religious practices, testified by skulls and statues found. The Early Bronze Age archaeological material on the site provides insights into urban planning, while vestiges from the Middle Bronze Age reveal the presence of a large Canaanite city-state, equipped with an urban centre and technologically innovative rampart fortifications, occupied by a socially complex population.",,(iii)(iv),LOW,3,0,,,,,,tower; wall,,Criterion_iv,https://whc.unesco.org/en/list/1687,True
1268,Historic Centre of Agadez,Cultural,Africa,Niger,,,"Known as the gateway to the desert, Agadez, on the southern edge of the Sahara desert, developed in the 15th&nbsp;and 16th&nbsp;centuries when the Sultanate of A&iuml;r was established&nbsp; and Touareg tribes were sedentarized in the city, respecting the boundaries of old encampments, which gave rise to a street pattern still in place today. The historic centre of the city, an important crossroads of the caravan trade, is divided into 11 quarters with irregular shapes. They contain numerous earthen dwellings and a well-preserved group of palatial and religious buildings including a 27m high&nbsp; minaret made entirely of mud brick, the highest such structure in the world.&nbsp; The site is marked by ancestral cultural, commercial and handicraft traditions still practiced today and presents exceptional and sophisticated examples of earthen architecture.",,(ii)(iii),LOW,3,0,,,,,,gateway; minaret,,Criterion_ii; OUV_Materials,https://whc.unesco.org/en/list/1268,True
1496,The 20th-Century Architecture of Frank Lloyd Wright,Cultural,Europe and North America,United States of America,,,"The property consists of eight buildings in the United States designed by the architect during the first half of the 20th century. These include well known designs such as Fallingwater (Mill Run, Pennsylvania) and the Guggenheim Museum (New York). All the buildings reflect the ‘organic architecture’ developed by Wright, which includes an open plan, a blurring of the boundaries between exterior and interior and the unprecedented use of materials such as steel and concrete. Each of these buildings offers innovative solutions to the needs for housing, worship, work or leisure. Wright's work from this period had a strong impact on the development of modern architecture in Europe.",,(ii),LOW,3,0,,,,,,,,Criterion_ii; OUV_Materials,https://whc.unesco.org/en/list/1496,True
1018,Ephesus,Cultural,Europe and North America,Türkiye,,,"Located within what was once the estuary of the River Kaystros, Ephesus comprises successive Hellenistic and Roman settlements founded on new locations, which followed the coastline as it retreated westward. Excavations have revealed grand monuments of the Roman Imperial period including the Library of Celsus and the Great Theatre. Little remains of the famous Temple of Artemis, one of the “Seven Wonders of the World,” which drew pilgrims from all around the Mediterranean. Since the 5th century, the House of the Virgin Mary, a domed cruciform chapel seven kilometres from Ephesus, became a major place of Christian pilgrimage. The Ancient City of Ephesus is an outstanding example of a Roman port city, with sea channel and harbour basin.",,(iii)(iv)(vi),LOW,3,0,,,,,,temple; theatre,,Criterion_iv,https://whc.unesco.org/en/list/1018,True
450,Sacred City of Kandy,Cultural,Asia and the Pacific,Sri Lanka,,,"This sacred Buddhist site, popularly known as the city of Senkadagalapura, was the last capital of the Sinhala kings whose patronage enabled the Dinahala culture to flourish for more than 2,500 years until the occupation of Sri Lanka by the British in 1815. It is also the site of the Temple of the Tooth Relic (the sacred tooth of the Buddha), which is a famous pilgrimage site.",,(iv)(vi),LOW,3,0,,,,,capital,capital; temple,,Criterion_iv,https://whc.unesco.org/en/list/450,True
384,Old Town of Cáceres,Cultural,Europe and North America,Spain,,,"The city's history of battles between Moors and Christians is reflected in its architecture, which is a blend of Roman, Islamic, Northern Gothic and Italian Renaissance styles. Of the 30 or so towers from the Muslim period, the Torre del Bujaco is the most famous.",,(iii)(iv),LOW,3,0,,,,,,tower,,Criterion_iv,https://whc.unesco.org/en/list/384,True
1560,Caliphate City of Medina Azahara,Cultural,Europe and North America,Spain,,,"The Caliphate city of Medina Azahara is an archaeological site of a city built in the mid-10th century CE by the Umayyad dynasty as the seat of the Caliphate of Cordoba. After prospering for several years, it was laid to waste during the civil war that put an end to the Caliphate in 1009-1010. The remains of the city were forgotten for almost 1,000 years until their rediscovery in the early 20th century. This complete urban ensemble features infrastructure such as roads, bridges, water systems, buildings, decorative elements and everyday objects. It provides in-depth knowledge of the now vanished Western Islamic civilization of Al-Andalus, at the height of its splendour.",,(iii)(iv),LOW,3,0,,,,,,bridge,,Criterion_iv,https://whc.unesco.org/en/list/1560,True
273,City of Cuzco,Cultural,Latin America and the Caribbean,Peru,,,"Situated in the Peruvian Andes, Cuzco developed, under the Inca ruler Pachacutec, into a complex urban centre with distinct religious and administrative functions. It was surrounded by clearly delineated areas for agricultural, artisan and industrial production. When the Spaniards conquered it in the 16th century, they preserved the basic structure but built Baroque churches and palaces over the ruins of the Inca city.",,(iii)(iv),LOW,3,0,,,,,,church; palace,,Criterion_iv,https://whc.unesco.org/en/list/273,True
1627,Cultural Heritage Sites of Ancient Khuttal,Cultural,Asia and the Pacific,Tajikistan,,,"Ancient Khuttal was a medieval kingdom located between the Panj and Vakhsh Rivers and the Pamir piedmonts. The property includes ten sites and one monument reflecting its role from the 7th to 16th centuries in Silk Roads trade. Khuttal contributed valuable goods like salt, gold, silver, and horses, and served as a hub for cultural, religious, and technological exchanges. Its diverse archaeological remains—Buddhist temples, palaces, settlements, manufacturing centres, and caravanserais—illustrate its strategic importance and vibrant interactions with neighbouring empires.",,(ii)(iii),LOW,3,0,,,,,,palace; temple,,Criterion_ii; OUV_Materials,https://whc.unesco.org/en/list/1627,True
500,Historic Centre of Lima,Cultural,Latin America and the Caribbean,Peru,,,"Although severely damaged by earthquakes, this 'City of the Kings' was, until the middle of the 18th century, the capital and most important city of the Spanish dominions in South America. Many of its buildings, such as the Convent of San Francisco (the largest of its type in this part of the world), are the result of collaboration between local craftspeople and others from the Old World.",,(iv),LOW,3,0,,,,,capital,capital,,Criterion_iv,https://whc.unesco.org/en/list/500,True
347,Santiago de Compostela (Old Town),Cultural,Europe and North America,Spain,,,"This famous pilgrimage site in north-west Spain became a symbol in the Spanish Christians' struggle against Islam. Destroyed by the Muslims at the end of the 10th century, it was completely rebuilt in the following century. With its Romanesque, Gothic and Baroque buildings, the Old Town of Santiago is one of the world's most beautiful urban areas. The oldest monuments are grouped around the tomb of St James and the cathedral, which contains the remarkable P&oacute;rtico de la Gloria.",,(i)(ii)(vi),LOW,3,0,,,,,,cathedral; tomb,,Criterion_i; Criterion_ii,https://whc.unesco.org/en/list/347,True
634,"Church of the Ascension, Kolomenskoye",Cultural,Europe and North America,Russian Federation,,,"The Church of the Ascension was built in 1532 on the imperial estate of Kolomenskoye, near Moscow, to celebrate the birth of the prince who was to become Tsar Ivan IV ('the Terrible'). One of the earliest examples of a traditional wooden tent-roofed church on a stone and brick substructure, it had a great influence on the development of Russian ecclesiastical architecture.",,(ii),LOW,3,0,,,,,,church; roof,,Criterion_ii; OUV_Materials,https://whc.unesco.org/en/list/634,True
632,Cultural and Historic Ensemble of the Solovetsky Islands,Cultural,Europe and North America,Russian Federation,,,"The Solovetsky archipelago comprises six islands in the western part of the White Sea, covering about 300 km2 . They have been inhabited since the 5th century B.C. and important traces of a human presence from as far back as the 5th millennium B.C. can be found there. The archipelago has been the site of fervent monastic activity since the 15th century, and there are several churches dating from the 16th to the 19th century.",,(iv),LOW,3,0,,,,,,church,,Criterion_iv,https://whc.unesco.org/en/list/632,True
665,Royal Monastery of Santa María de Guadalupe,Cultural,Europe and North America,Spain,,,The monastery is an outstanding repository of four centuries of Spanish religious architecture. It symbolizes two significant events in world history that occurred in 1492: the Reconquest of the Iberian peninsula by the Catholic Kings and Christopher Columbus' arrival in the Americas. Its famous statue of the Virgin became a powerful symbol of the Christianization of much of the New World.,,(iv)(vi),LOW,3,0,,,,,,monastery,,Criterion_iv,https://whc.unesco.org/en/list/665,True
791,Pre-Hispanic Town of Uxmal,Cultural,Latin America and the Caribbean,Mexico,,,"The Mayan town of Uxmal, in Yucatán, was founded c. A.D. 700 and had some 25,000 inhabitants. The layout of the buildings, which date from between 700 and 1000, reveals a knowledge of astronomy. The Pyramid of the Soothsayer, as the Spaniards called it, dominates the ceremonial centre, which has well-designed buildings decorated with a profusion of symbolic motifs and sculptures depicting Chaac, the god of rain. The ceremonial sites of Uxmal, Kabah, Labna and Sayil are considered the high points of Mayan art and architecture.","The Committee decided to inscribe the nominated property on the basis of cultural criteria (i), (ii) and (iii) considering that the site is of outstanding universal value. The ruins of the ceremonial structures at Uxmal represent the pinnacle of late Mayan art and architecture in their design, layout and ornamentation, and the complex of Uxmal and its three related towns of Kabáh, Labná and Sayil admirably demonstrate the social and economic structure of late Mayan society.",(i)(ii)(iii),LOW,3,0,,,,,pinnacle,pinnacle; pyramid,,Criterion_i; Criterion_ii,https://whc.unesco.org/en/list/791,True
1473,Brâncuși Monumental Ensemble of Târgu Jiu,Cultural,Europe and North America,Romania,,,"Austere, contemplative, yet accessible, the monumental ensemble of Târgu Jiu was created in 1937-1938 by Constantin Brâncuși, an influential pioneer of abstract sculpture, to commemorate those who died defending the city during the First World War. Located in two parks connected by the narrow Avenue of Heroes, the property includes the monumental ensemble of sculptural installations and the pre-existing Church of the Holy Apostles Peter and Paul, located on the axis. The remarkable fusion of abstract sculpture, landscape architecture, engineering, and urban planning conceived by Constantin Brâncuși goes far beyond the local wartime episode to offer an original vision of the human condition.",,(i)(ii),LOW,3,0,,,,,,church,,Criterion_i; Criterion_ii,https://whc.unesco.org/en/list/1473,True
21,Ancient City of Aleppo,Cultural,Arab States,Syrian Arab Republic,,,"Located at the crossroads of several trade routes from the 2nd millennium B.C., Aleppo was ruled successively by the Hittites, Assyrians, Arabs, Mongols, Mamelukes and Ottomans. The 13th-century citadel, 12th-century Great Mosque and various 17th-century madrasas, palaces, caravanserais and hammams all form part of the city's cohesive, unique urban fabric, now threatened by overpopulation.",,(iii)(iv),LOW,3,0,,,,,,mosque; palace,,Criterion_iv,https://whc.unesco.org/en/list/21,True
678,Complex of Hué Monuments,Cultural,Asia and the Pacific,Viet Nam,,,"Established as the capital of unified Viet Nam in 1802, Hué was not only the political but also the cultural and religious centre under the Nguyen dynasty until 1945. The Perfume River winds its way through the Capital City, the Imperial City, the Forbidden Purple City and the Inner City, giving this unique feudal capital a setting of great natural beauty.",,(iv),LOW,3,0,,,,,capital,capital,,Criterion_iv,https://whc.unesco.org/en/list/678,True
596,Villages with Fortified Churches in Transylvania,Cultural,Europe and North America,Romania,,,"These Transylvanian villages with their fortified churches provide a vivid picture of the cultural landscape of southern Transylvania. The seven villages inscribed, founded by the Transylvanian Saxons, are characterized by a specific land-use system, settlement pattern and organization of the family farmstead that have been preserved since the late Middle Ages. They are dominated by their fortified churches, which illustrate building styles from the 13th to the 16th century.",,(iv),LOW,3,0,,,,,,church,,Criterion_iv,https://whc.unesco.org/en/list/596,True
1136,Luis Barragán House and Studio,Cultural,Latin America and the Caribbean,Mexico,,,"Built in 1948, the House and Studio of architect Luis Barragán in the suburbs of Mexico City represents an outstanding example of the architect’s creative work in the post-Second World War period. The concrete building, totalling 1,161 m2, consists of a ground floor and two upper storeys, as well as a small private garden. Barragán’s work integrated modern and traditional artistic and vernacular currents and elements into a new synthesis, which has been greatly influential, especially in the contemporary design of gardens, plazas and landscapes.","Criterion (i): The House and Studio of Luis Barragán represents a masterpiece of the new developments in the Modern Movement, integrating traditional, philosophical and artistic currents into a new synthesis.
Criterion (ii): The work of Luis Barragán exhibits the integration of modern and traditional influences, which in turn have had an important impact especially on the design of garden and urban landscape design.",(i)(ii),LOW,3,0,,,,,,floor,,Criterion_i; Criterion_ii,https://whc.unesco.org/en/list/1136,True
1046,Alto Douro Wine Region,Cultural,Europe and North America,Portugal,,,"Wine has been produced by traditional landholders in the Alto Douro region for some 2,000 years. Since the 18th century, its main product, port wine, has been world famous for its quality. This long tradition of viticulture has produced a cultural landscape of outstanding beauty that reflects its technological, social and economic evolution.","Criterion (iii): The Alto Douro Region has been producing wine for nearly two thousand years and its landscape has been moulded by human activities.
Criterion (iv): The components of the Alto Douro landscape are representative of the full range of activities association with winemaking – terraces, quintas (wine-producing farm complexes), villages, chapels, and roads.
Criterion (v): The cultural landscape of the Alto Douro is an outstanding example of a traditional European wine-producing region, reflecting the evolution of this human activity over time.",(iii)(iv)(v),LOW,3,0,,,,,,terrace,,Criterion_iv,https://whc.unesco.org/en/list/1046,True
987,Roman Walls of Lugo,Cultural,Europe and North America,Spain,,,The walls of Lugo were built in the later part of the 3rd century to defend the Roman town of Lucus. The entire circuit survives intact and is the finest example of late Roman fortifications in western Europe.,Criterion (iv): The Roman walls of Lugo are the finest surviving example of late Roman military fortifications.,(iv),LOW,3,0,,,,,,wall,,Criterion_iv,https://whc.unesco.org/en/list/987,True
884,"Three Castles, Defensive Wall and Ramparts of the Market-Town of Bellinzona",Cultural,Europe and North America,Switzerland,,,"The Bellinzona site consists of a group of fortifications grouped around the castle of Castelgrande, which stands on a rocky peak looking out over the entire Ticino valley. Running from the castle, a series of fortified walls protect the ancient town and block the passage through the valley. A second castle (Montebello) forms an integral part of the fortifications, while a third but separate castle (Sasso Corbaro) was built on an isolated rocky promontory south-east of the other fortifications.",Criterion (iv): The fortified ensemble of Bellinzona is an outstanding example of a late medieval defensive structure guarding a key strategic Alpine pass.,(iv),LOW,3,0,,,,,,castle; wall,,Criterion_iv,https://whc.unesco.org/en/list/884,True
738,Jongmyo Shrine,Cultural,Asia and the Pacific,Republic of Korea,,,"Jongmyo is the oldest and most authentic of the Confucian royal shrines to have been preserved. Dedicated to the forefathers of the Joseon dynasty (1392–1910), the shrine has existed in its present form since the 16th century and houses tablets bearing the teachings of members of the former royal family. Ritual ceremonies linking music, song and dance still take place there, perpetuating a tradition that goes back to the 14th century.",,(iv),LOW,3,0,,,,,,shrine,,Criterion_iv,https://whc.unesco.org/en/list/738,True
737,"Haeinsa Temple Janggyeong Panjeon, the Depositories for the Tripitaka Koreana Woodblocks",Cultural,Asia and the Pacific,Republic of Korea,,,"The Temple of Haeinsa, on Mount Gaya, is home to the Tripitaka Koreana , the most complete collection of Buddhist texts, engraved on 80,000 woodblocks between 1237 and 1248. The buildings of Janggyeong Panjeon, which date from the 15th century, were constructed to house the woodblocks, which are also revered as exceptional works of art. As the oldest depository of the Tripitaka , they reveal an astonishing mastery of the invention and implementation of the conservation techniques used to preserve these woodblocks.",,(iv)(vi),LOW,3,0,,,,,,temple,,Criterion_iv,https://whc.unesco.org/en/list/737,True
310,Cave of Altamira and Paleolithic Cave Art of Northern Spain,Cultural,Europe and North America,Spain,,,"Seventeen decorated caves of the Paleolithic age were inscribed as an extension to the Altamira Cave, inscribed in 1985. The property will now appear on the List as Cave of Altamira and Paleolithic Cave Art of Northern Spain. The property represents the apogee of Paleolithic cave art that developed across Europe, from the Urals to the Iberian Peninusula, from 35,000 to 11,000 BC. Because of their deep galleries, isolated from external climatic influences, these caves are particularly well preserved. The caves are inscribed as masterpieces of creative genius and as the humanity’s earliest accomplished art. They are also inscribed as exceptional testimonies to a cultural tradition and as outstanding illustrations of a significant stage in human history.",,(i)(iii),HIGH,3,0,,,,,,gallery,cave,Criterion_i; Title_Stone_Keyword,https://whc.unesco.org/en/list/310,True
885,Historic Centre of Shakhrisyabz,Cultural,Asia and the Pacific,Uzbekistan,,,"The historic centre of Shakhrisyabz contains a collection of exceptional monuments and ancient quarters which bear witness to the city's secular development, and particularly to the period of its apogee, under the rule of Amir Temur and the Temurids, in the 15th-16th century.","Criterion iii : Shakhrisyabz contains many fine monuments, and in particular those from the Timurid period, which was of great cultural and political significance in medieval Central Asia.
Criterion iv : The buildings of Shakhrisyabz, notably the Ak-Sarai Palace and the Tomb of Timur, are outstanding examples of a style which had a profound influence on the architecture of this region.",(iii)(iv),LOW,3,0,,,,,,palace; tomb,,Criterion_iv,https://whc.unesco.org/en/list/885,True
444,Ksar of Ait-Ben-Haddou,Cultural,Arab States,Morocco,,,"The ksar, a group of earthen buildings surrounded by high walls, is a traditional pre-Saharan habitat. The houses crowd together within the defensive walls, which are reinforced by corner towers. Ait-Ben-Haddou, in Ouarzazate province, is a striking example of the architecture of southern Morocco.",,(iv)(v),LOW,3,0,,,,,,tower; wall,,Criterion_iv,https://whc.unesco.org/en/list/444,True
793,Historic City of Meknes,Cultural,Arab States,Morocco,,,"Founded in the 11th century by the Almoravids as a military settlement, Meknes became a capital under Sultan Moulay Ismaïl (1672–1727), the founder of the Alawite dynasty. The sultan turned it into a impressive city in Spanish-Moorish style, surrounded by high walls with great doors, where the harmonious blending of the Islamic and European styles of the 17th century Maghreb are still evident today.",The Committee decided to inscribe the Historic City of Meknes under cultural criterion (iv) because it represents in an exceptionally complete and well preserved way the urban fabric and monumental buildings of a 17th century Maghreb capital city which combines elements of Islamic and European design and planning in a harmonious fashion.,(iv),LOW,3,0,,,,,capital,capital; wall,,Criterion_iv,https://whc.unesco.org/en/list/793,True
1312,Tower of Hercules,Cultural,Europe and North America,Spain,,,"The Tower of Hercules has served as a lighthouse and landmark at the entrance of La Coruña harbour in north-western Spain since the late 1st century A.D. when the Romans built the Farum Brigantium. The Tower, built on a 57 metre high rock, rises a further 55 metres, of which 34 metres correspond to the Roman masonry and 21 meters to the restoration directed by architect Eustaquio Giannini in the 18th century, who augmented the Roman core with two octagonal forms. Immediately adjacent to the base of the Tower, is a small rectangular Roman building. The site also features a sculpture park, the Monte dos Bicos rock carvings from the Iron Age and a Muslim cemetery. The Roman foundations of the building were revealed in excavations conducted in the 1990s. Many legends from the Middle Ages to the 19th century surround the Tower of Hercules, which is unique as it is the only lighthouse of Greco-Roman antiquity to have retained a measure of structural integrity and functional continuity.",,(iii),LOW,3,0,,,,,masonry,base; foundation; tower,,OUV_ArchElements,https://whc.unesco.org/en/list/1312,True
263,Monastery of the Hieronymites and Tower of Belém in Lisbon,Cultural,Europe and North America,Portugal,,,"Standing at the entrance to Lisbon harbour, the Monastery of the Hieronymites &ndash; construction of which began in 1502 &ndash; exemplifies Portuguese art at its best. The nearby Tower of Bel&eacute;m, built to commemorate Vasco da Gama's expedition, is a reminder of the great maritime discoveries that laid the foundations of the modern world.",,(iii)(vi),LOW,3,0,,,,,,foundation; monastery; tower,,OUV_ArchElements,https://whc.unesco.org/en/list/263,True
1587,Megalithic Jar Sites in Xiengkhuang – Plain of Jars,Cultural,Asia and the Pacific,Lao People's Democratic Republic,,,"The Plain of Jars, located on a plateau in central Laos, gets its name from more than 2,100 tubular-shaped megalithic stone jars used for funerary practices in the Iron Age. This serial property of 15 components contains large carved stone jars, stone discs, secondary burials, tombstones, quarries and funerary objects dating from 500 BCE to 500 CE. The jars and associated elements are the most prominent evidence of the Iron Age civilization that made and used them until it disappeared, around 500 CE.",,(iii),MEDIUM,3,0,,,,,megalithic; quarry,,,OUV_Construction,https://whc.unesco.org/en/list/1587,True
365,Khami Ruins National Monument,Cultural,Africa,Zimbabwe,,,"Khami, which developed after the capital of Great Zimbabwe had been abandoned in the mid-16th century, is of great archaeological interest. The discovery of objects from Europe and China shows that Khami was a major centre for trade over a long period of time.",,(iii)(iv),LOW,3,0,,,,,capital,capital,,Criterion_iv,https://whc.unesco.org/en/list/365,True
763,Lednice-Valtice Cultural Landscape,Cultural,Europe and North America,Czechia,,,"Between the 17th and 20th centuries, the ruling dukes of Liechtenstein transformed their domains in southern Moravia into a striking landscape. It married Baroque architecture (mainly the work of Johann Bernhard Fischer von Erlach) and the classical and neo-Gothic style of the castles of Lednice and Valtice with countryside fashioned according to English romantic principles of landscape architecture. At 200 km2 , it is one of the largest artificial landscapes in Europe.","The Committee decided to inscribe the nominated property on the basis of cultural criteria (i),(ii) and (iv) considering that the site is of outstanding universal value being a cultural landscape which is an exceptional example of the designed landscape that evolved in the Enlightenment and afterwards under the care of a single family. It succeeds in bringing together in harmony cultural monuments from successive periods and both indigenous and exotic natural elements to create an outstanding work of human creativity. The Committee decided to include criterion (i) to the proposed criteria since the ensemble is an outstanding example of human creativity.",(i)(ii)(iv),LOW,3,0,,,,,,castle,,Criterion_iv; Criterion_i; Criterion_ii,https://whc.unesco.org/en/list/763,True
322,Ruins of the Buddhist Vihara at Paharpur,Cultural,Asia and the Pacific,Bangladesh,,,"Evidence of the rise of Mahayana Buddhism in Bengal from the 7th century onwards, Somapura Mahavira, or the Great Monastery, was a renowned intellectual centre until the 12th century. Its layout perfectly adapted to its religious function, this monastery-city represents a unique artistic achievement. With its simple, harmonious lines and its profusion of carved decoration, it influenced Buddhist architecture as far away as Cambodia.",,(i)(ii)(vi),LOW,3,0,,,,,,monastery,,Criterion_i; Criterion_ii,https://whc.unesco.org/en/list/322,True
1726,"The Palaces of King Ludwig II of Bavaria: Neuschwanstein, Linderhof, Schachen and Herrenchiemsee",Cultural,Europe and North America,Germany,,,"This serial property consists of four grand palace complexes in Bavaria’s alpine region, built under King Ludwig II between 1868 and 1886. Designed as personal retreats and imaginative escapes, they reflect the romantic and eclectic spirit of the era. Drawing inspiration from the Wartburg Castle, Versailles, German fairy tales, and Wagner’s operas, the palaces showcase historicist styles and advanced 19th-century techniques. Carefully integrated into stunning natural landscapes, they embody Ludwig’s artistic vision. Opened to the public shortly after his death in 1886, these sites are now preserved as museums and remain major cultural landmarks.",,(iv),LOW,3,0,,,,,,castle; palace,,Criterion_iv,https://whc.unesco.org/en/list/1726,True
1705,Schwerin Residence Ensemble,Cultural,Europe and North America,Germany,,,"Established on the shores of Lake Schwerin in northeast Germany, the Schwerin Residence Ensemble is an architectural and landscape ensemble, which fits very precisely within the context of the emergence and development of the historicist style in Europe. Created for the most part in the 19th century in what was then the capital of the Grand Duchy of Mecklenburg-Schwerin in northeast Germany, the property comprises 38 elements, including the Grand Duke’s Residence Palace and manor houses, cultural and sacred buildings, and the Pfaffenteich ornamental lake. But it also fulfils all the functions required of a ducal capital in terms of administration, defence, service infrastructure, transportation, prestige and cultural activities, with parks, canals, ponds and lakes, and public spaces. The buildings form an exceptional architectural ensemble, ranging from Neo­-Classical to Neo-Baroque and Neo-Renaissance and even includes in certain cases references to the more regional Neo-Renaissance ""Johann-Albrecht"" style, with influences from the Italian Renaissance.",,(iv),LOW,3,0,,,,,capital,capital; palace,,Criterion_iv,https://whc.unesco.org/en/list/1705,True
1656,Jewish-Medieval Heritage of Erfurt,Cultural,Europe and North America,Germany,,,"Located in the medieval historic centre of Erfurt, the capital city of Thuringia, the property comprises three monuments: the Old Synagogue, the Mikveh, and the Stone House. They illustrate the life of the local Jewish community and its coexistence with a Christian majority in Central Europe during the Middle Ages, between the end of the 11th and the mid-14th century.",,(iv),LOW,3,0,,,,,capital,capital,,Criterion_iv,https://whc.unesco.org/en/list/1656,True
1413,Bergpark Wilhelmshöhe,Cultural,Europe and North America,Germany,,,"Descending a long hill dominated by a giant statue of Hercules, the monumental water displays of Wilhelmshöhe were begun by Landgrave Carl of Hesse-Kassel in 1689 around an east-west axis and were developed further into the 19th century. Reservoirs and channels behind the Hercules Monument supply water to a complex system of hydro-pneumatic devices that supply the site’s large Baroque water theatre, grotto, fountains and 350-metre long Grand Cascade. Beyond this, channels and waterways wind across the axis, feeding a series of dramatic waterfalls and wild rapids, the geyser-like Grand Fountain which leaps 50m high, the lake and secluded ponds that enliven the Romantic garden created in the 18th century by Carl’s great-grandson, Elector Wilhelm I. The great size of the park and its waterworks along with the towering Hercules statue constitute an expression of the ideals of absolutist Monarchy while the ensemble is a remarkable testimony to the aesthetics of the Baroque and Romantic periods.",,(iii)(iv),LOW,3,0,,,,,,theatre; tower,,Criterion_iv,https://whc.unesco.org/en/list/1413,True
515,Abbey and Altenmünster of Lorsch,Cultural,Europe and North America,Germany,,,"The abbey, together with its monumental entrance, the famous 'Torhall', are rare architectural vestiges of the Carolingian era. The sculptures and paintings from this period are still in remarkably good condition.",,(iii)(iv),LOW,3,0,,,,,,abbey,,Criterion_iv,https://whc.unesco.org/en/list/515,True
783,Luther Memorials in Eisleben and Wittenberg,Cultural,Europe and North America,Germany,,,"These places in Saxony-Anhalt are all associated with the lives of Martin Luther and his fellow-reformer Melanchthon. They include Melanchthon's house in Wittenberg, the houses in Eisleben where Luther was born in 1483 and died in 1546, his room in Wittenberg, the local church and the castle church where, on 31 October 1517, Luther posted his famous '95 Theses', which launched the Reformation and a new era in the religious and political history of the Western world.","The Committee decided to inscribe the nominated property on the basis of criteria (iv) and (vi), considering that it is of outstanding universal value bearing unique testimony to the Protestant Reformation, which was one of the most significant events in the religious and political history of the world and constitutes outstanding examples of 19th century historicism. The Committee congratulated the German authorities on this nomination and considered that its symbolic value clearly justifies inscription under cultural criterion (vi).",(iv)(vi),LOW,3,0,,,,,,castle; church,,Criterion_iv,https://whc.unesco.org/en/list/783,True
323,Royal Palaces of Abomey,Cultural,Africa,Benin,,,"From 1625 to 1900, 12 kings succeeded one another at the head of the powerful Kingdom of Abomey. With the exception of King Akaba, who had his own separate enclosure, they all had their palaces built within the same cob-wall area, in keeping with previous palaces as regards the use of space and materials. The royal palaces of Abomey are a unique reminder of this vanished kingdom.",,(iii)(iv),LOW,3,0,,,,,,palace; wall,,Criterion_iv,https://whc.unesco.org/en/list/323,True
708,Historical Monuments of Mtskheta,Cultural,Europe and North America,Georgia,,,"The historic churches of Mtskheta, former capital of Georgia, are outstanding examples of medieval religious architecture in the Caucasus. They show the high artistic and cultural level attained by this ancient kingdom.",,(iii)(iv),LOW,3,0,,,,,capital,capital; church,,Criterion_iv,https://whc.unesco.org/en/list/708,True
709,Upper Svaneti,Cultural,Europe and North America,Georgia,,,"Preserved by its long isolation, the Upper Svaneti region of the Caucasus is an exceptional example of mountain scenery with medieval-type villages and tower-houses. The village of Chazhashi still has more than 200 of these very unusual houses, which were used both as dwellings and as defence posts against the invaders who plagued the region.","The Committee decided to inscribe the nominated property on the basis of cultural criteria (iv) and (v), considering that the region of Upper Svaneti is of outstanding universal value being an exceptional landscape that has preserved to a remarkable degree its original medieval appearance, notable for the distribution, form, and architecture of its human settlements.",(iv)(v),LOW,3,0,,,,,,tower,,Criterion_iv,https://whc.unesco.org/en/list/709,True
566,Historic City of Sucre,Cultural,Latin America and the Caribbean,Bolivia (Plurinational State of),,,"Sucre, the first capital of Bolivia, was founded by the Spanish in the first half of the 16th century. Its many well-preserved 16th-century religious buildings, such as San Lázaro, San Francisco and Santo Domingo, illustrate the blending of local architectural traditions with styles imported from Europe.",,(iv),LOW,3,0,,,,,capital,capital,,Criterion_iv,https://whc.unesco.org/en/list/566,True
567,Tiwanaku: Spiritual and Political Centre of the Tiwanaku Culture,Cultural,Latin America and the Caribbean,Bolivia (Plurinational State of),,,"The city of Tiwanaku, capital of a powerful pre-Hispanic empire that dominated a large area of the southern Andes and beyond, reached its apogee between 500 and 900 AD. Its monumental remains testify to the cultural and political significance of this civilisation, which is distinct from any of the other pre-Hispanic empires of the Americas.","Criterion (iii): The ruins of Tiwanaku bear striking witness to the power of the empire that played a leading role in the development of the Andean prehispanic civilization.
Criterion (iv): The buildings of Tiwanaku are exceptional examples of the ceremonial and public architecture and art of one of the most important manifestations of the civilizations of the Andean region.",(iii)(iv),LOW,3,0,,,,,capital,capital,,Criterion_iv,https://whc.unesco.org/en/list/567,True
180,"National History Park – Citadel, Sans Souci, Ramiers",Cultural,Latin America and the Caribbean,Haiti,,,"These Haitian monuments date from the beginning of the 19th century, when Haiti proclaimed its independence. The Palace of Sans Souci, the buildings at Ramiers and, in particular, the Citadel serve as universal symbols of liberty, being the first monuments to be constructed by black slaves who had gained their freedom.",,(iv)(vi),LOW,3,0,,,,,,palace,,Criterion_iv,https://whc.unesco.org/en/list/180,True
1569,The Maison Carrée of Nîmes,Cultural,Europe and North America,France,,,"Built in the 1st century AD in the Roman colony of Nemausus – today’s city of Nîmes in the Occitanie region– the Maison Carrée is one of the earliest examples of a Roman temple which can be connected to the imperial worship in the provinces of Rome. Dedicated to the presumptive heirs of Augustus, the princes of Youth, prematurely deceased, this building confirmed the control of Rome on the conquered territory while expressing in a symbolic way the allegiance and attachment of the people from the city of Nemausus to Augustus’ dynasty. The architecture of the Maison Carrée and its sophisticated decoration took part, symbolically, in the dissemination of Augustus ideologic program which turned the Ancient Rome from republic to empire, thus opening a new golden age bearer of promises of peace, prosperity and stability known by the name of Pax Romana.",,(iv),LOW,3,0,,,,,,temple,,Criterion_iv,https://whc.unesco.org/en/list/1569,True
321,Historic Mosque City of Bagerhat,Cultural,Asia and the Pacific,Bangladesh,,,"Situated in the suburbs of Bagerhat, at the meeting-point of the Ganges and Brahmaputra rivers, this ancient city, formerly known as Khalifatabad, was founded by the Turkish general Ulugh Khan Jahan in the 15th century. The city’s infrastructure reveals considerable technical skill and an exceptional number of mosques and early Islamic monuments, many built of brick, can be seen there.",,(iv),LOW,3,0,,,,,,mosque,,Criterion_iv,https://whc.unesco.org/en/list/321,True
191,Djémila,Cultural,Arab States,Algeria,,,"Situated 900 m above sea-level, Dj&eacute;mila, or Cuicul, with its forum, temples, basilicas, triumphal arches and houses, is an interesting example of Roman town planning adapted to a mountain location.",,(iii)(iv),LOW,3,0,,,,,,arch; temple,,Criterion_iv,https://whc.unesco.org/en/list/191,True
1315,Shushtar Historical Hydraulic System,Cultural,Asia and the Pacific,Iran (Islamic Republic of),,,"Shushtar, Historical Hydraulic System, inscribed as a masterpiece of creative genius, can be traced back to Darius the Great in the 5th century B.C. It involved the creation of two main diversion canals on the river Kârun one of which, Gargar canal, is still in use providing water to the city of Shushtar via a series of tunnels that supply water to mills. It forms a spectacular cliff from which water cascades into a downstream basin. It then enters the plain situated south of the city where it has enabled the planting of orchards and farming over an area of 40,000 ha. known as Mianâb (Paradise). The property has an ensemble of remarkable sites including the Salâsel Castel, the operation centre of the entire hydraulic system, the tower where the water level is measured, dams, bridges, basins and mills. It bears witness to the know-how of the Elamites and Mesopotamians as well as more recent Nabatean expertise and Roman building influence.",,(i)(ii)(v),LOW,3,0,,,,,,bridge; tower,,Criterion_i; Criterion_ii,https://whc.unesco.org/en/list/1315,True
1208,Bam and its Cultural Landscape,Cultural,Asia and the Pacific,Iran (Islamic Republic of),,,"Bam is situated in a desert environment on the southern edge of the Iranian high plateau. The origins of Bam can be traced back to the Achaemenid period (6th to 4th centuries BC). Its heyday was from the 7th to 11th centuries, being at the crossroads of important trade routes and known for the production of silk and cotton garments. The existence of life in the oasis was based on the underground irrigation canals, the qanāts, of which Bam has preserved some of the earliest evidence in Iran. Arg-e Bam is the most representative example of a fortified medieval town built in vernacular technique using mud layers (Chineh ).","Criterion (ii): Bam developed at the crossroads of important trade routes at the southern side of the Iranian high plateau, and it became an outstanding example of the interaction of the various influences.
Criterion (iii): The Bam and its Cultural Landscape represents an exceptional testimony to the development of a trading settlement in the desert environment of the Central Asian region.
Criterion (iv): The city of Bam represents an outstanding example of a fortified settlement and citadel in the Central Asian region, based on the use mud layer technique (Chineh) combined with mud bricks (Khesht).
Criterion (v): The cultural landscape of Bam is an outstanding representation of the interaction of man and nature in a desert environment, using the qanats. The system is based on a strict social system with precise tasks and responsibilities, which have been maintained in use until the present, but has now become vulnerable to irreversible change.",(ii)(iii)(iv)(v),LOW,3,0,,,,,,base,,Criterion_iv; Criterion_ii; OUV_Materials,https://whc.unesco.org/en/list/1208,True
193,Tipasa,Cultural,Arab States,Algeria,,,"On the shores of the Mediterranean, Tipasa was an ancient Punic trading-post conquered by Rome and turned into a strategic base for the conquest of the kingdoms of Mauritania. It comprises a unique group of Phoenician, Roman, palaeochristian and Byzantine ruins alongside indigenous monuments such as the Kbor er Roumia, the great royal mausoleum of Mauretania.",,(iii)(iv),LOW,3,0,,,,,,base; mausoleum,,Criterion_iv,https://whc.unesco.org/en/list/193,True
113,Tchogha Zanbil,Cultural,Asia and the Pacific,Iran (Islamic Republic of),,,"The ruins of the holy city of the Kingdom of Elam, surrounded by three huge concentric walls, are found at Tchogha Zanbil. Founded c. 1250 B.C., the city remained unfinished after it was invaded by Ashurbanipal, as shown by the thousands of unused bricks left at the site.",,(iii)(iv),LOW,3,0,,,,,,wall,,Criterion_iv,https://whc.unesco.org/en/list/113,True
1511,"Mbanza Kongo, Vestiges of the Capital of the former Kingdom of Kongo",Cultural,Africa,Angola,,,"The town of Mbanza Kongo, located on a plateau at an altitude of 570 m, was the political and spiritual capital of the Kingdom of Kongo, one of the largest constituted states in Southern Africa from the 14th to 19th centuries. The historical area grew around the royal residence, the customary court and the holy tree, as well as the royal funeral places. When the Portuguese arrived in the 15th century they added stone buildings constructed in accordance with European methods to the existing urban conurbation built in local materials. Mbanza Kongo illustrates, more than anywhere in sub-Saharan Africa, the profound changes caused by the introduction of Christianity and the arrival of the Portuguese into Central Africa.",,(iii)(iv),LOW,3,0,,,,,capital,capital,,Criterion_iv,https://whc.unesco.org/en/list/1511,True
1739,Maratha Military Landscapes of India,Cultural,Asia and the Pacific,India,,,"The property includes twelve major fortifications, mostly in Maharashtra State, with one in Tamil Nadu. These forts, such as Raigad, Shivneri, and Sindhudurg, were built, adapted, or expanded by the Marathas between the late 17th and early 19th centuries. Strategically located on coastal and mountainous terrain, they formed a complex defence system supporting Maratha military dominance, trade protection, and territorial control. This network played a key role in the Marathas’ rise as a major political and military force.",,(iv)(vi),LOW,3,0,,,,,,fort,,Criterion_iv,https://whc.unesco.org/en/list/1739,True
1711,Moidams – the Mound-Burial System of the Ahom Dynasty,Cultural,Asia and the Pacific,India,,,"Set in the foothills of the Patkai Ranges in eastern Assam, the property contains the royal necropolis of the Tai-Ahom. For 600 years, the Tai-Ahom created moidams (burial mounds) accentuating the natural topography of hills, forests and water, thus forming a sacred geography. Banyan trees and the trees used for coffins and bark manuscripts were planted and water bodies created. Ninety moidams – hollow vaults built of brick, stone or earth – of different sizes are found within the site. They contain the remains of kings and other royals together with grave goods such as food, horses and elephants, and sometimes queens and servants. The Tai-Ahom rituals of “Me-Dam-Me-Phi” and “Tarpan” are practiced at the Charaideo necropolis. While moidams are found in other areas within the Brahmaputra Valley, those found at the property are regarded as exceptional.",,(iii)(iv),LOW,3,0,,,,,,vault,,Criterion_iv,https://whc.unesco.org/en/list/1711,True
1375,Santiniketan,Cultural,Asia and the Pacific,India,,,"Established in rural West Bengal in 1901 by the renowned poet and philosopher Rabindranath Tagore, Santiniketan was a residential school and centre for art based on ancient Indian traditions and a vision of the unity of humanity transcending religious and cultural boundaries. A ‘world university’ was established at Santiniketan in 1921, recognizing the unity of humanity or “Visva Bharati”. Distinct from the prevailing British colonial architectural orientations of the early 20th century and of European modernism, Santiniketan represents approaches toward a pan-Asian modernity, drawing on ancient, medieval and folk traditions from across the region.",,(iv)(vi),LOW,3,0,,,,,,base,,Criterion_iv,https://whc.unesco.org/en/list/1375,True
1502,"Archaeological Site of Nalanda Mahavihara at Nalanda, Bihar",Cultural,Asia and the Pacific,India,,,"The Nalanda Mahavihara site is in the State of Bihar, in north-eastern India. It comprises the archaeological remains of a monastic and scholastic institution dating from the 3rd century BCE to the 13th century CE. It includes stupas, shrines, viharas (residential and educational buildings) and important art works in stucco, stone and metal. Nalanda stands out as the most ancient university of the Indian Subcontinent. It engaged in the organized transmission of knowledge over an uninterrupted period of 800 years. The historical development of the site testifies to the development of Buddhism into a religion and the flourishing of monastic and educational traditions.",,(iv)(vi),LOW,3,0,,,,,,shrine; stupa,,Criterion_iv,https://whc.unesco.org/en/list/1502,True
1338,"The Jantar Mantar, Jaipur",Cultural,Asia and the Pacific,India,,,"The Jantar Mantar, in Jaipur, is an astronomical observation site built in the early 18th century. It includes a set of some 20 main fixed instruments. They are monumental examples in masonry of known instruments but which in many cases have specific characteristics of their own. Designed for the observation of astronomical positions with the naked eye, they embody several architectural and instrumental innovations. This is the most significant, most comprehensive, and the best preserved of India's historic observatories. It is an expression of the astronomical skills and cosmological concepts of the court of a scholarly prince at the end of the Mughal period.",,(iii)(iv),LOW,3,0,,,,,masonry,,,Criterion_iv,https://whc.unesco.org/en/list/1338,True
239,Group of Monuments at Pattadakal,Cultural,Asia and the Pacific,India,,,"Pattadakal, in Karnataka, represents the high point of an eclectic art which, in the 7th and 8th centuries under the Chalukya dynasty, achieved a harmonious blend of architectural forms from northern and southern India. An impressive series of nine Hindu temples, as well as a Jain sanctuary, can be seen there. One masterpiece from the group stands out – the Temple of Virupaksha, built c. 740 by Queen Lokamahadevi to commemorate her husband's victory over the kings from the South.",,(iii)(iv),LOW,3,0,,,,,,sanctuary; temple,,Criterion_iv,https://whc.unesco.org/en/list/239,True
853,Early Christian Necropolis of Pécs (Sopianae),Cultural,Europe and North America,Hungary,,,"In the 4th century, a remarkable series of decorated tombs were constructed in the cemetery of the Roman provincial town of Sopianae (modern Pécs). These are important both structurally and architecturally, since they were built as underground burial chambers with memorial chapels above the ground. The tombs are important also in artistic terms, since they are richly decorated with murals of outstanding quality depicting Christian themes.","Criterion (iii): The burial chambers and memorial chapels of the Sopianae cemetery bear outstanding testimony to the strength and faith of the Christian communities of Late Roman Europe.
Criterion (iv): The unique Early Christian sepulchral art and architecture of the northern and western Roman provinces is exceptionally well and fully illustrated by the Sopianae cemetery at Pécs.",(iii)(iv),LOW,3,0,,,,,,tomb,,Criterion_iv,https://whc.unesco.org/en/list/853,True
1542,Dilmun Burial Mounds,Cultural,Arab States,Bahrain,,,"The Dilmun Burial Mounds, built between 2200 and 1750 BCE, span over 21 archaeological sites in the western part of the island. Six of these sites are burial mound fields consisting of a few dozen to several thousand tumuli. In all there are about 11,774 burial mounds, originally in the form of cylindrical low towers. The other 15 sites include 17 royal mounds, constructed as two-storey sepulchral towers. The burial mounds are evidence of the Early Dilmun civilization, around the 2nd millennium BCE, during which Bahrain became a trade hub whose prosperity enabled the inhabitants to develop an elaborate burial tradition applicable to the entire population. These tombs illustrate globally unique characteristics, not only in terms of their number, density and scale, but also in terms of details such as burial chambers equipped with alcoves.",,(iii)(iv),LOW,3,0,,,,,,tomb; tower,,Criterion_iv,https://whc.unesco.org/en/list/1542,True
1755,Royal Capetian Fortresses of Languedoc,Cultural,Europe and North America,France,,,"The serial property comprises eight fortified sites – Castle and ramparts of Carcassonne and the fortresses of Aguilar, Lastours, Montségur, Peyrepertuse, Puilaurens, Quéribus, and Termes – representing a core part of the Capetian defensive system established in the 13th–14th centuries following the Albigensian Crusade. Built on rugged rocky ridges in strategically significant locations, these fortifications formed the backbone of the newly created seneschalty of Carcassonne, asserting the authority of the seneschal over the former territories of independent feudal lineages. Together, they illustrate the political, military and territorial consolidation of the Capetian Crown in Languedoc through ostentatious architecture adapted to dramatic topography.",,(iv),LOW,3,0,,,,,,castle; fortress,,Criterion_iv,https://whc.unesco.org/en/list/1755,True
309,Historic Centre of Salvador de Bahia,Cultural,Latin America and the Caribbean,Brazil,,,"As the first capital of Brazil, from 1549 to 1763, Salvador de Bahia witnessed the blending of European, African and Amerindian cultures. It was also, from 1558, the first slave market in the New World, with slaves arriving to work on the sugar plantations. The city has managed to preserve many outstanding Renaissance buildings. A special feature of the old town are the brightly coloured houses, often decorated with fine stucco-work.",,(iv)(vi),LOW,3,0,,,,,capital,capital,,Criterion_iv,https://whc.unesco.org/en/list/309,True
1130,Ashur (Qal'at Sherqat),Cultural,Arab States,Iraq,,,"The ancient city of Ashur is located on the Tigris River in northern Mesopotamia in a specific geo-ecological zone, at the borderline between rain-fed and irrigation agriculture. The city dates back to the 3rd millennium BC. From the 14th to the 9th centuries BC it was the first capital of the Assyrian Empire, a city-state and trading platform of international importance. It also served as the religious capital of the Assyrians, associated with the god Ashur. The city was destroyed by the Babylonians, but revived during the Parthian period in the 1st and 2nd centuries AD.","Criterion iii: Founded in the 3rd millennium BCE, the most important role of Ashur was from the 14th to 9th century BCE when it was the first capital of the Assyrian empire. Ashur was also the religious capital of Assyrians, and the place for crowning and burial of its kings. Criterion iv: The excavated remains of the public and residential buildings of Ashur provide an outstanding record of the evolution of building practice from the Sumerian and Akkadian period through the Assyrian empire, as well as including the short revival during the Parthian period.",(iii)(iv),LOW,3,0,,,,,capital,capital,,Criterion_iv,https://whc.unesco.org/en/list/1130,True
1322,Historic Town of Grand-Bassam,Cultural,Africa,Côte d'Ivoire,,,"The first capital of Côte d’Ivoire, the Historic Town of Grand-Bassam, is an example of a late 19th- and early 20th-century colonial town planned with quarters specializing in commerce, administration, housing for Europeans and for Africans. The site includes the N’zima African fishing village alongside colonial architecture marked by functional houses with galleries, verandas and gardens. Grand-Bassam was the most important port, economic and judicial centre of Côte d’Ivoire. It bears witness to the complex social relations between Europeans and Africans, and to the subsequent independence movement. As a vibrant centre of the territory of French trading posts in the Gulf of Guinea, which preceded modern Côte d’Ivoire, it attracted populations from all parts of Africa, Europe and the Mediterranean Levant.",,(iii)(iv),LOW,3,0,,,,,capital,capital; gallery,,Criterion_iv,https://whc.unesco.org/en/list/1322,True
741,Old Town Lunenburg,Cultural,Europe and North America,Canada,,,"Lunenburg is the best surviving example of a planned British colonial settlement in North America. Established in 1753, it has retained its original layout and overall appearance, based on a rectangular grid pattern drawn up in the home country. The inhabitants have managed to safeguard the city's identity throughout the centuries by preserving the wooden architecture of the houses, some of which date from the 18th century.",,(iv)(v),LOW,3,0,,,,,,base,,Criterion_iv,https://whc.unesco.org/en/list/741,True
1412,Red Bay Basque Whaling Station,Cultural,Europe and North America,Canada,,,"Red Bay, established by Basque mariners in the 16th century at the north-eastern tip of Canada on the shore of the Strait of Belle Isle is an archaeological site that provides the earliest, most complete and best preserved testimony of the European whaling tradition. Gran Baya, as it was called by those who founded the station in 1530s, was used as a base for coastal hunting, butchering, rendering of whale fat by heading to produce oil and storage. It became a major source of whale oil which was shipped to Europe where it was used for lighting. The site, which was used in the summer months, includes remains of rendering ovens, cooperages, wharves, temporary living quarters and a cemetery, together with underwater remains of vessels and whale bone deposits. The station was used for some 70 years, before the local whale population was depleted.",,(iii)(iv),LOW,3,0,,,,,,base,,Criterion_iv,https://whc.unesco.org/en/list/1412,True
1768,The Medinas of the Historic Sultanates of the Comoros,Cultural,Africa,Comoros,,,"The serial property is composed of six historic towns which developed from urban nuclei that emerged around at least the 11th century and evolved into city-states around the 14th-15th century. They eventually became the principal urban centres of the sultanates established on the islands of the archipelago of Comoros. With a common hierarchical system of social organisation, based on matrilineal and matrilocal customs, age-group systems, and patrilineal Islamic traditions still alive today, the property showcases insular urban forms and architectural expressions that resulted from cultural exchanges related to migration and Indian Ocean trade networks, embedded in the local social, geographical, and environmental context.",,(iii)(iv),LOW,3,0,,,,,,base,,Criterion_iv,https://whc.unesco.org/en/list/1768,True
285,"Port, Fortresses and Group of Monuments, Cartagena",Cultural,Latin America and the Caribbean,Colombia,,,"Situated in a bay in the Caribbean Sea, Cartagena has the most extensive fortifications in South America. A system of zones divides the city into three neighbourhoods: San Pedro, with the cathedral and many Andalusian-style palaces; San Diego, where merchants and the middle class lived; and Gethsemani, the 'popular quarter'.",,(iv)(vi),LOW,3,0,,,,,,cathedral; palace,,Criterion_iv,https://whc.unesco.org/en/list/285,True
1714,Beijing Central Axis: A Building Ensemble Exhibiting the Ideal Order of the Chinese Capital,Cultural,Asia and the Pacific,China,,,"Running north to south through the heart of historical Beijing, the Central Axis consists of former imperial palaces and gardens, sacrificial structures, and ceremonial and public buildings. Together they bear testimony to the evolution of the city and exhibits evidence of the imperial dynastic system and urban planning traditions of China. The location, layout, urban pattern, roads and design showcase the ideal capital city as prescribed in the Kaogongji, an ancient text known as the Book of Diverse Crafts. The area, between two parallel rivers, has been settled for about 3,000 years, but the Central Axis itself originated during the Yuan Dynasty (1271-1368) that established its capital, Dadu, in the northern part. The property also features later historical structures built during the Ming Dynasty (1368-1644) and improved during the Qing Dynasty (1636-1912).",,(iii)(iv),LOW,3,0,,,,,capital,capital; palace,,Criterion_iv,https://whc.unesco.org/en/list/1714,True
1592,Archaeological Ruins of Liangzhu City,Cultural,Asia and the Pacific,China,,,"Located in the Yangtze River Basin on the south-eastern coast of the country, the archaeological ruins of Liangzhu (about 3,300-2,300 BCE) reveal an early regional state with a unified belief system based on rice cultivation in Late Neolithic China. The property is composed of four areas – the Area of Yaoshan Site, the Area of High-dam at the Mouth of the Valley, the Area of Low-dam on the Plain and the Area of City Site. These ruins are an outstanding example of early urban civilization expressed in earthen monuments, urban planning, a water conservation system and a social hierarchy expressed in differentiated burials in cemeteries within the property.",,(iii)(iv),LOW,3,0,,,,,,base,,Criterion_iv,https://whc.unesco.org/en/list/1592,True
959,Historic Quarter of the Seaport City of Valparaíso,Cultural,Latin America and the Caribbean,Chile,,,"The colonial city of Valpara&iacute;so presents an excellent example of late 19th-century urban and architectural development in Latin America. In its natural amphitheatre-like setting, the city is characterized by a vernacular urban fabric adapted to the hillsides that are dotted with a great variety of church spires. It contrasts with the geometrical layout utilized in the plain. The city has well preserved its interesting early industrial infrastructures, such as the numerous &lsquo;elevators&rsquo; on the steep hillsides.","Criterion iii: Valpara&iacute;so is an exceptional testimony to the early phase of globalisation in the late 19th century, when it became the leading merchant port on the sea routes of the Pacific coast of South America.",(iii),LOW,3,0,,,,,,amphitheatre; church; spire,,OUV_ArchElements,https://whc.unesco.org/en/list/959,True
1214,Sewell Mining Town,Cultural,Latin America and the Caribbean,Chile,,,"Situated at 2,000 m in the Andes, 60 km to the east of Rancagua, in an environment marked by extremes of climate, Sewell Mining Town was built by the Braden Copper company in 1905 to house workers at what was to become the world’s largest underground copper mine, El Teniente. It is an outstanding example of the company towns that were born in many remote parts of the world from the fusion of local labour and resources from an industrialized nation, to mine and process high-value natural resources. The town was built on a terrain too steep for wheeled vehicles around a large central staircase rising from the railway station. Along its route formal squares of irregular shape with ornamental trees and plants constituted the main public spaces or squares of the town. The buildings lining the streets are timber, often painted in vivid green, yellow, red and blue. At its peak Sewell numbered 15,000 inhabitants, but was largely abandoned in the 1970s.",,(ii),LOW,3,0,,,,,,staircase,,Criterion_ii; OUV_Materials,https://whc.unesco.org/en/list/1214,True
1003,Longmen Grottoes,Cultural,Asia and the Pacific,China,,,"The grottoes and niches of Longmen contain the largest and most impressive collection of Chinese art of the late Northern Wei and Tang Dynasties (316-907). These works, entirely devoted to the Buddhist religion, represent the high point of Chinese stone carving.","Criterion (i): The sculptures of the Longmen Grottoes are an outstanding manifestation of human artistic creativity.
Criterion (ii): The Longmen Grottoes illustrate the perfection of a long-established art form which was to play a highly significant role in the cultural evolution of this region of Asia.
Criterion (iii): The high cultural level and sophisticated society of Tang Dynasty China is encapsulated in the exceptional stone carvings of the Longmen Grottoes.",(i)(ii)(iii),LOW,3,0,,,,,stone carving,,,Criterion_i; Criterion_ii,https://whc.unesco.org/en/list/1003,True
1002,Ancient Villages in Southern Anhui – Xidi and Hongcun,Cultural,Asia and the Pacific,China,,,"The two traditional villages of Xidi and Hongcun preserve to a remarkable extent the appearance of non-urban settlements of a type that largely disappeared or was transformed during the last century. Their street plan, their architecture and decoration, and the integration of houses with comprehensive water systems are unique surviving examples.","Criterion (iii): The villages of Xidi and Hongcun are graphic illustrations of a type of human settlement created during a feudal period and based on a prosperous trading economy.
Criterion (iv): In their buildings and their street patterns, the two villages of southern Anhui reflect the socio-economic structure of a long-lived settled period of Chinese history.
Criterion (v): The traditional non-urban settlements of China, which have to a very large extent disappeared during the past century, are exceptionally well preserved in the villages of Xidi and Hongcun.",(iii)(iv)(v),LOW,3,0,,,,,,base,,Criterion_iv,https://whc.unesco.org/en/list/1002,True
705,Ancient Building Complex in the Wudang Mountains,Cultural,Asia and the Pacific,China,,,"The palaces and temples which form the nucleus of this group of secular and religious buildings exemplify the architectural and artistic achievements of China's Yuan, Ming and Qing dynasties. Situated in the scenic valleys and on the slopes of the Wudang mountains in Hubei Province, the site, which was built as an organized complex during the Ming dynasty (14th&ndash;17th centuries), contains Taoist buildings from as early as the 7th century. It represents the highest standards of Chinese art and architecture over a period of nearly 1,000 years.",,(i)(ii)(vi),LOW,3,0,,,,,,palace; temple,,Criterion_i; Criterion_ii,https://whc.unesco.org/en/list/705,True
300,Historic District of Old Québec,Cultural,Europe and North America,Canada,,,"Québec was founded by the French explorer Champlain in the early 17th century. It is the only North American city to have preserved its ramparts, together with the numerous bastions, gates and defensive works which still surround Old Québec. The Upper Town, built on the cliff, has remained the religious and administrative centre, with its churches, convents and other monuments like the Dauphine Redoubt, the Citadel and Château Frontenac. Together with the Lower Town and its ancient districts, it forms an urban ensemble which is one of the best examples of a fortified colonial city.",,(iv)(vi),LOW,3,0,,,,,,church; gate,,Criterion_iv,https://whc.unesco.org/en/list/300,True
1465,"Champagne Hillsides, Houses and Cellars",Cultural,Europe and North America,France,,,"The property encompasses sites where the method of producing sparkling wines was developed on the principle of secondary fermentation in the bottle since the early 17th century to its early industrialization in the 19th century. The property is made up of three distinct ensembles: the historic vineyards of Hautvillers, Aÿ and Mareuil-sur-Aÿ, Saint-Nicaise Hill in Reims, and the Avenue de Champagne and Fort Chabrol in Epernay. These three components – the supply basin formed by the historic hillsides, the production sites (with their underground cellars) and the sales and distribution centres (the Champagne Houses) - illustrate the entire champagne production process. The property bears clear testimony to the development of a very specialized artisan activity that has become an agro-industrial enterprise.",,(iii)(iv)(vi),LOW,3,0,,,,,,fort,,Criterion_iv,https://whc.unesco.org/en/list/1465,True
83,Palace and Park of Versailles,Cultural,Europe and North America,France,,,"The Palace of Versailles was the principal residence of the French kings from the time of Louis XIV to Louis XVI. Embellished by several generations of architects, sculptors, decorators and landscape architects, it provided Europe with a model of the ideal royal residence for over a century.",,(i)(ii)(vi),LOW,3,0,,,,,,palace,,Criterion_i; Criterion_ii,https://whc.unesco.org/en/list/83,True
163,"Roman Theatre and its Surroundings and the ""Triumphal Arch"" of Orange",Cultural,Europe and North America,France,,,"Situated in the Rhone valley, the ancient theatre of Orange, with its 103-m-long facade, is one of the best preserved of all the great Roman theatres. Built between A.D. 10 and 25, the Roman arch is one of the most beautiful and interesting surviving examples of a provincial triumphal arch from the reign of Augustus. It is decorated with low reliefs commemorating the establishment of the Pax Romana.",,(iii)(vi),LOW,3,0,,,,,,arch; facade; theatre,,OUV_ArchElements,https://whc.unesco.org/en/list/163,True
932,Jurisdiction of Saint-Emilion,Cultural,Europe and North America,France,,,"Viticulture was introduced to this fertile region of Aquitaine by the Romans, and intensified in the Middle Ages. The Saint-Emilion area benefited from its location on the pilgrimage route to Santiago de Compostela and many churches, monasteries and hospices were built there from the 11th century onwards. It was granted the special status of a 'jurisdiction' during the period of English rule in the 12th century. It is an exceptional landscape devoted entirely to wine-growing, with many fine historic monuments in its towns and villages.","Criterion (iii): The Jurisdiction of Saint-Emilion is an outstanding example of an historic vineyard landscape that has survived intact and in activity to the present day.
Criterion (iv): The intensive cultivation of grapes for wine production in a precisely defined region and the resulting landscape is illustrated in an exceptional way by the historic Jurisdiction of Saint-Emilion.",(iii)(iv),LOW,3,0,,,,,,church; monastery,,Criterion_iv,https://whc.unesco.org/en/list/932,True
582,Old Rauma,Cultural,Europe and North America,Finland,,,"Situated on the Gulf of Botnia, Rauma is one of the oldest harbours in Finland. Built around a Franciscan monastery, where the mid-15th-century Holy Cross Church still stands, it is an outstanding example of an old Nordic city constructed in wood. Although ravaged by fire in the late 17th century, it has preserved its ancient vernacular architectural heritage.",,(iv)(v),LOW,3,0,,,,,,church; monastery,,Criterion_iv,https://whc.unesco.org/en/list/582,True
584,Petäjävesi Old Church,Cultural,Europe and North America,Finland,,,"Petäjävesi Old Church, in central Finland, was built of logs between 1763 and 1765. This Lutheran country church is a typical example of an architectural tradition that is unique to eastern Scandinavia. It combines the Renaissance conception of a centrally planned church with older forms deriving from Gothic groin vaults.",,(iv),LOW,3,0,,,,,,church; vault,,Criterion_iv,https://whc.unesco.org/en/list/584,True
1660,Viking-Age Ring Fortresses,Cultural,Europe and North America,Denmark,,,"These five archaeological sites comprise a system of monumental ring-shaped Viking-Age fortresses sharing a uniform geometric design. Constructed between about 970 and 980 CE, the fortresses at Aggersborg, Fyrkat, Nonnebakken, Trelleborg and Borgring were positioned strategically near important land and sea routes, and each made use of the natural topography of their surrounding landscape for defensive purposes. They are an emblematic demonstration of the centralized power of the Jelling Dynasty, and a testimony to the socio-political transformations that the Danish realm underwent in the late 10th century.",,(iii)(iv),LOW,3,0,,,,,,fortress,,Criterion_iv,https://whc.unesco.org/en/list/1660,True
216,Rila Monastery,Cultural,Europe and North America,Bulgaria,,,"Rila Monastery was founded in the 10th century by St John of Rila, a hermit canonized by the Orthodox Church. His ascetic dwelling and tomb became a holy site and were transformed into a monastic complex which played an important role in the spiritual and social life of medieval Bulgaria. Destroyed by fire at the beginning of the 19th century, the complex was rebuilt between 1834 and 1862. A characteristic example of the Bulgarian Renaissance (18th–19th centuries), the monument symbolizes the awareness of a Slavic cultural identity following centuries of occupation.",,(vi),LOW,3,0,,,,,,church; monastery; tomb,,OUV_ArchElements,https://whc.unesco.org/en/list/216,True
690,Pilgrimage Church of St John of Nepomuk at Zelená Hora,Cultural,Europe and North America,Czechia,,,"This pilgrimage church, built in honour of St John of Nepomuk, stands at Zelená Hora, not far from Ždár nad Sázavou in Moravia. Constructed at the beginning of the 18th century on a star-shaped plan, it is the most unusual work by the great architect Jan Blazej Santini, whose highly original style falls between neo-Gothic and Baroque.",,(iv),LOW,3,0,,,,,,church,,Criterion_iv,https://whc.unesco.org/en/list/690,True
617,Historic Centre of Český Krumlov,Cultural,Europe and North America,Czechia,,,"Situated on the banks of the Vltava river, the town was built around a 13th-century castle with Gothic, Renaissance and Baroque elements. It is an outstanding example of a small central European medieval town whose architectural heritage has remained intact thanks to its peaceful evolution over more than five centuries.",,(iv),LOW,3,0,,,,,,castle,,Criterion_iv,https://whc.unesco.org/en/list/617,True
79,Paphos,Cultural,Europe and North America,Cyprus,,,"Paphos has been inhabited since the Neolithic period. It was a centre of the cult of Aphrodite and of pre-Hellenic fertility deities. Aphrodite's legendary birthplace was on this island, where her temple was erected by the Myceneans in the 12th century B.C. The remains of villas, palaces, theatres, fortresses and tombs mean that the site is of exceptional architectural and historic value. The mosaics of Nea Paphos are among the most beautiful in the world.",,(iii)(vi),LOW,3,0,,,,,,fortress; palace; temple; theatre; tomb,,OUV_ArchElements,https://whc.unesco.org/en/list/79,True
978,Old Town of Corfu,Cultural,Europe and North America,Greece,,,"The Old Town of Corfu, on the Island of Corfu off the western coasts of Albania and Greece, is located in a strategic position at the entrance of the Adriatic Sea, and has its roots in the 8th century BC. The three forts of the town, designed by renowned Venetian engineers, were used for four centuries to defend the maritime trading interests of the Republic of Venice against the Ottoman Empire. In the course of time, the forts were repaired and partly rebuilt several times, more recently under British rule in the 19th century. The mainly neoclassical housing stock of the Old Town is partly from the Venetian period, partly of later construction, notably the 19th century. As a fortified Mediterranean port, Corfu&rsquo;s urban and port ensemble is notable for its high level of integrity and authenticity.",,(iv),LOW,3,0,,,,,,fort,,Criterion_iv,https://whc.unesco.org/en/list/978,True
1437,Erbil Citadel,Cultural,Arab States,Iraq,,,"Erbil Citadel is a fortified settlement on top of an imposing ovoid-shaped tell (a hill created by many generations of people living and rebuilding on the same spot) in the Kurdistan region, Erbil Governorate. A continuous wall of tall 19th-century façades still conveys the visual impression of an impregnable fortress, dominating the city of Erbil. The citadel features a peculiar fan-like pattern dating back to Erbil’s late Ottoman phase. Written and iconographic historical records document the antiquity of settlement on the site – Erbil corresponds to ancient Arbela, an important Assyrian political and religious centre – while archaeological finds and investigations suggest that the mound conceals the levels and remains of previous settlements.",,(iv),LOW,3,0,,,,,,fortress; wall,,Criterion_iv,https://whc.unesco.org/en/list/1437,True
208,Cultural Landscape and Archaeological Remains of the Bamiyan Valley,Cultural,Asia and the Pacific,Afghanistan,,,"The cultural landscape and archaeological remains of the Bamiyan Valley represent the artistic and religious developments which from the 1st to the 13th centuries characterized ancient Bakhtria, integrating various cultural influences into the Gandhara school of Buddhist art. The area contains numerous Buddhist monastic ensembles and sanctuaries, as well as fortified edifices from the Islamic period. The site is also testimony to the tragic destruction by the Taliban of the two standing Buddha statues, which shook the world in March 2001.","Criterion (i): The Buddha statues and the cave art in Bamiyan Valley are an outstanding representation of the Gandharan school in Buddhist art in the Central Asian region.
Criterion (ii) : The artistic and architectural remains of Bamiyan Valley, and an important Buddhist centre on the Silk Road, are an exceptional testimony to the interchange of Indian, Hellenistic, Roman, Sasanian influences as the basis for the development of a particular artistic expression in the Gandharan school. To this can be added the Islamic influence in a later period.
Criterion (iii): The Bamiyan Valley bears an exceptional testimony to a cultural tradition in the Central Asian region, which has disappeared.
Criterion (iv): The Bamiyan Valley is an outstanding example of a cultural landscape which illustrates a significant period in Buddhism.
Criterion (vi): The Bamiyan Valley is the most monumental expression of the western Buddhism. It was an important centre of pilgrimage over many centuries. Due to their symbolic values, the monuments have suffered at different times of their existence, including the deliberate destruction in 2001, which shook the whole world.",(i)(ii)(iii)(iv)(vi),LOW,3,0,,,,,,sanctuary,,Criterion_iv; Criterion_i; Criterion_ii,https://whc.unesco.org/en/list/208,True
829,"Archaeological Areas of Pompei, Herculaneum and Torre Annunziata",Cultural,Europe and North America,Italy,,,"When Vesuvius erupted on 24 August AD 79, it engulfed the two flourishing Roman towns of Pompei and Herculaneum, as well as the many wealthy villas in the area. These have been progressively excavated and made accessible to the public since the mid-18th century. The vast expanse of the commercial town of Pompei contrasts with the smaller but better-preserved remains of the holiday resort of Herculaneum, while the superb wall paintings of the Villa Oplontis at Torre Annunziata give a vivid impression of the opulent lifestyle enjoyed by the wealthier citizens of the Early Roman Empire.","The Committee decided to inscribe this property on the basis of criteria (iii), (iv) and (v), considering that the impressive remains of the towns of Pompei and Herculaneum and their associated villas, buried by the eruption of Vesuvius in AD 79, provide a complete and vivid picture of society and daily life at a specific moment in the past that is without parallel anywhere in the world.",(iii)(iv)(v),LOW,3,0,,,,,,wall,,Criterion_iv,https://whc.unesco.org/en/list/829,True
398,Castel del Monte,Cultural,Europe and North America,Italy,,,"When the Emperor Frederick II built this castle near Bari in the 13th century, he imbued it with symbolic significance, as reflected in the location, the mathematical and astronomical precision of the layout and the perfectly regular shape. A unique piece of medieval military architecture, Castel del Monte is a successful blend of elements from classical antiquity, the Islamic Orient and north European Cistercian Gothic.","The Committee decided to inscribe the nominated property on the basis of cultural criteria (i), (ii) and (iii) considering that the site is of outstanding universal value in its formal perfection and its harmonious blending of cultural elements from northern Europe, the Muslim world, and classical antiquity. Castel del Monte is a unique masterpiece of medieval military architecture, reflecting the humanism of its founder, Frederick II of Hohenstaufen.",(i)(ii)(iii),LOW,3,0,,,,,,castle,,Criterion_i; Criterion_ii,https://whc.unesco.org/en/list/398,True
1040,Masada,Cultural,Europe and North America,Israel,,,"Masada is a rugged natural fortress, of majestic beauty, in the Judaean Desert overlooking the Dead Sea. It is a symbol of the ancient kingdom of Israel, its violent destruction and the last stand of Jewish patriots in the face of the Roman army, in 73 A.D. It was built as a palace complex, in the classic style of the early Roman Empire, by Herod the Great, King of Judaea, (reigned 37 – 4 B.C.). The camps, fortifications and attack ramp that encircle the monument constitute the most complete Roman siege works surviving to the present day.","Criterion (iii): Masada is a symbol of the ancient Jewish kingdom of Israel, of its violent destruction in the later 1st century CE, and of the subsequent Diaspora.
Criterion (iv): The palace of Herod the Great at Masada is an outstanding example of a luxurious villa of the Early Roman Empire, whilst the camps and other fortifications that encircle the monument constitute the finest and most complete Roman siege works to have survived to the present day.
Criterion (vi): The tragic events during the last days of the Jewish refugees who occupied the fortress and palace of Masada make it a symbol both of Jewish cultural identity and, more universally, of the continuing human struggle between oppression and liberty.",(iii)(iv)(vi),LOW,3,0,,,,,,fortress; palace,,Criterion_iv,https://whc.unesco.org/en/list/1040,True
866,Prehistoric Rock Art Sites in the Côa Valley and Siega Verde,Cultural,Europe and North America,"Portugal,Spain",,,"The two Prehistoric Rock Art Sites in the Côa Valley (Portugal) and Siega Verde (Spain) are located on the banks of the rivers Agueda and Côa, tributaries of the river Douro, documenting continuous human occupation from the end of the Paleolithic Age. Hundreds of panels with thousands of animal figures (5,000 in Foz Côa and around 440 in Siega Verde) were carved over several millennia, representing the most remarkable open-air ensemble of Paleolithic art on the Iberian Peninsula.
Côa Valley and Siega Verde provide the best illustration of the iconographic themes and organization of Paleolithic rock art, using the same modes of expression in caves and in the open air, thus contributing to a greater understanding of this artistic phenomenon. Together they form a unique site of the prehistoric era, rich in material evidence of Upper Paleolithic occupation.",,(i)(iii),HIGH,3,0,,,,,,,rock,Criterion_i; Title_Stone_Keyword,https://whc.unesco.org/en/list/866,True
1468,Moravian Church Settlements,Cultural,Europe and North America,"Denmark,Germany,United Kingdom of Great Britain and Northern Ireland,United States of America",,,"This transnational serial property comprises four congregational settlements in four countries representing the transnational scope and consistency of the international Moravian community as a global network of the Moravian Church: Christiansfeld (Denmark), Herrnhut (Germany), Gracehill (United Kingdom of Great Britain and Northern Ireland) and Bethlehem (United States of America). These settlements were established according to overarching planning principles that reflected the ideals of the Moravian Church, as expressed in their plans and democratic organisation. Each architectural ensemble bears witness to the Moravian Church’s vision of a unified, coherent urban design, inspired by the concept of an “ideal city” developed by the Church during its formative phase in the 18th and beginning of the 19th enturies. Distinctive Moravian buildings include a particular type of Gemeinhaus (congregation building), church, choir houses, as well as a nearby God’s Acre (cemetery). Each settlement has its own architectural character based on an original Moravian Church Civic Baroque style but adapted to local conditions. Present today in each component part is an active congregation whose continuation of traditions forms a living Moravian heritage.",,(iii)(iv),LOW,3,0,,,,,,base; church,,Criterion_iv,https://whc.unesco.org/en/list/1468,True
712,City of Vicenza and the Palladian Villas of the Veneto,Cultural,Europe and North America,Italy,,,"Founded in the 2nd century B.C. in northern Italy, Vicenza prospered under Venetian rule from the early 15th to the end of the 18th century. The work of Andrea Palladio (1508–80), based on a detailed study of classical Roman architecture, gives the city its unique appearance. Palladio's urban buildings, as well as his villas, scattered throughout the Veneto region, had a decisive influence on the development of architecture. His work inspired a distinct architectural style known as Palladian, which spread to England and other European countries, and also to North America.",,(i)(ii),LOW,3,0,,,,,,base,,Criterion_i; Criterion_ii,https://whc.unesco.org/en/list/712,True
734,Historic Villages of Shirakawa-go and Gokayama,Cultural,Asia and the Pacific,Japan,,,"Located in a mountainous region that was cut off from the rest of the world for a long period of time, these villages with their Gassho-style houses subsisted on the cultivation of mulberry trees and the rearing of silkworms. The large houses with their steeply pitched thatched roofs are the only examples of their kind in Japan. Despite economic upheavals, the villages of Ogimachi, Ainokura and Suganuma are outstanding examples of a traditional way of life perfectly adapted to the environment and people's social and economic circumstances.",,(iv)(v),LOW,3,0,,,,,,roof,,Criterion_iv,https://whc.unesco.org/en/list/734,True
1595,The Archaeological Ensemble of 17th Century Port Royal,Cultural,Latin America and the Caribbean,Jamaica,,,"The town of Port Royal is located at the mouth of Kingston Harbour in southeastern Jamaica. It was a major 17th-century English port city. A devastating earthquake in 1692 submerged much of the town under water and sand. Today, its terrestrial and underwater remains offer rare insights into urban colonial life. Once a key hub for transatlantic trade—including the trade of enslaved Africans—Port Royal featured a deep-water port and six defensive forts, some now submerged. Archaeological evidence reveals a well-preserved layout of residential, religious, and administrative buildings, serving as a distinctive marker of British colonial presence in the Caribbean.",,(iv)(vi),LOW,3,0,,,,,,fort,,Criterion_iv,https://whc.unesco.org/en/list/1595,True
832,Villa Romana del Casale,Cultural,Europe and North America,Italy,,,"Roman exploitation of the countryside is symbolized by the Villa Romana del Casale (in Sicily), the centre of the large estate upon which the rural economy of the Western Empire was based. The villa is one of the most luxurious of its kind. It is especially noteworthy for the richness and quality of the mosaics which decorate almost every room; they are the finest mosaics in situ anywhere in the Roman world.","The Committee decided to inscribe this property on the basis of criteria (i), (ii) and (iii), considering that the Villa del Casale at Piazza Armerina is the supreme example of a luxury Roman villa, which graphically illustrates the predominant social and economic structure of its age. The mosaics that decorate it are exceptional for their artistic quality and invention as well as their extent.",(i)(ii)(iii),LOW,3,0,,,,,,base,,Criterion_i; Criterion_ii,https://whc.unesco.org/en/list/832,True
825,Archaeological Area and the Patriarchal Basilica of Aquileia,Cultural,Europe and North America,Italy,,,"Aquileia (in Friuli-Venezia Giulia), one of the largest and wealthiest cities of the Early Roman Empire, was destroyed by Attila in the mid-5th century. Most of it still lies unexcavated beneath the fields, and as such it constitutes the greatest archaeological reserve of its kind. The patriarchal basilica, an outstanding building with an exceptional mosaic pavement, played a key role in the evangelization of a large region of central Europe.","Criterion iii: Aquileia was one of the largest and most wealthy cities of the Early Roman Empire. Criterion iv: By virtue of the fact that most of ancient Aquileia survives intact and unexcavated, it is the most complete example of an Early Roman city in the Mediterranean world. Criterion vi: The Patriarchal Basilican Complex in Aquileia played a decisive role in the spread of Christianity into central Europe in the early Middle Ages.",(iii)(iv)(vi),LOW,3,0,,,,,,basilica,,Criterion_iv,https://whc.unesco.org/en/list/825,True
278,Babylon,Cultural,Arab States,Iraq,,,"Situated 85 km south of Baghdad, the property includes the ruins of the city which, between 626 and 539 BCE, was the capital of the Neo-Babylonian Empire. It includes villages and agricultural areas surrounding the ancient city. Its remains, outer and inner city walls, gates, palaces and temples, are a unique testimony to one of the most influential empires of the ancient world. Seat of successive empires, under rulers such as Hammurabi and Nebuchadnezzar, Babylon represents the expression of the creativity of the Neo-Babylonian Empire at its height. The city's association with one of the seven wonders of the ancient world—the Hanging Gardens—has also inspired artistic, popular and religious culture on a global scale.",,(iii)(vi),LOW,3,0,,,,,capital,capital; gate; palace; temple; wall,,OUV_ArchElements,https://whc.unesco.org/en/list/278,True
842,"Cilento and Vallo di Diano National Park with the Archeological Sites of Paestum and Velia, and the Certosa di Padula",Cultural,Europe and North America,Italy,,,"The Cilento is an outstanding cultural landscape. The dramatic groups of sanctuaries and settlements along its three east–west mountain ridges vividly portray the area's historical evolution: it was a major route not only for trade, but also for cultural and political interaction during the prehistoric and medieval periods. The Cilento was also the boundary between the Greek colonies of Magna Graecia and the indigenous Etruscan and Lucanian peoples. The remains of two major cities from classical times, Paestum and Velia, are found there.","Criterion (iii): During the prehistoric period, and again in the Middle Ages, the Cilento region served as a key route for cultural, political, and commercial communications in an exceptional manner, utilizing the crests of the mountain chains running east-west and thereby creating a cultural landscape of outstanding significance and quality.
Criterion (iv): In two key episodes in the development of human societies in the Mediterranean region, the Cilento area provided the only viable means of communication between the Adriatic and the Tyrrhenian seas, in the central Mediterranean region, and this is vividly illustrated by the relict cultural landscape of today.",(iii)(iv),LOW,3,0,,,,,,sanctuary,,Criterion_iv,https://whc.unesco.org/en/list/842,True
1450,Thimlich Ohinga Archaeological Site,Cultural,Africa,Kenya,,,"Situated north-west of the town of Migori, in the Lake Victoria region, this dry-stone walled settlement was probably built in the 16th century CE. The Ohinga (i.e. settlement) seems to have served as a fort for communities and livestock, but also defined social entities and relationships linked to lineage. Thimlich Ohinga is the largest and best preserved of these traditional enclosures. It is an exceptional example of the tradition of massive dry-stone walled enclosures, typical of the first pastoral communities in the Lake Victoria Basin, which persisted from the 16th to the mid-20th century.",,(iii)(iv)(v),LOW,3,0,,,,,dry stone,fort,,Criterion_iv,https://whc.unesco.org/en/list/1450,True
1593,Mozu-Furuichi Kofun Group: Mounded Tombs of Ancient Japan,Cultural,Asia and the Pacific,Japan,,,"Located on a plateau above the Osaka Plain, this property includes 49 kofun (“old mounds” in Japanese). These tombs were for members of the elite. These kofun have been selected from among a total of 160,000 in Japan and form the richest material representation of the Kofun period, from the 3rd to the 6th century CE. They demonstrate the differences in social classes of that period and show evidence of a highly sophisticated funerary system. Burial mounds of significant variations in size, kofun take the geometrically elaborate design forms of keyhole, scallop, square or circle. They were decorated with paving stones and clay figures. The kofun demonstrate exceptional technical achievements of earthen constructions.",,(iii)(iv),LOW,3,0,,,,,,tomb,,Criterion_iv,https://whc.unesco.org/en/list/1593,True
93,Church and Dominican Convent of Santa Maria delle Grazie with “The Last Supper” by Leonardo da Vinci,Cultural,Europe and North America,Italy,,,"The refectory of the Convent of Santa Maria delle Grazie forms an integral part of this architectural complex, begun in Milan in 1463 and reworked at the end of the 15th century by Bramante. On the north wall is The Last Supper, the unrivalled masterpiece painted between 1495 and 1497 by Leonardo da Vinci, whose work was to herald a new era in the history of art.",,(i)(ii),LOW,3,0,,,,,,church; wall,,Criterion_i; Criterion_ii,https://whc.unesco.org/en/list/93,True
124,Historic Town of Ouro Preto,Cultural,Latin America and the Caribbean,Brazil,,,"Founded at the end of the 17th century, Ouro Preto (Black Gold) was the focal point of the gold rush and Brazil’s golden age in the 18th century. With the exhaustion of the gold mines in the 19th century, the city’s influence declined but many churches, bridges and fountains remain as a testimony to its past prosperity and the exceptional talent of the Baroque sculptor Aleijadinho.",,(i)(iii),LOW,2,0,,,,,,bridge; church,,Criterion_i,https://whc.unesco.org/en/list/124,True
80,Mont-Saint-Michel and its Bay,Cultural,Europe and North America,France,,,"Perched on a rocky islet in the midst of vast sandbanks exposed to powerful tides between Normandy and Brittany stand the 'Wonder of the West', a Gothic-style Benedictine abbey dedicated to the archangel St Michael, and the village that grew up in the shadow of its great walls. Built between the 11th and 16th centuries, the abbey is a technical and artistic tour de force, having had to adapt to the problems posed by this unique natural site.",,(i)(iii)(vi),LOW,2,0,,,,,,abbey; wall,,Criterion_i,https://whc.unesco.org/en/list/80,True
166,Sydney Opera House,Cultural,Asia and the Pacific,Australia,,,"Inaugurated in 1973, the Sydney Opera House is a great architectural work of the 20th century that brings together multiple strands of creativity and innovation in both architectural form and structural design. A great urban sculpture set in a remarkable waterscape, at the tip of a peninsula projecting into Sydney Harbour, the building has had an enduring influence on architecture. The Sydney Opera House comprises three groups of interlocking vaulted ‘shells’ which roof two main performance halls and a restaurant. These shell-structures are set upon a vast platform and are surrounded by terrace areas that function as pedestrian concourses. In 1957, when the project of the Sydney Opera House was awarded by an international jury to Danish architect Jørn Utzon, it marked a radically new approach to construction.",,(i),LOW,2,0,,,,,,roof; terrace,,Criterion_i,https://whc.unesco.org/en/list/166,True
240,Khajuraho Group of Monuments,Cultural,Asia and the Pacific,India,,,"The temples at Khajuraho were built during the Chandella dynasty, which reached its apogee between 950 and 1050. Only about 20 temples remain; they fall into three distinct groups and belong to two different religions – Hinduism and Jainism. They strike a perfect balance between architecture and sculpture. The Temple of Kandariya is decorated with a profusion of sculptures that are among the greatest masterpieces of Indian art.",,(i)(iii),LOW,2,0,,,,,,temple,,Criterion_i,https://whc.unesco.org/en/list/240,True
230,Abbey Church of Saint-Savin sur Gartempe,Cultural,Europe and North America,France,,,"Known as the 'Romanesque Sistine Chapel', the Abbey-Church of Saint-Savin contains many beautiful 11th- and 12th-century murals which are still in a remarkable state of preservation.",,(i)(iii),LOW,2,0,,,,,,abbey; church,,Criterion_i,https://whc.unesco.org/en/list/230,True
307,Statue of Liberty,Cultural,Europe and North America,United States of America,,,"Made in Paris by the French sculptor Bartholdi, in collaboration with Gustave Eiffel (who was responsible for the steel framework), this towering monument to liberty was a gift from France on the centenary of American independence. Inaugurated in 1886, the sculpture stands at the entrance to New York Harbour and has welcomed millions of immigrants to the United States ever since.",,(i)(vi),LOW,2,0,,,,,,tower,,Criterion_i,https://whc.unesco.org/en/list/307,True
131,City of Valletta,Cultural,Europe and North America,Malta,,,"The capital of Malta is inextricably linked to the history of the military and charitable Order of St John of Jerusalem. It was ruled successively by the Phoenicians, Greeks, Carthaginians, Romans, Byzantines, Arabs and the Order of the Knights of St John. Valletta’s 320 monuments, all within an area of 55 ha, make it one of the most concentrated historic areas in the world.",,(i)(vi),LOW,2,0,,,,,capital,capital,,Criterion_i,https://whc.unesco.org/en/list/131,True
364,Great Zimbabwe National Monument,Cultural,Africa,Zimbabwe,,,"The ruins of Great Zimbabwe – the capital of the Queen of Sheba, according to an age-old legend – are a unique testimony to the Bantu civilization of the Shona between the 11th and 15th centuries. The city, which covers an area of nearly 80 ha, was an important trading centre and was renowned from the Middle Ages onwards.",,(i)(iii)(vi),LOW,2,0,,,,,capital,capital,,Criterion_i,https://whc.unesco.org/en/list/364,True
574,Historic Town of Sukhothai and Associated Historic Towns,Cultural,Asia and the Pacific,Thailand,,,"Sukhothai was the capital of the first Kingdom of Siam in the 13th and 14th centuries. It has a number of fine monuments, illustrating the beginnings of Thai architecture. The great civilization which evolved in the Kingdom of Sukhothai absorbed numerous influences and ancient local traditions; the rapid assimilation of all these elements forged what is known as the 'Sukhothai style'.",,(i)(iii),LOW,2,0,,,,,capital,capital,,Criterion_i,https://whc.unesco.org/en/list/574,True
269,Benedictine Convent of St John at Müstair,Cultural,Europe and North America,Switzerland,,,"The Convent of Müstair, which stands in a valley in the Grisons, is a good example of Christian monastic renovation during the Carolingian period. It has Switzerland's greatest series of figurative murals, painted c. A.D. 800, along with Romanesque frescoes and stuccoes.",,(iii),LOW,2,0,,,,,,,,OUV_Materials,https://whc.unesco.org/en/list/269,True
88,Nubian Monuments from Abu Simbel to Philae,Cultural,Arab States,Egypt,,,"This outstanding archaeological area contains such magnificent monuments as the Temples of Ramses II at Abu Simbel and the Sanctuary of Isis at Philae, which were saved from the rising waters of the Nile thanks to the International Campaign launched by UNESCO, in 1960 to 1980.",,(i)(iii)(vi),LOW,2,0,,,,,,sanctuary,,Criterion_i,https://whc.unesco.org/en/list/88,True
201,Ancient City of Polonnaruwa,Cultural,Asia and the Pacific,Sri Lanka,,,"Polonnaruwa was the second capital of Sri Lanka after the destruction of Anuradhapura in 993. It comprises, besides the Brahmanic monuments built by the Cholas, the monumental ruins of the fabulous garden-city created by Parakramabahu I in the 12th century.",,(i)(iii)(vi),LOW,2,0,,,,,capital,capital,,Criterion_i,https://whc.unesco.org/en/list/201,True
89,Historic Cairo,Cultural,Arab States,Egypt,,,"Tucked away amid the modern urban area of Cairo lies one of the world's oldest Islamic cities, with its famous mosques, madrasas, hammams and fountains. Founded in the 10th century, it became the new centre of the Islamic world, reaching its golden age in the 14th century.",,(i)(v)(vi),LOW,2,0,,,,,,mosque,,Criterion_i,https://whc.unesco.org/en/list/89,True
271,Pilgrimage Church of Wies,Cultural,Europe and North America,Germany,,,"Miraculously preserved in the beautiful setting of an Alpine valley, the Church of Wies (1745&ndash;54), the work of architect Dominikus Zimmermann, is a masterpiece of Bavarian Rococo &ndash; exuberant, colourful and joyful.",,(i)(iii),LOW,2,0,,,,,,church,,Criterion_i,https://whc.unesco.org/en/list/271,True
144,Ruins of Kilwa Kisiwani and Ruins of Songo Mnara,Cultural,Africa,United Republic of Tanzania,,,"The remains of two great East African ports admired by early European explorers are situated on two small islands near the coast. From the 13th to the 16th century, the merchants of Kilwa dealt in gold, silver, pearls, perfumes, Arabian crockery, Persian earthenware and Chinese porcelain; much of the trade in the Indian Ocean thus passed through their hands.",,(iii),LOW,2,0,,,,,,,,OUV_Materials,https://whc.unesco.org/en/list/144,True
715,Rapa Nui National Park,Cultural,Latin America and the Caribbean,Chile,,,"Rapa Nui, the indigenous name of Easter Island, bears witness to a unique cultural phenomenon. A society of Polynesian origin that settled there c. A.D. 300 established a powerful, imaginative and original tradition of monumental sculpture and architecture, free from any external influence. From the 10th to the 16th century this society built shrines and erected enormous stone figures known as moai , which created an unrivalled cultural landscape that continues to fascinate people throughout the world.",,(i)(iii)(v),LOW,2,0,,,,,,shrine,,Criterion_i,https://whc.unesco.org/en/list/715,True
366,Chan Chan Archaeological Zone,Cultural,Latin America and the Caribbean,Peru,,,"The Chimu Kingdom, with Chan Chan as its capital, reached its apogee in the 15th century, not long before falling to the Incas. The planning of this huge city, the largest in pre-Columbian America, reflects a strict political and social strategy, marked by the city's division into nine 'citadels' or 'palaces' forming autonomous units.",,(i)(iii),LOW,2,0,,,,,capital,capital; palace,,Criterion_i,https://whc.unesco.org/en/list/366,True
723,Cultural Landscape of Sintra,Cultural,Europe and North America,Portugal,,,"In the 19th century Sintra became the first centre of European Romantic architecture. Ferdinand II turned a ruined monastery into a castle where this new sensitivity was displayed in the use of Gothic, Egyptian, Moorish and Renaissance elements and in the creation of a park blending local and exotic species of trees. Other fine dwellings, built along the same lines in the surrounding serra , created a unique combination of parks and gardens which influenced the development of landscape architecture throughout Europe.",,(ii)(iv)(v),LOW,1,0,,,,,,castle; monastery,,Criterion_iv; Criterion_ii,https://whc.unesco.org/en/list/723,True
1466,San Antonio Missions,Cultural,Europe and North America,United States of America,,,"The site encompasses a group of five frontier mission complexes situated along a stretch of the San Antonio River basin in southern Texas, as well as a ranch located 37 kilometres to the south. It includes architectural and archaeological structures, farmlands, residencies, churches and granaries, as well as water distribution systems. The complexes were built by Franciscan missionaries in the 18th century and illustrate the Spanish Crown’s efforts to colonize, evangelize and defend the northern frontier of New Spain. The San Antonio Missions are also an example of the interweaving of Spanish and Coahuiltecan cultures, illustrated by a variety of features, including the decorative elements of churches, which combine Catholic symbols with indigenous designs inspired by nature.",,(ii),LOW,1,0,,,,,,church,,Criterion_ii,https://whc.unesco.org/en/list/1466,True
484,Xanthos-Letoon,Cultural,Europe and North America,Türkiye,,,"This site, which was the capital of Lycia, illustrates the blending of Lycian traditions and Hellenic influence, especially in its funerary art. The epigraphic inscriptions are crucial for our understanding of the history of the Lycian people and their Indo-European language.",,(ii)(iii),LOW,1,0,,,,,capital,capital,,Criterion_ii,https://whc.unesco.org/en/list/484,True
1099,Mapungubwe Cultural Landscape,Cultural,Africa,South Africa,,,"Mapungubwe is set hard against the northern border of South Africa, joining Zimbabwe and Botswana. It is an open, expansive savannah landscape at the confluence of the Limpopo and Shashe rivers. Mapungubwe developed into the largest kingdom in the sub-continent before it was abandoned in the 14th century. What survives are the almost untouched remains of the palace sites and also the entire settlement area dependent upon them, as well as two earlier capital sites, the whole presenting an unrivalled picture of the development of social and political structures over some 400 years.",Criterion (ii): The Mapungubwe Cultural Landscape contains evidence for an important interchange of human values that led to far-reaching cultural and social changes in Southern Africa between AD 900 and 1300.Criterion (iii): The remains in the Mapungubwe cultural landscape are a remarkably complete testimony to the growth and subsequent decline of the Mapungubwe state which at its height was the largest kingdom in the African sub-continent.Criterion (iv): The establishment of Mapungubwe as a powerful state trading through the East African ports with Arabia and India was a significant stage in the history of the African sub-continent.Criterion (v) : The remains in the Mapungubwe cultural landscape graphically illustrate the impact of climate change and record the growth and then decline of the kingdom of Mapungubwe as a clear record of a culture that became vulnerable to irreversible change.,(ii)(iii)(iv)(v),LOW,1,0,,,,,capital,capital; palace,,Criterion_iv; Criterion_ii,https://whc.unesco.org/en/list/1099,True
972,Gusuku Sites and Related Properties of the Kingdom of Ryukyu,Cultural,Asia and the Pacific,Japan,,,"Five hundred years of Ryukyuan history (12th-17th century) are represented by this group of sites and monuments. The ruins of the castles, on imposing elevated sites, are evidence for the social structure over much of that period, while the sacred sites provide mute testimony to the rare survival of an ancient form of religion into the modern age. The wide- ranging economic and cultural contacts of the Ryukyu Islands over that period gave rise to a unique culture.","�Criterion ii For several centuries the Ryukyu islands served as a centre of economic and cultural interchange between south-east Asia, China, Korea, and Japan, and this is vividly demonstrated by the surviving monuments. Criterion iii The culture of the Ryukyuan Kingdom evolved and flourished in a special political and economic environment, which gave its culture a unique quality. Criterion vi The Ryukyu sacred sites constitute an exceptional example of an indigenous form of nature and ancestor worship which has survived intact into the modern age alongside other established world religions.",(ii)(iii)(vi),LOW,1,0,,,,,,castle,,Criterion_ii,https://whc.unesco.org/en/list/972,True
1662,The Ancient Town of Si Thep and its Associated Dvaravati Monuments,Cultural,Asia and the Pacific,Thailand,,,"This is a serial property of three component parts: a distinctive twin-town site, featuring an Inner and Outer Town surrounded by moats; the massive Khao Klang Nok ancient monument; and the Khao Thamorrat Cave ancient monument. Together these sites represent the architecture, artistic traditions and religious diversity of the Dvaravati Empire that thrived in Central Thailand from the 6th to the 10th centuries, demonstrating the influences from India. The local adaptation of these traditions resulted in a distinctive artistic tradition known as the Si Thep School of Art which later influenced other civilizations in Southeast Asia.",,(ii)(iii),LOW,1,0,,,,,,moat,,Criterion_ii,https://whc.unesco.org/en/list/1662,True
981,Bolgar Historical and Archaeological Complex,Cultural,Europe and North America,Russian Federation,,,"This property lies on the shores of the Volga River, south of its confluence with the River Kama, and south of the capital of Tatarstan, Kazan. It contains evidence of the medieval city of Bolgar, an early settlement of the civilization of Volga-Bolgars, which existed between the 7th and 15th centuries AD, and was the first capital of the Golden Horde in the 13th century. Bolgar represents the historical cultural exchanges and transformations of Eurasia over several centuries that played a pivotal role in the formation of civilizations, customs and cultural traditions. The property provides remarkable evidence of historic continuity and cultural diversity. It is a symbolic reminder of the acceptance of Islam by the Volga-Bolgars in AD 922 and remains a sacred pilgrimage destination to the Tatar Muslims.",,(ii)(vi),LOW,1,0,,,,,capital,capital,,Criterion_ii,https://whc.unesco.org/en/list/981,True
1761,"Wat Phra Mahathat Woramahawihan, Nakhon Si Thammarat",Cultural,Asia and the Pacific,Thailand,,,"Wat Phra Mahathat Woramahawihan (or Phra Mahathat monastery), located in Nakhon Si Thammarat Province in Peninsular Thailand on a narrow ridge between the Pacific and Indian oceans, has served as a major regional Buddhist centre since its founding in the 8th century. Benefiting from the transoceanic trade networks, the monastery was influenced by various religious and architectural traditions including Brahmanism, Hinduism, Mahayana Buddhism and Theravada Buddhism from northeastern India, central Java, Sri Lanka and the Mon region of southern Myanmar. These influences have been integrated into its religious buildings, rituals and cultural traditions. Its distinctive artistic and architectural expressions have exerted a wide-ranging and enduring influence throughout Thailand and across Southeast Asia. The religious and local traditions have continued at the monastery for more than 1,500 years, including the Nakhon Si Thammarat chronicle tradition, the annual cloth-wrapping ceremony for the Great Reliquary and the Nora dance drama.",,(ii)(vi),LOW,1,0,,,,,,monastery,,Criterion_ii,https://whc.unesco.org/en/list/1761,True
1277,"Hiraizumi – Temples, Gardens and Archaeological Sites Representing the Buddhist Pure Land",Cultural,Asia and the Pacific,Japan,,,"Hiraizumi - Temples, Gardens and Archaeological Sites Representing the Buddhist Pure Land&nbsp;comprises five sites, including the sacred Mount Kinkeisan. It features vestiges of government offices dating from the 11th and 12th centuries when Hiraizumi was the administrative centre of the northern realm of Japan and rivalled Kyoto. The realm was based on the cosmology of Pure Land Buddhism, which spread to Japan in the 8th century. It represented the pure land of Buddha that people aspire to after death, as well as peace of mind in this life. In combination with indigenous Japanese nature worship and Shintoism, Pure Land Buddhism developed a concept of planning and garden design that was unique to Japan.",,(ii)(vi),LOW,1,0,,,,,,base,,Criterion_ii,https://whc.unesco.org/en/list/1277,True
794,Dougga / Thugga,Cultural,Arab States,Tunisia,,,"Before the Roman annexation of Numidia, the town of Thugga, built on an elevated site overlooking a fertile plain, was the capital of an important Libyco-Punic state. It flourished under Roman and Byzantine rule, but declined in the Islamic period. The impressive ruins that are visible today give some idea of the resources of a small Roman town on the fringes of the empire.","The Committee decided to inscribe this property on the basis of criteria (ii) and (iii), considering that Dougga is the best preserved Roman small town in North Africa and as such provides an exceptional picture of everyday life in antiquity.",(ii)(iii),LOW,1,0,,,,,capital,capital,,Criterion_ii,https://whc.unesco.org/en/list/794,True
1078,Jewish Quarter and St Procopius' Basilica in Třebíč,Cultural,Europe and North America,Czechia,,,"The ensemble of the Jewish Quarter, the old Jewish cemetery and the Basilica of St Procopius in Třebíč are reminders of the co-existence of Jewish and Christian cultures from the Middle Ages to the 20th century. The Jewish Quarter bears outstanding testimony to the different aspects of the life of this community. St Procopius' Basilica, built as part of the Benedictine monastery in the early 13th century, is a remarkable example of the influence of Western European architectural heritage in this region.","Criterion (ii): The Jewish Quarter and St Procopius Basilica of Trebic bear witness to the coexistence of and interchange of values between two different cultures, Jewish and Christian, over many centuries.
Criterion (iii): the Jewish Quarter of Trebic is an exceptional testimony to the cultural traditions related to the Jewish diaspora in central Europe.",(ii)(iii),LOW,1,0,,,,,,basilica; monastery,,Criterion_ii,https://whc.unesco.org/en/list/1078,True
1535,Sacred Island of Okinoshima and Associated Sites in the Munakata Region,Cultural,Asia and the Pacific,Japan,,,"Located 60 km off the western coast of Kyushu island, the island of Okinoshima is an exceptional example of the tradition of worship of a sacred island. The archaeological sites that have been preserved on the island are virtually intact, and provide a chronological record of how the rituals performed there changed from the 4th to the 9th centuries AD. In these rituals, votive objects were deposited as offerings at different sites on the island. Many of them are of exquisite workmanship and had been brought from overseas, providing evidence of intense exchanges between the Japanese archipelago, the Korean Peninsula and the Asian continent. Integrated within the Grand Shrine of Munakata, the island of Okinoshima is considered sacred to this day.",,(ii)(iii),LOW,1,0,,,,,,shrine,,Criterion_ii,https://whc.unesco.org/en/list/1535,True
160,Palace and Park of Fontainebleau,Cultural,Europe and North America,France,,,"Used by the kings of France from the 12th century, the medieval royal hunting lodge of Fontainebleau, standing at the heart of a vast forest in the Ile-de-France, was transformed, enlarged and embellished in the 16th century by François I, who wanted to make a 'New Rome' of it. Surrounded by an immense park, the Italianate palace combines Renaissance and French artistic traditions.",,(ii)(vi),LOW,1,0,,,,,,palace,,Criterion_ii,https://whc.unesco.org/en/list/160,True
597,Monastery of Horezu,Cultural,Europe and North America,Romania,,,"Founded in 1690 by Prince Constantine Brancovan, the monastery of Horezu, in Walachia, is a masterpiece of the 'Brancovan' style. It is known for its architectural purity and balance, the richness of its sculptural detail, the treatment of its religious compositions, its votive portraits and its painted decorative works. The school of mural and icon painting established at the monastery in the 18th century was famous throughout the Balkan region.",,(ii),LOW,1,0,,,,,,monastery,,Criterion_ii,https://whc.unesco.org/en/list/597,True
1240,Stari Grad Plain,Cultural,Europe and North America,Croatia,,,"Stari Grad Plain on the Adriatic island of Hvar is a cultural landscape that has remained practically intact since it was first colonized by Ionian Greeks from Paros in the 4th century BC. The original agricultural activity of this fertile plain, mainly centring on grapes and olives, has been maintained since Greek times to the present. The site is also a natural reserve. The landscape features ancient stone walls and trims, or small stone shelters, and bears testimony to the ancient geometrical system of land division used by the ancient Greeks, the chora which has remained virtually intact over 24 centuries.",,(ii)(iii)(v),LOW,1,0,,,,,,wall,,Criterion_ii,https://whc.unesco.org/en/list/1240,True
1328,Central Sector of the Imperial Citadel of Thang Long - Hanoi,Cultural,Asia and the Pacific,Viet Nam,,,"The Thang Long Imperial Citadel was built in the 11th century by the Ly Viet Dynasty, marking the independence of the Dai Viet. It was constructed on the remains of a Chinese fortress dating from the 7th century, on drained land reclaimed from the Red River Delta in Hanoi. It was the centre of regional political power for almost 13 centuries without interruption. The Imperial Citadel buildings and the remains in the 18 Hoang Dieu Archaeological Site reflect a unique South-East Asian culture specific to the lower Red River Valley, at the crossroads between influences coming from China in the north and the ancient Kingdom of Champa in the south.",,(ii)(iii)(vi),LOW,1,0,,,,,,fortress,,Criterion_ii,https://whc.unesco.org/en/list/1328,True
1287,Mantua and Sabbioneta,Cultural,Europe and North America,Italy,,,"Mantua and Sabbioneta represent two aspects of Renaissance town planning: Mantua shows the renewal and extension of an existing city, while some 30 km away, Sabbioneta represents the implementation of the period’s theories about planning the ideal city. Typically, Mantua’s layout is irregular with regular parts showing different stages of its growth since the Roman period and includes many historical buildings, among them an 11th century rotunda and a Baroque theatre. Sabbioneta, created in the second half of the 16th century under the rule of Vespasiano Gonzaga Colonna, can be described as a single-period city and has a right-angle grid layout. Both cities offer exceptional testimonies to the urban, architectural and artistic realizations of the Renaissance, linked through the visions and actions of the ruling Gonzaga family. The two towns are important for the value of their architecture and for their prominent role in the dissemination of Renaissance culture. The ideals of the Renaissance, fostered by the Gonzaga family, are present in the towns’ morphology and architecture.",,(ii)(iii),LOW,1,0,,,,,,theatre,,Criterion_ii,https://whc.unesco.org/en/list/1287,True
595,Pythagoreion and Heraion of Samos,Cultural,Europe and North America,Greece,,,"Many civilizations have inhabited this small Aegean island, near Asia Minor, since the 3rd millennium B.C. The remains of Pythagoreion, an ancient fortified port with Greek and Roman monuments and a spectacular tunnel-aqueduct, as well as the Heraion, temple of the Samian Hera, can still be seen.",,(ii)(iii),LOW,1,0,,,,,,aqueduct; temple,,Criterion_ii,https://whc.unesco.org/en/list/595,True
1293,Hegra Archaeological Site (al-Hijr / Madā ͐ in Ṣāliḥ),Cultural,Arab States,Saudi Arabia,,,"The Hegra Archaeological Site (al-Hijr / Madā ͐ in Ṣāliḥ) is the first World Heritage property to be inscribed in Saudi Arabia. Formerly known as Hegra it is the largest conserved site of the civilization of the Nabataeans south of Petra in Jordan. It features well-preserved monumental tombs with decorated facades dating from the 1st century BC to the 1st century AD. The site also features some 50 inscriptions of the pre-Nabataean period and some cave drawings. Al-Hijr bears a unique testimony to Nabataean civilization. With its 111 monumental tombs, 94 of which are decorated, and water wells, the site is an outstanding example of the Nabataeans’ architectural accomplishment and hydraulic expertise.",,(ii)(iii),LOW,1,0,,,,,,facade; tomb,,Criterion_ii,https://whc.unesco.org/en/list/1293,True
1081,Orkhon Valley Cultural Landscape,Cultural,Asia and the Pacific,Mongolia,,,"The 121,967-ha Orkhon Valley Cultural Landscape encompasses an extensive area of pastureland on both banks of the Orkhon River and includes numerous archaeological remains dating back to the 6th century. The site also includes Kharkhorum, the 13th- and 14th-century capital of Chingis (Genghis) Khan’s vast Empire. Collectively the remains in the site reflect the symbiotic links between nomadic, pastoral societies and their administrative and religious centres, and the importance of the Orkhon valley in the history of central Asia. The grassland is still grazed by Mongolian nomadic pastoralists.","Criterion (ii): The Orkhon valley clearly demonstrates how a strong and persistent nomadic culture, led to the development of extensive trade networks and the creation of large administrative, commercial, military and religious centres. The empires that these urban centres supported undoubtedly influenced societies across Asia and into Europe and in turn absorbed influence from both east and west in a true interchange of human values.
Criterion (iii): Underpinning all the development within the Orkhon valley for the past two millennia has been a strong culture of nomadic pastoralism. This culture is still a revered and indeed central part of Mongolian society and is highly respected as a ‘noble’ way to live in harmony with the landscape.
Criterion (iv): The Orkhon valley is an outstanding example of a valley that illustrates several significant stages in human history. First and foremost it was the centre of the Mongolian Empire; secondly it reflects a particular Mongolian variation of Turkish power; thirdly, the Tuvkhun hermitage monastery was the setting for the development of a Mongolian form of Buddhism; and fourthly, Khar Balgas, reflects the Uighur urban culture in the capital of the Uighur Empire.",(ii)(iii)(iv),LOW,1,0,,,,,capital,capital; monastery,,Criterion_iv; Criterion_ii,https://whc.unesco.org/en/list/1081,True
1508,Zuojiang Huashan Rock Art Cultural Landscape,Cultural,Asia and the Pacific,China,,,"Located on the steep cliffs in the border regions of southwest China, these 38 sites of rock art illustrate the life and rituals of the Luoyue people. They date from the period around the 5th century BCE to the 2nd century CE. In a surrounding landscape of karst, rivers and plateaux, they depict ceremonies that have been interpreted as portraying the bronze drum culture once prevalent across southern China. This cultural landscape is the only remains of this culture today.",,(iii)(vi),HIGH,1,0,,,,,,drum,rock,Title_Stone_Keyword,https://whc.unesco.org/en/list/1508,True
1736,Xixia Imperial Tombs,Cultural,Asia and the Pacific,China,,,"Located in the foothills of the southern Helan Mountains in Ningxia, this necropolis is the imperial cemetery of the Xixia Dynasty. It includes nine imperial mausoleums, 271 subordinate tombs, a northern architectural complex, and 32 flood control structures. Founded by the Tanguts in 1038, the Xixia Dynasty lasted until its destruction by Genghis Khan’s Mongol army in 1227. Positioned along the Silk Road, it became a multicultural civilization modelled on Chinese imperial traditions, with Buddhism at its core. The property reflects the dynasty’s religious and socio-political legacy.",,(ii)(iii),LOW,1,0,,,,,,mausoleum; tomb,,Criterion_ii,https://whc.unesco.org/en/list/1736,True
422,The English Lake District,Cultural,Europe and North America,United Kingdom of Great Britain and Northern Ireland,,,"Located in northwest England, the English Lake District is a mountainous area, whose valleys have been modelled by glaciers in the Ice Age and subsequently shaped by an agro-pastoral land-use system characterized by fields enclosed by walls. The combined work of nature and human activity has produced a harmonious landscape in which the mountains are mirrored in the lakes. Grand houses, gardens and parks have been purposely created to enhance the landscape’s beauty. This landscape was greatly appreciated from the 18th century onwards by the Picturesque and later Romantic movements, which celebrated it in paintings, drawings and words. It also inspired an awareness of the importance of beautiful landscapes and triggered early efforts to preserve them.",,(ii)(v)(vi),LOW,1,0,,,,,,wall,,Criterion_ii,https://whc.unesco.org/en/list/422,True
1537,Ancient City of Qalhat,Cultural,Arab States,Oman,,,"The property, which is located on the east coast of the Sultanate of Oman, includes the ancient city of Qalhat, surrounded by inner and outer walls, as well as areas beyond the ramparts where necropolises are located. The city developed as a major port on the east coast of Arabia between the 11th and 15th centuries CE, during the reign of the Hormuz princes. The Ancient City bears unique archaeological testimony to the trade links between the east coast of Arabia, East Africa, India, China and South-East Asia.",,(ii)(iii),LOW,1,0,,,,,,wall,,Criterion_ii,https://whc.unesco.org/en/list/1537,True
1749,Saint Hilarion Monastery/ Tell Umm Amer,Cultural,Arab States,State of Palestine,,,"Situated on the coastal dunes in Nuseirat Municipality, the ruins of Saint Hilarion Monastery/ Tell Umm Amer represent one of the earliest monastic sites in the Middle East, dating back to the 4th century. Founded by Saint Hilarion, the monastery began with solitary hermits and evolved into a coenobitic community. It was the first monastic community in the Holy Land, laying the groundwork for the spread of monastic practices in the region. The monastery occupied a strategic position at the crossroads of major trade and communication routes between Asia and Africa. This prime location facilitated its role as a hub of religious, cultural, and economic interchange, exemplifying the flourishing of monastic desert centres during the Byzantine period.",,(ii)(iii)(vi),LOW,1,0,,,,,,monastery,,Criterion_ii,https://whc.unesco.org/en/list/1749,True
1118,Osun-Osogbo Sacred Grove,Cultural,Africa,Nigeria,,,"The dense forest of the Osun Sacred Grove, on the outskirts of the city of Osogbo, is one of the last remnants of primary high forest in southern Nigeria. Regarded as the abode of the goddess of fertility Osun, one of the pantheon of Yoruba gods, the landscape of the grove and its meandering river is dotted with sanctuaries and shrines, sculptures and art works in honour of Osun and other deities. The sacred grove, which is now seen as a symbol of identity for all Yoruba people, is probably the last in Yoruba culture. It testifies to the once widespread practice of establishing sacred groves outside all settlements.","Criterion (ii): The development of the movement of New Sacred Artists and the absorption of Suzanne Wenger, an Austrian artist, into the Yoruba community have proved to be a fertile exchange of ideas that revived the sacred Osun Grove ;
Criterion (iii): The Osun Sacred Grove is the largest and perhaps the only remaining example of a once widespread phenomenon that used to characterise every Yoruba settlement. It now represents Yoruba sacred groves and their reflection of Yoruba cosmology.
Criterion (vi): The Osun Grove is a tangible expression of Yoruba divinatory and cosmological systems; its annual festival is a living thriving and evolving response to Yoruba beliefs in the bond between people, their ruler and the Osun goddess.",(ii)(iii)(vi),LOW,1,0,,,,,,sanctuary; shrine,,Criterion_ii,https://whc.unesco.org/en/list/1118,True
1262,Armenian Monastic Ensembles of Iran,Cultural,Asia and the Pacific,Iran (Islamic Republic of),,,"The Armenian Monastic Ensembles of Iran, in the north-west of the country, consists of three monastic ensembles of the Armenian Christian faith: St Thaddeus and St Stepanos and the Chapel of Dzordzor. These edifices - the oldest of which, St Thaddeus, dates back to the 7th century – are examples of outstanding universal value of the Armenian architectural and decorative traditions. They bear testimony to very important interchanges with the other regional cultures, in particular the Byzantine, Orthodox and Persian. Situated on the south-eastern fringe of the main zone of the Armenian cultural space, the monasteries constituted a major centre for the dissemination of that culture in the region. They are the last regional remains of this culture that are still in a satisfactory state of integrity and authenticity. Furthermore, as places of pilgrimage, the monastic ensembles are living witnesses of Armenian religious traditions through the centuries.",,(ii)(iii)(vi),LOW,1,0,,,,,,monastery,,Criterion_ii,https://whc.unesco.org/en/list/1262,True
875,Archaeological Ensemble of Tarraco,Cultural,Europe and North America,Spain,,,"Tarraco (modern-day Tarragona) was a major administrative and mercantile city in Roman Spain and the centre of the Imperial cult for all the Iberian provinces. It was endowed with many fine buildings, and parts of these have been revealed in a series of exceptional excavations. Although most of the remains are fragmentary, many preserved beneath more recent buildings, they present a vivid picture of the grandeur of this Roman provincial capital.","Criterion (ii): The Roman remains of Tárraco are of exceptional importance in the development of Roman urban planning and design and served as the model for provincial capitals elsewhere in the Roman world.
Criterion (iii): Tárraco provides eloquent and unparalleled testimony to a significant stage in the history of the Mediterranean lands in antiquity.",(ii)(iii),LOW,1,0,,,,,capital,capital,,Criterion_ii,https://whc.unesco.org/en/list/875,True
565,Kasbah of Algiers,Cultural,Arab States,Algeria,,,"The Kasbah is a unique kind of medina, or Islamic city. It stands in one of the finest coastal sites on the Mediterranean, overlooking the islands where a Carthaginian trading-post was established in the 4th century BC. There are the remains of the citadel, old mosques and Ottoman-style palaces as well as the remains of a traditional urban structure associated with a deep-rooted sense of community.",,(ii)(v),LOW,1,0,,,,,,mosque; palace,,Criterion_ii,https://whc.unesco.org/en/list/565,True
1334,West Lake Cultural Landscape of Hangzhou,Cultural,Asia and the Pacific,China,,,"The West Lake Cultural Landscape of Hangzhou, comprising the West Lake and the hills surrounding its three sides, has inspired famous poets, scholars and artists since the 9th century. It comprises numerous temples, pagodas, pavilions, gardens and ornamental trees, as well as causeways and artificial islands. These additions have been made to improve the landscape west of the city of Hangzhou to the south of the Yangtze river.
The West Lake has influenced garden design in the rest of China as well as Japan and Korea over the centuries and bears an exceptional testimony to the cultural tradition of improving landscapes to create a series of vistas reflecting an idealised fusion between humans and nature.",,(ii)(iii)(vi),LOW,1,0,,,,,,pagoda; pavilion; temple,,Criterion_ii; OUV_ArchElements,https://whc.unesco.org/en/list/1334,True
352,Rock Art of Alta,Cultural,Europe and North America,Norway,,,"This group of petroglyphs in the Alta Fjord, near the Arctic Circle, bears the traces of a settlement dating from c. 4200 to 500 B.C. The thousands of paintings and engravings add to our understanding of the environment and human activities on the fringes of the Far North in prehistoric times.",,(iii),HIGH,1,0,,,,,,,rock,Title_Stone_Keyword,https://whc.unesco.org/en/list/352,True
30,Historic Centre of Warsaw,Cultural,Europe and North America,Poland,,,"During the Warsaw Uprising in August 1944, more than 85% of Warsaw's historic centre was destroyed by Nazi troops. After the war, a five-year reconstruction campaign by its citizens resulted in today's meticulous restoration of the Old Town, with its churches, palaces and market-place. It is an outstanding example of a near-total reconstruction of a span of history covering the 13th to the 20th century.",,(ii)(vi),LOW,1,0,,,,,,church; palace,,Criterion_ii,https://whc.unesco.org/en/list/30,True
190,Archaeological Site of Cyrene,Cultural,Arab States,Libya,,,"A colony of the Greeks of Thera, Cyrene was one of the principal cities in the Hellenic world. It was Romanized and remained a great capital until the earthquake of 365. A thousand years of history is written into its ruins, which have been famous since the 18th century.",,(ii)(iii)(vi),LOW,1,0,,,,,capital,capital,,Criterion_ii,https://whc.unesco.org/en/list/190,True
1577,Budj Bim Cultural Landscape,Cultural,Asia and the Pacific,Australia,,,"The Budj Bim Cultural Landscape, located in the traditional Country of the Gunditjmara people in south-eastern Australia, consists of three serial components containing one of the world’s most extensive and oldest aquaculture systems. The Budj Bim lava flows provide the basis for the complex system of channels, weirs and dams developed by the Gunditjmara in order to trap, store and harvest kooyang (short-finned eel – Anguilla australis). The highly productive aquaculture system provided an economic and social base for Gunditjmara society for six millennia. The Budj Bim Cultural Landscape is the result of a creational process narrated by the Gunditjmara as a deep time story, referring to the idea that they have always lived there. From an archaeological perspective, deep time represents a period of at least 32,000 years. The ongoing dynamic relationship of Gunditjmara and their land is nowadays carried by knowledge systems retained through oral transmission and continuity of cultural practice.",,(iii)(v),MEDIUM,1,1,lava,Igneous,,,,base,,OUV_Stone,https://whc.unesco.org/en/list/1577,True
874,Rock Art of the Mediterranean Basin on the Iberian Peninsula,Cultural,Europe and North America,Spain,,,The late prehistoric rock-art sites of the Mediterranean seaboard of the Iberian peninsula form an exceptionally large group. Here the way of life during a critical phase of human development is vividly and graphically depicted in paintings whose style and subject matter are unique.,"Criterion (iii): The corpus of late prehistoric mural paintings in the Mediterranean basin of eastern Spain is the largest group of rock-art sites anywhere in Europe, and provides an exceptional picture of human life in a seminal period of human cultural evolution.",(iii),HIGH,1,0,,,,,,,rock,Title_Stone_Keyword,https://whc.unesco.org/en/list/874,True
1568,Sassanid Archaeological Landscape of Fars Region,Cultural,Asia and the Pacific,Iran (Islamic Republic of),,,"The eight archaeological sites situated in three geographical areas in the southeast of Fars Province: Firuzabad, Bishapur and Sarvestan. The fortified structures, palaces and city plans date back to the earliest and latest times of the Sassanian Empire, which stretched across the region from 224 to 658 CE. Among these sites is the capital built by the founder of the dynasty, Ardashir Papakan, as well as a city and architectural structures of his successor, Shapur I. The archaeological landscape reflects the optimized utilization of natural topography and bears witness to the influence of Achaemenid and Parthian cultural traditions and of Roman art, which had a significant impact on the architecture of the Islamic era.",,(ii)(iii)(v),LOW,1,0,,,,,capital,capital; palace,,Criterion_ii,https://whc.unesco.org/en/list/1568,True
824,"Botanical Garden (Orto Botanico), Padua",Cultural,Europe and North America,Italy,,,"The world's first botanical garden was created in Padua in 1545. It still preserves its original layout – a circular central plot, symbolizing the world, surrounded by a ring of water. Other elements were added later, some architectural (ornamental entrances and balustrades) and some practical (pumping installations and greenhouses). It continues to serve its original purpose as a centre for scientific research.","The Committee decided to inscribe this property on the basis of criteria (ii) and (iii), considering that the Botanical Garden of Padua is the original of all botanical gardens throughout the world, and represents the birth of science, of scientific exchanges, and understanding of the relationship between nature and culture. It has made a profound contribution to the development of many modern scientific disciplines, notably botany, medicine, chemistry, ecology, and pharmacy.",(ii)(iii),LOW,1,0,,,,,balustrade,balustrade,,Criterion_ii,https://whc.unesco.org/en/list/824,True
42,Boyana Church,Cultural,Europe and North America,Bulgaria,,,"Located on the outskirts of Sofia, Boyana Church consists of three buildings. The eastern church was built in the 10th century, then enlarged at the beginning of the 13th century by Sebastocrator Kaloyan, who ordered a second two storey building to be erected next to it. The frescoes in this second church, painted in 1259, make it one of the most important collections of medieval paintings. The ensemble is completed by a third church, built at the beginning of the 19th century. This site is one of the most complete and perfectly preserved monuments of east European medieval art.",,(ii)(iii),LOW,1,0,,,,,,church,,Criterion_ii,https://whc.unesco.org/en/list/42,True
1716,Hegmataneh,Cultural,Asia and the Pacific,Iran (Islamic Republic of),,,"The archaeological remains of ancient Hegmataneh are located in northwestern Iran. Continuously inhabited for nearly three millennia, Hegmataneh provides important and rare evidence of the Medes civilization in the 7th and 6th centuries BCE and later served as a summer capital of Achaemenid, Seleucid, Parthian, and Sasanian rulers.",,(ii)(iii),LOW,1,0,,,,,capital,capital,,Criterion_ii,https://whc.unesco.org/en/list/1716,True
971,Churches of Chiloé,Cultural,Latin America and the Caribbean,Chile,,,"The Churches of Chiloé represent a unique example in Latin America of an outstanding form of ecclesiastical wooden architecture. They represent a tradition initiated by the Jesuit Peripatetic Mission in the 17th and 18th centuries, continued and enriched by the Franciscans during the 19th century and still prevailing today. These churches embody the intangible richness of the Chiloé Archipelago, and bear witness to a successful fusion of indigenous and European culture, the full integration of its architecture in the landscape and environment, as well as to the spiritual values of the communities.","Criterion (ii): The churches of Chiloé are outstanding examples of the successful fusion of European and indigenous cultural traditions to produce a unique form of wooden architecture.
Criterion (iii): The mestizo culture resulting from Jesuit missionary activities in the 17th and 18th centuries has survived intact in the Chiloé archipelago, and achieves its highest expression in the outstanding wooden churches.",(ii)(iii),LOW,1,0,,,,,,church,,Criterion_ii,https://whc.unesco.org/en/list/971,True
1371,Cultural Landscape of the Serra de Tramuntana,Cultural,Europe and North America,Spain,,,The Cultural Landscape of the Serra de Tramuntana located on a sheer-sided mountain range parallel to the north-western coast of the island of Mallorca. Millennia of agriculture in an environment with scarce resources has transformed the terrain and displays an articulated network of devices for the management of water revolving around farming units of feudal origins. The landscape is marked by agricultural terraces and inter-connected water works - including water mills - as well as dry stone constructions and farms.,,(ii)(iv)(v),LOW,1,0,,,,,dry stone,terrace,,Criterion_iv; Criterion_ii,https://whc.unesco.org/en/list/1371,True
1411,Ancient City of Tauric Chersonese and its Chora,Cultural,Europe and North America,Ukraine,,,"The site features the remains of a city founded by Dorian Greeks in the 5th century BC on the northern shores of the Black Sea. It encompasses six component sites with urban remains and agricultural lands divided into several hundreds of chora, rectangular plots of equal size. The plots supported vineyards whose production was exported by the city which thrived until the 15th century. The site features several public building complexes and residential neighbourhoods, as well as early Christian monuments alongside remains from Stone and Bronze Age settlements; Roman and medieval tower fortifications and water supply systems; and exceptionally well-preserved examples of vineyard planting and dividing walls. In the 3rd century AD, the site was known as the most productive wine centre of the Black Sea and remained a hub of exchange between the Greek, Roman and Byzantine Empires and populations north of the Black Sea. It is an outstanding example of democratic land organization linked to an ancient polis, reflecting the city’s social organization.",,(ii)(v),LOW,1,0,,,,,,tower; wall,,Criterion_ii,https://whc.unesco.org/en/list/1411,True
1079,Franciscan Missions in the Sierra Gorda of Querétaro,Cultural,Latin America and the Caribbean,Mexico,,,"The five Franciscan missions of Sierra Gorda were built during the last phase of the conversion to Christianity of the interior of Mexico in the mid-18th century and became an important reference for the continuation of the evangelization of California, Arizona and Texas. The richly decorated church façades are of special interest as they represent an example of the joint creative efforts of the missionaries and the Indios. The rural settlements that grew around the missions have retained their vernacular character.","Criterion ii: The Sierra Gorda Missions exhibit an important interchange of values in the process of evangelisation of central and northern Mexico, and the western United States. Criterion iii: The five Sierra Gorda missions bear witness to the cultural encounter of the European missions with the nomadic populations of central Mexico, remaining a significant testimony to this second phase of evangelisation in North America.",(ii)(iii),LOW,1,0,,,,,,church,,Criterion_ii,https://whc.unesco.org/en/list/1079,True
1209,Agave Landscape and Ancient Industrial Facilities of Tequila,Cultural,Latin America and the Caribbean,Mexico,,,"The 34,658 ha site, between the foothills of the Tequila Volcano and the deep valley of the Rio Grande River, is part of an expansive landscape of blue agave, shaped by the culture of the plant used since the 16th century to produce tequila spirit and for at least 2,000 years to make fermented drinks and cloth. Within the landscape are working distilleries reflecting the growth in the international consumption of tequila in the 19th and 20th centuries. Today, the agave culture is seen as part of national identity. The area encloses a living, working landscape of blue agave fields and the urban settlements of Tequila, Arenal, and Amatitan with large distilleries where the agave &lsquo;pineapple' is fermented and distilled. The property is also a testimony to the Teuchitlan cultures which shaped the Tequila area from AD 200-900, notably through the creation of terraces for agriculture, housing, temples, ceremonial mounds and ball courts.",,(ii)(iv)(v)(vi),LOW,1,0,,,,,,temple; terrace,,Criterion_iv; Criterion_ii,https://whc.unesco.org/en/list/1209,True
1474,Tusi Sites,Cultural,Asia and the Pacific,China,,,"Located in the mountainous areas of south-west China, this property encompasses remains of several tribal domains whose chiefs were appointed by the central government as ‘Tusi’, hereditary rulers from the 13th to the early 20thcentury. The Tusi system arose from the ethnic minorities’ dynastic systems of government dating back to the 3rd century BCE. Its purpose was to unify national administration, while allowing ethnic minorities to retain their customs and way of life. The sites of Laosicheng, Tangya and Hailongtun Fortress that make up the site bear exceptional testimony to this form of governance, which derived from the Chinese civilization of the Yuan and Ming periods.",,(ii)(iii),LOW,1,0,,,,,,fortress,,Criterion_ii,https://whc.unesco.org/en/list/1474,True
1076,Gobustan Rock Art Cultural Landscape,Cultural,Europe and North America,Azerbaijan,,,"Gobustan Rock Art Cultural Landscape covers three areas of a plateau of rocky boulders rising out of the semi-desert of central Azerbaijan, with an outstanding collection of more than 6,000 rock engravings bearing testimony to 40,000 years of rock art. The site also features the remains of inhabited caves, settlements and burials, all reflecting an intensive human use by the inhabitants of the area during the wet period that followed the last Ice Age, from the Upper Paleolithic to the Middle Ages. The site, which covers an area of 537 ha, is part of the larger protected Gobustan Reservation.",,(iii),HIGH,1,0,,,,,,,rock,Title_Stone_Keyword,https://whc.unesco.org/en/list/1076,True
970,Wachau Cultural Landscape,Cultural,Europe and North America,Austria,,,"The Wachau is a stretch of the Danube Valley between Melk and Krems, a landscape of high visual quality. It preserves in an intact and visible form many traces - in terms of architecture, (monasteries, castles, ruins), urban design, (towns and villages), and agricultural use, principally for the cultivation of vines - of its evolution since prehistoric times.","Criterion (ii): The Wachau is an outstanding example of a riverine landscape bordered by mountains in which material evidence of its long historical evolution has survived to a remarkable degree.
Criterion (iv): The architecture, the human settlements, and the agricultural use of the land in the Wachau vividly illustrate a basically medieval landscape which has evolved organically and harmoniously over time.",(ii)(iv),LOW,1,0,,,,,,castle; monastery,,Criterion_iv; Criterion_ii,https://whc.unesco.org/en/list/970,True
1671,The Cosmological Axis of Yogyakarta and its Historic Landmarks,Cultural,Asia and the Pacific,Indonesia,,,"The central axis of Yogyakarta was established in the 18th century by Sultan Mangkubumi, and has continued from that time as a centre of government and Javanese cultural traditions. The six kilometre north-south axis is positioned to link Mount Merapi and the Indian Ocean, with the Kraton (palace) at its centre, and key cultural monuments lining the axis to the north and south that are connected through rituals. It embodies key beliefs about the cosmos in Javanese culture, including the marking of the cycles of life.",,(ii)(iii),LOW,1,0,,,,,,palace,,Criterion_ii,https://whc.unesco.org/en/list/1671,True
1243,"Lavaux, Vineyard Terraces",Cultural,Europe and North America,Switzerland,,,"The Lavaux Vineyard Terraces, stretching for about 30 km along the south-facing northern shores of Lake Geneva from the Chateau de Chillon to the eastern outskirts of Lausanne in the Vaud region, cover the lower slopes of the mountainside between the villages and the lake. Although there is some evidence that vines were grown in the area in Roman times, the present vine terraces can be traced back to the 11th century, when Benedictine and Cistercian monasteries controlled the area. It is an outstanding example of a centuries-long interaction between people and their environment, developed to optimize local resources so as to produce a highly valued wine that has always been important to the economy.",,(iii)(iv)(v),NONE,0,0,,,,,,monastery; terrace,,Criterion_iv,https://whc.unesco.org/en/list/1243,True
1745,Diy-Gid-Biy Cultural Landscape of the Mandara Mountains,Cultural,Africa,Cameroon,,,"Located in the Far North Region of Cameroon, the property includes sixteen archaeological sites across seven villages. Known as Diy-Gid-Biy (meaning “Ruin of the Chief’s Residence” in the Mafa language), these dry-stone architectural structures were likely built between the 12th and 17th centuries. While their original builders remain unknown, the area has been inhabited by the Mafa people since the 15th century. The surrounding landscape features agricultural terraces, homes, tombs, places of worship, and artisan activities, reflecting a long-standing cultural and spiritual connection between the people and their environment.",,(iii),NONE,0,0,,,,,dry stone,terrace; tomb,,,https://whc.unesco.org/en/list/1745,True
1713,Royal Court of Tiébélé,Cultural,Africa,Burkina Faso,,,"The property is an earthen architectural complex established since the 16th century that bears testimony to the social organization and cultural values of the Kasena people. Enclosed by a protective compound wall, the Royal Court consists of a set of buildings arranged in distinct concessions separated by walls and passageways leading to ceremonial and gathering places outside the compound. Built by the men of the Royal Court, the huts are then adorned with decorations of symbolic significance by the women, who are the sole guardians of this knowledge and ensure this tradition is kept alive.",,(iii),NONE,0,0,,,,,,wall,,,https://whc.unesco.org/en/list/1713,True
1225,Ruins of Loropéni,Cultural,Africa,Burkina Faso,,,"The 11,130m2 property, the first to be inscribed in the country, with its imposing stone walls is the best preserved of ten fortresses in the Lobi area and is part of a larger group of 100 stone enclosures that bear testimony to the power of the trans-Saharan gold trade. Situated near the borders of Côte d’Ivoire, Ghana and Togo, the ruins have recently been shown to be at least 1,000 years old. The settlement was occupied by the Lohron or Koulango peoples, who controlled the extraction and transformation of gold in the region when it reached its apogee from the 14th to the 17th century. Much mystery surrounds this site large parts of which have yet to be excavated. The settlement seems to have been abandoned during some periods during its long history. The property which was finally deserted in the early 19th century is expected to yield much more information.",,(iii),NONE,0,0,,,,,,fortress; wall,,,https://whc.unesco.org/en/list/1225,True
1140,"Koutammakou, the Land of the Batammariba",Cultural,Africa,"Benin,Togo",,,"The Koutammakou landscape in north-eastern Togo and neighbouring Benin is home to the Batammariba, whose remarkable mud tower-houses are known as takienta (sikien in the plural). Nature is strongly associated with the rituals and beliefs of society here. The landscape is exceptional due to the architecture of the tower-houses which reflect the social structure; its farmland and forest; and the associations between people and landscape. The buildings are grouped in villages, which also include ceremonial spaces, springs, sacred rocks and sites reserved for initiation ceremonies.",,(v)(vi),NONE,0,0,,,,,,tower,,,https://whc.unesco.org/en/list/1140,True
1492,"Palestine: Land of Olives and Vines – Cultural Landscape of Southern Jerusalem, Battir",Cultural,Arab States,State of Palestine,,,"This site is located a few kilometres south-west of Jerusalem, in the Central Highlands between Nablus and Hebron. The Battir hill landscape comprises a series of farmed valleys, known as widian, with characteristic stone terraces, some of which are irrigated for market garden production, while others are dry and planted with grapevines and olive trees. The development of terrace farming in such a mountainous region is supported by a network of irrigation channels fed by underground sources. A traditional system of distribution is then used to share the water collected through this network between families from the nearby village of Battir.",,(iv)(v),NONE,0,0,,,,,,terrace,,Criterion_iv,https://whc.unesco.org/en/list/1492,True
772,Fertö / Neusiedlersee Cultural Landscape,Cultural,Europe and North America,"Austria,Hungary",,,"The Fert&ouml;/Neusiedler Lake area has been the meeting place of different cultures for eight millennia. This is graphically demonstrated by its varied landscape, the result of an evolutionary symbiosis between human activity and the physical environment. The remarkable rural architecture of the villages surrounding the lake and several 18th- and 19th-century palaces adds to the area&rsquo;s considerable cultural interest.","Criterion (v): The Fert&ouml;-Neusiedler Lake has been the meeting place of different cultures for eight millennia, and this is graphically demonstrated by its varied landscape, the result of an evolutionary and symbiotic process of human interaction with the physical environment.",(v),NONE,0,0,,,,,,palace,,,https://whc.unesco.org/en/list/772,True
1696,Cultural Landscape of Khinalig People and “Köç Yolu” Transhumance Route,Cultural,Europe and North America,Azerbaijan,,,"This cultural landscape is comprised of the high-mountain Khinalig village in northern Azerbaijan, high-altitude summer pastures and agricultural terraces in the Greater Caucasus Mountains, winter pastures in the lowland plains in central Azerbaijan, and the connecting 200-kilometre-long seasonal transhumance route called Köç Yolu (“Migration Route”). The village of Khinalig is home to the semi-nomadic Khinalig people, whose culture and lifestyle are defined by the seasonal migration between summer and winter pastures, and who retain the ancient way of long-distance vertical transhumance. The organically evolved network including ancient routes, temporary pastures and camping sites, mausoleums, and mosques illustrates a sustainable eco-social system adapted to extreme environmental conditions.",,(iii)(v),NONE,0,0,,,,,,mausoleum; mosque; terrace,,OUV_ArchElements,https://whc.unesco.org/en/list/1696,True
102,Al Qal'a of Beni Hammad,Cultural,Arab States,Algeria,,,"In a mountainous site of extraordinary beauty, the ruins of the first capital of the Hammadid emirs, founded in 1007 and demolished in 1152, provide an authentic picture of a fortified Muslim city. The mosque, whose prayer room has 13 aisles with eight bays, is one of the largest in Algeria.",,(iii),NONE,0,0,,,,,capital,capital; mosque,,,https://whc.unesco.org/en/list/102,True
1160,Madriu-Perafita-Claror Valley,Cultural,Europe and North America,Andorra,,,"The cultural landscape of Madriu-Perafita-Claror Valley offers a microcosmic perspective of the way people have harvested the resources of the high Pyrenees over millennia. Its dramatic glacial landscapes of craggy cliffs and glaciers, with high open pastures and steep wooded valleys, covers an area of 4,247 ha, 9% of the total area of the principality. It reflects past changes in climate, economic fortune and social systems, as well as the persistence of pastoralism and a strong mountain culture, notably the survival of a communal land-ownership system dating back to the 13th century. The site features houses, notably summer settlements, terraced fields, stone tracks and evidence of iron smelting.",Criterion (v): The Madriu-Perafita-Claror Valley is a microcosm of the way its inhabitants have harvested the scarce resources of the high Pyrenees over the past millennia to create a sustainable living environment in harmony with the mountain landscape. The Valley is a reflection of an ancient communal system of land management that has survived for over 700 years.,(v),NONE,0,0,,,,,,terrace,,,https://whc.unesco.org/en/list/1160,True
1364,"Pearling, Testimony of an Island Economy",Cultural,Arab States,Bahrain,,,"The site consists of seventeen buildings in Muharraq City, three offshore oyster beds, part of the seashore and the Qal’at Bu Mahir fortress on the southern tip of Muharraq Island, from where boats used to set off for the oyster beds. The listed buildings include residences of wealthy merchants, shops, storehouses and a mosque. The site is the last remaining complete example of the cultural tradition of pearling and the wealth it generated at a time when the trade dominated the Gulf economy (2nd century to the 1930s, when Japan developed cultured pearls). It also constitutes an outstanding example of traditional utilization of the sea’s resources and human interaction with the environment, which shaped both the economy and the cultural identity of the island’s society.",,(iii),NONE,0,0,,,,,,fortress; mosque,,,https://whc.unesco.org/en/list/1364,True
1769,Village of Sidi Bou Saïd,Cultural,Arab States,Tunisia,,,"The property is a picturesque village perched on a promontory overlooking the Mediterranean Sea, harmoniously integrated into the cliff topography. It developed around the tomb of a Sufi master and saint, known as Sidi Bou Saïd, who lived in the 12th-13th centuries. Through its architectural fabric and urban planning in symbiosis with the natural environment, its recognisable aesthetic created by emblematic colours, and a mystic aura associated with the Sufi spirituality that permeates the site, the property brings together geomorphology, architecture, and spirituality. It has long inspired artists and continues to attract visitors seeking spiritual serenity.",,(iii),NONE,0,0,,,,,,tomb,,,https://whc.unesco.org/en/list/1769,True
1548,Valongo Wharf Archaeological Site,Cultural,Latin America and the Caribbean,Brazil,,,"Valongo Wharf Archaeological Site is located in central Rio de Janeiro and encompasses the entirety of Jornal do Comércio Square. It is in the former harbour area of Rio de Janeiro in which the old stone wharf was built for the landing of enslaved Africans reaching the South American continent from 1811 onwards. An estimated 900,000 Africans arrived in South America via Valongo. The site is composed of several archaeological layers, the lowest of which consists of floor pavings in pé de moleque style, attributed to the original Valongo Wharf. It is the most important physical trace of the arrival of African slaves on the American continent.",,(vi),NONE,0,0,,,,,,floor,,,https://whc.unesco.org/en/list/1548,True
1578,Risco Caido and the Sacred Mountains of Gran Canaria Cultural Landscape,Cultural,Europe and North America,Spain,,,"Located in a vast mountainous area in the centre of Gran Canaria, Risco Caído comprises cliffs, ravines and volcanic formations in a landscape of rich biodiversity. The landscape includes a large number of troglodyte settlements — habitats, granaries and cisterns — whose age is proof of the presence of a pre-Hispanic culture on the island, which has evolved in isolation, from the arrival of North African Berbers, around the beginning of our era, until the first Spanish settlers in the 15th century. The troglodyte complex also includes cult cavities and two sacred temples, or almogarenes — Risco Caído and Roque Bentayga — where seasonal ceremonies were held. These temples are thought to be linked to a possible cult of the stars and Mother Earth.",,(iii)(v),NONE,0,0,,,,,,temple,,,https://whc.unesco.org/en/list/1578,True
1669,Gordion,Cultural,Europe and North America,Türkiye,,,"Located in an open rural landscape, the archaeological site of Gordion is a multi-layered ancient settlement, encompassing the remains of the ancient capital of Phrygia, an Iron Age independent kingdom. The key elements of this archaeological site include the Citadel Mound, the Lower Town, the Outer Town and Fortifications, and several burial mounds and tumuli with their surrounding landscape. Archaeological excavations and research have revealed a wealth of remains that document construction techniques, spatial arrangements, defensive structures, and inhumation practices that shed light on Phrygian culture and economy.",,(iii),NONE,0,0,,,,,capital,capital,,,https://whc.unesco.org/en/list/1669,True
946,Old Bridge Area of the Old City of Mostar,Cultural,Europe and North America,Bosnia and Herzegovina,,,"The historic town of Mostar, spanning a deep valley of the Neretva River, developed in the 15th and 16th centuries as an Ottoman frontier town and during the Austro-Hungarian period in the 19th and 20th centuries. Mostar has long been known for its old Turkish houses and Old Bridge, Stari Most, after which it is named. In the 1990s conflict, however, most of the historic town and the Old Bridge, designed by the renowned architect Sinan, was destroyed. The Old Bridge was recently rebuilt and many of the edifices in the Old Town have been restored or rebuilt with the contribution of an international scientific committee established by UNESCO. The Old Bridge area, with its pre-Ottoman, eastern Ottoman, Mediterranean and western European architectural features, is an outstanding example of a multicultural urban settlement. The reconstructed Old Bridge and Old City of Mostar is a symbol of reconciliation, international co-operation and of the coexistence of diverse cultural, ethnic and religious communities.","Criterion (vi): With the “renaissance” of the Old Bridge and its surroundings, the symbolic power and meaning of the City of Mostar - as an exceptional and universal symbol of coexistence of communities from diverse cultural, ethnic and religious backgrounds - has been reinforced and strengthened, underlining the unlimited efforts of human solidarity for peace and powerful co-operation in the face of overwhelming catastrophes.",(vi),NONE,0,0,,,,,,bridge,,,https://whc.unesco.org/en/list/946,True
481,Vat Phou and Associated Ancient Settlements within the Champasak Cultural Landscape,Cultural,Asia and the Pacific,Lao People's Democratic Republic,,,"The Champasak cultural landscape, including the Vat Phou Temple complex, is a remarkably well-preserved planned landscape more than 1,000 years old. It was shaped to express the Hindu vision of the relationship between nature and humanity, using an axis from mountain top to river bank to lay out a geometric pattern of temples, shrines and waterworks extending over some 10 km. Two planned cities on the banks of the Mekong River are also part of the site, as well as Phou Kao mountain. The whole represents a development ranging from the 5th to 15th centuries, mainly associated with the Khmer Empire.","Criterion iii The Temple Complex of Vat Phou bears exceptional testimony to the cultures of south-east Asia, and in particular to the Khmer Empire which dominated the region in the 10th–14th centuries. Criterion iv The Vat Phou complex is an outstanding example of the integration of symbolic landscape of great spiritual significance to its natural surroundings. Criterion vi Contrived to express the Hindu version of the relationship between nature and humanity, Vat Phou exhibits a remarkable complex of monuments and other structures over an extensive area between river and mountain, some of outstanding architecture, many containing great works of art, and all expressing intense religious conviction and commitment.",(iii)(iv)(vi),NONE,0,0,,,,,,shrine; temple,,Criterion_iv,https://whc.unesco.org/en/list/481,True
938,Sukur Cultural Landscape,Cultural,Africa,Nigeria,,,"The Sukur Cultural Landscape, with the Palace of the Hidi (Chief) on a hill dominating the villages below, the terraced fields and their sacred symbols, and the extensive remains of a former flourishing iron industry, is a remarkably intact physical expression of a society and its spiritual and material culture.","Criterion (iii): Sukur is an exceptional landscape which graphically illustrates a form of land-use that marks a critical stage in human settlement and its relationship with its environment. Criterion (v): The cultural landscape of Sukur has survived unchanged for many centuries, and continues to do so at a period when this form of traditional human settlement is under threat in many parts of the world. Criterion vi The cultural landscape of Sukur is eloquent testimony to a strong and continuing cultural tradition that has endured for many centuries.",(iii)(v)(vi),NONE,0,0,,,,,,palace; terrace,,,https://whc.unesco.org/en/list/938,True
927,Ancient Buddhist Site of Sarnath,Cultural,Asia and the Pacific,India,,,"The serial property contains the architectural and archaeological remains of Sarnath, the sacred site where the Buddha is believed to have delivered his first sermon in the 6th century BCE and met his earliest disciples. Identified by the Buddha himself as one of the four principal Buddhist pilgrimage sites, Sarnath grew over many centuries through royal, monastic, and lay patronage, resulting in the construction of numerous stupas, temples, and viharas. After flourishing as a major Buddhist centre, Sarnath declined in the 12th century CE and fell into obscurity until its rediscovery in the 18th century. Today preserved as two archaeological zones, it remains both an important tourist destination and a revived pilgrimage site for Buddhists worldwide.",,(iii)(vi),NONE,0,0,,,,,,stupa; temple,,,https://whc.unesco.org/en/list/927,True
1194,Cultural Landscape of Bali Province: the Subak System as a Manifestation of the Tri Hita Karana Philosophy,Cultural,Asia and the Pacific,Indonesia,,,"The cultural landscape of Bali consists of five rice terraces and their water temples that cover 19,500 ha. The temples are the focus of a cooperative water management system of canals and weirs, known as subak, that dates back to the 9th century. Included in the landscape is the 18th-century Royal Water Temple of Pura Taman Ayun, the largest and most impressive architectural edifice of its type on the island. The subak reflects the philosophical concept of Tri Hita Karana, which brings together the realms of the spirit, the human world and nature. This philosophy was born of the cultural exchange between Bali and India over the past 2,000 years and has shaped the landscape of Bali. The subak system of democratic and egalitarian farming practices has enabled the Balinese to become the most prolific rice growers in the archipelago despite the challenge of supporting a dense population.",,(iii)(v)(vi),NONE,0,0,,,,,,temple; terrace,,,https://whc.unesco.org/en/list/1194,True
666,"Lumbini, the Birthplace of the Lord Buddha",Cultural,Asia and the Pacific,Nepal,,,"Siddhartha Gautama, the Lord Buddha, was born in 623 B.C. in the famous gardens of Lumbini, which soon became a place of pilgrimage. Among the pilgrims was the Indian emperor Ashoka, who erected one of his commemorative pillars there. The site is now being developed as a Buddhist pilgrimage centre, where the archaeological remains associated with the birth of the Lord Buddha form a central feature.","The Committee decided to inscribe this site on the basis of criteria (iii) and (vi). As the birthplace of the Lord Buddha, the sacred area of Lumbini is one of the holiest places of one of the world's great religions, and its remains contain important evidence about the nature of Buddhist pilgrimage centres from a very early period.",(iii)(vi),NONE,0,0,,,,,,pillar,,,https://whc.unesco.org/en/list/666,True
1544,Historic City of Yazd,Cultural,Asia and the Pacific,Iran (Islamic Republic of),,,"The City of Yazd is located in the middle of the Iranian plateau, 270 km southeast of Isfahan, close to the Spice and Silk Roads. It bears living testimony to the use of limited resources for survival in the desert. Water is supplied to the city through a qanat system developed to draw underground water. The earthen architecture of Yazd has escaped the modernization that destroyed many traditional earthen towns, retaining its traditional districts, the qanat system, traditional houses, bazars, hammams, mosques, synagogues, Zoroastrian temples and the historic garden of Dolat-abad.",,(iii)(v),NONE,0,0,,,,,,mosque; temple,,,https://whc.unesco.org/en/list/1544,True
1647,Cultural Landscape of Hawraman/Uramanat,Cultural,Asia and the Pacific,Iran (Islamic Republic of),,,"The remote and mountainous landscape of Hawraman/Uramanat bears testimony to the traditional culture of the Hawrami people, an agropastoral Kurdish tribe that has inhabited the region since about 3000 BCE. The property, at the heart of the Zagros Mountains in the provinces of Kurdistan and Kermanshah along the western border of Iran, encompasses two components: the Central-Eastern Valley (Zhaverud and Takht, in Kurdistan Province); and the Western Valley (Lahun, in Kermanshah Province). The mode of human habitation in these two valleys has been adapted over millennia to the rough mountainous environment. Tiered steep-slope planning and architecture, gardening on dry-stone terraces, livestock breeding, and seasonal vertical migration are among the distinctive features of the local culture and life of the semi-nomadic Hawrami people who dwell in lowlands and highlands during different seasons of each year. Their uninterrupted presence in the landscape, which is also characterized by exceptional biodiversity and endemism, is evidenced by stone tools, caves and rock shelters, mounds, remnants of permanent and temporary settlement sites, and workshops, cemeteries, roads, villages, castles, and more. The 12 villages included in the property illustrate the Hawrami people’s evolving responses to the scarcity of productive land in their mountainous environment through the millennia.",,(iii)(v),NONE,0,0,,,,,dry stone,castle; terrace,,,https://whc.unesco.org/en/list/1647,True
1143,Vegaøyan – The Vega Archipelago,Cultural,Europe and North America,Norway,,,"A cluster of dozens of islands centred on Vega, just south of the Arctic Circle, forms a cultural landscape of 107,294 ha, of which 6,881 ha is land. The islands bear testimony to a distinctive frugal way of life based on fishing and the harvesting of the down of eider ducks, in an inhospitable environment. There are fishing villages, quays, warehouses, eider houses (built for eider ducks to nest in), farming landscapes, lighthouses and beacons. There is evidence of human settlement from the Stone Age onwards. By the 9th century, the islands had become an important centre for the supply of down, which appears to have accounted for around a third of the islanders’ income. The Vega Archipelago reflects the way fishermen/farmers have, over the past 1,500 years, maintained a sustainable living and the contribution of women to eiderdown harvesting.","Criterion (v): The Vega archipelago reflects the way generations of fishermen/farmers have, over the past 1500 years, maintained a sustainable living in an inhospitable seascape near the Arctic Circle, based on the now unique practice of eider down harvesting, and it also celebrate the contribution made by women to the eider down process.",(v),NONE,0,0,,,,,,base,,,https://whc.unesco.org/en/list/1143,True
330,Chavin (Archaeological Site),Cultural,Latin America and the Caribbean,Peru,,,"The archaeological site of Chavin gave its name to the culture that developed between 1500 and 300 B.C. in this high valley of the Peruvian Andes. This former place of worship is one of the earliest and best-known pre-Columbian sites. Its appearance is striking, with the complex of terraces and squares, surrounded by structures of dressed stone, and the mainly zoomorphic ornamentation.",,(iii),NONE,0,0,,,,,,terrace,,,https://whc.unesco.org/en/list/330,True
1152,Þingvellir National Park,Cultural,Europe and North America,Iceland,,,"Þingvellir (Thingvellir) is the National Park where the Althing, an open-air assembly representing the whole of Iceland, was established in 930 and continued to meet until 1798. Over two weeks a year, the assembly set laws - seen as a covenant between free men - and settled disputes. The Althing has deep historical and symbolic associations for the people of Iceland. The property includes the Þingvellir National Park and the remains of the Althing itself: fragments of around 50 booths built from turf and stone. Remains from the 10th century are thought to be buried underground. The site also includes remains of agricultural use from the 18th and 19th centuries. The park shows evidence of the way the landscape was husbanded over 1,000 years.","Criterion (iii): The Althing and its hinterland, the Þingvellir National Park, represent, through the remains of the assembly ground, the booths for those who attended, and through landscape evidence of settlement extending back possibly to the time the assembly was established, a unique reflection of mediaeval Norse/Germanic culture and one that persisted in essence from its foundation in 980 AD until the 18th century.
Criterion (vi): Pride in the strong association of the Althing to mediaeval Germanic/Norse governance, known through the 12th century Icelandic sagas, and reinforced during the fight for independence in the 19th century, have, together with the powerful natural setting of the assembly grounds, given the site iconic status as a shrine for the national.",(iii)(vi),NONE,0,0,,,,,,foundation; shrine,,,https://whc.unesco.org/en/list/1152,True
143,"Historical Monuments at Makli, Thatta",Cultural,Asia and the Pacific,Pakistan,,,"The capital of three successive dynasties and later ruled by the Mughal emperors of Delhi, Thatta was constantly embellished from the 14th to the 18th century. The remains of the city and its necropolis provide a unique view of civilization in Sind.",,(iii),NONE,0,0,,,,,capital,capital,,,https://whc.unesco.org/en/list/143,True
1759,The Cemetery Complexes of the Xiongnu Nobility,Cultural,Asia and the Pacific,Mongolia,,,"This serial property comprises eight funerary complexes of the Xiongnu nobility. The Xiongnu, ancient predecessors of a confederation of Eurasian nomadic peoples, established a powerful empire between the 3rd century BCE and the 2nd century CE that eventually occupied a vast territory centred on what is now Mongolia. They interacted with the Han Chinese and controlled nodes along the main parts of the Steppe Route of the Silk Roads. Among the numerous archaeological remains found across the former expanse of the empire, their cemeteries provide important insights into Xiongnu burial culture. The main burials, notable for their substantial size and depth, are accompanied by satellite graves marked by small ring-shaped mounds, as well as sacrificial structures consisting of alignments of paired stones. A wide range of artefacts found in the tombs, including horse tack and chariots as well as weapons, tools and food for the afterlife, provides a window into the Xiongnu way of life and social structure. The tombs of the Xiongnu nobility highlight the engineering and organisational skills of this predominantly nomadic culture.",,(iii),NONE,0,0,,,,,,tomb,,,https://whc.unesco.org/en/list/1759,True
775,Hiroshima Peace Memorial (Genbaku Dome),Cultural,Asia and the Pacific,Japan,,,"The Hiroshima Peace Memorial (Genbaku Dome) was the only structure left standing in the area where the first atomic bomb exploded on 6 August 1945. Through the efforts of many people, including those of the city of Hiroshima, it has been preserved in the same state as immediately after the bombing. Not only is it a stark and powerful symbol of the most destructive force ever created by humankind; it also expresses the hope for world peace and the ultimate elimination of all nuclear weapons.","The Committee decided to inscribe the Hiroshima Peace Memorial (Genbaku Dome) on the World Heritage List, exceptionally on the basis of cultural criterion (vi).",(vi),NONE,0,0,,,,,,dome,,,https://whc.unesco.org/en/list/775,True
1246,Iwami Ginzan Silver Mine and its Cultural Landscape,Cultural,Asia and the Pacific,Japan,,,"The Iwami Ginzan Silver Mine in the south-west of Honshu Island is a cluster of mountains, rising to 600 m and interspersed by deep river valleys featuring the archaeological remains of large-scale mines, smelting and refining sites and mining settlements worked between the 16th and 20th centuries. The site also features routes used to transport silver ore to the coast, and port towns from where it was shipped to Korea and China. The mines contributed substantially to the overall economic development of Japan and south-east Asia in the 16th and 17th centuries, prompting the mass production of silver and gold in Japan. The mining area is now heavily wooded. Included in the site are fortresses, shrines, parts of Kaidô transport routes to the coast, and three port towns, Tomogaura, Okidomari and Yunotsu, from where the ore was shipped.",,(ii)(iii)(v),NONE,0,0,,,,,,fortress; shrine,,Criterion_ii; OUV_Materials,https://whc.unesco.org/en/list/1246,True
1495,Hidden Christian Sites in the Nagasaki Region,Cultural,Asia and the Pacific,Japan,,,"Located in the north-western part of Kyushu island, this serial property consists of ten villages, remains of the Hara Castle and a cathedral, dating from the 17th to the 19th centuries. They reflect the era of prohibition of the Christian faith, as well as the revitalization of Christian communities after the official lifting of prohibition in 1873.  These sites bear unique testimony to a cultural tradition nurtured by hidden Christians in the Nagasaki region who secretly transmitted their faith during the period of prohibition from the 17th to the 19th century.",,(iii),NONE,0,0,,,,,,castle; cathedral,,,https://whc.unesco.org/en/list/1495,True
1446,Baptism Site “Bethany Beyond the Jordan” (Al-Maghtas),Cultural,Arab States,Jordan,,,"Situated on the eastern bank of the River Jordan, nine kilometres north of the Dead Sea, the archaeological site consists of two distinct areas: Tell Al-Kharrar, also known as Jabal Mar-Elias (Elijah’s Hill) and the area of the churches of Saint John the Baptist near the river. Situated in a pristine natural environment the site is believed to be the location where Jesus of Nazareth was baptized by John the Baptist. It features Roman and Byzantine remains including churches and chapels, a monastery, caves that have been used by hermits and pools in which baptisms were celebrated, testifying to the religious character of the place. The site is a Christian place of pilgrimage.",,(iii)(vi),NONE,0,0,,,,,,church; monastery,,,https://whc.unesco.org/en/list/1446,True
362,Old Town of Ghadamès,Cultural,Arab States,Libya,,,"Ghadamès, known as 'the pearl of the desert', stands in an oasis. It is one of the oldest pre-Saharan cities and an outstanding example of a traditional settlement. Its domestic architecture is characterized by a vertical division of functions: the ground floor used to store supplies; then another floor for the family, overhanging covered alleys that create what is almost an underground network of passageways; and, at the top, open-air terraces reserved for the women.",,(v),NONE,0,0,,,,,,floor; terrace,,,https://whc.unesco.org/en/list/362,True
1145,Petroglyphs of the Archaeological Landscape of Tanbaly,Cultural,Asia and the Pacific,Kazakhstan,,,"Set around the lush Tanbaly Gorge, amidst the vast, arid Chu-Ili mountains, is a remarkable concentration of some 5,000 petroglyphs (rock carvings) dating from the second half of the second millennium BC to the beginning of the 20th century. Distributed among 48 complexes with associated settlements and burial grounds, they are testimonies to the husbandry, social organization and rituals of pastoral peoples. Human settlements in the site are often multilayered and show occupation through the ages. A huge number of ancient tombs are also to be found including stone enclosures with boxes and cists (middle and late Bronze Age), and mounds (kurgans) of stone and earth (early Iron Age to the present). The central canyon contains the densest concentration of engravings and what are believed to be altars, suggesting that these places were used for sacrificial offerings.","Criterion (iii): The dense and coherent group of petroglyphs, with sacred images, altars and cult areas, together with their associated settlements and burial sites, provide a substantial testimony to the lives and beliefs of pastoral peoples of the central Asian steppes from the Bronze Age to the present day.",(iii),NONE,0,0,,,,,,altar; tomb,,OUV_Materials,https://whc.unesco.org/en/list/1145,True
1107,Incense Route - Desert Cities in the Negev,Cultural,Europe and North America,Israel,,,"The four Nabatean towns of Haluza, Mamshit, Avdat and Shivta, along with associated fortresses and agricultural landscapes in the Negev Desert, are spread along routes linking them to the Mediterranean end of the incense and spice route. Together they reflect the hugely profitable trade in frankincense and myrrh from south Arabia to the Mediterranean, which flourished from the 3rd century BC until the 2nd century AD. With the vestiges of their sophisticated irrigation systems, urban constructions, forts and caravanserai, they bear witness to the way in which the harsh desert was settled for trade and agriculture.","Criterion (iii):  The Nabatean towns and their trade routes bear eloquent testimony to the economic, social and cultural importance of frankincense to the Hellenistic-Roman world. The routes also provided a means of passage not only for frankincense and other trade goods but also for people and ideas.
Criterion (v):  The almost fossilised remains of towns, forts, caravanserai and sophisticated agricultural systems strung out along the Incense route in the Negev desert, display an outstanding response to a hostile desert environment and one that flourished for five centuries.",(iii)(v),NONE,0,0,,,,,,fort; fortress,,,https://whc.unesco.org/en/list/1107,True
1220,Bahá’i Holy Places in Haifa and the Western Galilee,Cultural,Europe and North America,Israel,,,"The Bahá’i Holy Places in Haifa and Western Galilee are inscribed for their profound spiritual meaning and the testimony they bear to the strong tradition of pilgrimage in the Bahá’i faith. The property includes the two most holy places in the Bahá’í religion associated with the founders, the Shrine of Bahá’u’lláh in Acre and the Shrine of the Báb in Haifa, together with their surrounding gardens, associated buildings and monuments. These two shrines are part of a larger complex of buildings, monuments and sites at seven distinct locations in Haifa and Western Galilee that are visited as part of the Bahá’i pilgrimage.",,(iii)(vi),NONE,0,0,,,,,,shrine,,,https://whc.unesco.org/en/list/1220,True
1390,Vineyard Landscape of Piedmont: Langhe-Roero and Monferrato,Cultural,Europe and North America,Italy,,,"This landscape covers five distinct wine-growing areas with outstanding landscapes and the Castle of Cavour, an emblematic name both in the development of vineyards and in Italian history. It is located in the southern part of Piedmont, between the Po River and the Ligurian Apennines, and encompasses the whole range of technical and economic processes relating to the winegrowing and winemaking that has characterized the region for centuries. Vine pollen has been found in the area dating from the 5th century BC, when Piedmont was a place of contact and trade between the Etruscans and the Celts; Etruscan and Celtic words, particularly wine-related ones, are still found in the local dialect. During the Roman Empire, Pliny the Elder mentions the Piedmont region as being one of the most favourable for growing vines in ancient Italy; Strabo mentions its barrels.",,(iii)(v),NONE,0,0,,,,,,castle,,,https://whc.unesco.org/en/list/1390,True
1571,Le Colline del Prosecco di Conegliano e Valdobbiadene,Cultural,Europe and North America,Italy,,,"Located in north-eastern Italy, the property includes part of the winegrowing landscape of the Prosecco wine production area. The landscape is characterized by ‘hogback’ hills, ciglioni – small plots of vines on narrow grassy terraces – forests, small villages and farmland. For centuries, this rugged terrain has been shaped and adapted by man. Since the 17th century, the use of ciglioni has created a particular chequerboard landscape consisting of rows of vines parallel and vertical to the slopes. In the 19th century, the bellussera technique of training the vines contributed to the aesthetic characteristics of the landscape.",,(v),NONE,0,0,,,,,,terrace,,,https://whc.unesco.org/en/list/1571,True
1730,Funerary Tradition in the Prehistory of Sardinia – The domus de janas,Cultural,Europe and North America,Italy,,,"This serial property is an ensemble of  hypogean burials and necropolises located in Sardinia, created between the 5th and 3rd millennia BCE. These sites reflect the daily life and funerary practices of prehistoric Sardinian communities.  The domus de janas, locally known as “fairy houses,” are rock-cut tombs that reflect the funerary practices, spiritual beliefs, and social evolution of Sardinia’s prehistoric communities. These structures feature complex layouts, symbolic decorations, and figurative motifs that testify to the transformation of the relationship between the living and the dead in a society transitioning toward more complex forms of social organization. They  represent the most extensive and rich manifestation of hypogean funerary architecture in the western Mediterranean, exemplifying a phenomenon attested by approximately 3,500 hypogea spread across the entire island.",,(iii),NONE,0,0,,,,,rock cut,tomb,,,https://whc.unesco.org/en/list/1730,True
1762,The system of Italian-style condominio theatres of the 18th and 19th centuries in Central Italy,Cultural,Europe and North America,Italy,,,"The serial property comprises ten Italian‑style condominio theatres built between the mid‑18th and late 19th centuries across Emilia‑Romagna, Marche, and Umbria in central Italy. Architecturally representative of Neoclassicism with Late Baroque influences, these theatres feature tiered boxes, carefully designed auditoriums for optimal acoustics and visibility, stalls, foyers, ridotti, and historic stage machinery. They embody the innovative “condominio” system, a model of collective ownership and public‑private financing that enabled municipalities and private citizens to collaborate in constructing theatres in small and medium‑sized towns. This system fostered the growth of a widespread cultural network, providing new representational spaces for the emerging bourgeoisie and broadening public access to the performing arts. Located at the heart of historic town centres, these theatres became important civic meeting places, hosting performances and public events and contributing to the formation of public opinion.",,(iii),NONE,0,0,,,,,,theatre,,,https://whc.unesco.org/en/list/1762,True
31,Auschwitz Birkenau German Nazi Concentration and Extermination Camp (1940-1945),Cultural,Europe and North America,Poland,,,"The fortified walls, barbed wire, platforms, barracks, gallows, gas chambers and cremation ovens show the conditions within which the Nazi genocide took place in the former concentration and extermination camp of Auschwitz-Birkenau, the largest in the Third Reich. According to historical investigations, 1.5 million people, among them a great number of Jews, were systematically starved, tortured and murdered in this camp, the symbol of humanity's cruelty to its fellow human beings in the 20th century.",,(vi),NONE,0,0,,,,,,wall,,,https://whc.unesco.org/en/list/31,True
1407,"Bassari Country: Bassari, Fula and Bedik Cultural Landscapes",Cultural,Africa,Senegal,,,"The site, located in south-east Senegal, includes three geographical areas: the Bassari–Salémata area, the Bedik–Bandafassi area and the Fula–Dindéfello area, each with its specific morphological traits. The Bassari, Fula and Bedik peoples settled from the 11th to the 19th centuries and developed specific cultures and habitats symbiotic with their surrounding natural environment. The Bassari landscape is marked by terraces and rice paddies, interspersed with villages, hamlets and archaeological sites. The Bedik villages are formed by dense groups of huts with steep thatched roofs. Their inhabitants’ cultural expressions are characterized by original traits of agro-pastoral, social, ritual and spiritual practices, which represent an original response to environmental constraints and human pressures. The site is a well-preserved multicultural landscape housing original and still vibrant local cultures.",,(iii)(v)(vi),NONE,0,0,,,,,,roof; terrace,,,https://whc.unesco.org/en/list/1407,True
916,Robben Island,Cultural,Africa,South Africa,,,"Robben Island was used at various times between the 17th and 20th centuries as a prison, a hospital for socially unacceptable groups and a military base. Its buildings, particularly those of the late 20th century such as the maximum security prison for political prisoners, witness the triumph of democracy and freedom over oppression and racism.","Criterion (iii): The buildings of Robben Island bear eloquent testimony to its sombre history. Criterion (vi): Robben Island and its prison buildings symbolize the triumph of the human spirit, of freedom, and of democracy over oppression.",(iii)(vi),NONE,0,0,,,,,,base,,,https://whc.unesco.org/en/list/916,True
1230,Sulaiman-Too Sacred Mountain,Cultural,Asia and the Pacific,Kyrgyzstan,,,"Sulaiman-Too Sacred Mountain Kyrgyzstan dominates the Fergana Valley and forms the backdrop to the city of Osh, at the crossroads of important routes on the Central Asian Silk Roads. For more than one and a half millennia, Sulaiman was a beacon for travellers revered as a sacred mountain. Its five peaks and slopes contain numerous ancient places of worship and caves with petroglyphs as well as two largely reconstructed 16th century mosques. One hundred and one sites with petroglyphs representing humans and animals as well as geometrical forms have been indexed in the property so far. The site numbers 17 places of worship, which are still in use, and many that are not. Dispersed around the mountain peaks they are connected by footpaths. The cult sites are believed to provide cures for barrenness, headaches, and back pain and give the blessing of longevity. Veneration for the mountain blends pre-Islamic and Islamic beliefs. The site is believed to represent the most complete example of a sacred mountain anywhere in Central Asia, worshipped over several millennia.",,(iii)(vi),NONE,0,0,,,,,,mosque,,,https://whc.unesco.org/en/list/1230,True
26,Island of Gorée,Cultural,Africa,Senegal,,,"The island of Gor&eacute;e lies off the coast of Senegal, opposite Dakar. From the 15th to the 19th century, it was the largest slave-trading centre on the African coast. Ruled in succession by the Portuguese, Dutch, English and French, its architecture is characterized by the contrast between the grim slave-quarters and the elegant houses of the slave traders. Today it continues to serve as a reminder of human exploitation and as a sanctuary for reconciliation.",,(vi),NONE,0,0,,,,,,sanctuary,,,https://whc.unesco.org/en/list/26,True
1712,The Cultural Landscape of Al-Faw Archaeological Area,Cultural,Arab States,Saudi Arabia,,,"Lying at a strategic point of the ancient trade routes of the Arabian Peninsula, the property was abruptly abandoned around the 5th century CE. Nearly 12,000 archaeological remains have been found, spanning from prehistoric times to the Late pre-Islamic era, testifying to the successive occupation of three different populations and their adaptation to the evolving environmental conditions. Archaeological features include the Palaeolithic and Neolithic tools of early people, tapered structures, cairns and circular constructions, the sacred mountain of Khashm Qaryah, rock carvings, funerary tumuli and cairns in the valley, forts/caravanserai, the oasis and its ancient water management system, and the vestiges of the city of Qaryat al-Faw.",,(ii)(v),NONE,0,0,,,,,,fort,,Criterion_ii,https://whc.unesco.org/en/list/1712,True
1563,"Al-Ahsa Oasis, an Evolving Cultural Landscape",Cultural,Arab States,Saudi Arabia,,,"In the eastern Arabian Peninsula, the Al-Ahsa Oasis is a serial property comprising gardens, canals, springs, wells and a drainage lake, as well as historical buildings, urban fabric and archaeological sites. They represent traces of continued human settlement in the Gulf region from the Neolithic to the present, as can be seen from remaining historic fortresses, mosques, wells, canals and other water management systems. With its 2.5 million date palms, it is the largest oasis in the world. Al-Ahsa is also a unique geocultural landscape and an exceptional example of human interaction with the environment.",,(iii)(iv)(v),NONE,0,0,,,,,,fortress; mosque,,Criterion_iv,https://whc.unesco.org/en/list/1563,True
1676,"Human Rights, Liberation and Reconciliation: Nelson Mandela Legacy Sites",Cultural,Africa,South Africa,,,"The serial property represents the legacy of the South African struggle for human rights, liberation and reconciliation. It consists of fourteen component parts located around the country, all related to South Africa’s political history in the 20th century. The parts include the Union Buildings (Pretoria), now the official seat of government; the Sharpeville Sites, commemorating the massacre of 69 people protesting the unjust Pass Laws; and The Great Place at Mqhekezweni, a site symbolic of traditional leadership where Nelson Mandela lived as a young man. These places reflect key events linked to the long struggle against the apartheid state; Mandela’s influence in promoting understanding and forgiveness; and belief systems based on philosophies of non-racialism, Pan-Africanism and ubuntu, a concept that implies humanity is not solely embedded in an individual.",,(vi),NONE,0,0,,,,,,base,,,https://whc.unesco.org/en/list/1676,True
1305,Historic Monuments of Dengfeng in “The Centre of Heaven and Earth”,Cultural,Asia and the Pacific,China,,,"Mount Songshang is considered to be the central sacred mountain of China. At the foot of this 1500 metre high mountain, close to the city of Dengfeng in Henan province and spread over a 40 square-kilometre circle, stand eight clusters of buildings and sites, including three Han Que gates - remains of the oldest religious edifices in China -, temples, the Zhougong Sundial Platform and the Dengfeng Observatory. Constructed over the course of nine dynasties, these buildings are reflections of different ways of perceiving the centre of heaven and earth and the power of the mountain as a centre for religious devotion. The historical monuments of Dengfeng include some of the best examples of ancient Chinese buildings devoted to ritual, science, technology and education.",,(iii)(vi),NONE,0,0,,,,,,gate; temple,,,https://whc.unesco.org/en/list/1305,True
1111,Cultural Landscape of Honghe Hani Rice Terraces,Cultural,Asia and the Pacific,China,,,"The Cultural Landscape of Honghe Hani Rice Terraces, China covers 16,603-hectares in Southern Yunnan. It is marked by spectacular terraces that cascade down the slopes of the towering Ailao Mountains to the banks of the Hong River. Over the past 1,300 years, the Hani people have developed a complex system of channels to bring water from the forested mountaintops to the terraces. They have also created an integrated farming system that involves buffalos, cattle, ducks, fish and eel and supports the production of red rice, the area&rsquo;s primary crop. The inhabitants worship the sun, moon, mountains, rivers, forests and other natural phenomena including fire. They live in 82 villages situated between the mountaintop forests and the terraces. The villages feature traditional thatched &ldquo;mushroom&rdquo; houses. The resilient land management system of the rice terraces demonstrates extraordinary harmony between people and their environment, both visually and ecologically, based on exceptional and long-standing social and religious structures.",,(iii)(v),NONE,0,0,,,,,,base; terrace; tower,,OUV_ArchElements,https://whc.unesco.org/en/list/1111,True
743,National Archeological Park of Tierradentro,Cultural,Latin America and the Caribbean,Colombia,,,"Several monumental statues of human figures can be seen in the park, which also contains many hypogea dating from the 6th to the 10th century. These huge underground tombs (some burial chambers are up to 12 m wide) are decorated with motifs that reproduce the internal decor of homes of the period. They reveal the social complexity and cultural wealth of a pre-Hispanic society in the northern Andes.",,(iii),NONE,0,0,,,,,,tomb,,,https://whc.unesco.org/en/list/743,True
744,San Agustín Archaeological Park,Cultural,Latin America and the Caribbean,Colombia,,,"The largest group of religious monuments and megalithic sculptures in South America stands in a wild, spectacular landscape. Gods and mythical animals are skilfully represented in styles ranging from abstract to realist. These works of art display the creativity and imagination of a northern Andean culture that flourished from the 1st to the 8th century.",,(iii),NONE,0,0,,,,,megalithic,,,,https://whc.unesco.org/en/list/744,True
1121,Coffee Cultural Landscape of Colombia,Cultural,Latin America and the Caribbean,Colombia,,,"An exceptional example of a sustainable and productive cultural landscape that is unique and representative of a tradition that is a strong symbol for coffee growing areas worldwide - encompasses six farming landscapes, which include 18 urban centres on the foothills of the western and central ranges of the Cordillera de los Andes in the west of the country. It reflects a centennial tradition of coffee growing in small plots in the high forest and the way farmers have adapted cultivation to difficult mountain conditions. The urban areas, mainly situated on the relatively flat tops of hills above sloping coffee fields, are characterized by the architecture of the Antioquian colonization with Spanish influence. Building materials were, and remain in some areas, cob and pleated cane for the walls with clay tiles for the roofs.",,(v)(vi),NONE,0,0,,,,,,roof; wall,,OUV_Materials,https://whc.unesco.org/en/list/1121,True
1750,The Roças of Sao Tome and Principe: Colonial Agricultural System and Forced Migration,Cultural,Africa,Sao Tome and Principe,,,"The serial property comprises six geographically separate roças (Portuguese colonial agricultural plantations) located on the islands of Sao Tome and Principe: Monte Café, Agua Izé, Diogo Vaz, Sao Joao, Sundy, and Belo Monte. Together, they represent a planned colonial plantation system dedicated primarily to coffee and cocoa production, combining agricultural land, industrial infrastructure, residential areas, and social facilities within highly structured spatial layouts. The property illustrates the operation of a large-scale colonial agro-industrial system, based on forced migration and labour, from the late 19th century through the mid-20th century, to sustain global commodity production after the abolition of slavery.",,(iv),NONE,0,0,,,,,,base,,Criterion_iv,https://whc.unesco.org/en/list/1750,True
1536,Kujataa Greenland: Norse and Inuit Farming at the Edge of the Ice Cap,Cultural,Europe and North America,Denmark,,,"Kujataa is a subarctic farming landscape located in the southern region of Greenland. It bears witness to the cultural histories of the Norse farmer-hunters who started arriving from Iceland in the 10th century and of the Inuit hunters and Inuit farming communities that developed from the end of the 18th century. Despite their differences, the two cultures, European Norse and Inuit, created a cultural landscape based on farming, grazing and marine mammal hunting. The landscape represents the earliest introduction of farming to the Arctic, and the Norse expansion of settlement beyond Europe.",,(v),NONE,0,0,,,,,,base,,,https://whc.unesco.org/en/list/1536,True
1666,Gaya Tumuli,Cultural,Asia and the Pacific,Republic of Korea,,,"This serial property includes archaeological cemetery sites with burial mounds attributed to the Gaya Confederacy, which developed in the southern part of the Korean Peninsula from the 1st to the 6th century CE. Through their geographical distribution and landscape characteristics, types of burials, and grave goods, the cemeteries attest to the distinctive Gaya political system in which polities existed as autonomous political equals while sharing cultural commonalities. The introduction of new forms of tombs and the intensification of the spatial hierarchy in the tumuli sites reflect the structural changes experienced by Gaya society during its history.",,(iii),NONE,0,0,,,,,,tomb,,,https://whc.unesco.org/en/list/1666,True
1498,"Seowon, Korean Neo-Confucian Academies",Cultural,Asia and the Pacific,Republic of Korea,,,"The property is located in central and southern parts of the Republic of Korea, and comprises nine seowon, representing a type of Neo-Confucian academy of the Joseon dynasty (15th -19th centuries CE). Learning, veneration of scholars and interaction with the environment were the essential functions of the seowons, expressed in their design. Situated near mountains and water sources, they favoured the appreciation of nature and cultivation of mind and body. The pavilion-style buildings were intended to facilitate connections to the landscape. The seowons illustrate a historical process in which Neo-Confucianism from China was adapted to Korean conditions.",,(iii),NONE,0,0,,,,,,pavilion,,,https://whc.unesco.org/en/list/1498,True
977,"Gochang, Hwasun and Ganghwa Dolmen Sites",Cultural,Asia and the Pacific,Republic of Korea,,,"The prehistoric cemeteries at Gochang, Hwasun, and Ganghwa contain many hundreds of examples of dolmens - tombs from the 1st millennium BC constructed of large stone slabs. They form part of the Megalithic culture, found in many parts of the world, but nowhere in such a concentrated form.","Criterion (iii) The global prehistoric technological and social phenomenon that resulted in the appearance in the 2nd and 3rd millennia BCE of funerary and ritual monuments constructed of large stones (the ""Megalithic Culture"") is nowhere more vividly illustrated than in the dolmen cemeteries of Gochang, Hwasun, and Ganghwa.",(iii),NONE,0,0,,,,,megalithic,tomb,,,https://whc.unesco.org/en/list/977,True
1581,"Beaches of the D-Day Landings, Normandy, 1944",Cultural,Europe and North America,France,,,"The serial property comprises six component parts along approximately 80 km of the Normandy coastline, encompassing Utah, Omaha, Gold, Juno, and Sword Beaches, as well as Pointe du Hoc. These sites are directly associated with the Allied landings of 6 June 1944, the opening phase of Operation Overlord, which marked the beginning of the liberation of Western Europe from Nazi occupation during the Second World War. The property preserves significant remains of the German Atlantic Wall, including casemates, artillery batteries, fire‑control posts, and resistance nests, alongside battlefield traces, original wartime equipment, and major commemorative landscapes such as the American Cemetery at Colleville‑sur‑Mer. Together, these elements form an exceptional cultural landscape shaped both by the events of 1944 and by their enduring remembrance.",,(vi),NONE,0,0,,,,,,wall,,,https://whc.unesco.org/en/list/1581,True
1117,Landscape of the Pico Island Vineyard Culture,Cultural,Europe and North America,Portugal,,,"The 987-ha site on the volcanic island of Pico, the second largest in the Azores archipelago, consists of a remarkable pattern of spaced-out, long linear walls running inland from, and parallel to, the rocky shore. The walls were built to protect the thousands of small, contiguous, rectangular plots (currais) from wind and seawater. Evidence of this viniculture, whose origins date back to the 15th century, is manifest in the extraordinary assembly of the fields, in houses and early 19th-century manor houses, in wine-cellars, churches and ports. The extraordinarily beautiful man-made landscape of the site is the best remaining area of a once much more widespread practice.","Criteria (iii) and (v): The Pico Island landscape reflects a unique response to viniculture on a small volcanic island and one that has been evolving since the arrival of the first settlers in the 15th century. The extraordinarily beautiful man-made landscape of small, stone walled fields is testimony to generations of small-scale farmers who, in a hostile environment, created a sustainable living and much-prized wine.",(iii)(v),NONE,0,0,,,,,,church; wall,,,https://whc.unesco.org/en/list/1117,True
34,"Forts and Castles, Volta, Greater Accra, Central and Western Regions",Cultural,Africa,Ghana,,,"The remains of fortified trading-posts, erected between 1482 and 1786, can still be seen along the coast of Ghana between Keta and Beyin. They were links in the trade routes established by the Portuguese in many areas of the world during their era of great maritime exploration.",,(vi),NONE,0,0,,,,,,fort,,,https://whc.unesco.org/en/list/34,True
1695,Zagori Cultural Landscape,Cultural,Europe and North America,Greece,,,"Located in a remote rural landscape in northwestern Greece, small stone villages known as Zagorochoria extend along the western slopes of the northern part of the Pindus mountain range. These traditional villages, typically organized around a central square containing a plane tree and surrounded by sacred forests maintained by local communities, showcase a traditional architecture adapted to the mountain topography. A network of stone-arched bridges, stone cobbled paths, and stone staircases linking the villages formed a system that served as a political and social unit connecting the communities of the Vikos and the Voïdomatis River basin.",,(v),NONE,0,0,,,,,,arch; bridge; staircase,,OUV_ArchElements,https://whc.unesco.org/en/list/1695,True
1153,"The Causses and the Cévennes, Mediterranean agro-pastoral Cultural Landscape",Cultural,Europe and North America,France,,,"This 302,319 ha property, in the southern part of central France, is a mountain landscape interspersed by deep valleys that is representative of the relationship between agro-pastoral systems and their biophysical environment, notably through drailles or drove roads. Villages and substantial stone farmhouses on deep terraces of the Causses reflect the organization of large abbeys from the 11th century. Mont Lozère, inside the property, is one of the last places where summer transhumance is still practiced in the traditional way, using the drailles.",,(iii)(v),NONE,0,0,,,,,,abbey; terrace,,,https://whc.unesco.org/en/list/1153,True
697,"Jelling Mounds, Runic Stones and Church",Cultural,Europe and North America,Denmark,,,"The Jelling burial mounds and one of the runic stones are striking examples of pagan Nordic culture, while the other runic stone and the church illustrate the Christianization of the Danish people towards the middle of the 10th century.",,(iii),NONE,0,0,,,,,,church,,,https://whc.unesco.org/en/list/697,True
1586,"Memorial sites of the Genocide: Nyamata, Murambi, Gisozi and Bisesero",Cultural,Africa,Rwanda,,,"Between April and July 1994, an estimated one million people were killed across Rwanda by armed militias called Interahamwe that targeted Tutsi, but also executed moderate Hutu and Twa people. The victims of the genocide are commemorated in this serial property composed of four memorial sites. Two of the component parts were scenes of massacres: a Catholic church built in the hill of Nyamata in 1980, and a technical school built in the hill of Murambi in 1990. The hill of Gisozi in Kigali City hosts the Kigali Genocide Memorial built in 1999, where more than 250,000 victims have been buried, while the hill of Bisesero in the Western Province hosts a memorial built in 1998, to remember the fight of those who resisted their perpetrators for over two months before being exterminated.",,(vi),NONE,0,0,,,,,,church,,,https://whc.unesco.org/en/list/1586,True
1688,Cultural Landscape of Kenozero Lake,Cultural,Europe and North America,Russian Federation,,,"Located in Kenozero National Park in the north-western area of the European region of the Russian Federation, the property depicts the local cultural landscape that evolved here from the 12th century, following the gradual spread of the Slavic population. It incorporates a number of traditional rural settlements with vernacular wooden architecture. The cultural landscape of Kenozero reflects the communal management of agriculture and nature that developed through the fusion and interaction of the Finno-Ugric forest culture and the Slavic field culture. Wooden churches and other religious buildings, originally decorated with painted ceilings, or “heavens”, are the key social, cultural, and visual landmarks of the area. Their spatial organization, together with sacred sites and symbols, highlight the residents’ spiritual connection with this environment.",,(iii),NONE,0,0,,,,,,ceiling; church,,,https://whc.unesco.org/en/list/1688,True
1333,Konso Cultural Landscape,Cultural,Africa,Ethiopia,,,"Konso Cultural Landscape is an arid property of stone walled terraces and fortified settlements in the Konso highlands of Ethiopia. It constitutes a spectacular example of a living cultural tradition stretching back 21 generations (more than 400 years) adapted to its dry hostile environment. The landscape demonstrates the shared values, social cohesion and engineering knowledge of its communities. The site also features anthropomorphic wooden statues - grouped to represent respected members of their communities and particularly heroic events - which are an exceptional living testimony to funerary traditions that are on the verge of disappearing. Stone steles in the towns express a complex system of marking the passing of generations of leaders.",,(iii)(v),NONE,0,0,,,,,stele,terrace; wall,,,https://whc.unesco.org/en/list/1333,True
1641,The Gedeo Cultural Landscape,Cultural,Africa,Ethiopia,,,"The property lies along the eastern edge of the Main Ethiopian Rift, on the steep escarpments of the Ethiopian highlands. An area of agroforestry, it utilizes multilayer cultivation with large trees sheltering indigenous enset, the main food crop, under which grow coffee and other shrubs. The area is densely populated by the Gedeo people whose traditional knowledge support local forest management. Within the cultivated mountain slopes are sacred forests traditionally used by local communities for rituals associated with the Gedeo religion, and along the mountain ridges are dense clusters of megalithic monuments, which came to be revered by the Gedeo and cared for by their elders.",,(iii)(v),NONE,0,0,,,,,megalithic,,,,https://whc.unesco.org/en/list/1641,True
