Site ID,Site Name,Country,Site URL,Inscription Date,Latitude,Longitude,Architecture Type,Architecture Type_Ref,Architecture Type_Ext,Construction Period,Construction Period_Ref,Construction Period_Ext,Civilization,Civilization_Ref,Civilization_Ext,UNESCO Criteria,Number of Criteria,UNESCO Criteria_Ref,UNESCO Criteria_Ext,Mentioned Major Stone(s),Mentioned Major Stone(s)_Ref,Mentioned Major Stone(s)_Ext,Rock Class,Rock Class_Ref,Rock Class_Ext,Secondary Stone,Secondary Stone_Ref,Secondary Stone_Ext,Local Stone Name,Local Stone Name_Ref,Local Stone Name_Ext,Lithology,Lithology_Ref,Lithology_Ext,Geological Age,Geological Age_Ref,Geological Age_Ext,Formation,Formation_Ref,Formation_Ext,Colour,Colour_Ref,Colour_Ext,Texture,Texture_Ref,Texture_Ext,Minerals,Minerals_Ref,Minerals_Ext,Quarry,Quarry_Ref,Quarry_Ext,Quarry Country,Quarry Country_Ref,Quarry Country_Ext,Local vs Imported,Local vs Imported_Ref,Local vs Imported_Ext,Transport Distance,Transport Distance_Ref,Transport Distance_Ext,Structural Use,Structural Use_Ref,Structural Use_Ext,Decorative Use,Decorative Use_Ref,Decorative Use_Ext,Masonry Technique,Masonry Technique_Ref,Masonry Technique_Ext,Weathering,Weathering_Ref,Weathering_Ext,Replacement Stone,Replacement Stone_Ref,Replacement Stone_Ext,Restoration,Restoration_Ref,Restoration_Ext,Condition,Condition_Ref,Condition_Ext,UNESCO Mention,Other references,flag_extracted,Stone_Potential_Flag,Potential_Tier_Description,Index
1765,Jingdezhen Handicraft Porcelain Industry Sites,China,https://whc.unesco.org/en/list/1765,2026.0,,,skipped; bhp,,,,,,,,,"(ii) to exhibit an important interchange of human values, over a span of time or within a cultural area of the world, on developments in architecture or technology, monumental arts, town-planning or landscape design; | (iii) to bear a unique or at least exceptional testimony to a cultural tradition or to a civilization which is living or which has disappeared; | (iv) to be an outstanding example of a type of building, architectural or technological ensemble or landscape which illustrates (a) significant stage(s) in human history; | (vi) to be directly or tangibly associated with events or living traditions, with ideas, or with beliefs, with artistic and literary works of outstanding universal significance;",4,,,,,,,,,,,,,,,,,,,,,,,,,,,,,,,,,,,,,,,,,,,,,,,,,,,,,,,,,,,,,,,,,,No,,,,,
1768,The Medinas of the Historic Sultanates of the Comoros,Comoros,https://whc.unesco.org/en/list/1768,2026.0,,,skipped,,,,,,,,,"(iii) to bear a unique or at least exceptional testimony to a cultural tradition or to a civilization which is living or which has disappeared; | (iv) to be an outstanding example of a type of building, architectural or technological ensemble or landscape which illustrates (a) significant stage(s) in human history;",2,,,,,,,,,,,,,,,,,,,,,,,,,,,,,,,,,,,,,,,,,,,,,,,,,,,,,,,,,,,,,,,,,,No,,,,,
927,Ancient Buddhist Site of Sarnath,India,https://whc.unesco.org/en/list/927,2026.0,,,OUV absent,,,,,,,,,"(iii) to bear a unique or at least exceptional testimony to a cultural tradition or to a civilization which is living or which has disappeared; | (vi) to be directly or tangibly associated with events or living traditions, with ideas, or with beliefs, with artistic and literary works of outstanding universal significance;",2,,,,,,,,,,,,,,,,,,,,,,,,,,,,,,,,,,,,,,,,,,,,,,,,,,,,,,,,,,,,,,,,,,No,,,,,
1770,Alamūt Castle and Related Fortifications,Iran (Islamic Republic of),https://whc.unesco.org/en/list/1770,2026.0,,,skipped; bvvvhp,,,,,,,,,(iii) to bear a unique or at least exceptional testimony to a cultural tradition or to a civilization which is living or which has disappeared;,1,,,,,,,,,,,,,,,,,,,,,,,,,,,,,,,,,,,,,,,,,,,,,,,,,,,,,,,,,,,,,,,,,,No,,,,,
1762,The system of Italian-style <em>condominio</em> theatres of the 18th and 19th centuries in Central Italy,Italy,https://whc.unesco.org/en/list/1762,2026.0,,,OUV Absent; skipped,,,,,,,,,(iii) to bear a unique or at least exceptional testimony to a cultural tradition or to a civilization which is living or which has disappeared;,1,,,,,,,,,,,,,,,,,,,,,,,,,,,,,,,,,,,,,,,,,,,,,,,,,,,,,,,,,,,,,,,,,,No,,,,,
1757,Ancient Capitals of Asuka and Fujiwara,Japan,https://whc.unesco.org/en/list/1757,2026.0,,,skipped,,,,,,,,,"(ii) to exhibit an important interchange of human values, over a span of time or within a cultural area of the world, on developments in architecture or technology, monumental arts, town-planning or landscape design; | (iii) to bear a unique or at least exceptional testimony to a cultural tradition or to a civilization which is living or which has disappeared;",2,,,,,,,,,,,,,,,,,,,,,,,,,,,,,,,,,,,,,,,,,,,,,,,,,,,,,,,,,,,,,,,,,,No,,,,,
1760,Rock Mosques and Associated Sacred Sites of Mangystau,Kazakhstan,https://whc.unesco.org/en/list/1760,2026.0,,,OUV Absent; BVVVHP,,,,,,,,,"(ii) to exhibit an important interchange of human values, over a span of time or within a cultural area of the world, on developments in architecture or technology, monumental arts, town-planning or landscape design; | (iii) to bear a unique or at least exceptional testimony to a cultural tradition or to a civilization which is living or which has disappeared;",2,,,,,,,,,,,,,,,,,,,,,,,,,,,,,,,,,,,,,,,,,,,,,,,,,,,,,,,,,,,,,,,,,,No,,,,,
1759,The Cemetery Complexes of the Xiongnu Nobility,Mongolia,https://whc.unesco.org/en/list/1759,2026.0,,,OUV Absent; skipped; bvhp,,,,,,,,,(iii) to bear a unique or at least exceptional testimony to a cultural tradition or to a civilization which is living or which has disappeared;,1,,,,,,,,,,,,,,,,,,,,,,,,,,,,,,,,,,,,,,,,,,,,,,,,,,,,,,,,,,,,,,,,,,No,,,,,
1769,Village of Sidi Bou Saïd,Tunisia,https://whc.unesco.org/en/list/1769,2026.0,,,skipped; bp,,,,,,,,,(iii) to bear a unique or at least exceptional testimony to a cultural tradition or to a civilization which is living or which has disappeared;,1,,,,,,,,,,,,,,,,,,,,,,,,,,,,,,,,,,,,,,,,,,,,,,,,,,,,,,,,,,,,,,,,,,No,,,,,
1733,Minoan Palatial Centres,Greece,https://whc.unesco.org/en/list/1733,2025.0,35.2486111111,24.8872222222,OUV Absent; nan,,,,,,,,,"(ii) to exhibit an important interchange of human values, over a span of time or within a cultural area of the world, on developments in architecture or technology, monumental arts, town-planning or landscape design; | (iii) to bear a unique or at least exceptional testimony to a cultural tradition or to a civilization which is living or which has disappeared; | (iv) to be an outstanding example of a type of building, architectural or technological ensemble or landscape which illustrates (a) significant stage(s) in human history; | (vi) to be directly or tangibly associated with events or living traditions, with ideas, or with beliefs, with artistic and literary works of outstanding universal significance;",4,,,,,,,,,,,,,,,,,,,,,,,,,,,,,,,,,,,,,,,,,,,,,,,,,,,,,,,,,,,,,,,,,,No,,,,Tier 9: Unflagged,
1730,Funerary Tradition in the Prehistory of Sardinia – <em>The domus de janas</em>,Italy,https://whc.unesco.org/en/list/1730,2025.0,40.0851388889,8.9513333333,OUV Absent; nan,,,,,,,,,(iii) to bear a unique or at least exceptional testimony to a cultural tradition or to a civilization which is living or which has disappeared;,1,,,,,,,,,,,,,,,,,,,,,,,,,,,,,,,,,,,,,,,,,,,,,,,,,,,,,,,,,,,,,,,,,,No,,,,Tier 9: Unflagged,
1627,Cultural Heritage Sites of Ancient Khuttal,Tajikistan,https://whc.unesco.org/en/list/1627,2025.0,37.7443936111,69.2987127778,skipped; nan,,,,,,,,,"(ii) to exhibit an important interchange of human values, over a span of time or within a cultural area of the world, on developments in architecture or technology, monumental arts, town-planning or landscape design; | (iii) to bear a unique or at least exceptional testimony to a cultural tradition or to a civilization which is living or which has disappeared;",2,,,,,,,,,,,,,,,,,,,,,,,,,,,,,,,,,,,,,,,,,,,,,,,,,,,,,,,,,,,,,,,,,,No,,,,Tier 9: Unflagged,
1731,Sardis and the Lydian Tumuli of Bin Tepe,Türkiye,https://whc.unesco.org/en/list/1731,2025.0,38.4819444444,28.0452777778,skipped; bvhp,,,,,,,,,(iii) to bear a unique or at least exceptional testimony to a cultural tradition or to a civilization which is living or which has disappeared;,1,,,,,,,,,,,,,,,,,,,,,,,,,,,,,,,,,,,,,,,,,,,,,,,,,,,,,,,,,,,,,,,,,,No,,bvhp,bvhp,Tier 6: High Probability Ashlar / Urban Core (1-v Very High),
1704,Wixárika Route through Sacred Sites to Wirikuta (Tatehuarí Huajuyé),Mexico,https://whc.unesco.org/en/list/1704,2025.0,22.5978638889,-103.2801527778,skipped; bvvvvhp,,,,,,,,,"(iii) to bear a unique or at least exceptional testimony to a cultural tradition or to a civilization which is living or which has disappeared; | (vi) to be directly or tangibly associated with events or living traditions, with ideas, or with beliefs, with artistic and literary works of outstanding universal significance;",2,,,,,,,,,,,,,,,,,,,,,,,,,,,,,,,,,,,,,,,,,,,,,,,,,,,,,,,,,,,,,,,,,,No,,bvvvvhp,bvvvvhp,Tier 3: Monumental Megalithic / Sanctuary Architecture (4-v Very Very Very High),
1740,Petroglyphs along the Bangucheon Stream,Republic of Korea,https://whc.unesco.org/en/list/1740,2025.0,35.60845,129.1739972222,petroglyphs; nan,Internal (DS/OUV),,"5,000 BCE to the 9th century CE (Neolithic period through the Bronze Age and up to the Silla period)",Internal (DS/OUV),,Coastal inhabitants of the peninsula / East Asia (Silla period),Internal (DS/OUV),,(i) to represent a masterpiece of human creative genius; | (iii) to bear a unique or at least exceptional testimony to a cultural tradition or to a civilization which is living or which has disappeared;,2,,,,Internal (DS/OUV),,,,,,,,,,,,,,,,,,,,,,,,,,,,,,,,,,,,,,,,,,,,Rock panels used as canvases for dense concentrations of engraved images/petroglyphs,Internal (DS/OUV),,Carved and engraved using stone and metal tools,Internal (DS/OUV),,Environmental pressures (potential drying out of the Daegok-ri panel due to the Sayeon Dam),Internal (DS/OUV),,,,,Topographical transformations have been restored; active conservation projects by specialists,Internal (DS/OUV),,Excellent,,,No,,,,Tier 9: Unflagged,
1736,Xixia Imperial Tombs,China,https://whc.unesco.org/en/list/1736,2025.0,38.4158333333,105.9711111111,skipped,,,,,,,,,"(ii) to exhibit an important interchange of human values, over a span of time or within a cultural area of the world, on developments in architecture or technology, monumental arts, town-planning or landscape design; | (iii) to bear a unique or at least exceptional testimony to a cultural tradition or to a civilization which is living or which has disappeared;",2,,,,,,,,,,,,,,,,,,,,,,,,,,,,,,,,,,,,,,,,,,,,,,,,,,,,,,,,,,,,,,,,,,No,,,,,
1743,Rock Paintings of Shulgan-Tash Cave,Russian Federation,https://whc.unesco.org/en/list/1743,2025.0,53.0494444444,57.0720277778,"Karst massif / Cave system (features large halls, galleries, steep passages, interconnected siphons)",Internal (DS/OUV),,"Late Palaeolithic (created between 20,600 and 16,500 calibrated years BP; paintings are over 14,500 years old)",Internal (DS/OUV),,Upper Palaeolithic inhabitants / Prehistoric humans (Holds sacral importance for Indigenous Bashkir people),Internal (DS/OUV),,(iii) to bear a unique or at least exceptional testimony to a cultural tradition or to a civilization which is living or which has disappeared;,1,Internal (DS/OUV),,"Karst massif, Speleothems, Dripstones",Internal (DS/OUV),,,,,,,,,,,,,,,,,,,,,,,,,,,,,,,,,,,,,,,,,Natural karst massif providing deep chambers and halls,Internal (DS/OUV),,"Cave walls used as surfaces for extensive rock paintings (depicting fauna, anthropomorphic figures, and geometric patterns)",Internal (DS/OUV),,,,,"Vulnerable to condensation, cyclic CO2 fluctuations, impacts from visitor numbers, and past defacement by graffiti",Internal (DS/OUV),,,,,,,,Good,,,Yes,,,,,
1745,Diy-Gid-Biy Cultural Landscape of the Mandara Mountains,Cameroon,https://whc.unesco.org/en/list/1745,2025.0,10.9033333333,13.7955555556,skipped; bvhp,,,,,,,,,(iii) to bear a unique or at least exceptional testimony to a cultural tradition or to a civilization which is living or which has disappeared;,1,,,,,,,,,,,,,,,,,,,,,,,,,,,,,,,,,,,,,,,,,,,,,,,,,,,,,,,,,,,,,,,,,,No,,,,,
1744,Prehistoric Sites of the Khorramabad Valley,Iran (Islamic Republic of),https://whc.unesco.org/en/list/1744,2025.0,33.4921083333,48.3455722222,skipped; bhp,,,,,,,,,(iii) to bear a unique or at least exceptional testimony to a cultural tradition or to a civilization which is living or which has disappeared;,1,,,,,,,,,,,,,,,,,,,,,,,,,,,,,,,,,,,,,,,,,,,,,,,,,,,,,,,,,,,,,,,,,,No,,,,,
1732,"Yen Tu-Vinh Nghiem-Con Son, Kiep Bac Complex of Monuments and Landscapes",Viet Nam,https://whc.unesco.org/en/list/1732,2025.0,21.1192555556,106.5353972222,OUV Absent; skipped,,,,,,,,,"(iii) to bear a unique or at least exceptional testimony to a cultural tradition or to a civilization which is living or which has disappeared; | (vi) to be directly or tangibly associated with events or living traditions, with ideas, or with beliefs, with artistic and literary works of outstanding universal significance;",2,,,,,,,,,,,,,,,,,,,,,,,,,,,,,,,,,,,,,,,,,,,,,,,,,,,,,,,,,,,,,,,,,,No,,,,,
1720,The Historic Town and Archaeological Site of Gedi,Kenya,https://whc.unesco.org/en/list/1720,2024.0,-3.3102638889,40.0172638889,"Swahili coastal architecture (domestic, religious, civic, tombs, palace complex, grand mosque, sunken courts, city walls); nan",Internal (DS/OUV),,10th to 17th centuries (particularly 15th–17th centuries),Internal (DS/OUV),,Swahili Islamic Civilization,Internal (DS/OUV),,"(ii) to exhibit an important interchange of human values, over a span of time or within a cultural area of the world, on developments in architecture or technology, monumental arts, town-planning or landscape design; | (iii) to bear a unique or at least exceptional testimony to a cultural tradition or to a civilization which is living or which has disappeared; | (iv) to be an outstanding example of a type of building, architectural or technological ensemble or landscape which illustrates (a) significant stage(s) in human history;",3,Internal (DS/OUV),,Coral stone / Coral rag,Internal (DS/OUV),,Sedimentary Rock,,,,,,Coral rag,Internal (DS/OUV),,,,,,,,,,,,,,,,,,,,,,,Kenya,Internal (DS/OUV),,Local (Building stones); Imported luxury items (Porcelain/Glass),Internal (DS/OUV),,,,,"Walls, domestic structures, mosques, tombs, palace complex, wells, water sumps",Internal (DS/OUV),,Mosques and tombs embellished with carvings and inset Chinese porcelain,Internal (DS/OUV),,Coral rag/stone laid with lime mortar and earth mortar,Internal (DS/OUV),,Vulnerable; affected by vegetation and potential fire risks,Internal (DS/OUV),,,,,Traditional building materials and methods respected during maintenance,Internal (DS/OUV),,Good,,,Yes,,,,Tier 9: Unflagged,
1749,Saint Hilarion Monastery/ Tell Umm Amer,State of Palestine,https://whc.unesco.org/en/list/1749,2024.0,31.4473055556,34.3663611111,OUV Absent; nan,,,,,,,,,"(ii) to exhibit an important interchange of human values, over a span of time or within a cultural area of the world, on developments in architecture or technology, monumental arts, town-planning or landscape design; | (iii) to bear a unique or at least exceptional testimony to a cultural tradition or to a civilization which is living or which has disappeared; | (vi) to be directly or tangibly associated with events or living traditions, with ideas, or with beliefs, with artistic and literary works of outstanding universal significance;",3,,,,,,,,,,,,,,,,,,,,,,,,,,,,,,,,,,,,,,,,,,,,,,,,,,,,,,,,,,,,,,,,,,No,,,,Tier 9: Unflagged,
1713,Royal Court of Tiébélé,Burkina Faso,https://whc.unesco.org/en/list/1713,2024.0,11.0892222222,-0.9618611111,"Earthen architectural complex consisting of concession huts arranged in distinct concessions (including mother houses/Dinian, young married houses/Mangolo, adolescent houses/Draa), protective compound wall, and ceremonial places.; nan",Internal (DS/OUV),,Established since the 16th century,Internal (DS/OUV),,Kasena people,Internal (DS/OUV),,(iii) to bear a unique or at least exceptional testimony to a cultural tradition or to a civilization which is living or which has disappeared;,1,Internal (DS/OUV),,,Internal (DS/OUV),,Sedimentary Rock,,,Sacred stones (dala) placed beneath the red fig tree,Internal (DS/OUV),,dala (sacred stones),,,,,,,,,,,,Red (referencing natural pigments and the red fig tree setting/tumulus),Internal (DS/OUV),,,,,,,,,,,,,,Local (materials gathered and constructed on-site by community),Internal (DS/OUV),,,,,"Earthen huts/walls built with earth, wood, straw, and adobe; cement brick foundations (modern adaptation)",Internal (DS/OUV),,Mural decorations created by women using natural pigments (and modern tar-based paint coatings/chemicals); sacred seating stones (dala),Internal (DS/OUV),,"Earthen building, traditional earth and straw mixing, adobe technique, and cement brick foundations",Internal (DS/OUV),,"Rising damp, surface erosion, and water drainage issues",Internal (DS/OUV),,,,,"Maintenance of concessions, protection via local and scientific management committees, implementation of the Conservation and Management Plan 2022–2026",Internal (DS/OUV),,Poor,,,Yes,,,,Tier 9: Unflagged,
1507,"Phu Phrabat, a testimony to the Sīma stone tradition of the Dvaravati period",Thailand,https://whc.unesco.org/en/list/1507,2024.0,17.7310583333,102.3562666667,OUV Absent; bp,,,,,,,,,"(iii) to bear a unique or at least exceptional testimony to a cultural tradition or to a civilization which is living or which has disappeared; | (v) to be an outstanding example of a traditional human settlement, land-use, or sea-use which is representative of a culture (or cultures), or human interaction with the environment especially when it has become vulnerable under the impact of irreversible change;",2,,,,,,,,,,,,,,,,,,,,,,,,,,,,,,,,,,,,,,,,,,,,,,,,,,,,,,,,,,,,,,,,,,No,,,bp,Tier 8: Moderate Probability Stone Fabric (Possible),
1711,Moidams – the Mound-Burial System of the Ahom Dynasty,India,https://whc.unesco.org/en/list/1711,2024.0,26.9411747222,94.87635,skipped; nan,,,,,,,,,"(iii) to bear a unique or at least exceptional testimony to a cultural tradition or to a civilization which is living or which has disappeared; | (iv) to be an outstanding example of a type of building, architectural or technological ensemble or landscape which illustrates (a) significant stage(s) in human history;",2,,,,,,,,,,,,,,,,,,,,,,,,,,,,,,,,,,,,,,,,,,,,,,,,,,,,,,,,,,,,,,,,,,No,,,,Tier 9: Unflagged,
1708,Via Appia. <em>Regina Viarum</em>,Italy,https://whc.unesco.org/en/list/1708,2024.0,41.2927222222,13.2627222222,skipped; bvvvvvhp,,,,,,,,,"(iii) to bear a unique or at least exceptional testimony to a cultural tradition or to a civilization which is living or which has disappeared; | (iv) to be an outstanding example of a type of building, architectural or technological ensemble or landscape which illustrates (a) significant stage(s) in human history; | (vi) to be directly or tangibly associated with events or living traditions, with ideas, or with beliefs, with artistic and literary works of outstanding universal significance;",3,,,,,,,,,,,,,,,,,,,,,,,,,,,,,,,,,,,,,,,,,,,,,,,,,,,,,,,,,,,,,,,,,,No,,bvvvvvhp,bvvvvvhp,Tier 2: Massive Cliff Rock Art / Bedrock Substrate (5-v Extremely High),
13,Melka Kunture and Balchit: Archaeological and Palaeontological Sites in the Highland Area of Ethiopia,Ethiopia,https://whc.unesco.org/en/list/13,2024.0,8.7034722222,38.5990833333,"Elevation, Plan; nan",Internal (DS/OUV),,"Early Hominins (Homo erectus, Homo heidelbergensis, archaic Homo sapiens)",Internal (DS/OUV),,"Early Hominins (Homo erectus, Homo heidelbergensis, archaic Homo sapiens)",Internal (DS/OUV),,"(iii) to bear a unique or at least exceptional testimony to a cultural tradition or to a civilization which is living or which has disappeared; | (iv) to be an outstanding example of a type of building, architectural or technological ensemble or landscape which illustrates (a) significant stage(s) in human history; | (v) to be an outstanding example of a traditional human settlement, land-use, or sea-use which is representative of a culture (or cultures), or human interaction with the environment especially when it has become vulnerable under the impact of irreversible change;",3,Internal (DS/OUV),,"Obsidian, Tuff, Volcanic Rock, Volcanic Tuff",,,Igneous Rock,,,,,,"Volcanic Glass (Obsidian), Volcanic Tuff",Internal (DS/OUV),,"Volcanic rock, volcanic tuff, sedimentary and alluvial deposits, volcanic glass",Internal (DS/OUV),,Pleistocene (Quaternary),Internal (DS/OUV),,,,,,,,"Glassy (Obsidian), Pyroclastic / Fine-to-Coarse-grained (Tuff)",Internal (DS/OUV),,,,,Local volcanic/obsidian procurement outcrops (Balchit obsidian source),Internal (DS/OUV),,,,,Local (Procured within the Upper Awash Valley / Balchit area),Internal (DS/OUV),,,,,Stratigraphic matrix/layers burying palaified surfaces and tool assemblages,Internal (DS/OUV),,,,,"Lithic Knapping (Oldowan, Acheulean, MSA, LSA techno-complexes)",Internal (DS/OUV),,Seasonal erosion caused by overflows of the Awash River,Internal (DS/OUV),,,,,Excavated sections backfilled; display section protected under site shelter/museum,Internal (DS/OUV),,Good,,,Yes,,,,Tier 9: Unflagged,
1716,Hegmataneh,Iran (Islamic Republic of),https://whc.unesco.org/en/list/1716,2024.0,34.8023888889,48.5166861111,skipped; bvvvvvhp,,,,,,,,,"(ii) to exhibit an important interchange of human values, over a span of time or within a cultural area of the world, on developments in architecture or technology, monumental arts, town-planning or landscape design; | (iii) to bear a unique or at least exceptional testimony to a cultural tradition or to a civilization which is living or which has disappeared;",2,,,,,,,,,,,,,,,,,,,,,,,,,,,,,,,,,,,,,,,,,,,,,,,,,,,,,,,,,,,,,,,,,,No,,bvvvvvhp,bvvvvvhp,Tier 2: Massive Cliff Rock Art / Bedrock Substrate (5-v Extremely High),
1721,Umm Al-Jimāl,Jordan,https://whc.unesco.org/en/list/1721,2024.0,32.3269444444,36.37,"Rural settlement, domestic and religious architecture, Roman military buildings re-purposed; nan",Internal (DS/OUV),,5th century CE to end of 8th century CE (earliest structures date to 1st century CE),Internal (DS/OUV),,"Nabataean, Roman, Byzantine, Early Islamic, Hauranian",Internal (DS/OUV),,(iii) to bear a unique or at least exceptional testimony to a cultural tradition or to a civilization which is living or which has disappeared;,1,Internal (DS/OUV),,Basalt,Internal (DS/OUV),,Igneous Rock,Internal (DS/OUV),,,,,,,,basalt,Internal (DS/OUV),,,,,Hauran basaltic plateau,Internal (DS/OUV),,,,,,,,,,,,,,Jordan,Internal (DS/OUV),,Local (Hauran basaltic plateau),Internal (DS/OUV),,,,,"Multi-storey houses, courtyards, churches, military buildings, town wall, reservoirs/water channels",Internal (DS/OUV),,Capitals,Internal (DS/OUV),,Hauranian building styles and designs (dry/basaltic masonry),Internal (DS/OUV),,,,,,,,"Minimal restoration; Mostly consolidation, limited anastylosis, reconstruction of House 119",Internal (DS/OUV),,Good,,,Yes,,,,Tier 9: Unflagged,
1718,Frontiers of the Roman Empire – Dacia,Romania,https://whc.unesco.org/en/list/1718,2024.0,47.1807888889,23.1594111111,skipped; nan,,,,,,,,,"(ii) to exhibit an important interchange of human values, over a span of time or within a cultural area of the world, on developments in architecture or technology, monumental arts, town-planning or landscape design; | (iii) to bear a unique or at least exceptional testimony to a cultural tradition or to a civilization which is living or which has disappeared; | (iv) to be an outstanding example of a type of building, architectural or technological ensemble or landscape which illustrates (a) significant stage(s) in human history;",3,,,,,,,,,,,,,,,,,,,,,,,,,,,,,,,,,,,,,,,,,,,,,,,,,,,,,,,,,,,,,,,,,,No,,,,Tier 9: Unflagged,
1714,Beijing Central Axis: A Building Ensemble Exhibiting the Ideal Order of the Chinese Capital,China,https://whc.unesco.org/en/list/1714,2024.0,39.9072222222,116.3913888889,skipped; bvvhp,,,,,,,,,"(iii) to bear a unique or at least exceptional testimony to a cultural tradition or to a civilization which is living or which has disappeared; | (iv) to be an outstanding example of a type of building, architectural or technological ensemble or landscape which illustrates (a) significant stage(s) in human history;",2,,,,,,,,,,,,,,,,,,,,,,,,,,,,,,,,,,,,,,,,,,,,,,,,,,,,,,,,,,,,,,,,,,No,,bvvhp,bvvhp,Tier 5: Major Ashlar Masonry / Imperial Ruins (2-v Very High),
1723,The Emergence of Modern Human Behaviour: The Pleistocene Occupation Sites of South Africa,South Africa,https://whc.unesco.org/en/list/1723,2024.0,-32.3863888889,18.4525,skipped; bvvvvhp,,,,,,,,,"(iii) to bear a unique or at least exceptional testimony to a cultural tradition or to a civilization which is living or which has disappeared; | (iv) to be an outstanding example of a type of building, architectural or technological ensemble or landscape which illustrates (a) significant stage(s) in human history; | (v) to be an outstanding example of a traditional human settlement, land-use, or sea-use which is representative of a culture (or cultures), or human interaction with the environment especially when it has become vulnerable under the impact of irreversible change;",3,,,,,,,,,,,,,,,,,,,,,,,,,,,,,,,,,,,,,,,,,,,,,,,,,,,,,,,,,,,,,,,,,,No,,,,,
1688,Cultural Landscape of Kenozero Lake,Russian Federation,https://whc.unesco.org/en/list/1688,2024.0,61.928,38.1726111111,skipped; bvhp,,,,,,,,,(iii) to bear a unique or at least exceptional testimony to a cultural tradition or to a civilization which is living or which has disappeared;,1,,,,,,,,,,,,,,,,,,,,,,,,,,,,,,,,,,,,,,,,,,,,,,,,,,,,,,,,,,,,,,,,,,No,,,,,
1014,The Archaeological Heritage of Niah National Park’s Caves Complex,Malaysia,https://whc.unesco.org/en/list/1014,2024.0,3.8042916667,113.7807666667,"Cave complex, archaeological sites, rock paintings, and boat-shaped burials",Internal (DS/OUV),,"Pleistocene to Mid-Holocene (approx. 50,000 years ago)",Internal (DS/OUV),,"Prehistoric humans (foragers, rice farmers, two disconnected populations)",Internal (DS/OUV),,"(iii) to bear a unique or at least exceptional testimony to a cultural tradition or to a civilization which is living or which has disappeared; | (v) to be an outstanding example of a traditional human settlement, land-use, or sea-use which is representative of a culture (or cultures), or human interaction with the environment especially when it has become vulnerable under the impact of irreversible change;",2,Internal (DS/OUV),,Limestone,Internal (DS/OUV),,Igneous Rock,,,,,,,,,,,,,,,,,,,,,,,,,,,,,,,,,,,,,,,,,,,,,,,,,,,,,,,,,Moderate,,,Yes,,,,,
1662,The Ancient Town of Si Thep and its Associated Dvaravati Monuments,Thailand,https://whc.unesco.org/en/list/1662,2023.0,15.4658166667,101.1511138889,OUV Absent;; nan,,,,,,,,,"(ii) to exhibit an important interchange of human values, over a span of time or within a cultural area of the world, on developments in architecture or technology, monumental arts, town-planning or landscape design; | (iii) to bear a unique or at least exceptional testimony to a cultural tradition or to a civilization which is living or which has disappeared;",2,,,,,,,,,,,,,,,,,,,,,,,,,,,,,,,,,,,,,,,,,,,,,,,,,,,,,,,,,,,,,,,,,,No,,,,Tier 9: Unflagged,
1621,Deer Stone Monuments and Related Bronze Age Sites,Mongolia,https://whc.unesco.org/en/list/1621,2023.0,47.7427777778,101.2258333333,skipped; bvhp,,,,,,,,,(i) to represent a masterpiece of human creative genius; | (iii) to bear a unique or at least exceptional testimony to a cultural tradition or to a civilization which is living or which has disappeared;,2,,,,,,,,,,,,,,,,,,,,,,,,,,,,,,,,,,,,,,,,,,,,,,,,,,,,,,,,,,,,,,,,,,No,,bvhp,bvhp,Tier 6: High Probability Ashlar / Urban Core (1-v Very High),
1567,Funerary and memory sites of the First World War (Western Front),"Belgium,France",https://whc.unesco.org/en/list/1567,2023.0,,,skipped; nan,,,,,,,,,"(iii) to bear a unique or at least exceptional testimony to a cultural tradition or to a civilization which is living or which has disappeared; | (iv) to be an outstanding example of a type of building, architectural or technological ensemble or landscape which illustrates (a) significant stage(s) in human history; | (vi) to be directly or tangibly associated with events or living traditions, with ideas, or with beliefs, with artistic and literary works of outstanding universal significance;",3,,,,,,,,,,,,,,,,,,,,,,,,,,,,,,,,,,,,,,,,,,,,,,,,,,,,,,,,,,,,,,,,,,No,,,,Tier 9: Unflagged,
1660,Viking-Age Ring Fortresses,Denmark,https://whc.unesco.org/en/list/1660,2023.0,56.9952777778,9.2547222222,skipped;; nan,,,,,,,,,"(iii) to bear a unique or at least exceptional testimony to a cultural tradition or to a civilization which is living or which has disappeared; | (iv) to be an outstanding example of a type of building, architectural or technological ensemble or landscape which illustrates (a) significant stage(s) in human history;",2,,,,,,,,,,,,,,,,,,,,,,,,,,,,,,,,,,,,,,,,,,,,,,,,,,,,,,,,,,,,,,,,,,No,,,,Tier 9: Unflagged,
1528,Talayotic Menorca,Spain,https://whc.unesco.org/en/list/1528,2023.0,39.9975,3.9088888889,skipped;; nan,,,,,,,,,"(iii) to bear a unique or at least exceptional testimony to a cultural tradition or to a civilization which is living or which has disappeared; | (iv) to be an outstanding example of a type of building, architectural or technological ensemble or landscape which illustrates (a) significant stage(s) in human history;",2,,,,,,,,,,,,,,,,,,,,,,,,,,,,,,,,,,,,,,,,,,,,,,,,,,,,,,,,,,,,,,,,,,No,,,,Tier 9: Unflagged,
1700,"Landmarks of the Ancient Kingdom of Saba, Marib",Yemen,https://whc.unesco.org/en/list/1700,2023.0,15.4268777778,45.3352277778,skipped; bvvvhp,,,,,,,,,"(iii) to bear a unique or at least exceptional testimony to a cultural tradition or to a civilization which is living or which has disappeared; | (iv) to be an outstanding example of a type of building, architectural or technological ensemble or landscape which illustrates (a) significant stage(s) in human history;",2,,,,,,,,,,,,,,,,,,,,,,,,,,,,,,,,,,,,,,,,,,,,,,,,,,,,,,,,,,,,,,,,,,No,,bvvvhp,bvvvhp,Tier 4: Exceptional Stone Fortress / Cathedral / Mosque (3-v Very Very High),
1689,Hopewell Ceremonial Earthworks,United States of America,https://whc.unesco.org/en/list/1689,2023.0,40.0536583333,-82.4460611111,skipped; nan,,,,,,,,,(i) to represent a masterpiece of human creative genius; | (iii) to bear a unique or at least exceptional testimony to a cultural tradition or to a civilization which is living or which has disappeared;,2,,,,,,,,,,,,,,,,,,,,,,,,,,,,,,,,,,,,,,,,,,,,,,,,,,,,,,,,,,,,,,,,,,No,,,,Tier 9: Unflagged,
1675,Silk Roads: Zarafshan-Karakum Corridor,"Tajikistan,Turkmenistan,Uzbekistan",https://whc.unesco.org/en/list/1675,2023.0,39.4414888889,69.6855583333,skipped; bhp,,,,,,,,,"(ii) to exhibit an important interchange of human values, over a span of time or within a cultural area of the world, on developments in architecture or technology, monumental arts, town-planning or landscape design; | (iii) to bear a unique or at least exceptional testimony to a cultural tradition or to a civilization which is living or which has disappeared; | (v) to be an outstanding example of a traditional human settlement, land-use, or sea-use which is representative of a culture (or cultures), or human interaction with the environment especially when it has become vulnerable under the impact of irreversible change;",3,,,,,,,,,,,,,,,,,,,,,,,,,,,,,,,,,,,,,,,,,,,,,,,,,,,,,,,,,,,,,,,,,,No,,bhp,bhp,Tier 7: High Probability Local Stone / Masonry (High Potential),
1668,The Persian Caravanserai,Iran (Islamic Republic of),https://whc.unesco.org/en/list/1668,2023.0,35.0583527778,51.4201361111,skipped; bvvvhp,,,,,,,,,"(ii) to exhibit an important interchange of human values, over a span of time or within a cultural area of the world, on developments in architecture or technology, monumental arts, town-planning or landscape design; | (iii) to bear a unique or at least exceptional testimony to a cultural tradition or to a civilization which is living or which has disappeared;",2,,,,,,,,,,,,,,,,,,,,,,,,,,,,,,,,,,,,,,,,,,,,,,,,,,,,,,,,,,,,,,,,,,No,,bvvvhp,bvvvhp,Tier 4: Exceptional Stone Fortress / Cathedral / Mosque (3-v Very Very High),
1671,The Cosmological Axis of Yogyakarta and its Historic Landmarks,Indonesia,https://whc.unesco.org/en/list/1671,2023.0,-7.8013888889,110.3647777778,skipped; bhp,,,,,,,,,"(ii) to exhibit an important interchange of human values, over a span of time or within a cultural area of the world, on developments in architecture or technology, monumental arts, town-planning or landscape design; | (iii) to bear a unique or at least exceptional testimony to a cultural tradition or to a civilization which is living or which has disappeared;",2,,,,,,,,,,,,,,,,,,,,,,,,,,,,,,,,,,,,,,,,,,,,,,,,,,,,,,,,,,,,,,,,,,No,,bhp,bhp,Tier 7: High Probability Local Stone / Masonry (High Potential),
1680,Jodensavanne Archaeological Site: Jodensavanne Settlement and Cassipora Creek Cemetery,Suriname,https://whc.unesco.org/en/list/1680,2023.0,5.4311111111,-54.9826666667,skipped; bp,,,,,,,,,(iii) to bear a unique or at least exceptional testimony to a cultural tradition or to a civilization which is living or which has disappeared;,1,,,,,,,,,,,,,,,,,,,,,,,,,,,,,,,,,,,,,,,,,,,,,,,,,,,,,,,,,,,,,,,,,,No,,bp,bp,Tier 8: Moderate Probability Stone Fabric (Possible),
1669,Gordion,Türkiye,https://whc.unesco.org/en/list/1669,2023.0,39.6433333333,31.9861111111,skipped; bvvhp,,,,,,,,,(iii) to bear a unique or at least exceptional testimony to a cultural tradition or to a civilization which is living or which has disappeared;,1,,,,,,,,,,,,,,,,,,,,,,,,,,,,,,,,,,,,,,,,,,,,,,,,,,,,,,,,,,,,,,,,,,No,,bvvhp,bvvhp,Tier 5: Major Ashlar Masonry / Imperial Ruins (2-v Very High),
1663,National Archaeological Park Tak’alik Ab’aj,Guatemala,https://whc.unesco.org/en/list/1663,2023.0,14.6386111111,-91.7325,skipped; bvhp,,,,,,,,,"(ii) to exhibit an important interchange of human values, over a span of time or within a cultural area of the world, on developments in architecture or technology, monumental arts, town-planning or landscape design; | (iii) to bear a unique or at least exceptional testimony to a cultural tradition or to a civilization which is living or which has disappeared;",2,,,,,,,,,,,,,,,,,,,,,,,,,,,,,,,,,,,,,,,,,,,,,,,,,,,,,,,,,,,,,,,,,,No,,bvhp,bvhp,Tier 6: High Probability Ashlar / Urban Core (1-v Very High),
1558,Žatec and the Landscape of Saaz Hops,Czechia,https://whc.unesco.org/en/list/1558,2023.0,50.3202777778,13.62,skipped; nan,,,,,,,,,"(iii) to bear a unique or at least exceptional testimony to a cultural tradition or to a civilization which is living or which has disappeared; | (iv) to be an outstanding example of a type of building, architectural or technological ensemble or landscape which illustrates (a) significant stage(s) in human history; | (v) to be an outstanding example of a traditional human settlement, land-use, or sea-use which is representative of a culture (or cultures), or human interaction with the environment especially when it has become vulnerable under the impact of irreversible change;",3,,,,,,,,,,,,,,,,,,,,,,,,,,,,,,,,,,,,,,,,,,,,,,,,,,,,,,,,,,,,,,,,,,No,,,,Tier 9: Unflagged,
1641,The Gedeo Cultural Landscape,Ethiopia,https://whc.unesco.org/en/list/1641,2023.0,6.2488888889,38.2877777778,skipped;,,,,,,,,,"(iii) to bear a unique or at least exceptional testimony to a cultural tradition or to a civilization which is living or which has disappeared; | (v) to be an outstanding example of a traditional human settlement, land-use, or sea-use which is representative of a culture (or cultures), or human interaction with the environment especially when it has become vulnerable under the impact of irreversible change;",2,,,,,,,,,,,,,,,,,,,,,,,,,,,,,,,,,,,,,,,,,,,,,,,,,,,,,,,,,,,,,,,,,,No,,,,,
1687,Ancient Jericho/Tell es-Sultan,State of Palestine,https://whc.unesco.org/en/list/1687,2023.0,31.8713055556,35.4440555556,skipped; bp,,,,,,,,,"(iii) to bear a unique or at least exceptional testimony to a cultural tradition or to a civilization which is living or which has disappeared; | (iv) to be an outstanding example of a type of building, architectural or technological ensemble or landscape which illustrates (a) significant stage(s) in human history;",2,,,,,,,,,,,,,,,,,,,,,,,,,,,,,,,,,,,,,,,,,,,,,,,,,,,,,,,,,,,,,,,,,,No,,,,,
1666,Gaya Tumuli,Republic of Korea,https://whc.unesco.org/en/list/1666,2023.0,35.2372638889,128.873725,skipped; ,,,,,,,,,(iii) to bear a unique or at least exceptional testimony to a cultural tradition or to a civilization which is living or which has disappeared;,1,,,,,,,,,,,,,,,,,,,,,,,,,,,,,,,,,,,,,,,,,,,,,,,,,,,,,,,,,,,,,,,,,,No,,,,,
1696,Cultural Landscape of Khinalig People and “Köç Yolu” Transhumance Route,Azerbaijan,https://whc.unesco.org/en/list/1696,2023.0,40.7059,48.8854,skipped; bvhp,,,,,,,,,"(iii) to bear a unique or at least exceptional testimony to a cultural tradition or to a civilization which is living or which has disappeared; | (v) to be an outstanding example of a traditional human settlement, land-use, or sea-use which is representative of a culture (or cultures), or human interaction with the environment especially when it has become vulnerable under the impact of irreversible change;",2,,,,,,,,,,,,,,,,,,,,,,,,,,,,,,,,,,,,,,,,,,,,,,,,,,,,,,,,,,,,,,,,,,No,,,,,
1665,Cultural Landscape of Old Tea Forests of the Jingmai Mountain in Pu’er,China,https://whc.unesco.org/en/list/1665,2023.0,22.1841666667,100.0075,skipped;,,,,,,,,,"(iii) to bear a unique or at least exceptional testimony to a cultural tradition or to a civilization which is living or which has disappeared; | (v) to be an outstanding example of a traditional human settlement, land-use, or sea-use which is representative of a culture (or cultures), or human interaction with the environment especially when it has become vulnerable under the impact of irreversible change;",2,,,,,,,,,,,,,,,,,,,,,,,,,,,,,,,,,,,,,,,,,,,,,,,,,,,,,,,,,,,,,,,,,,No,,,,,
1645,Dholavira: a Harappan City,India,https://whc.unesco.org/en/list/1645,2021.0,23.8884083333,70.2133027778,"Fortified city, Water Reservoirs, and Cemetery; nan",Internal (DS/OUV),,"ca. 3000–1500 BCE (Bronze Age / Early, Mature, and Late Harappan phases)",Internal (DS/OUV),,Harappan Civilization (Indus Valley Civilization),Internal (DS/OUV),,"(iii) to bear a unique or at least exceptional testimony to a cultural tradition or to a civilization which is living or which has disappeared; | (iv) to be an outstanding example of a type of building, architectural or technological ensemble or landscape which illustrates (a) significant stage(s) in human history;",2,Internal (DS/OUV),,"Sandstone, Limestone, Agate, Carnelian, Steatite",Internal (DS/OUV),,Sedimentary Rock,Internal (DS/OUV),,"Agate, Carnelian, Steatite, Banded Limestone",Internal (DS/OUV),,Khadir Sandstone / Calcareous Sandstone,Internal (DS/OUV),,"Calcareous Sandstone, Calcareous Mudstone, Fossiliferous Limestone",Internal (DS/OUV),,,,,Khadir Formation (Kachchh Basin),External,,"Yellowish-brown, reddish-brown, buff sandstone, white/banded limestone",Internal (DS/OUV),,,,,,,,Ancient stone quarry sites on Khadir Island (located in the buffer zone),Internal (DS/OUV),,India,Internal (DS/OUV),,"Local: Architectural Sandstone & Limestone from Khadir Island.

Imported/Traded: Raw minerals, metals, and semi-precious stones via regional trade.",Internal (DS/OUV),,Local: 1–5 km (Khadir Island for masonry stones).,,,"Fortification walls, Citadel, Castle, Bailey, Gateways, Water Reservoirs, Drains, and Mortuary structures.",Internal (DS/OUV),,"Polished stone column bases/rings, bead jewellery manufacturing (Agate, Carnelian, Steatite).",Internal (DS/OUV),,Cut/dressed stone masonry with mud-brick cores; mortise-and-tenon joints in stone pillars.,Internal (DS/OUV),,,,,,,,"Minimum intervention, in-situ consolidation, stabilization using scientific conservation principles by Archaeological Survey of India (ASI).",Internal (DS/OUV),,Good,Internal (DS/OUV),,Yes,"1. ICOMOS Evaluation Document


2. UNESCO Official Dossier Ref 1645


3. Kachchh Basin Geological Survey (Sharma et al., 2020)",,,Tier 9: Unflagged,
1570,"Kakatiya Rudreshwara (Ramappa) Temple, Telangana",India,https://whc.unesco.org/en/list/1570,2021.0,18.2591333333,79.9432055556,"Main Shiva temple in a walled temple complex with smaller temples and Mandapa structures; Kakatiyan style featuring sandbox foundations and light-weight porous ""floating bricks""; nan",Internal (DS/OUV),,Kakatiya Period (1123–1323 CE); temple construction began in 1213 CE and continued for ~40 years under rulers Rudradeva and Recharla Rudra,Internal (DS/OUV),,Kakatiya Dynasty,Internal (DS/OUV),,(i) to represent a masterpiece of human creative genius; | (iii) to bear a unique or at least exceptional testimony to a cultural tradition or to a civilization which is living or which has disappeared;,2,Internal (DS/OUV),,"Sandstone
",Internal (DS/OUV),,Sedimentary Rock,Internal (DS/OUV),,"Granite, Dolerite, Light-weight porous bricks (""floating bricks"") and sand (used in sandbox foundation)",Internal (DS/OUV),,,,,"Fine-grained, hard dolerite (chiseled to metallic polish); Sandstone; Granite",Internal (DS/OUV),,,,,,,,,,,Hard dolerite with a fine lustre / metallic finish; porous lightweight bricks,Internal (DS/OUV),,,,,,,,India,Internal (DS/OUV),,Local (Erected using five types of local materials),Internal (DS/OUV),,,,,"Sandstone: Main temple structure and walls


Granite: Columns and beams


Sand: Sandbox foundation


Porous Clay Bricks: Lightweight pyramidal Vimana (horizontally stepped tower)",Internal (DS/OUV),,"Dolerite: Carved bracket figures, sculptures, and detailed relief carvings with intact lustre",Internal (DS/OUV),,Sandbox foundation technology; mortise-and-tenon or interlocking stone joinery; anastylosis (planned/applied for Kameshwara temple),Internal (DS/OUV),,,,,Remanufactured lightweight floating bricks (reconstructed after studies to match 13th-century techniques),Internal (DS/OUV),,Well-preserved; highly intact visual and structural integrity; protected from natural disasters due to innovative earthquake-resistant construction techniques,Internal (DS/OUV),,Excellent,Internal (DS/OUV),,Yes,,,,Tier 9: Unflagged,
1552,Roșia Montană Mining Landscape,Romania,https://whc.unesco.org/en/list/1552,2021.0,46.3061111111,23.1305555556,skipped; nan,,,,,,,,,"(ii) to exhibit an important interchange of human values, over a span of time or within a cultural area of the world, on developments in architecture or technology, monumental arts, town-planning or landscape design; | (iii) to bear a unique or at least exceptional testimony to a cultural tradition or to a civilization which is living or which has disappeared; | (iv) to be an outstanding example of a type of building, architectural or technological ensemble or landscape which illustrates (a) significant stage(s) in human history;",3,,,,,,,,,,,,,,,,,,,,,,,,,,,,,,,,,,,,,,,,,,,,,,,,,,,,,,,,,,,,,,,,,,No,,,,Tier 9: Unflagged,
689,As-Salt - The Place of Tolerance and Urban Hospitality,Jordan,https://whc.unesco.org/en/list/689,2021.0,32.0426111111,35.7283055556,"Residential, Public Buildings, Vernacular, Ottoman, Art Nouveau, Neo-Colonial; nan",Internal (DS/OUV),,Late Ottoman Period / Golden Age (1860s to 1920s),Internal (DS/OUV),,Ottoman Transjordanian / Levant,Internal (DS/OUV),,"(ii) to exhibit an important interchange of human values, over a span of time or within a cultural area of the world, on developments in architecture or technology, monumental arts, town-planning or landscape design; | (iii) to bear a unique or at least exceptional testimony to a cultural tradition or to a civilization which is living or which has disappeared;",2,Internal (DS/OUV),,Limestone,Internal (DS/OUV),,Sedimentary Rock,Internal (DS/OUV),,,,,Yellow Stone / Yellow Limestone,Internal (DS/OUV),,limestone,Internal (DS/OUV),,,,,,,,yellow,Internal (DS/OUV),,,,,,,,,,,Jordan,Internal (DS/OUV),,local,Internal (DS/OUV),,,,,"Public buildings and family residences (masonry walls, three-bay structures)",Internal (DS/OUV),,,,,"Skilled craftsmanship, central hallway and three-bay construction",Internal (DS/OUV),,,,,,,,Adaptive reuse projects and site-specific conservation plans for 22 historic buildings,Internal (DS/OUV),,Good,,,Yes,,,,Tier 9: Unflagged,
1622,Arslantepe Mound,Türkiye,https://whc.unesco.org/en/list/1622,2021.0,38.3822,38.3610916667,"Palace complex, adobe houses, Royal Tomb complex, settlement plan and layout, monumental architecture; nan",Internal (DS/OUV),,"Late Chalcolithic 1–2 (4300–3900 BCE), Late Chalcolithic 5 (3400–3100 BCE), Early Bronze Age, Middle & Late Bronze Ages, Hittite, Neo-Hittite, up to late Roman & Medieval periods",Internal (DS/OUV),,"Late Chalcolithic, Early Bronze Age, Paleo-Assyrian, Hittite, Neo-Hittite, Roman, Medieval",Internal (DS/OUV),,(iii) to bear a unique or at least exceptional testimony to a cultural tradition or to a civilization which is living or which has disappeared;,1,Internal (DS/OUV),,Adobe (mud-brick/mud plaster with straw tempering),Internal (DS/OUV),,Sedimentary Rock,,,,,,,,,Unbaked mud / clay sediment mixed with straw (Adobe),Internal (DS/OUV),,,,,,,,,,,,,,Clay minerals (mud),Internal (DS/OUV),,,,,,,,Local (materials sourced from the fertile Malatya plain and Euphrates River basin),Internal (DS/OUV),,,,,"Walls, floors, roof shelter support, internal structural features",Internal (DS/OUV),,Wall plaster and wall paintings,Internal (DS/OUV),,"Mud-brick / adobe masonry with straw tempering, mud plaster coating",Internal (DS/OUV),,Fragile nature of exposed adobe remains subject to environmental conditions,Internal (DS/OUV),,,,,Minor repairs using original materials (mud and straw tempering); no major structural reconstructions,Internal (DS/OUV),,Excellent,,,Yes,,,,Tier 9: Unflagged,
1608,Frontiers of the Roman Empire – The Danube Limes (Western Segment),"Austria,Germany,Slovakia",https://whc.unesco.org/en/list/1608,2021.0,48.1151944444,16.8613888889,skipped; bvhp,,,,,,,,,"(ii) to exhibit an important interchange of human values, over a span of time or within a cultural area of the world, on developments in architecture or technology, monumental arts, town-planning or landscape design; | (iii) to bear a unique or at least exceptional testimony to a cultural tradition or to a civilization which is living or which has disappeared; | (iv) to be an outstanding example of a type of building, architectural or technological ensemble or landscape which illustrates (a) significant stage(s) in human history;",3,,,,,,,,,,,,,,,,,,,,,,,,,,,,,,,,,,,,,,,,,,,,,,,,,,,,,,,,,,,,,,,,,,No,,bvhp,bvhp,Tier 6: High Probability Ashlar / Urban Core (1-v Very High),
1631,Frontiers of the Roman Empire – The Lower German Limes,"Germany,Netherlands (Kingdom of the)",https://whc.unesco.org/en/list/1631,2021.0,52.1803333333,4.433,skipped;; nan,,,,,,,,,"(ii) to exhibit an important interchange of human values, over a span of time or within a cultural area of the world, on developments in architecture or technology, monumental arts, town-planning or landscape design; | (iii) to bear a unique or at least exceptional testimony to a cultural tradition or to a civilization which is living or which has disappeared; | (iv) to be an outstanding example of a type of building, architectural or technological ensemble or landscape which illustrates (a) significant stage(s) in human history;",3,,,,,,,,,,,,,,,,,,,,,,,,,,,,,,,,,,,,,,,,,,,,,,,,,,,,,,,,,,,,,,,,,,No,,,,Tier 9: Unflagged,
1613,The Great Spa Towns of Europe,"Austria,Belgium,Czechia,France,Germany,Italy,United Kingdom of Great Britain and Northern Ireland",https://whc.unesco.org/en/list/1613,2021.0,50.4922222222,5.8669444444,skipped; bvhp,,,,,,,,,"(ii) to exhibit an important interchange of human values, over a span of time or within a cultural area of the world, on developments in architecture or technology, monumental arts, town-planning or landscape design; | (iii) to bear a unique or at least exceptional testimony to a cultural tradition or to a civilization which is living or which has disappeared;",2,,,skiiped; bvvhp,,,,,,,,,,,,,,,,,,,,,,,,,,,,,,,,,,,,,,,,,,,,,,,,,,,,,,,,,,,,,,,No,,bvhp,bvhp,Tier 6: High Probability Ashlar / Urban Core (1-v Very High),
1634,Settlement and Artificial Mummification of the Chinchorro Culture in the Arica and Parinacota Region,Chile,https://whc.unesco.org/en/list/1634,2021.0,-18.4819611111,-70.3215722222,skipped; bvhp,,,,,,,,,"(iii) to bear a unique or at least exceptional testimony to a cultural tradition or to a civilization which is living or which has disappeared; | (v) to be an outstanding example of a traditional human settlement, land-use, or sea-use which is representative of a culture (or cultures), or human interaction with the environment especially when it has become vulnerable under the impact of irreversible change;",2,,,,,,,,,,,,,,,,,,,,,,,,,,,,,,,,,,,,,,,,,,,,,,,,,,,,,,,,,,,,,,,,,,No,,bvhp,bvhp,Tier 6: High Probability Ashlar / Urban Core (1-v Very High),
1636,"ShUM Sites of Speyer, Worms and Mainz",Germany,https://whc.unesco.org/en/list/1636,2021.0,49.3162111111,8.4395388889,skipped,,,,,,,,,"(ii) to exhibit an important interchange of human values, over a span of time or within a cultural area of the world, on developments in architecture or technology, monumental arts, town-planning or landscape design; | (iii) to bear a unique or at least exceptional testimony to a cultural tradition or to a civilization which is living or which has disappeared; | (vi) to be directly or tangibly associated with events or living traditions, with ideas, or with beliefs, with artistic and literary works of outstanding universal significance;",3,,,,,,,,,,,,,,,,,,,,,,,,,,,,,,,,,,,,,,,,,,,,,,,,,,,,,,,,,,,,,,,,,,No,,,,,
1647,Cultural Landscape of Hawraman/Uramanat,Iran (Islamic Republic of),https://whc.unesco.org/en/list/1647,2021.0,35.1073583333,46.47785,skipped; bvhp,,,,,,,,,"(iii) to bear a unique or at least exceptional testimony to a cultural tradition or to a civilization which is living or which has disappeared; | (v) to be an outstanding example of a traditional human settlement, land-use, or sea-use which is representative of a culture (or cultures), or human interaction with the environment especially when it has become vulnerable under the impact of irreversible change;",2,,,,,,,,,,,,,,,,,,,,,,,,,,,,,,,,,,,,,,,,,,,,,,,,,,,,,,,,,,,,,,,,,,No,,,,,
1632,Jomon Prehistoric Sites in Northern Japan,Japan,https://whc.unesco.org/en/list/1632,2021.0,41.0655555556,140.5522222222,skipped; bvvvhp,,,,,,,,,"(iii) to bear a unique or at least exceptional testimony to a cultural tradition or to a civilization which is living or which has disappeared; | (v) to be an outstanding example of a traditional human settlement, land-use, or sea-use which is representative of a culture (or cultures), or human interaction with the environment especially when it has become vulnerable under the impact of irreversible change;",2,,,,,,,,,,,,,,,,,,,,,,,,,,,,,,,,,,,,,,,,,,,,,,,,,,,,,,,,,,,,,,,,,,No,,,,,
1619,Ḥimā Cultural Area,Saudi Arabia,https://whc.unesco.org/en/list/1619,2021.0,18.3167111111,44.5453361111,skipped; bvvvhp,,,,,,,,,(iii) to bear a unique or at least exceptional testimony to a cultural tradition or to a civilization which is living or which has disappeared;,1,,,,,,,,,,,,,,,,,,,,,,,,,,,,,,,,,,,,,,,,,,,,,,,,,,,,,,,,,,,,,,,,,,No,,,,,
1654,Petroglyphs of Lake Onega and the White Sea,Russian Federation,https://whc.unesco.org/en/list/1654,2021.0,61.7299,36.0126388889,skipped; ,,,,,,,,,(iii) to bear a unique or at least exceptional testimony to a cultural tradition or to a civilization which is living or which has disappeared;,1,,,,,,,,,,,,,,,,,,,,,,,,,,,,,,,,,,,,,,,,,,,,,,,,,,,,,,,,,,,,,,,,,,No,,,,,
1599,Krzemionki Prehistoric Striped Flint Mining Region,Poland,https://whc.unesco.org/en/list/1599,2019.0,50.9679722222,21.5023055556,"Monastery, Pilgrimage Centre, Ecclesiastical Complex (Churches, Baptistery, Basilicas, Hostels/Rest Houses, Public Baths, Workshops); nan",Internal (DS/OUV),,4th to 7th centuries AD (A.D. 296 – 7th Century AD),Internal (DS/OUV),,Early Christian / Coptic,Internal (DS/OUV),,"(iii) to bear a unique or at least exceptional testimony to a cultural tradition or to a civilization which is living or which has disappeared; | (iv) to be an outstanding example of a type of building, architectural or technological ensemble or landscape which illustrates (a) significant stage(s) in human history;",2,Internal (DS/OUV),,"Limestone, Marble",Internal (DS/OUV),,Sedimentary Rock,Internal (DS/OUV),,,,,,,,"Limestone, Marble",Internal (DS/OUV),,,,,,,,,,,,,,,,,,,,,,,,,,,,,Ashlar masonry for main buildings / wall construction,Internal (DS/OUV),,"Columns (made of Marble), Mosaics, fine lime plaster",Internal (DS/OUV),,Ashlar masonry set in lime mortar; Mud bricks covered with fine lime plaster for simpler buildings,Internal (DS/OUV),,"Risks from heavy rains, winds, humidity, fires, and rising underground water related to agricultural irrigation",Internal (DS/OUV),,,,,Ongoing periodic maintenance and active dewatering project to lower underground water table,Internal (DS/OUV),,Moderate,,,Yes,,,,Tier 9: Unflagged,
1593,Mozu-Furuichi Kofun Group: Mounded Tombs of Ancient Japan,Japan,https://whc.unesco.org/en/list/1593,2019.0,34.5622222222,135.6094444444,skipped;; nan,,,,,,,,,"(iii) to bear a unique or at least exceptional testimony to a cultural tradition or to a civilization which is living or which has disappeared; | (iv) to be an outstanding example of a type of building, architectural or technological ensemble or landscape which illustrates (a) significant stage(s) in human history;",2,,,,,,,,,,,,,,,,,,,,,,,,,,,,,,,,,,,,,,,,,,,,,,,,,,,,,,,,,,,,,,,,,,No,,,,Tier 9: Unflagged,
1592,Archaeological Ruins of Liangzhu City,China,https://whc.unesco.org/en/list/1592,2019.0,30.3955555556,119.9908333333,skipped;; nan,,,,,,,,,"(iii) to bear a unique or at least exceptional testimony to a cultural tradition or to a civilization which is living or which has disappeared; | (iv) to be an outstanding example of a type of building, architectural or technological ensemble or landscape which illustrates (a) significant stage(s) in human history;",2,,,,,,,,,,,,,,,,,,,,,,,,,,,,,,,,,,,,,,,,,,,,,,,,,,,,,,,,,,,,,,,,,,No,,,,Tier 9: Unflagged,
1478,Erzgebirge/Krušnohoří Mining Region,"Czechia,Germany",https://whc.unesco.org/en/list/1478,2019.0,50.4065277778,12.8373444444,skipped; bvhp,,,,,,,,,"(ii) to exhibit an important interchange of human values, over a span of time or within a cultural area of the world, on developments in architecture or technology, monumental arts, town-planning or landscape design; | (iii) to bear a unique or at least exceptional testimony to a cultural tradition or to a civilization which is living or which has disappeared; | (iv) to be an outstanding example of a type of building, architectural or technological ensemble or landscape which illustrates (a) significant stage(s) in human history;",3,,,,,,,,,,,,,,,,,,,,,,,,,,,,,,,,,,,,,,,,,,,,,,,,,,,,,,,,,,,,,,,,,,No,,bvhp,bvhp,Tier 6: High Probability Ashlar / Urban Core (1-v Very High),
1542,Dilmun Burial Mounds,Bahrain,https://whc.unesco.org/en/list/1542,2019.0,26.1497222222,50.5127777778,skipped; bvvvvhp,,,,,,,,,"(iii) to bear a unique or at least exceptional testimony to a cultural tradition or to a civilization which is living or which has disappeared; | (iv) to be an outstanding example of a type of building, architectural or technological ensemble or landscape which illustrates (a) significant stage(s) in human history;",2,,,,,,,,,,,,,,,,,,,,,,,,,,,,,,,,,,,,,,,,,,,,,,,,,,,,,,,,,,,,,,,,,,No,,bvvvvhp,bvvvvhp,Tier 3: Monumental Megalithic / Sanctuary Architecture (4-v Very Very Very High),
278,Babylon,Iraq,https://whc.unesco.org/en/list/278,2019.0,32.5419694444,44.4208333333,skipped; bvvvhp,,,,,,,,,"(iii) to bear a unique or at least exceptional testimony to a cultural tradition or to a civilization which is living or which has disappeared; | (vi) to be directly or tangibly associated with events or living traditions, with ideas, or with beliefs, with artistic and literary works of outstanding universal significance;",2,,,,,,,,,,,,,,,,,,,,,,,,,,,,,,,,,,,,,,,,,,,,,,,,,,,,,,,,,,,,,,,,,,No,,bvvvhp,bvvvhp,Tier 4: Exceptional Stone Fortress / Cathedral / Mosque (3-v Very Very High),
1588,Bagan,Myanmar,https://whc.unesco.org/en/list/1588,2019.0,21.1488888889,94.8844444444,skipped; bvvvhp,,,,,,,,,"(iii) to bear a unique or at least exceptional testimony to a cultural tradition or to a civilization which is living or which has disappeared; | (iv) to be an outstanding example of a type of building, architectural or technological ensemble or landscape which illustrates (a) significant stage(s) in human history; | (vi) to be directly or tangibly associated with events or living traditions, with ideas, or with beliefs, with artistic and literary works of outstanding universal significance;",3,,,,,,,,,,,,,,,,,,,,,,,,,,,,,,,,,,,,,,,,,,,,,,,,,,,,,,,,,,,,,,,,,,No,,bvvvhp,bvvvhp,Tier 4: Exceptional Stone Fortress / Cathedral / Mosque (3-v Very Very High),
1587,Megalithic Jar Sites in Xiengkhuang – Plain of Jars,Lao People's Democratic Republic,https://whc.unesco.org/en/list/1587,2019.0,19.4310555556,103.1522222222,skipped; bvvvhp,,,,,,,,,(iii) to bear a unique or at least exceptional testimony to a cultural tradition or to a civilization which is living or which has disappeared;,1,,,,,,,,,,,,,,,,,,,,,,,,,,,,,,,,,,,,,,,,,,,,,,,,,,,,,,,,,,,,,,,,,,No,,bvvvhp,bvvvhp,Tier 4: Exceptional Stone Fortress / Cathedral / Mosque (3-v Very Very High),
1602,Ancient Ferrous Metallurgy Sites of Burkina Faso,Burkina Faso,https://whc.unesco.org/en/list/1602,2019.0,12.5877583333,-3.3289861111,skipped; bvhp,,,,,,,,,"(iii) to bear a unique or at least exceptional testimony to a cultural tradition or to a civilization which is living or which has disappeared; | (iv) to be an outstanding example of a type of building, architectural or technological ensemble or landscape which illustrates (a) significant stage(s) in human history; | (vi) to be directly or tangibly associated with events or living traditions, with ideas, or with beliefs, with artistic and literary works of outstanding universal significance;",3,,,,,,,,,,,,,,,,,,,,,,,,,,,,,,,,,,,,,,,,,,,,,,,,,,,,,,,,,,,,,,,,,,Yes,,bvhp,bvhp,Tier 6: High Probability Ashlar / Urban Core (1-v Very High),
1597,Writing-on-Stone / Áísínai’pi,Canada,https://whc.unesco.org/en/list/1597,2019.0,49.075,-111.6333333333,"Indigenous, Plan, Traditional (Element: Wall); nan",Internal (DS/OUV),,"ca. 4,500 BP - 3,500 years BP and the Contact Period (1,000 years BP to mid-nineteenth century; oldest art possibly ca. 3,000 years BP).",Internal (DS/OUV),,Blackfoot Confederacy (Siksikáíítsitapi) / Indigenous peoples,Internal (DS/OUV),,(iii) to bear a unique or at least exceptional testimony to a cultural tradition or to a civilization which is living or which has disappeared;,1,Internal (DS/OUV),,Sandstone,Internal (DS/OUV),,Sedimentary Rock,Internal (DS/OUV),,,,,,Internal (DS/OUV),,Sandstone,Internal (DS/OUV),,,,,Hoodoos (columns of rock sculpted by erosion),Internal (DS/OUV),,,,,,,,,,,,,,Canada,Internal (DS/OUV),,Local (in situ archaeological remains),Internal (DS/OUV),,,,,Walls (Natural landscape features),Internal (DS/OUV),,Engravings and paintings (thousands of rock art images),Internal (DS/OUV),,,,,Erosion (sculpted the hoodoos),Internal (DS/OUV),,,,,,,,Excellent,,,Yes,,,,Tier 9: Unflagged,
1498,"Seowon, Korean Neo-Confucian Academies",Republic of Korea,https://whc.unesco.org/en/list/1498,2019.0,36.7272972222,128.8434277778,skipped; nan,,,,,,,,,(iii) to bear a unique or at least exceptional testimony to a cultural tradition or to a civilization which is living or which has disappeared;,1,,,,,,,,,,,,,,,,,,,,,,,,,,,,,,,,,,,,,,,,,,,,,,,,,,,,,,,,,,,,,,,,,,No,,,,Tier 9: Unflagged,
1577,Budj Bim Cultural Landscape,Australia,https://whc.unesco.org/en/list/1577,2019.0,-38.0811111111,141.8852777778,"Aquaculture system (channels, weirs, dams, ponds, sinkholes); nan",Internal (DS/OUV),,"Over a period of at least 6,600 years",Internal (DS/OUV),,Gunditjmara Aboriginal people,Internal (DS/OUV),,"(iii) to bear a unique or at least exceptional testimony to a cultural tradition or to a civilization which is living or which has disappeared; | (v) to be an outstanding example of a traditional human settlement, land-use, or sea-use which is representative of a culture (or cultures), or human interaction with the environment especially when it has become vulnerable under the impact of irreversible change;",2,Internal (DS/OUV),,"Volcanic rock, Lava, Stone",Internal (DS/OUV),,Igneous Rock,,,,,,,,,Volcanic rock / Lava flow,Internal (DS/OUV),,,,,Budj Bim lava flows,,,,,,,,,,,,,,,Australia,Internal (DS/OUV),,"Local (""abundant local volcanic rock"")",Internal (DS/OUV),,,,,"Constructed channels, weirs, and dams for water flow management",Internal (DS/OUV),,,,,"Stone-walled facilities, stone weirs",Internal (DS/OUV),,,,,,,,Reinstatement of traditional water flows via the construction of a cultural weir in 2010,Internal (DS/OUV),,Excellent,,,Yes,,,,Tier 9: Unflagged,
1578,Risco Caido and the Sacred Mountains of Gran Canaria Cultural Landscape,Spain,https://whc.unesco.org/en/list/1578,2019.0,28.0443888889,-15.6611944444,skipped,,,,,,,,,"(iii) to bear a unique or at least exceptional testimony to a cultural tradition or to a civilization which is living or which has disappeared; | (v) to be an outstanding example of a traditional human settlement, land-use, or sea-use which is representative of a culture (or cultures), or human interaction with the environment especially when it has become vulnerable under the impact of irreversible change;",2,,,,,,,,,,,,,,,,,,,,,,,,,,,,,,,,,,,,,,,,,,,,,,,,,,,,,,,,,,,,,,,,,,No,,,,,
1568,Sassanid Archaeological Landscape of Fars Region,Iran (Islamic Republic of),https://whc.unesco.org/en/list/1568,2018.0,29.7774805556,51.57045,skipped; nan,,,,,,,,,"(ii) to exhibit an important interchange of human values, over a span of time or within a cultural area of the world, on developments in architecture or technology, monumental arts, town-planning or landscape design; | (iii) to bear a unique or at least exceptional testimony to a cultural tradition or to a civilization which is living or which has disappeared; | (v) to be an outstanding example of a traditional human settlement, land-use, or sea-use which is representative of a culture (or cultures), or human interaction with the environment especially when it has become vulnerable under the impact of irreversible change;",3,,,,,,,,,,,,,,,,,,,,,,,,,,,,,,,,,,,,,,,,,,,,,,,,,,,,,,,,,,,,,,,,,,No,,,,Tier 9: Unflagged,
1560,Caliphate City of Medina Azahara,Spain,https://whc.unesco.org/en/list/1560,2018.0,37.8858888889,-4.8676944444,skipped;; nan,,,,,,,,,"(iii) to bear a unique or at least exceptional testimony to a cultural tradition or to a civilization which is living or which has disappeared; | (iv) to be an outstanding example of a type of building, architectural or technological ensemble or landscape which illustrates (a) significant stage(s) in human history;",2,,,,,,,,,,,,,,,,,,,,,,,,,,,,,,,,,,,,,,,,,,,,,,,,,,,,,,,,,,,,,,,,,,No,,,,Tier 9: Unflagged,
1450,Thimlich Ohinga Archaeological Site,Kenya,https://whc.unesco.org/en/list/1450,2018.0,-0.8913380556,34.326107,skipped; bvvvhp,,,,,,,,,"(iii) to bear a unique or at least exceptional testimony to a cultural tradition or to a civilization which is living or which has disappeared; | (iv) to be an outstanding example of a type of building, architectural or technological ensemble or landscape which illustrates (a) significant stage(s) in human history; | (v) to be an outstanding example of a traditional human settlement, land-use, or sea-use which is representative of a culture (or cultures), or human interaction with the environment especially when it has become vulnerable under the impact of irreversible change;",3,,,,,,,,,,,,,,,,,,,,,,,,,,,,,,,,,,,,,,,,,,,,,,,,,,,,,,,,,,,,,,,,,,No,,bvvvhp,bvvvhp,Tier 4: Exceptional Stone Fortress / Cathedral / Mosque (3-v Very Very High),
1553,Archaeological Border complex of Hedeby and the Danevirke,Germany,https://whc.unesco.org/en/list/1553,2018.0,54.4619444444,9.4541111111,skipped; bvvvvhp,,,,,,,,,"(iii) to bear a unique or at least exceptional testimony to a cultural tradition or to a civilization which is living or which has disappeared; | (iv) to be an outstanding example of a type of building, architectural or technological ensemble or landscape which illustrates (a) significant stage(s) in human history;",2,,,,,,,,,,,,,,,,,,,,,,,,,,,,,,,,,,,,,,,,,,,,,,,,,,,,,,,,,,,,,,,,,,No,,bvvvvhp,bvvvvhp,Tier 3: Monumental Megalithic / Sanctuary Architecture (4-v Very Very Very High),
1537,Ancient City of Qalhat,Oman,https://whc.unesco.org/en/list/1537,2018.0,22.6952222222,59.3781111111,skipped; bvvvhp,,,,,,,,,"(ii) to exhibit an important interchange of human values, over a span of time or within a cultural area of the world, on developments in architecture or technology, monumental arts, town-planning or landscape design; | (iii) to bear a unique or at least exceptional testimony to a cultural tradition or to a civilization which is living or which has disappeared;",2,,,,,,,,,,,,,,,,,,,,,,,,,,,,,,,,,,,,,,,,,,,,,,,,,,,,,,,,,,,,,,,,,,No,,bvvvhp,bvvvhp,Tier 4: Exceptional Stone Fortress / Cathedral / Mosque (3-v Very Very High),
1562,"Sansa, Buddhist Mountain Monasteries in Korea",Republic of Korea,https://whc.unesco.org/en/list/1562,2018.0,36.5419444444,127.8333333333,skipped; bp,,,,,,,,,(iii) to bear a unique or at least exceptional testimony to a cultural tradition or to a civilization which is living or which has disappeared;,1,,,,,,,,,,,,,,,,,,,,,,,,,,,,,,,,,,,,,,,,,,,,,,,,,,,,,,,,,,,,,,,,,,No,,bp,bp,Tier 8: Moderate Probability Stone Fabric (Possible),
1495,Hidden Christian Sites in the Nagasaki Region,Japan,https://whc.unesco.org/en/list/1495,2018.0,32.8022222222,128.9038888889,skipped; bp,,,,,,,,,(iii) to bear a unique or at least exceptional testimony to a cultural tradition or to a civilization which is living or which has disappeared;,1,,,,,,,,,,,,,,,,,,,,,,,,,,,,,,,,,,,,,,,,,,,,,,,,,,,,,,,,,,,,,,,,,,No,,bp,bp,Tier 8: Moderate Probability Stone Fabric (Possible),
1563,"Al-Ahsa Oasis, an Evolving Cultural Landscape",Saudi Arabia,https://whc.unesco.org/en/list/1563,2018.0,25.4021666667,49.6305694444,skipped; bvvvhp,,,,,,,,,"(iii) to bear a unique or at least exceptional testimony to a cultural tradition or to a civilization which is living or which has disappeared; | (iv) to be an outstanding example of a type of building, architectural or technological ensemble or landscape which illustrates (a) significant stage(s) in human history; | (v) to be an outstanding example of a traditional human settlement, land-use, or sea-use which is representative of a culture (or cultures), or human interaction with the environment especially when it has become vulnerable under the impact of irreversible change;",3,,,,,,,,,,,,,,,,,,,,,,,,,,,,,,,,,,,,,,,,,,,,,,,,,,,,,,,,,,,,,,,,,,No,,,,,
1532,"Temple Zone of Sambor Prei Kuk, Archaeological Site of Ancient Ishanapura",Cambodia,https://whc.unesco.org/en/list/1532,2017.0,12.8725,105.0430555556,Pre-Angkorian / Chenla Period Khmer Architecture (including octagonal temples reflecting flying octagonal palaces / Vimana Trivishtapa); nan,Internal (DS/OUV),,Late 6th and early 7th centuries AD (with repairs/modifications from 7th to 11th century),Internal (DS/OUV),,Chenla Empire / Kingdom,Internal (DS/OUV),,"(ii) to exhibit an important interchange of human values, over a span of time or within a cultural area of the world, on developments in architecture or technology, monumental arts, town-planning or landscape design; | (iii) to bear a unique or at least exceptional testimony to a cultural tradition or to a civilization which is living or which has disappeared; | (vi) to be directly or tangibly associated with events or living traditions, with ideas, or with beliefs, with artistic and literary works of outstanding universal significance;",3,Internal (DS/OUV),,"Sandstone, Fired Brick, Laterite",Internal (DS/OUV),,Sedimentary Rock,,,,,,,,,,,,,,,,,,,,,,,,,,,,,,,,,,,,,,,"Fired brick and/or laterite for enclosure walls, central towers, and surrounding structures",Internal (DS/OUV),,"Sandstone used for decorative details (lintels, pediments, colonnades, and sculptures)",Internal (DS/OUV),,Brick construction with sandstone detailing and sympathetic brickwork restoration using traditional techniques,Internal (DS/OUV),,"Degradation caused by ravages of time, vagaries of climate, forest encroachment, decay, and recent historical conflict/war zone",Internal (DS/OUV),,Sympathetic restoration to damaged brickwork using old/traditional bricks,Internal (DS/OUV),,"Reversible, minor reconstruction focused on ensuring structural stability without hypothetical reconstruction",Internal (DS/OUV),,Poor,Internal (DS/OUV),,Yes,,,,Tier 9: Unflagged,
1519,Aphrodisias,Türkiye,https://whc.unesco.org/en/list/1519,2017.0,37.7083333333,28.7236111111,OUV Absent;; nan,,,,,,,,,"(ii) to exhibit an important interchange of human values, over a span of time or within a cultural area of the world, on developments in architecture or technology, monumental arts, town-planning or landscape design; | (iii) to bear a unique or at least exceptional testimony to a cultural tradition or to a civilization which is living or which has disappeared; | (iv) to be an outstanding example of a type of building, architectural or technological ensemble or landscape which illustrates (a) significant stage(s) in human history; | (vi) to be directly or tangibly associated with events or living traditions, with ideas, or with beliefs, with artistic and literary works of outstanding universal significance;",4,,,,,,,,,,,,,,,,,,,,,,,,,,,,,,,,,,,,,,,,,,,,,,,,,,,,,,,,,,,,,,,,,,No,,,,Tier 9: Unflagged,
1544,Historic City of Yazd,Iran (Islamic Republic of),https://whc.unesco.org/en/list/1544,2017.0,31.9013888889,54.3691666667,skipped; bvvvhp,,,,,,,,,"(iii) to bear a unique or at least exceptional testimony to a cultural tradition or to a civilization which is living or which has disappeared; | (v) to be an outstanding example of a traditional human settlement, land-use, or sea-use which is representative of a culture (or cultures), or human interaction with the environment especially when it has become vulnerable under the impact of irreversible change;",2,,,,,,,,,,,,,,,,,,,,,,,,,,,,,,,,,,,,,,,,,,,,,,,,,,,,,,,,,,,,,,,,,,No,,bvvvhp,bvvvhp,Tier 4: Exceptional Stone Fortress / Cathedral / Mosque (3-v Very Very High),
1533,Venetian Works of Defence between the 16th and 17th Centuries: <em>Stato da Terra</em> – Western <em>Stato da Mar</em>,"Croatia,Italy,Montenegro",https://whc.unesco.org/en/list/1533,2017.0,45.7033333333,9.6636111111,"skipped, bvhp",,,,,,,,,"(iii) to bear a unique or at least exceptional testimony to a cultural tradition or to a civilization which is living or which has disappeared; | (iv) to be an outstanding example of a type of building, architectural or technological ensemble or landscape which illustrates (a) significant stage(s) in human history;",2,,,,,,,,,,,,,,,,,,,,,,,,,,,,,,,,,,,,,,,,,,,,,,,,,,,,,,,,,,,,,,,,,,No,,bvhp,bvhp,Tier 6: High Probability Ashlar / Urban Core (1-v Very High),
1529,Taputapuātea,France,https://whc.unesco.org/en/list/1529,2017.0,-16.8414,-151.3723777778,skipped; nan,,,,,,,,,"(iii) to bear a unique or at least exceptional testimony to a cultural tradition or to a civilization which is living or which has disappeared; | (iv) to be an outstanding example of a type of building, architectural or technological ensemble or landscape which illustrates (a) significant stage(s) in human history; | (vi) to be directly or tangibly associated with events or living traditions, with ideas, or with beliefs, with artistic and literary works of outstanding universal significance;",3,,,,,,,,,,,,,,,,,,,,,,,,,,,,,,,,,,,,,,,,,,,,,,,,,,,,,,,,,,,,,,,,,,No,,,,Tier 9: Unflagged,
1511,"Mbanza Kongo, Vestiges of the Capital of the former Kingdom of Kongo",Angola,https://whc.unesco.org/en/list/1511,2017.0,-6.2688888889,14.2497222222,skipped;; nan,,,,,,,,,"(iii) to bear a unique or at least exceptional testimony to a cultural tradition or to a civilization which is living or which has disappeared; | (iv) to be an outstanding example of a type of building, architectural or technological ensemble or landscape which illustrates (a) significant stage(s) in human history;",2,,,,,,,,,,,,,,,,,,,,,,,,,,,,,,,,,,,,,,,,,,,,,,,,,,,,,,,,,,,,,,,,,,No,,,,Tier 9: Unflagged,
1527,Caves and Ice Age Art in the Swabian Jura,Germany,https://whc.unesco.org/en/list/1527,2017.0,48.3877777778,9.7655555556,Caves (natural structures used as dwellings/sites); nan,Internal (DS/OUV),,"43,000 to 33,000 years ago (Aurignacian layers)",Internal (DS/OUV),,First modern humans in Europe / Neanderthals,Internal (DS/OUV),,(iii) to bear a unique or at least exceptional testimony to a cultural tradition or to a civilization which is living or which has disappeared;,1,,,Limestone,Internal (DS/OUV),,,,,,,,,,,,,,,,,,,,,,,,,,,,,,,,,,,,,,,,,Natural cliffs and caves (protecting archaeological deposits),Internal (DS/OUV),,,,,,,,,,,,,,,,,Good,,,No,,,,Tier 9: Unflagged,
1535,Sacred Island of Okinoshima and Associated Sites in the Munakata Region,Japan,https://whc.unesco.org/en/list/1535,2017.0,34.245,130.1055555556,skipped;; nan,,,,,,,,,"(ii) to exhibit an important interchange of human values, over a span of time or within a cultural area of the world, on developments in architecture or technology, monumental arts, town-planning or landscape design; | (iii) to bear a unique or at least exceptional testimony to a cultural tradition or to a civilization which is living or which has disappeared;",2,,,,,,,,,,,,,,,,,,,,,,,,,,,,,,,,,,,,,,,,,,,,,,,,,,,,,,,,,,,,,,,,,,No,,,,Tier 9: Unflagged,
1518,Archaeological Site of Ani,Türkiye,https://whc.unesco.org/en/list/1518,2016.0,40.5,43.5666666667,OUV Absent; nan,,,,,,,,,"(ii) to exhibit an important interchange of human values, over a span of time or within a cultural area of the world, on developments in architecture or technology, monumental arts, town-planning or landscape design; | (iii) to bear a unique or at least exceptional testimony to a cultural tradition or to a civilization which is living or which has disappeared; | (iv) to be an outstanding example of a type of building, architectural or technological ensemble or landscape which illustrates (a) significant stage(s) in human history;",3,,,,,,,,,,,,,,,,,,,,,,,,,,,,,,,,,,,,,,,,,,,,,,,,,,,,,,,,,,,,,,,,,,No,,,,Tier 9: Unflagged,
1503,Nan Madol: Ceremonial Centre of Eastern Micronesia,Micronesia (Federated States of),https://whc.unesco.org/en/list/1503,2016.0,6.8397222222,158.3308333333,"Remains of stone palaces, temples, tombs, mortuaries, domestic and residential domains, and seawalls / megalithic ceremonial centre; nan",Internal (DS/OUV),,1200–1500 CE (with ceremonial centre roots from ~1000 years ago),Internal (DS/OUV),,Saudeleur dynasty,Internal (DS/OUV),,"(i) to represent a masterpiece of human creative genius; | (iii) to bear a unique or at least exceptional testimony to a cultural tradition or to a civilization which is living or which has disappeared; | (iv) to be an outstanding example of a type of building, architectural or technological ensemble or landscape which illustrates (a) significant stage(s) in human history; | (vi) to be directly or tangibly associated with events or living traditions, with ideas, or with beliefs, with artistic and literary works of outstanding universal significance;",4,Internal (DS/OUV),,"Basalt, Columnar Basalt, Coral Boulders",Internal (DS/OUV),,Igneous Rock,Internal (DS/OUV),,Coral boulders,Internal (DS/OUV),,,,,Basalt / Columnar Basalt,Internal (DS/OUV),,,,,,,,,,,Columnar structure,Internal (DS/OUV),,,,,Quarries elsewhere on Pohnpei Island,Internal (DS/OUV),,Micronesia (Federated States of) / Pohnpei Island,Internal (DS/OUV),,Local (transported from elsewhere on the island of Pohnpei),Internal (DS/OUV),,,,,"Islet perimeter walls, megalithic structures, temples, palaces, tombs, residential domains",Internal (DS/OUV),,,,,Massive columnar basalt stones laid using a distinctive 'header-stretcher technique',Internal (DS/OUV),,"Siltation of waterways, overgrowth of vegetation, mangrove encroachment, storm surge effects, stonework collapse",Internal (DS/OUV),,,,,No reconstructions of original elements (restoration/conservation management under development),Internal (DS/OUV),,Moderate,,,Yes,,,,Tier 9: Unflagged,
1517,Archaeological Site of Philippi,Greece,https://whc.unesco.org/en/list/1517,2016.0,41.0147222222,24.2852777778,skipped; bp,,,,,,,,,"(iii) to bear a unique or at least exceptional testimony to a cultural tradition or to a civilization which is living or which has disappeared; | (iv) to be an outstanding example of a type of building, architectural or technological ensemble or landscape which illustrates (a) significant stage(s) in human history;",2,,,,,,,,,,,,,,,,,,,,,,,,,,,,,,,,,,,,,,,,,,,,,,,,,,,,,,,,,,,,,,,,,,No,,bp,bp,Tier 8: Moderate Probability Stone Fabric (Possible),
1501,Antequera Dolmens Site,Spain,https://whc.unesco.org/en/list/1501,2016.0,37.025,-4.5444444444,skipped; bvvvhp,,,,,,,,,"(i) to represent a masterpiece of human creative genius; | (iii) to bear a unique or at least exceptional testimony to a cultural tradition or to a civilization which is living or which has disappeared; | (v) to be an outstanding example of a traditional human settlement, land-use, or sea-use which is representative of a culture (or cultures), or human interaction with the environment especially when it has become vulnerable under the impact of irreversible change;",3,,,,,,,,,,,,,,,,,,,,,,,,,,,,,,,,,,,,,,,,,,,,,,,,,,,,,,,,,,,,,,,,,,No,,bvvvhp,bvvvhp,Tier 4: Exceptional Stone Fortress / Cathedral / Mosque (3-v Very Very High),
1504,Stećci Medieval Tombstone Graveyards,"Bosnia and Herzegovina,Croatia,Montenegro,Serbia",https://whc.unesco.org/en/list/1504,2016.0,43.0922138889,17.9240527778,skipped; bvhp,,,,,,,,,"(iii) to bear a unique or at least exceptional testimony to a cultural tradition or to a civilization which is living or which has disappeared; | (vi) to be directly or tangibly associated with events or living traditions, with ideas, or with beliefs, with artistic and literary works of outstanding universal significance;",2,,,,,,,,,,,,,,,,,,,,,,,,,,,,,,,,,,,,,,,,,,,,,,,,,,,,,,,,,,,,,,,,,,No,,bvhp,bvhp,Tier 6: High Probability Ashlar / Urban Core (1-v Very High),
1506,The Persian Qanat,Iran (Islamic Republic of),https://whc.unesco.org/en/list/1506,2016.0,34.29,58.6544444444,skipped; bvvvvhp,,,,,,,,,"(iii) to bear a unique or at least exceptional testimony to a cultural tradition or to a civilization which is living or which has disappeared; | (iv) to be an outstanding example of a type of building, architectural or technological ensemble or landscape which illustrates (a) significant stage(s) in human history;",2,,,,,,,,,,,,,,,,,,,,,,,,,,,,,,,,,,,,,,,,,,,,,,,,,,,,,,,,,,,,,,,,,,No,,bvvvvhp,bvvvvhp,Tier 3: Monumental Megalithic / Sanctuary Architecture (4-v Very Very Very High),
1508,Zuojiang Huashan Rock Art Cultural Landscape,China,https://whc.unesco.org/en/list/1508,2016.0,22.2555555556,107.0230555556,skipped,,,,,,,,,"(iii) to bear a unique or at least exceptional testimony to a cultural tradition or to a civilization which is living or which has disappeared; | (vi) to be directly or tangibly associated with events or living traditions, with ideas, or with beliefs, with artistic and literary works of outstanding universal significance;",2,,,,,,,,,,,,,,,,,,,,,,,,,,,,,,,,,,,,,,,,,,,,,,,,,,,,,,,,,,,,,,,,,,No,,,,,
1500,Gorham's Cave Complex,United Kingdom of Great Britain and Northern Ireland,https://whc.unesco.org/en/list/1500,2016.0,36.1226694444,-5.3420611111,Four caves (Cave Complex),Internal (DS/OUV),,"Span of approximately 120,000 years",Internal (DS/OUV),,Neanderthal and early modern human populations,Internal (DS/OUV),,(iii) to bear a unique or at least exceptional testimony to a cultural tradition or to a civilization which is living or which has disappeared;,1,,,Limestone,Internal (DS/OUV),,Sedimentary Rock,Internal (DS/OUV),,,,,,,,"Limestone cliffs, fossil sand dunes, fossil beaches, scree slopes",Internal (DS/OUV),,,,,,,,,,,,,,,,,,,,,,,,,,,,,,,,,,,,,,,,,,,,,,,Moderate,,,Yes,,,,,
1018,Ephesus,Türkiye,https://whc.unesco.org/en/list/1018,2015.0,37.9291666667,27.3594444444,OUV Absent; bvhp,,,,,,,,,"(iii) to bear a unique or at least exceptional testimony to a cultural tradition or to a civilization which is living or which has disappeared; | (iv) to be an outstanding example of a type of building, architectural or technological ensemble or landscape which illustrates (a) significant stage(s) in human history; | (vi) to be directly or tangibly associated with events or living traditions, with ideas, or with beliefs, with artistic and literary works of outstanding universal significance;",3,,,,,,,,,,,,,,,,,,,,,,,,,,,,,,,,,,,,,,,,,,,,,,,,,,,,,,,,,,,,,,,,,,No,,,bvhp,Tier 6: High Probability Ashlar / Urban Core (1-v Very High),
1455,Susa,Iran (Islamic Republic of),https://whc.unesco.org/en/list/1455,2015.0,32.1894444444,48.2561111111,skipped; but highly possible; nan,,,,,,,,,"(i) to represent a masterpiece of human creative genius; | (ii) to exhibit an important interchange of human values, over a span of time or within a cultural area of the world, on developments in architecture or technology, monumental arts, town-planning or landscape design; | (iii) to bear a unique or at least exceptional testimony to a cultural tradition or to a civilization which is living or which has disappeared; | (iv) to be an outstanding example of a type of building, architectural or technological ensemble or landscape which illustrates (a) significant stage(s) in human history;",4,,,,,,,,,,,,,,,,,,,,,,,,,,,,,,,,,,,,,,,,,,,,,,,,,,,,,,,,,,,,,,,,,,No,,,,Tier 9: Unflagged,
1465,"Champagne Hillsides, Houses and Cellars",France,https://whc.unesco.org/en/list/1465,2015.0,49.0775,3.9461111111,"Prestigious architecture, town planning, functional / showcase spaces, underground cellars, vendangeoirs (grape pressing sites), and historic houses.; nan",Internal (DS/OUV),,Early 17th century to 19th century (industrialization); 18th & 19th centuries expansion.,Internal (DS/OUV),,French / European (Franco-German influences).,Internal (DS/OUV),,"(iii) to bear a unique or at least exceptional testimony to a cultural tradition or to a civilization which is living or which has disappeared; | (iv) to be an outstanding example of a type of building, architectural or technological ensemble or landscape which illustrates (a) significant stage(s) in human history; | (vi) to be directly or tangibly associated with events or living traditions, with ideas, or with beliefs, with artistic and literary works of outstanding universal significance;",3,Internal (DS/OUV),,Chalk,Internal (DS/OUV),,Sedimentary Rock,Internal (DS/OUV),,,,,,,,Chalk / Chalky substratum,Internal (DS/OUV),,,,,,,,,,,,,,,,,Underground chalk quarries (Gallo-Roman and medieval chalk quarries in Reims).,Internal (DS/OUV),,France,Internal (DS/OUV),,Local,Internal (DS/OUV),,,,,"Underground cellars, networks, and subterranean production spaces hollowed directly out of the chalk substratum.",Internal (DS/OUV),,Architectural decor and furniture in Champagne Houses.,Internal (DS/OUV),,Quarry-cellar digging / hollowing out soft chalk substratum.,Internal (DS/OUV),,,,,,,,Saint-Nicaise Hill restored after First World War bombardments.,Internal (DS/OUV),,Good,,,Yes,,,,Tier 9: Unflagged,
1468,Moravian Church Settlements,"Denmark,Germany,United Kingdom of Great Britain and Northern Ireland,United States of America",https://whc.unesco.org/en/list/1468,2015.0,55.3555555556,9.4813888889,skipped; unknown; no images; nan,,,,,,,,,"(iii) to bear a unique or at least exceptional testimony to a cultural tradition or to a civilization which is living or which has disappeared; | (iv) to be an outstanding example of a type of building, architectural or technological ensemble or landscape which illustrates (a) significant stage(s) in human history;",2,,,,,,,,,,,,,,,,,,,,,,,,,,,,,,,,,,,,,,,,,,,,,,,,,,,,,,,,,,,,,,,,,,No,,,,Tier 9: Unflagged,
1477,Baekje Historic Areas,Republic of Korea,https://whc.unesco.org/en/list/1477,2015.0,36.4619444444,127.1272222222,skipped; bp,,,,,,,,,"(ii) to exhibit an important interchange of human values, over a span of time or within a cultural area of the world, on developments in architecture or technology, monumental arts, town-planning or landscape design; | (iii) to bear a unique or at least exceptional testimony to a cultural tradition or to a civilization which is living or which has disappeared;",2,,,,,,,,,,,,,,,,,,,,,,,,,,,,,,,,,,,,,,,,,,,,,,,,,,,,,,,,,,,,,,,,,,No,,bp,bp,Tier 8: Moderate Probability Stone Fabric (Possible),
1425,"The Climats, terroirs of Burgundy",France,https://whc.unesco.org/en/list/1425,2015.0,47.0580555556,4.8644444444,"Palace, Wall, Hospices, Chateau, Enclosures; nan",Internal (DS/OUV),,High Middle Ages / Almost two millennia,Internal (DS/OUV),,"Benedictine and Cistercian monastic orders, Valois Dukes of Burgundy",Internal (DS/OUV),,"(iii) to bear a unique or at least exceptional testimony to a cultural tradition or to a civilization which is living or which has disappeared; | (v) to be an outstanding example of a traditional human settlement, land-use, or sea-use which is representative of a culture (or cultures), or human interaction with the environment especially when it has become vulnerable under the impact of irreversible change;",2,Internal (DS/OUV),,Limestone,,,Sedimentary Rock,Internal (DS/OUV),,,,,,,,Clay-limestone (soils),Internal (DS/OUV),,,,,,,,,,,,,,,,,,,,,,,,,,,,,"Stone walls, enclosures, stone-piles (meurgers), edifices of power",Internal (DS/OUV),,,,,,,,,,,,,,,,,Good,,,Yes,,,,Tier 9: Unflagged,
1471,Necropolis of Bet She’arim: A Landmark of Jewish Renewal,Israel,https://whc.unesco.org/en/list/1471,2015.0,32.7022222222,35.1269444444,Catacombs / Necropolis; nan,Internal (DS/OUV),,2nd to 4th centuries AD,Internal (DS/OUV),,Ancient Judaism (Roman/Greco-Roman influence),Internal (DS/OUV),,"(ii) to exhibit an important interchange of human values, over a span of time or within a cultural area of the world, on developments in architecture or technology, monumental arts, town-planning or landscape design; | (iii) to bear a unique or at least exceptional testimony to a cultural tradition or to a civilization which is living or which has disappeared;",2,Internal (DS/OUV),,Limestone,Internal (DS/OUV),,Sedimentary Rock,Internal (DS/OUV),,,,,,,,Limestone,Internal (DS/OUV),,,,,,,,,,,,,,,,,,,,,,,Local (Hewed directly into the slopes / in-situ),Internal (DS/OUV),,,,,Hewed into slopes to create subterranean catacombs,Internal (DS/OUV),,"Carved artworks, human images, multi-language inscriptions, decorative details",Internal (DS/OUV),,Hewed (man-made excavation into bedrock),Internal (DS/OUV),,,,,,,,,,,Good,,,Yes,,,,Tier 9: Unflagged,
1446,Baptism Site “Bethany Beyond the Jordan” (Al-Maghtas),Jordan,https://whc.unesco.org/en/list/1446,2015.0,31.8372222222,35.5527777778,skipped; bvhp,,,,,,,,,"(iii) to bear a unique or at least exceptional testimony to a cultural tradition or to a civilization which is living or which has disappeared; | (vi) to be directly or tangibly associated with events or living traditions, with ideas, or with beliefs, with artistic and literary works of outstanding universal significance;",2,,,,,,,,,,,,,,,,,,,,,,,,,,,,,,,,,,,,,,,,,,,,,,,,,,,,,,,,,,,,,,,,,,No,,bvhp,bvhp,Tier 6: High Probability Ashlar / Urban Core (1-v Very High),
1474,Tusi Sites,China,https://whc.unesco.org/en/list/1474,2015.0,28.9986111111,109.9669444444,skipped; bp,,,,,,,,,"(ii) to exhibit an important interchange of human values, over a span of time or within a cultural area of the world, on developments in architecture or technology, monumental arts, town-planning or landscape design; | (iii) to bear a unique or at least exceptional testimony to a cultural tradition or to a civilization which is living or which has disappeared;",2,,,,,,,,,,,,,,,,,,,,,,,,,,,,,,,,,,,,,,,,,,,,,,,,,,,,,,,,,,,,,,,,,,No,,bp,bp,Tier 8: Moderate Probability Stone Fabric (Possible),
1472,Rock Art in the Hail Region of Saudi Arabia,Saudi Arabia,https://whc.unesco.org/en/list/1472,2015.0,28.0105555556,40.9130555556,Rock Art / Petroglyphs on natural rock face and rocky escarpment,Internal (DS/OUV),,"Almost 10,000 years of human history (mid-Holocene)",Internal (DS/OUV),,Ancestors of present-day Arabs / Past societies,Internal (DS/OUV),,(i) to represent a masterpiece of human creative genius; | (iii) to bear a unique or at least exceptional testimony to a cultural tradition or to a civilization which is living or which has disappeared;,2,Internal (DS/OUV),,"NA (Only generic terms like ""rock face"", ""rocky escarpment"", and ""stone hammers"" are used)",Internal (DS/OUV),,,,,,,,,,,,,,,,,,,,,,,,,,,,,,,,,,,,,,,,,,,,Petroglyphs and inscriptions covering the rock face,Internal (DS/OUV),,Created using a range of techniques with simple stone hammers,Internal (DS/OUV),,,,,,,,,,,Good,,,Yes,,,,,
1457,Pergamon and its Multi-Layered Cultural Landscape,Türkiye,https://whc.unesco.org/en/list/1457,2014.0,39.1258333333,27.18,OUV Absent; bvhp,,,,,,,,,"(i) to represent a masterpiece of human creative genius; | (ii) to exhibit an important interchange of human values, over a span of time or within a cultural area of the world, on developments in architecture or technology, monumental arts, town-planning or landscape design; | (iii) to bear a unique or at least exceptional testimony to a cultural tradition or to a civilization which is living or which has disappeared; | (iv) to be an outstanding example of a type of building, architectural or technological ensemble or landscape which illustrates (a) significant stage(s) in human history; | (vi) to be directly or tangibly associated with events or living traditions, with ideas, or with beliefs, with artistic and literary works of outstanding universal significance;",5,,,,,,,,,,,,,,,,,,,,,,,,,,,,,,,,,,,,,,,,,,,,,,,,,,,,,,,,,,,,,,,,,,No,,,bvhp,Tier 6: High Probability Ashlar / Urban Core (1-v Very High),
1459,"Qhapaq Ñan, Andean Road System","Argentina,Bolivia (Plurinational State of),Chile,Colombia,Ecuador,Peru",https://whc.unesco.org/en/list/1459,2014.0,-18.25,-69.5916666667,skipped; nan,,,,,,,,,"(ii) to exhibit an important interchange of human values, over a span of time or within a cultural area of the world, on developments in architecture or technology, monumental arts, town-planning or landscape design; | (iii) to bear a unique or at least exceptional testimony to a cultural tradition or to a civilization which is living or which has disappeared; | (iv) to be an outstanding example of a type of building, architectural or technological ensemble or landscape which illustrates (a) significant stage(s) in human history; | (vi) to be directly or tangibly associated with events or living traditions, with ideas, or with beliefs, with artistic and literary works of outstanding universal significance;",4,,,,,,,,,,,,,,,,,,,,,,,,,,,,,,,,,,,,,,,,,,,,,,,,,,,,,,,,,,,,,,,,,,No,,,,Tier 9: Unflagged,
1444,Pyu Ancient Cities,Myanmar,https://whc.unesco.org/en/list/1444,2014.0,22.47,95.8186111111,skipped; bvhp,,,,,,,,,"(ii) to exhibit an important interchange of human values, over a span of time or within a cultural area of the world, on developments in architecture or technology, monumental arts, town-planning or landscape design; | (iii) to bear a unique or at least exceptional testimony to a cultural tradition or to a civilization which is living or which has disappeared; | (iv) to be an outstanding example of a type of building, architectural or technological ensemble or landscape which illustrates (a) significant stage(s) in human history;",3,,,,,,,,,,,,,,,,,,,,,,,,,,,,,,,,,,,,,,,,,,,,,,,,,,,,,,,,,,,,,,,,,,No,,bvhp,bvhp,Tier 6: High Probability Ashlar / Urban Core (1-v Very High),
1447,Carolingian Westwork and Civitas Corvey,Germany,https://whc.unesco.org/en/list/1447,2014.0,51.7782777778,9.41025,skipped; bvvhp,,,,,,,,,"(ii) to exhibit an important interchange of human values, over a span of time or within a cultural area of the world, on developments in architecture or technology, monumental arts, town-planning or landscape design; | (iii) to bear a unique or at least exceptional testimony to a cultural tradition or to a civilization which is living or which has disappeared; | (iv) to be an outstanding example of a type of building, architectural or technological ensemble or landscape which illustrates (a) significant stage(s) in human history;",3,,,skipped; but possible,,,,,,,,,,,,,,,,,,,,,,,,,,,,,,,,,,,,,,,,,,,,,,,,,,,,,,,,,,,,,,,No,,bvvhp,bvvhp,Tier 5: Major Ashlar Masonry / Imperial Ruins (2-v Very High),
1443,The Grand Canal,China,https://whc.unesco.org/en/list/1443,2014.0,34.6938888889,112.4683333333,skipped; nan,,,,,,,,,"(i) to represent a masterpiece of human creative genius; | (iii) to bear a unique or at least exceptional testimony to a cultural tradition or to a civilization which is living or which has disappeared; | (iv) to be an outstanding example of a type of building, architectural or technological ensemble or landscape which illustrates (a) significant stage(s) in human history; | (vi) to be directly or tangibly associated with events or living traditions, with ideas, or with beliefs, with artistic and literary works of outstanding universal significance;",4,,,,,,,,,,,,,,,,,,,,,,,,,,,,,,,,,,,,,,,,,,,,,,,,,,,,,,,,,,,,,,,,,,No,,,,Tier 9: Unflagged,
1442,Silk Roads: the Routes Network of Chang'an-Tianshan Corridor,"China,Kazakhstan,Kyrgyzstan",https://whc.unesco.org/en/list/1442,2014.0,34.3044444444,108.8572222222,"Capital cities, palace complexes, Buddhist cave temples, posthouses, passes, beacon towers, sections of the Great Wall, fortifications, tombs, stupas/pagodas, caravanserai, semi-underground buildings; nan",Internal (DS/OUV),,2nd century BC to 16th century AD (flourished 6th to 14th century AD),Internal (DS/OUV),,"Han and Tang Dynasties (China), Sogdians, Turks, Khan Kingdoms, Zhetysu region empires",Internal (DS/OUV),,"(ii) to exhibit an important interchange of human values, over a span of time or within a cultural area of the world, on developments in architecture or technology, monumental arts, town-planning or landscape design; | (iii) to bear a unique or at least exceptional testimony to a cultural tradition or to a civilization which is living or which has disappeared; | (v) to be an outstanding example of a traditional human settlement, land-use, or sea-use which is representative of a culture (or cultures), or human interaction with the environment especially when it has become vulnerable under the impact of irreversible change; | (vi) to be directly or tangibly associated with events or living traditions, with ideas, or with beliefs, with artistic and literary works of outstanding universal significance;",4,Internal (DS/OUV),,Loess; unbaked/exposed mud brick (in Zhetysu region),Internal (DS/OUV),,Sedimentary Rock,Internal (DS/OUV),,,,,Loess,,,,,,Quaternary (Loess Plateau deposits),Internal (DS/OUV),,,,,,,,"Fine-grained, wind-blown silt (Loess)",Internal (DS/OUV),,,,,,,,"China, Kazakhstan, Kyrgyzstan",Internal (DS/OUV),,"Local (Loess plateau soils, clay/mud bricks sourced on-site)",Internal (DS/OUV),,,,,"Earthen walls, subterranean structures, cave temple excavations, beacon towers, earthen fortifications, foundations",Internal (DS/OUV),,Relief carvings and statues in Buddhist cave temples,Internal (DS/OUV),,"Rammed earth (hangtu), carved cave-temple rock-cut masonry, unbaked mud-brick masonry",Internal (DS/OUV),,"High vulnerability to water/wind erosion, severe atmospheric deterioration on exposed earth/brick structures",Internal (DS/OUV),,,,,Backfilling and earth covering of exposed brick structures (Zhetysu region); traditional-style screen wall interventions,Internal (DS/OUV),,Poor,,,Yes,,,,Tier 9: Unflagged,
1456,Shahr-i Sokhta,Iran (Islamic Republic of),https://whc.unesco.org/en/list/1456,2014.0,30.5938888889,61.3277777778,skipped; bvvvhp,,,,,,,,,"(ii) to exhibit an important interchange of human values, over a span of time or within a cultural area of the world, on developments in architecture or technology, monumental arts, town-planning or landscape design; | (iii) to bear a unique or at least exceptional testimony to a cultural tradition or to a civilization which is living or which has disappeared; | (iv) to be an outstanding example of a type of building, architectural or technological ensemble or landscape which illustrates (a) significant stage(s) in human history;",3,,,,,,,,,,,,,,,,,,,,,,,,,,,,,,,,,,,,,,,,,,,,,,,,,,,,,,,,,,,,,,,,,,No,,bvvvhp,bvvvhp,Tier 4: Exceptional Stone Fortress / Cathedral / Mosque (3-v Very Very High),
1426,"Decorated Cave of Pont d’Arc, known as Grotte Chauvet-Pont d’Arc, Ardèche",France,https://whc.unesco.org/en/list/1426,2014.0,44.3875,4.4161111111,"Monument, Design, Plan, Cave/Subterranean Space; nan",Internal (DS/OUV),,"Aurignacian period (30,000–32,000 BP / Palaeolithic)",Internal (DS/OUV),,Aurignacian people (Early Upper Palaeolithic),Internal (DS/OUV),,(i) to represent a masterpiece of human creative genius; | (iii) to bear a unique or at least exceptional testimony to a cultural tradition or to a civilization which is living or which has disappeared;,2,Internal (DS/OUV),,Limestone,Internal (DS/OUV),,Sedimentary Rock,Internal (DS/OUV),,,,,,,,Limestone,Internal (DS/OUV),,,,,,,,,,,,,,,,,,,,France,,,Local (In-situ natural cave formed within the local limestone plateau),Internal (DS/OUV),,,,,"Natural cavern walls, floor, and limestone plateau structure housing the drawings",Internal (DS/OUV),,"Rock art, drawings, and engravings on cave walls",Internal (DS/OUV),,,,,"Rockfall (~20,000 years BP sealed the cave); humidity/air composition variations identified as key threats",Internal (DS/OUV),,,,,Non-intervention policy inside the original cave; stainless steel bridging installed to prevent floor damage; full facsimile reconstruction created offsite (Espace de Restitution),Internal (DS/OUV),,Excellent,,,Yes,,,,Tier 9: Unflagged,
1453,Precolumbian Chiefdom Settlements with Stone Spheres of the Diquís,Costa Rica,https://whc.unesco.org/en/list/1453,2014.0,8.938453,-83.502539,"Settlement structures, artificial mounds, paved areas, burial sites, linear arrangements, stone spheres, residential areas, subordinate/principal centres; nan",Internal (DS/OUV),,AD 500–1500 (Precolumbian period),Internal (DS/OUV),,Precolumbian hierarchical chiefdom societies (Diquís Delta chiefdoms),Internal (DS/OUV),,(iii) to bear a unique or at least exceptional testimony to a cultural tradition or to a civilization which is living or which has disappeared;,1,,,Limestone (specifically noted at Grijalba-2 site; Stone Spheres,Internal (DS/OUV),,Sedimentary Rock,Internal (DS/OUV),,,,,,,,Limestone,,,,,,,,,,,,,,,,,,,,,,,,,,,,,,"Mounds, paved areas, residential areas, subordinate centre structures, linear arrangements",Internal (DS/OUV),,"Stone spheres (placed in original positions, linear arrangements, or residential areas as artistic/symbolic/power markers)",Internal (DS/OUV),,Spherical stone crafting/sculpting (0.7 m to 2.57 m diameter); paved areas,Internal (DS/OUV),,,,,,,,Reburied excavation pits following recording; re-presentation/indication needed for relocated spheres,Internal (DS/OUV),,Moderate,,,Yes,,,,Tier 9: Unflagged,
1435,Monumental Earthworks of Poverty Point,United States of America,https://whc.unesco.org/en/list/1435,2014.0,32.6369444444,-91.4063888889,skipped;; nan,,,,,,,,,(iii) to bear a unique or at least exceptional testimony to a cultural tradition or to a civilization which is living or which has disappeared;,1,,,,,,,,,,,,,,,,,,,,,,,,,,,,,,,,,,,,,,,,,,,,,,,,,,,,,,,,,,,,,,,,,,No,,,,Tier 9: Unflagged,
1390,Vineyard Landscape of Piedmont: Langhe-Roero and Monferrato,Italy,https://whc.unesco.org/en/list/1390,2014.0,44.6086111111,7.9636111111,skipped;,,,,,,,,,"(iii) to bear a unique or at least exceptional testimony to a cultural tradition or to a civilization which is living or which has disappeared; | (v) to be an outstanding example of a traditional human settlement, land-use, or sea-use which is representative of a culture (or cultures), or human interaction with the environment especially when it has become vulnerable under the impact of irreversible change;",2,,,,,,,,,,,,,,,,,,,,,,,,,,,,,,,,,,,,,,,,,,,,,,,,,,,,,,,,,,,,,,,,,,No,,,,,
1268,Historic Centre of Agadez,Niger,https://whc.unesco.org/en/list/1268,2013.0,16.9736111111,7.9913888889,skipped; but promising; nan,,,,,,,,,"(ii) to exhibit an important interchange of human values, over a span of time or within a cultural area of the world, on developments in architecture or technology, monumental arts, town-planning or landscape design; | (iii) to bear a unique or at least exceptional testimony to a cultural tradition or to a civilization which is living or which has disappeared;",2,,,,,,,,,,,,,,,,,,,,,,,,,,,,,,,,,,,,,,,,,,,,,,,,,,,,,,,,,,,,,,,,,,,,,,Tier 9: Unflagged,
1422,Golestan Palace,Iran (Islamic Republic of),https://whc.unesco.org/en/list/1422,2013.0,35.6803666667,51.4205111111,skipped; promising; nan,,,,,,,,,"(ii) to exhibit an important interchange of human values, over a span of time or within a cultural area of the world, on developments in architecture or technology, monumental arts, town-planning or landscape design; | (iii) to bear a unique or at least exceptional testimony to a cultural tradition or to a civilization which is living or which has disappeared; | (iv) to be an outstanding example of a type of building, architectural or technological ensemble or landscape which illustrates (a) significant stage(s) in human history;",3,,,,,,,,,,,,,,,,,,,,,,,,,,,,,,,,,,,,,,,,,,,,,,,,,,,,,,,,,,,,,,,,,,No,,,,Tier 9: Unflagged,
1402,Al Zubarah Archaeological Site,Qatar,https://whc.unesco.org/en/list/1402,2013.0,25.9780555556,51.0297222222,skipped; bp,,,,,,,,,"(iii) to bear a unique or at least exceptional testimony to a cultural tradition or to a civilization which is living or which has disappeared; | (iv) to be an outstanding example of a type of building, architectural or technological ensemble or landscape which illustrates (a) significant stage(s) in human history; | (v) to be an outstanding example of a traditional human settlement, land-use, or sea-use which is representative of a culture (or cultures), or human interaction with the environment especially when it has become vulnerable under the impact of irreversible change;",3,,,,,,,,,,,,,,,,,,,,,,,,,,,,,,,,,,,,,,,,,,,,,,,,,,,,,,,,,,,,,,,,,,No,,bp,bp,Tier 8: Moderate Probability Stone Fabric (Possible),
247,Hill Forts of Rajasthan,India,https://whc.unesco.org/en/list/247,2013.0,24.8833333333,74.6461111111,skipped; bvhp,,,,,,,,,"(ii) to exhibit an important interchange of human values, over a span of time or within a cultural area of the world, on developments in architecture or technology, monumental arts, town-planning or landscape design; | (iii) to bear a unique or at least exceptional testimony to a cultural tradition or to a civilization which is living or which has disappeared;",2,,,,,,,,,,,,,,,,,,,,,,,,,,,,,,,,,,,,,,,,,,,,,,,,,,,,,,,,,,,,,,,,,,No,,bvhp,bvhp,Tier 6: High Probability Ashlar / Urban Core (1-v Very High),
1424,Wooden <em>Tserkvas</em> of the Carpathian Region in Poland and Ukraine,"Poland,Ukraine",https://whc.unesco.org/en/list/1424,2013.0,49.5338888889,21.0322222222,skipped; but possible; nan,,,,,,,,,"(iii) to bear a unique or at least exceptional testimony to a cultural tradition or to a civilization which is living or which has disappeared; | (iv) to be an outstanding example of a type of building, architectural or technological ensemble or landscape which illustrates (a) significant stage(s) in human history;",2,,,,,,,,,,,,,,,,,,,,,,,,,,,,,,,,,,,,,,,,,,,,,,,,,,,,,,,,,,,,,,,,,,No,,,,Tier 9: Unflagged,
1111,Cultural Landscape of Honghe Hani Rice Terraces,China,https://whc.unesco.org/en/list/1111,2013.0,23.0932777778,102.7799805556,"Traditional, Vernacular; nan",Internal (DS/OUV),,"Over the past 1,300 years (at least a millennium)",Internal (DS/OUV),,Hani People,Internal (DS/OUV),,"(iii) to bear a unique or at least exceptional testimony to a cultural tradition or to a civilization which is living or which has disappeared; | (v) to be an outstanding example of a traditional human settlement, land-use, or sea-use which is representative of a culture (or cultures), or human interaction with the environment especially when it has become vulnerable under the impact of irreversible change;",2,Internal (DS/OUV),,"Sandstone, Granite, Adobe",Internal (DS/OUV),,Sedimentary Rock,Internal (DS/OUV),,Earth and Stone (mixed masonry),Internal (DS/OUV),,,,,,,,,,,Ailao Mountains / Mountainous terrain,Internal (DS/OUV),,Red (referring to red rice soil/earth); specific stone colors NA,Internal (DS/OUV),,,,,,,,,,,China,,,Local (sourced beneath and within the Ailao Mountains),Internal (DS/OUV),,,,,"Terraces, wall construction, base backdrop for water entrapment/springs, and house walls",Internal (DS/OUV),,,,,Earth and stone walls; rammed earth; adobe bricks,Internal (DS/OUV),,Landslides (due to 25% average slopes),Internal (DS/OUV),,Concrete bricks (replacing traditional adobe/stone materials),Internal (DS/OUV),,"Guidelines for Conservation, Renovation and Environmental Treatment of Traditional Hani Residences",Internal (DS/OUV),,Good,,,Yes,,,,Tier 9: Unflagged,
1278,Historic Monuments and Sites in Kaesong,Democratic People's Republic of Korea,https://whc.unesco.org/en/list/1278,2013.0,37.9816666667,126.5080555556,skipped; but possible; nan,,,,,,,,,"(ii) to exhibit an important interchange of human values, over a span of time or within a cultural area of the world, on developments in architecture or technology, monumental arts, town-planning or landscape design; | (iii) to bear a unique or at least exceptional testimony to a cultural tradition or to a civilization which is living or which has disappeared;",2,,,,,,,,,,,,,,,,,,,,,,,,,,,,,,,,,,,,,,,,,,,,,,,,,,,,,,,,,,,,,,,,,,No,,,,Tier 9: Unflagged,
1418,"Fujisan, sacred place and source of artistic inspiration",Japan,https://whc.unesco.org/en/list/1418,2013.0,35.3608333333,138.7275,"Edo Period, Building, Design, Monument, Plan; nan",Internal (DS/OUV),,11th century to 19th century (Edo period); formalized pilgrimage practices from 12th/17th–18th century,Internal (DS/OUV),,Japanese (Shintoism and Ascetic Buddhism / Fuji-ko societies),Internal (DS/OUV),,"(iii) to bear a unique or at least exceptional testimony to a cultural tradition or to a civilization which is living or which has disappeared; | (vi) to be directly or tangibly associated with events or living traditions, with ideas, or with beliefs, with artistic and literary works of outstanding universal significance;",2,Internal (DS/OUV),,features from Lava,Internal (DS/OUV),,Igneous Rock,Internal (DS/OUV),,,,,,,,Volcanic lava / Lava flows (forming lava tree moulds and stratovolcano structure),Internal (DS/OUV),,,,,Stratovolcano (solitary conical volcano formed by eruptions and lava flows),Internal (DS/OUV),,,,,,,,,,,,,,Japan (Local volcanic products),Internal (DS/OUV),,Local,Internal (DS/OUV),,,,,"Arch, Base, Shrine, Wall, Crater Rim / Barrier structures",Internal (DS/OUV),,,,,,,,Erosion caused by visitors and water,Internal (DS/OUV),,,,,Periodic renewal of shrines (20-year or 60-year cycle); path stabilization,,,Good,,,Yes,,,,Tier 9: Unflagged,
1412,Red Bay Basque Whaling Station,Canada,https://whc.unesco.org/en/list/1412,2013.0,51.726925,-56.4295222222,skipped;; nan,,,,,,,,,"(iii) to bear a unique or at least exceptional testimony to a cultural tradition or to a civilization which is living or which has disappeared; | (iv) to be an outstanding example of a type of building, architectural or technological ensemble or landscape which illustrates (a) significant stage(s) in human history;",2,,,,,,,,,,,,,,,,,,,,,,,,,,,,,,,,,,,,,,,,,,,,,,,,,,,,,,,,,,,,,,,,,,No,,,,Tier 9: Unflagged,
1413,Bergpark Wilhelmshöhe,Germany,https://whc.unesco.org/en/list/1413,2013.0,51.3158333333,9.3930555556,skipped; bvvhp,,,,,,,,,"(iii) to bear a unique or at least exceptional testimony to a cultural tradition or to a civilization which is living or which has disappeared; | (iv) to be an outstanding example of a type of building, architectural or technological ensemble or landscape which illustrates (a) significant stage(s) in human history;",2,,,,,,,,,,,,,,,,,,,,,,,,,,,,,,,,,,,,,,,,,,,,,,,,,,,,,,,,,,,,,,,,,,No,,bvvhp,bvvhp,Tier 5: Major Ashlar Masonry / Imperial Ruins (2-v Very High),
1398,Gonbad-e Qābus,Iran (Islamic Republic of),https://whc.unesco.org/en/list/1398,2012.0,37.2580277778,55.169,skipped; bhp,,,,,,,,,"(i) to represent a masterpiece of human creative genius; | (ii) to exhibit an important interchange of human values, over a span of time or within a cultural area of the world, on developments in architecture or technology, monumental arts, town-planning or landscape design; | (iii) to bear a unique or at least exceptional testimony to a cultural tradition or to a civilization which is living or which has disappeared; | (iv) to be an outstanding example of a type of building, architectural or technological ensemble or landscape which illustrates (a) significant stage(s) in human history;",4,,,,,,,,,,,,,,,,,,,,,,,,,,,,,,,,,,,,,,,,,,,,,,,,,,,,,,,,,,,,,,,,,,No,,bhp,bhp,Tier 7: High Probability Local Stone / Masonry (High Potential),
1405,Neolithic Site of Çatalhöyük,Türkiye,https://whc.unesco.org/en/list/1405,2012.0,37.6666666667,32.8280555556,OUV Absent; bvhp,,,,,,,,,"(iii) to bear a unique or at least exceptional testimony to a cultural tradition or to a civilization which is living or which has disappeared; | (iv) to be an outstanding example of a type of building, architectural or technological ensemble or landscape which illustrates (a) significant stage(s) in human history;",2,,,,,,,,,,,,,,,,,,,,,,,,,,,,,,,,,,,,,,,,,,,,,,,,,,,,,,,,,,,,,,,,,,No,,,bvhp,Tier 6: High Probability Ashlar / Urban Core (1-v Very High),
1389,Site of Xanadu,China,https://whc.unesco.org/en/list/1389,2012.0,42.358,116.1851277778,SKIPPED; BVVVVHP,,,,,,,,,"(ii) to exhibit an important interchange of human values, over a span of time or within a cultural area of the world, on developments in architecture or technology, monumental arts, town-planning or landscape design; | (iii) to bear a unique or at least exceptional testimony to a cultural tradition or to a civilization which is living or which has disappeared; | (iv) to be an outstanding example of a type of building, architectural or technological ensemble or landscape which illustrates (a) significant stage(s) in human history; | (vi) to be directly or tangibly associated with events or living traditions, with ideas, or with beliefs, with artistic and literary works of outstanding universal significance;",4,,,,,,,,,,,,,,,,,,,,,,,,,,,,,,,,,,,,,,,,,,,,,,,,,,,,,,,,,,,,,,,,,,No,,bvvvvhp,bvvvvhp,Tier 3: Monumental Megalithic / Sanctuary Architecture (4-v Very Very Very High),
1322,Historic Town of Grand-Bassam,Côte d'Ivoire,https://whc.unesco.org/en/list/1322,2012.0,5.1958333333,-3.7363888889,skipped;; nan,,,,,,,,,"(iii) to bear a unique or at least exceptional testimony to a cultural tradition or to a civilization which is living or which has disappeared; | (iv) to be an outstanding example of a type of building, architectural or technological ensemble or landscape which illustrates (a) significant stage(s) in human history;",2,,,,,,,,,,,,,,,,,,,,,,,,,,,,,,,,,,,,,,,,,,,,,,,,,,,,,,,,,,,,,,,,,,,,,,Tier 9: Unflagged,
1194,Cultural Landscape of Bali Province: the <em>Subak</em> System as a Manifestation of the <em>Tri Hita Karana</em> Philosophy,Indonesia,https://whc.unesco.org/en/list/1194,2012.0,-8.2591666667,115.4027777778,skipped;; nan,,,,,,,,,"(iii) to bear a unique or at least exceptional testimony to a cultural tradition or to a civilization which is living or which has disappeared; | (v) to be an outstanding example of a traditional human settlement, land-use, or sea-use which is representative of a culture (or cultures), or human interaction with the environment especially when it has become vulnerable under the impact of irreversible change; | (vi) to be directly or tangibly associated with events or living traditions, with ideas, or with beliefs, with artistic and literary works of outstanding universal significance;",3,,,,,,,,,,,,,,,,,,,,,,,,,,,,,,,,,,,,,,,,,,,,,,,,,,,,,,,,,,,,,,,,,,No,,,,Tier 9: Unflagged,
1364,"Pearling, Testimony of an Island Economy",Bahrain,https://whc.unesco.org/en/list/1364,2012.0,26.24128,50.61351,skipped,,,,,,,,,(iii) to bear a unique or at least exceptional testimony to a cultural tradition or to a civilization which is living or which has disappeared;,1,,,,,,,,,,,,,,,,,,,,,,,,,,,,,,,,,,,,,,,,,,,,,,,,,,,,,,,,,,,,,,,,,,No,,,,,
1396,Archaeological Heritage of the Lenggong Valley,Malaysia,https://whc.unesco.org/en/list/1396,2012.0,5.0679083333,100.9723277778,skipped; bvvvvhp,,,,,,,,,"(iii) to bear a unique or at least exceptional testimony to a cultural tradition or to a civilization which is living or which has disappeared; | (iv) to be an outstanding example of a type of building, architectural or technological ensemble or landscape which illustrates (a) significant stage(s) in human history;",2,,,,,,,,,,,,,,,,,,,,,,,,,,,,,,,,,,,,,,,,,,,,,,,,,,,,,,,,,,,,,,,,,,No,,,,,
1393,Sites of Human Evolution at Mount Carmel: The Nahal Me’arot / Wadi el-Mughara Caves,Israel,https://whc.unesco.org/en/list/1393,2012.0,32.6686111111,34.9680555556,,,,,,,,,,"(iii) to bear a unique or at least exceptional testimony to a cultural tradition or to a civilization which is living or which has disappeared; | (v) to be an outstanding example of a traditional human settlement, land-use, or sea-use which is representative of a culture (or cultures), or human interaction with the environment especially when it has become vulnerable under the impact of irreversible change;",2,,,,,,,,,,,,,,,,,,,,,,,,,,,,,,,,,,,,,,,,,,,,,,,,,,,,,,,,,,,,,,,,,,No,,,,,
1407,"Bassari Country: Bassari, Fula and Bedik Cultural Landscapes",Senegal,https://whc.unesco.org/en/list/1407,2012.0,12.5933333333,-12.8458333333,skipped; bvvvhp,,,,,,,,,"(iii) to bear a unique or at least exceptional testimony to a cultural tradition or to a civilization which is living or which has disappeared; | (v) to be an outstanding example of a traditional human settlement, land-use, or sea-use which is representative of a culture (or cultures), or human interaction with the environment especially when it has become vulnerable under the impact of irreversible change; | (vi) to be directly or tangibly associated with events or living traditions, with ideas, or with beliefs, with artistic and literary works of outstanding universal significance;",3,,,,,,,,,,,,,,,,,,,,,,,,,,,,,,,,,,,,,,,,,,,,,,,,,,,,,,,,,,,,,,,,,,No,,,,,
1376,Historic Bridgetown and its Garrison,Barbados,https://whc.unesco.org/en/list/1376,2011.0,13.0966666667,-59.6138888889,skipped; Site with no information; nan,,,,,,,,,"(ii) to exhibit an important interchange of human values, over a span of time or within a cultural area of the world, on developments in architecture or technology, monumental arts, town-planning or landscape design; | (iii) to bear a unique or at least exceptional testimony to a cultural tradition or to a civilization which is living or which has disappeared; | (iv) to be an outstanding example of a type of building, architectural or technological ensemble or landscape which illustrates (a) significant stage(s) in human history;",3,,,,,,,,,,,,,,,,,,,,,,,,,,,,,,,,,,,,,,,,,,,,,,,,,,,,,,,,,,,,,,,,,,,,,,Tier 9: Unflagged,
1348,Ancient Villages of Northern Syria,Syrian Arab Republic,https://whc.unesco.org/en/list/1348,2011.0,36.3341666667,36.8441666667,skipped; very highly promising; nan,,,,,,,,,"(iii) to bear a unique or at least exceptional testimony to a cultural tradition or to a civilization which is living or which has disappeared; | (iv) to be an outstanding example of a type of building, architectural or technological ensemble or landscape which illustrates (a) significant stage(s) in human history; | (v) to be an outstanding example of a traditional human settlement, land-use, or sea-use which is representative of a culture (or cultures), or human interaction with the environment especially when it has become vulnerable under the impact of irreversible change;",3,,,,,,,,,,,,,,,,,,,,,,,,,,,,,,,,,,,,,,,,,,,,,,,,,,,,,,,,,,,,,,,,,,No,,,,Tier 9: Unflagged,
1330,Residence of Bukovinian and Dalmatian Metropolitans,Ukraine,https://whc.unesco.org/en/list/1330,2011.0,48.2966666667,25.9247222222,skipped; nan,,,,,,,,,"(ii) to exhibit an important interchange of human values, over a span of time or within a cultural area of the world, on developments in architecture or technology, monumental arts, town-planning or landscape design; | (iii) to bear a unique or at least exceptional testimony to a cultural tradition or to a civilization which is living or which has disappeared; | (iv) to be an outstanding example of a type of building, architectural or technological ensemble or landscape which illustrates (a) significant stage(s) in human history;",3,,,,,,,,,,,,,,,,,,,,,,,,,,,,,,,,,,,,,,,,,,,,,,,,,,,,,,,,,,,,,,,,,,No,,,,Tier 9: Unflagged,
1372,The Persian Garden,Iran (Islamic Republic of),https://whc.unesco.org/en/list/1372,2011.0,30.1666666667,53.1666666667,skipped; bp,,,,,,,,,"(i) to represent a masterpiece of human creative genius; | (ii) to exhibit an important interchange of human values, over a span of time or within a cultural area of the world, on developments in architecture or technology, monumental arts, town-planning or landscape design; | (iii) to bear a unique or at least exceptional testimony to a cultural tradition or to a civilization which is living or which has disappeared; | (iv) to be an outstanding example of a type of building, architectural or technological ensemble or landscape which illustrates (a) significant stage(s) in human history; | (vi) to be directly or tangibly associated with events or living traditions, with ideas, or with beliefs, with artistic and literary works of outstanding universal significance;",5,,,,,,,,,,,,,,,,,,,,,,,,,,,,,,,,,,,,,,,,,,,,,,,,,,,,,,,,,,,,,,,,,,No,,bp,bp,Tier 8: Moderate Probability Stone Fabric (Possible),
1336,Archaeological Sites of the Island of Meroe,Sudan,https://whc.unesco.org/en/list/1336,2011.0,16.9333333333,33.7166666667,skipped; bvvvvvvhp,,,,,,,,,"(ii) to exhibit an important interchange of human values, over a span of time or within a cultural area of the world, on developments in architecture or technology, monumental arts, town-planning or landscape design; | (iii) to bear a unique or at least exceptional testimony to a cultural tradition or to a civilization which is living or which has disappeared; | (iv) to be an outstanding example of a type of building, architectural or technological ensemble or landscape which illustrates (a) significant stage(s) in human history; | (v) to be an outstanding example of a traditional human settlement, land-use, or sea-use which is representative of a culture (or cultures), or human interaction with the environment especially when it has become vulnerable under the impact of irreversible change;",4,,,,,,,,,,,,,,,,,,,,,,,,,,,,,,,,,,,,,,,,,,,,,,,,,,,,,,,,,,,,,,,,,,No,,bvvvvvvhp,bvvvvvvhp,Tier 1: Maximum Monolithic / Giant Substrate (6-v Highest Potential),
1333,Konso Cultural Landscape,Ethiopia,https://whc.unesco.org/en/list/1333,2011.0,5.3,37.4,skipped;bp,,,,,,,,,"(iii) to bear a unique or at least exceptional testimony to a cultural tradition or to a civilization which is living or which has disappeared; | (v) to be an outstanding example of a traditional human settlement, land-use, or sea-use which is representative of a culture (or cultures), or human interaction with the environment especially when it has become vulnerable under the impact of irreversible change;",2,,,,,,,,,,,,,,,,,,,,,,,,,,,,,,,,,,,,,,,,,,,,,,,,,,,,,,,,,,,,,,,,,,No,,bp,bp,Tier 8: Moderate Probability Stone Fabric (Possible),
1343,"Cultural Sites of Al Ain (Hafit, Hili, Bidaa Bint Saud and Oases Areas)",United Arab Emirates,https://whc.unesco.org/en/list/1343,2011.0,24.0677777778,55.8063888889,skipped; bvvvhp,,,,,,,,,"(iii) to bear a unique or at least exceptional testimony to a cultural tradition or to a civilization which is living or which has disappeared; | (iv) to be an outstanding example of a type of building, architectural or technological ensemble or landscape which illustrates (a) significant stage(s) in human history; | (v) to be an outstanding example of a traditional human settlement, land-use, or sea-use which is representative of a culture (or cultures), or human interaction with the environment especially when it has become vulnerable under the impact of irreversible change;",3,,,,,,,,,,,,,,,,,,,,,,,,,,,,,,,,,,,,,,,,,,,,,,,,,,,,,,,,,,,,,,,,,,No,,bvvvhp,bvvvhp,Tier 4: Exceptional Stone Fortress / Cathedral / Mosque (3-v Very Very High),
1359,Saloum Delta,Senegal,https://whc.unesco.org/en/list/1359,2011.0,13.8352777778,-16.4986111111,skipped; bvhp,,,,,,,,,"(iii) to bear a unique or at least exceptional testimony to a cultural tradition or to a civilization which is living or which has disappeared; | (iv) to be an outstanding example of a type of building, architectural or technological ensemble or landscape which illustrates (a) significant stage(s) in human history; | (v) to be an outstanding example of a traditional human settlement, land-use, or sea-use which is representative of a culture (or cultures), or human interaction with the environment especially when it has become vulnerable under the impact of irreversible change;",3,,,,,,,,,,,,,,,,,,,,,,,,,,,,,,,,,,,,,,,,,,,,,,,,,,,,,,,,,,,,,,,,,,No,,bvhp,bvhp,Tier 6: High Probability Ashlar / Urban Core (1-v Very High),
1318,Longobards in Italy. Places of the Power (568-774 A.D.),Italy,https://whc.unesco.org/en/list/1318,2011.0,46.0941666667,13.4330555556,skipped; bvvvvhp,,,,,,,,,"(ii) to exhibit an important interchange of human values, over a span of time or within a cultural area of the world, on developments in architecture or technology, monumental arts, town-planning or landscape design; | (iii) to bear a unique or at least exceptional testimony to a cultural tradition or to a civilization which is living or which has disappeared; | (vi) to be directly or tangibly associated with events or living traditions, with ideas, or with beliefs, with artistic and literary works of outstanding universal significance;",3,,,,,,,,,,,,,,,,,,,,,,,,,,,,,,,,,,,,,,,,,,,,,,,,,,,,,,,,,,,,,,,,,,No,,bvvvvhp,bvvvvhp,Tier 3: Monumental Megalithic / Sanctuary Architecture (4-v Very Very Very High),
1153,"The Causses and the Cévennes, Mediterranean agro-pastoral Cultural Landscape",France,https://whc.unesco.org/en/list/1153,2011.0,44.2202777778,3.4730555556,skipped; bp,,,,,,,,,"(iii) to bear a unique or at least exceptional testimony to a cultural tradition or to a civilization which is living or which has disappeared; | (v) to be an outstanding example of a traditional human settlement, land-use, or sea-use which is representative of a culture (or cultures), or human interaction with the environment especially when it has become vulnerable under the impact of irreversible change;",2,,,,,,,,,,,,,,,,,,,,,,,,,,,,,,,,,,,,,,,,,,,,,,,,,,,,,,,,,,,,,,,,,,No,,,,,
1382,Petroglyphic Complexes of the Mongolian Altai,Mongolia,https://whc.unesco.org/en/list/1382,2011.0,49.3338888889,88.3952777778,skipped; bvhp,,,,,,,,,(iii) to bear a unique or at least exceptional testimony to a cultural tradition or to a civilization which is living or which has disappeared;,1,,,,,,,,,,,,,,,,,,,,,,,,,,,,,,,,,,,,,,,,,,,,,,,,,,,,,,,,,,,,,,,,,,No,,,,,
1334,West Lake Cultural Landscape of Hangzhou,China,https://whc.unesco.org/en/list/1334,2011.0,30.2375,120.1408333333,skipped,,,,,,,,,"(ii) to exhibit an important interchange of human values, over a span of time or within a cultural area of the world, on developments in architecture or technology, monumental arts, town-planning or landscape design; | (iii) to bear a unique or at least exceptional testimony to a cultural tradition or to a civilization which is living or which has disappeared; | (vi) to be directly or tangibly associated with events or living traditions, with ideas, or with beliefs, with artistic and literary works of outstanding universal significance;",3,,,,,,,,,,,,,,,,,,,,,,,,,,,,,,,,,,,,,,,,,,,,,,,,,,,,,,,,,,,,,,,,,,No,,,,,
1324,Historic Villages of Korea: Hahoe and Yangdong,Republic of Korea,https://whc.unesco.org/en/list/1324,2010.0,36.5391666667,128.5166666667,skipped;; nan,,,,,,,,,"(iii) to bear a unique or at least exceptional testimony to a cultural tradition or to a civilization which is living or which has disappeared; | (iv) to be an outstanding example of a type of building, architectural or technological ensemble or landscape which illustrates (a) significant stage(s) in human history;",2,,,,,,,,,,,,,,,,,,,,,,,,,,,,,,,,,,,,,,,,,,,,,,,,,,,,,,,,,,,,,,,,,,No,,,,Tier 9: Unflagged,
1328,Central Sector of the Imperial Citadel of Thang Long - Hanoi,Viet Nam,https://whc.unesco.org/en/list/1328,2010.0,21.03752,105.838623,skipped; bvhp,,,,,,,,,"(ii) to exhibit an important interchange of human values, over a span of time or within a cultural area of the world, on developments in architecture or technology, monumental arts, town-planning or landscape design; | (iii) to bear a unique or at least exceptional testimony to a cultural tradition or to a civilization which is living or which has disappeared; | (vi) to be directly or tangibly associated with events or living traditions, with ideas, or with beliefs, with artistic and literary works of outstanding universal significance;",3,,,,,,,,,,,,,,,,,,,,,,,,,,,,,,,,,,,,,,,,,,,,,,,,,,,,,,,,,,,,,,,,,,No,,bvhp,bvhp,Tier 6: High Probability Ashlar / Urban Core (1-v Very High),
1338,"The Jantar Mantar, Jaipur",India,https://whc.unesco.org/en/list/1338,2010.0,26.9247222222,75.825,skipped; bvvvvvhp,,,,,,,,,"(iii) to bear a unique or at least exceptional testimony to a cultural tradition or to a civilization which is living or which has disappeared; | (iv) to be an outstanding example of a type of building, architectural or technological ensemble or landscape which illustrates (a) significant stage(s) in human history;",2,,,,,,,,,,,,,,,,,,,,,,,,,,,,,,,,,,,,,,,,,,,,,,,,,,,,,,,,,,,,,,,,,,No,,bvvvvvhp,bvvvvvhp,Tier 2: Massive Cliff Rock Art / Bedrock Substrate (5-v Extremely High),
1346,Tabriz Historic Bazaar Complex,Iran (Islamic Republic of),https://whc.unesco.org/en/list/1346,2010.0,38.0813888889,46.2930555556,skipped; nan,,,,,,,,,"(ii) to exhibit an important interchange of human values, over a span of time or within a cultural area of the world, on developments in architecture or technology, monumental arts, town-planning or landscape design; | (iii) to bear a unique or at least exceptional testimony to a cultural tradition or to a civilization which is living or which has disappeared; | (iv) to be an outstanding example of a type of building, architectural or technological ensemble or landscape which illustrates (a) significant stage(s) in human history;",3,,,,,,,,,,,,,,,,,,,,,,,,,,,,,,,,,,,,,,,,,,,,,,,,,,,,,,,,,,,,,,,,,,No,,,,Tier 9: Unflagged,
1305,Historic Monuments of Dengfeng in “The Centre of Heaven and Earth”,China,https://whc.unesco.org/en/list/1305,2010.0,34.4587472222,113.0677194444,skipped; bvhp,,,,,,,,,"(iii) to bear a unique or at least exceptional testimony to a cultural tradition or to a civilization which is living or which has disappeared; | (vi) to be directly or tangibly associated with events or living traditions, with ideas, or with beliefs, with artistic and literary works of outstanding universal significance;",2,,,,,,,,,,,,,,,,,,,,,,,,,,,,,,,,,,,,,,,,,,,,,,,,,,,,,,,,,,,,,,,,,,No,,bvhp,bvhp,Tier 6: High Probability Ashlar / Urban Core (1-v Very High),
1141,Proto-urban Site of Sarazm,Tajikistan,https://whc.unesco.org/en/list/1141,2010.0,39.5078888889,67.4587222222,skipped; bvhp,,,,,,,,,"(ii) to exhibit an important interchange of human values, over a span of time or within a cultural area of the world, on developments in architecture or technology, monumental arts, town-planning or landscape design; | (iii) to bear a unique or at least exceptional testimony to a cultural tradition or to a civilization which is living or which has disappeared;",2,,,,,,,,,,,,,,,,,,,,,,,,,,,,,,,,,,,,,,,,,,,,,,,,,,,,,,,,,,,,,,,,,,No,,bvhp,bvhp,Tier 6: High Probability Ashlar / Urban Core (1-v Very High),
1352,Prehistoric Caves of Yagul and Mitla in the Central Valley of Oaxaca,Mexico,https://whc.unesco.org/en/list/1352,2010.0,16.9508333333,-96.4211111111,skipped; bvvhp,,,,,,,,,(iii) to bear a unique or at least exceptional testimony to a cultural tradition or to a civilization which is living or which has disappeared;,1,,,,,,,,,,,,,,,,,,,,,,,,,,,,,,,,,,,,,,,,,,,,,,,,,,,,,,,,,,,,,,,,,,No,,,,,
1269,Sacred City of Caral-Supe,Peru,https://whc.unesco.org/en/list/1269,2009.0,-10.8916666667,-77.5213888889,skipped; bvhp,,,,,,,,,"(ii) to exhibit an important interchange of human values, over a span of time or within a cultural area of the world, on developments in architecture or technology, monumental arts, town-planning or landscape design; | (iii) to bear a unique or at least exceptional testimony to a cultural tradition or to a civilization which is living or which has disappeared; | (iv) to be an outstanding example of a type of building, architectural or technological ensemble or landscape which illustrates (a) significant stage(s) in human history;",3,,,,,,,,,,,,,,,,,,,,,,,,,,,,,,,,,,,,,,,,,,,,,,,,,,,,,,,,,,,,,,,,,,No,,bvhp,bvhp,Tier 6: High Probability Ashlar / Urban Core (1-v Very High),
1279,Mount Wutai,China,https://whc.unesco.org/en/list/1279,2009.0,39.0305555556,113.5633333333,skipped; bvvvvvhp,,,,,,,,,"(ii) to exhibit an important interchange of human values, over a span of time or within a cultural area of the world, on developments in architecture or technology, monumental arts, town-planning or landscape design; | (iii) to bear a unique or at least exceptional testimony to a cultural tradition or to a civilization which is living or which has disappeared; | (iv) to be an outstanding example of a type of building, architectural or technological ensemble or landscape which illustrates (a) significant stage(s) in human history; | (vi) to be directly or tangibly associated with events or living traditions, with ideas, or with beliefs, with artistic and literary works of outstanding universal significance;",4,,,,,,,,,,,,,,,,,,,,,,,,,,,,,,,,,,,,,,,,,,,,,,,,,,,,,,,,,,,,,,,,,,No,,bvvvvvhp,bvvvvvhp,Tier 2: Massive Cliff Rock Art / Bedrock Substrate (5-v Extremely High),
1319,Royal Tombs of the Joseon Dynasty,Republic of Korea,https://whc.unesco.org/en/list/1319,2009.0,37.1972222222,128.4527777778,skipped; bvhp,,,,,,,,,"(iii) to bear a unique or at least exceptional testimony to a cultural tradition or to a civilization which is living or which has disappeared; | (iv) to be an outstanding example of a type of building, architectural or technological ensemble or landscape which illustrates (a) significant stage(s) in human history; | (vi) to be directly or tangibly associated with events or living traditions, with ideas, or with beliefs, with artistic and literary works of outstanding universal significance;",3,,,,,,,,,,,,,,,,,,,,,,,,,,,,,,,,,,,,,,,,,,,,,,,,,,,,,,,,,,,,,,,,,,No,,bvhp,bvhp,Tier 6: High Probability Ashlar / Urban Core (1-v Very High),
1310,"Cidade Velha, Historic Centre of Ribeira Grande",Cabo Verde,https://whc.unesco.org/en/list/1310,2009.0,14.9151388889,-23.6051944444,skipped; bvvvhp,,,,,,,,,"(ii) to exhibit an important interchange of human values, over a span of time or within a cultural area of the world, on developments in architecture or technology, monumental arts, town-planning or landscape design; | (iii) to bear a unique or at least exceptional testimony to a cultural tradition or to a civilization which is living or which has disappeared; | (vi) to be directly or tangibly associated with events or living traditions, with ideas, or with beliefs, with artistic and literary works of outstanding universal significance;",3,,,,,,,,,,,,,,,,,,,,,,,,,,,,,,,,,,,,,,,,,,,,,,,,,,,,,,,,,,,,,,,,,,No,,bvvvhp,bvvvhp,Tier 4: Exceptional Stone Fortress / Cathedral / Mosque (3-v Very Very High),
1225,Ruins of Loropéni,Burkina Faso,https://whc.unesco.org/en/list/1225,2009.0,10.25,-3.5833333333,Fortress / Walled Settlement / Monument; nan,Internal (DS/OUV),,≥ 11th century AD (apogee 14th–17th centuries),Internal (DS/OUV),,Lohron or Koulango peoples,Internal (DS/OUV),,(iii) to bear a unique or at least exceptional testimony to a cultural tradition or to a civilization which is living or which has disappeared;,1,Internal (DS/OUV),,"Laterite, Laterite stone",Internal (DS/OUV),,,,,,,,,,,,,,,,,,,,,,,,,,,,,,,,,,,,,,,,,Perimeter walls (up to 6 metres in height),Internal (DS/OUV),,,,,,,,,,,,,,,,,Poor,,,Yes,,,,Tier 9: Unflagged,
1312,Tower of Hercules,Spain,https://whc.unesco.org/en/list/1312,2009.0,43.3858333333,-8.4063888889,"Lighthouse, Tower, Monument, Roman building; nan",Internal (DS/OUV),,Late 1st century A.D.,Internal (DS/OUV),,Roman / Greco-Roman antiquity,Internal (DS/OUV),,(iii) to bear a unique or at least exceptional testimony to a cultural tradition or to a civilization which is living or which has disappeared;,1,,,"Only general terms like ""rock"" and ""masonry"" are used",Internal (DS/OUV),,,,,,,,,,,,,,,,,,,,,,,,,,,,,,,,,,,,,,,,,Built on a 57-metre high rock; central Roman masonry core,Internal (DS/OUV),,,,,Roman masonry,Internal (DS/OUV),,,,,,,,Restored in the 18th century by architect Eustaquio Giannini; augmented the Roman core with two octagonal forms.,Internal (DS/OUV),,Excellent,,,Yes,,,,Tier 9: Unflagged,
1230,Sulaiman-Too Sacred Mountain,Kyrgyzstan,https://whc.unesco.org/en/list/1230,2009.0,40.5311111111,72.7827777778,skipped; bp,,,,,,,,,"(iii) to bear a unique or at least exceptional testimony to a cultural tradition or to a civilization which is living or which has disappeared; | (vi) to be directly or tangibly associated with events or living traditions, with ideas, or with beliefs, with artistic and literary works of outstanding universal significance;",2,,,,,,,,,,,,,,,,,,,,,,,,,,,,,,,,,,,,,,,,,,,,,,,,,,,,,,,,,,,,,,,,,,No,,,,,
1273,Wooden Churches of the Slovak part of the Carpathian Mountain Area,Slovakia,https://whc.unesco.org/en/list/1273,2008.0,49.3361111111,19.5583333333,skipped; but possible; nan,,,,,,,,,"(iii) to bear a unique or at least exceptional testimony to a cultural tradition or to a civilization which is living or which has disappeared; | (iv) to be an outstanding example of a type of building, architectural or technological ensemble or landscape which illustrates (a) significant stage(s) in human history;",2,,,,,,,,,,,,,,,,,,,,,,,,,,,,,,,,,,,,,,,,,,,,,,,,,,,,,,,,,,,,,,,,,,No,,,,Tier 9: Unflagged,
1245,San Marino Historic Centre and Mount Titano,San Marino,https://whc.unesco.org/en/list/1245,2008.0,43.9327777778,12.4519444444,skipped; bvhp,,,,,,,,,(iii) to bear a unique or at least exceptional testimony to a cultural tradition or to a civilization which is living or which has disappeared;,1,,,,,,,,,,,,,,,,,,,,,,,,,,,,,,,,,,,,,,,,,,,,,,,,,,,,,,,,,,,,,,,,,,No,,bvhp,bvhp,Tier 6: High Probability Ashlar / Urban Core (1-v Very High),
1223,"Melaka and George Town, Historic Cities of the Straits of Malacca",Malaysia,https://whc.unesco.org/en/list/1223,2008.0,5.4213888889,100.3458333333,skipped; bvhp,,,,,,,,,"(ii) to exhibit an important interchange of human values, over a span of time or within a cultural area of the world, on developments in architecture or technology, monumental arts, town-planning or landscape design; | (iii) to bear a unique or at least exceptional testimony to a cultural tradition or to a civilization which is living or which has disappeared; | (iv) to be an outstanding example of a type of building, architectural or technological ensemble or landscape which illustrates (a) significant stage(s) in human history;",3,,,,,,,,,,,,,,,,,,,,,,,,,,,,,,,,,,,,,,,,,,,,,,,,,,,,,,,,,,,,,,,,,,No,,bvhp,bvhp,Tier 6: High Probability Ashlar / Urban Core (1-v Very High),
1262,Armenian Monastic Ensembles of Iran,Iran (Islamic Republic of),https://whc.unesco.org/en/list/1262,2008.0,38.9788888889,45.4733333333,skipped; bvvvhp,,,,,,,,,"(ii) to exhibit an important interchange of human values, over a span of time or within a cultural area of the world, on developments in architecture or technology, monumental arts, town-planning or landscape design; | (iii) to bear a unique or at least exceptional testimony to a cultural tradition or to a civilization which is living or which has disappeared; | (vi) to be directly or tangibly associated with events or living traditions, with ideas, or with beliefs, with artistic and literary works of outstanding universal significance;",3,,,,,,,,,,,,,,,,,,,,,,,,,,,,,,,,,,,,,,,,,,,,,,,,,,,,,,,,,,,,,,,,,,No,,bvvvhp,bvvvhp,Tier 4: Exceptional Stone Fortress / Cathedral / Mosque (3-v Very Very High),
1113,Fujian <em>Tulou</em>,China,https://whc.unesco.org/en/list/1113,2008.0,25.0230555556,117.6858333333,skipped; bvvvhp,,,,,,,,,"(iii) to bear a unique or at least exceptional testimony to a cultural tradition or to a civilization which is living or which has disappeared; | (iv) to be an outstanding example of a type of building, architectural or technological ensemble or landscape which illustrates (a) significant stage(s) in human history; | (v) to be an outstanding example of a traditional human settlement, land-use, or sea-use which is representative of a culture (or cultures), or human interaction with the environment especially when it has become vulnerable under the impact of irreversible change;",3,,,,,,,,,,,,,,,,,,,,,,,,,,,,,,,,,,,,,,,,,,,,,,,,,,,,,,,,,,,,,,,,,,No,,bvvvhp,bvvvhp,Tier 4: Exceptional Stone Fortress / Cathedral / Mosque (3-v Very Very High),
1293,Hegra Archaeological Site (al-Hijr / Madā ͐ in Ṣāliḥ),Saudi Arabia,https://whc.unesco.org/en/list/1293,2008.0,26.7836111111,37.955,"Monumental tombs with decorated facades, water wells; nan",Internal (DS/OUV),,1st century BC to 1st century AD,Internal (DS/OUV),,Nabataean,Internal (DS/OUV),,"(ii) to exhibit an important interchange of human values, over a span of time or within a cultural area of the world, on developments in architecture or technology, monumental arts, town-planning or landscape design; | (iii) to bear a unique or at least exceptional testimony to a cultural tradition or to a civilization which is living or which has disappeared;",2,Internal (DS/OUV),,Sandstone,Internal (DS/OUV),,Sedimentary Rock,,,,,,,,,,,,,,,,,,,,,,,,,,,In-situ (directly cut into the rock/ground),Internal (DS/OUV),,,,,,,,,,,Monuments and artificial water wells,Internal (DS/OUV),,Decorated facades and decorative motifs,Internal (DS/OUV),,Directly cut/sunk into the rock and sandstone,Internal (DS/OUV),,,,,,,,,,,Excellent,,,Yes,,,,Tier 9: Unflagged,
1287,Mantua and Sabbioneta,Italy,https://whc.unesco.org/en/list/1287,2008.0,45.1594444444,10.7944444444,skipped; bvvvvhp,,,,,,,,,"(ii) to exhibit an important interchange of human values, over a span of time or within a cultural area of the world, on developments in architecture or technology, monumental arts, town-planning or landscape design; | (iii) to bear a unique or at least exceptional testimony to a cultural tradition or to a civilization which is living or which has disappeared;",2,,,,,,,,,,,,,,,,,,,,,,,,,,,,,,,,,,,,,,,,,,,,,,,,,,,,,,,,,,,,,,,,,,Yes,,bvvvvhp,bvvvvhp,Tier 3: Monumental Megalithic / Sanctuary Architecture (4-v Very Very Very High),
1240,Stari Grad Plain,Croatia,https://whc.unesco.org/en/list/1240,2008.0,43.1816666667,16.6386111111,skipped,,,,,,,,,"(ii) to exhibit an important interchange of human values, over a span of time or within a cultural area of the world, on developments in architecture or technology, monumental arts, town-planning or landscape design; | (iii) to bear a unique or at least exceptional testimony to a cultural tradition or to a civilization which is living or which has disappeared; | (v) to be an outstanding example of a traditional human settlement, land-use, or sea-use which is representative of a culture (or cultures), or human interaction with the environment especially when it has become vulnerable under the impact of irreversible change;",3,,,,,,,,,,,,,,,,,,,,,,,,,,,,,,,,,,,,,,,,,,,,,,,,,,,,,,,,,,,,,,,,,,No,,,,,
887,Kuk Early Agricultural Site,Papua New Guinea,https://whc.unesco.org/en/list/887,2008.0,-5.7837111111,144.3317222222,skipped,,,,,,,,,"(iii) to bear a unique or at least exceptional testimony to a cultural tradition or to a civilization which is living or which has disappeared; | (iv) to be an outstanding example of a type of building, architectural or technological ensemble or landscape which illustrates (a) significant stage(s) in human history;",2,,,,,,,,,,,,,,,,,,,,,,,,,,,,,,,,,,,,,,,,,,,,,,,,,,,,,,,,,,,,,,,,,,No,,,,,
1231,Sacred Mijikenda Kaya Forests,Kenya,https://whc.unesco.org/en/list/1231,2008.0,-3.9319444444,39.5961111111,skipped;,,,,,,,,,"(iii) to bear a unique or at least exceptional testimony to a cultural tradition or to a civilization which is living or which has disappeared; | (v) to be an outstanding example of a traditional human settlement, land-use, or sea-use which is representative of a culture (or cultures), or human interaction with the environment especially when it has become vulnerable under the impact of irreversible change; | (vi) to be directly or tangibly associated with events or living traditions, with ideas, or with beliefs, with artistic and literary works of outstanding universal significance;",3,,,,,,,,,,,,,,,,,,,,,,,,,,,,,,,,,,,,,,,,,,,,,,,,,,,,,,,,,,,,,,,,,,,,,,,
1220,Bahá’i Holy Places in Haifa and the Western Galilee,Israel,https://whc.unesco.org/en/list/1220,2008.0,32.8293966667,34.9716488888,skipped,,,,,,,,,"(iii) to bear a unique or at least exceptional testimony to a cultural tradition or to a civilization which is living or which has disappeared; | (vi) to be directly or tangibly associated with events or living traditions, with ideas, or with beliefs, with artistic and literary works of outstanding universal significance;",2,,,,,,,,,,,,,,,,,,,,,,,,,,,,,,,,,,,,,,,,,,,,,,,,,,,,,,,,,,,,,,,,,,No,,,,,
1280,Chief Roi Mata’s Domain,Vanuatu,https://whc.unesco.org/en/list/1280,2008.0,-17.6280694444,168.1777194444,skipped; ,,,,,,,,,"(iii) to bear a unique or at least exceptional testimony to a cultural tradition or to a civilization which is living or which has disappeared; | (v) to be an outstanding example of a traditional human settlement, land-use, or sea-use which is representative of a culture (or cultures), or human interaction with the environment especially when it has become vulnerable under the impact of irreversible change; | (vi) to be directly or tangibly associated with events or living traditions, with ideas, or with beliefs, with artistic and literary works of outstanding universal significance;",3,,,,,,,,,,,,,,,,,,,,,,,,,,,,,,,,,,,,,,,,,,,,,,,,,,,,,,,,,,,,,,,,,,No,,,,,
1259,Le Morne Cultural Landscape,Mauritius,https://whc.unesco.org/en/list/1259,2008.0,-20.4519444444,57.3283333333,skipped,,,,,,,,,"(iii) to bear a unique or at least exceptional testimony to a cultural tradition or to a civilization which is living or which has disappeared; | (vi) to be directly or tangibly associated with events or living traditions, with ideas, or with beliefs, with artistic and literary works of outstanding universal significance;",2,,,,,,,,,,,,,,,,,,,,,,,,,,,,,,,,,,,,,,,,,,,,,,,,,,,,,,,,,,,,,,,,,,No,,,,,
276,Samarra Archaeological City,Iraq,https://whc.unesco.org/en/list/276,2007.0,34.3409894444,43.8235430555,skipped; but highly promising; nan,,,,,,,,,"(ii) to exhibit an important interchange of human values, over a span of time or within a cultural area of the world, on developments in architecture or technology, monumental arts, town-planning or landscape design; | (iii) to bear a unique or at least exceptional testimony to a cultural tradition or to a civilization which is living or which has disappeared; | (iv) to be an outstanding example of a type of building, architectural or technological ensemble or landscape which illustrates (a) significant stage(s) in human history;",3,,,,,,,,,,,,,,,,,,,,,,,,,,,,,,,,,,,,,,,,,,,,,,,,,,,,,,,,,,,,,,,,,,No,,,,Tier 9: Unflagged,
1242,Parthian Fortresses of Nisa,Turkmenistan,https://whc.unesco.org/en/list/1242,2007.0,37.9997222222,58.1986111111,skipped; bvvvvhp,,,,,,,,,"(ii) to exhibit an important interchange of human values, over a span of time or within a cultural area of the world, on developments in architecture or technology, monumental arts, town-planning or landscape design; | (iii) to bear a unique or at least exceptional testimony to a cultural tradition or to a civilization which is living or which has disappeared;",2,,,,,,,,,,,,,,,,,,,,,,,,,,,,,,,,,,,,,,,,,,,,,,,,,,,,,,,,,,,,,,,,,,No,,bvvvvhp,bvvvvhp,Tier 3: Monumental Megalithic / Sanctuary Architecture (4-v Very Very Very High),
1253,"Gamzigrad-Romuliana, Palace of Galerius",Serbia,https://whc.unesco.org/en/list/1253,2007.0,43.8993055556,22.1861111111,skipped; bvvvvhp,,,,,,,,,"(iii) to bear a unique or at least exceptional testimony to a cultural tradition or to a civilization which is living or which has disappeared; | (iv) to be an outstanding example of a type of building, architectural or technological ensemble or landscape which illustrates (a) significant stage(s) in human history;",2,,,,,,,,,,,,,,,,,,,,,,,,,,,,,,,,,,,,,,,,,,,,,,,,,,,,,,,,,,,,,,,,,,No,,bvvvvhp,bvvvvhp,Tier 3: Monumental Megalithic / Sanctuary Architecture (4-v Very Very Very High),
1112,Kaiping Diaolou and Villages,China,https://whc.unesco.org/en/list/1112,2007.0,22.2855194444,112.5658611111,skipped; bp,,,,,,,,,"(ii) to exhibit an important interchange of human values, over a span of time or within a cultural area of the world, on developments in architecture or technology, monumental arts, town-planning or landscape design; | (iii) to bear a unique or at least exceptional testimony to a cultural tradition or to a civilization which is living or which has disappeared; | (iv) to be an outstanding example of a type of building, architectural or technological ensemble or landscape which illustrates (a) significant stage(s) in human history;",3,,,,,,,,,,,,,,,,,,,,,,,,,,,,,,,,,,,,,,,,,,,,,,,,,,,,,,,,,,,,,,,,,,No,,bp,bp,Tier 8: Moderate Probability Stone Fabric (Possible),
231,Red Fort Complex,India,https://whc.unesco.org/en/list/231,2007.0,28.6555555556,77.2408333333,"Fort, Palace (Islamic, Persian, Timurid, and Hindu traditions; Mughal Architecture); nan",Internal (DS/OUV),,"1546 (Salimgarh), 1526 AD (Mughal initiated), Shah Jahan era",Internal (DS/OUV),,Mughal Empire,Internal (DS/OUV),,"(ii) to exhibit an important interchange of human values, over a span of time or within a cultural area of the world, on developments in architecture or technology, monumental arts, town-planning or landscape design; | (iii) to bear a unique or at least exceptional testimony to a cultural tradition or to a civilization which is living or which has disappeared; | (vi) to be directly or tangibly associated with events or living traditions, with ideas, or with beliefs, with artistic and literary works of outstanding universal significance;",3,,,Red sandstone,Internal (DS/OUV),,,,,,,,,,,,,,,,,,,,,,,,,,,,,,,,,,,,,,,,,Massive enclosing walls,Internal (DS/OUV),,,,,,,,,,,,,,,,,Good,,,Yes,,,,Tier 9: Unflagged,
1246,Iwami Ginzan Silver Mine and its Cultural Landscape,Japan,https://whc.unesco.org/en/list/1246,2007.0,35.1127777777,132.435,"Mining archaeological sites, smelting/refining sites, settlements, fortresses, shrines, port towns, traditional wooden buildings.; nan",Internal (DS/OUV),,16th to 20th centuries; Edo Period (1603 to 1868).,Internal (DS/OUV),,Japan (with trade links to Korea and China).,Internal (DS/OUV),,"(ii) to exhibit an important interchange of human values, over a span of time or within a cultural area of the world, on developments in architecture or technology, monumental arts, town-planning or landscape design; | (iii) to bear a unique or at least exceptional testimony to a cultural tradition or to a civilization which is living or which has disappeared; | (v) to be an outstanding example of a traditional human settlement, land-use, or sea-use which is representative of a culture (or cultures), or human interaction with the environment especially when it has become vulnerable under the impact of irreversible change;",3,Internal (DS/OUV),,Silver ore,Internal (DS/OUV),,,,,,,,,,,,,,,,,,,,,,,,,,"Silver, Gold",Internal (DS/OUV),,Iwami Ginzan Silver Mine (cluster of mountains rising to 600m).,Internal (DS/OUV),,Japan (south-west of Honshu Island).,Internal (DS/OUV),,Local (mined on-site until resource exhaustion).,Internal (DS/OUV),,,,,"NA (Geological materials are not noted for structural use; ""traditional wooden buildings"" are used for structures).",Internal (DS/OUV),,,,,,,,,,,,,,"Careful maintenance, treatment, and repairs are noted for the traditional wooden buildings.",Internal (DS/OUV),,Excellent,,,Yes,,,,Tier 9: Unflagged,
1076,Gobustan Rock Art Cultural Landscape,Azerbaijan,https://whc.unesco.org/en/list/1076,2007.0,40.125,49.375,skipped; bvvhp,,,,,,,,,(iii) to bear a unique or at least exceptional testimony to a cultural tradition or to a civilization which is living or which has disappeared;,1,,,,,,,,,,,,,,,,,,,,,,,,,,,,,,,,,,,,,,,,,,,,,,,,,,,,,,,,,,,,,,,,,,No,,,,,
1255,Twyfelfontein or /Ui-//aes,Namibia,https://whc.unesco.org/en/list/1255,2007.0,-20.597,14.376,skipped; bvvvhp,,,,,,,,,"(iii) to bear a unique or at least exceptional testimony to a cultural tradition or to a civilization which is living or which has disappeared; | (v) to be an outstanding example of a traditional human settlement, land-use, or sea-use which is representative of a culture (or cultures), or human interaction with the environment especially when it has become vulnerable under the impact of irreversible change;",2,,,,,,,,,,,,,,,,,,,,,,,,,,,,,,,,,,,,,,,,,,,,,,,,,,,,,,,,,,,,,,,,,,No,,,,,
1243,"Lavaux, Vineyard Terraces",Switzerland,https://whc.unesco.org/en/list/1243,2007.0,46.4919444444,6.7461111111,skipped;,,,,,,,,,"(iii) to bear a unique or at least exceptional testimony to a cultural tradition or to a civilization which is living or which has disappeared; | (iv) to be an outstanding example of a type of building, architectural or technological ensemble or landscape which illustrates (a) significant stage(s) in human history; | (v) to be an outstanding example of a traditional human settlement, land-use, or sea-use which is representative of a culture (or cultures), or human interaction with the environment especially when it has become vulnerable under the impact of irreversible change;",3,,,,,,,,,,,,,,,,,,,,,,,,,,,,,,,,,,,,,,,,,,,,,,,,,,,,,,,,,,,,,,,,,,No,,,,,
1189,"Harar Jugol, the Fortified Historic Town",Ethiopia,https://whc.unesco.org/en/list/1189,2006.0,9.3088888888,42.1377777777,skipped; nan,,,,,,,,,"(ii) to exhibit an important interchange of human values, over a span of time or within a cultural area of the world, on developments in architecture or technology, monumental arts, town-planning or landscape design; | (iii) to bear a unique or at least exceptional testimony to a cultural tradition or to a civilization which is living or which has disappeared; | (iv) to be an outstanding example of a type of building, architectural or technological ensemble or landscape which illustrates (a) significant stage(s) in human history; | (v) to be an outstanding example of a traditional human settlement, land-use, or sea-use which is representative of a culture (or cultures), or human interaction with the environment especially when it has become vulnerable under the impact of irreversible change;",4,,,,,,,,,,,,,,,,,,,,,,,,,,,,,,,,,,,,,,,,,,,,,,,,,,,,,,,,,,,,,,,,,,,,,,Tier 9: Unflagged,
1155,Old town of Regensburg with Stadtamhof,Germany,https://whc.unesco.org/en/list/1155,2006.0,49.02055556,12.09916667,skipped; nan,,,,,,,,,"(ii) to exhibit an important interchange of human values, over a span of time or within a cultural area of the world, on developments in architecture or technology, monumental arts, town-planning or landscape design; | (iii) to bear a unique or at least exceptional testimony to a cultural tradition or to a civilization which is living or which has disappeared; | (iv) to be an outstanding example of a type of building, architectural or technological ensemble or landscape which illustrates (a) significant stage(s) in human history;",3,,,,,,,,,,,,,,,,,,,,,,,,,,,,,,,,,,,,,,,,,,,,,,,,,,,,,,,,,,,,,,,,,,No,,,,Tier 9: Unflagged,
1114,Yin Xu,China,https://whc.unesco.org/en/list/1114,2006.0,36.1266666666,114.3138888888,skipped; nan,,,,,,,,,"(ii) to exhibit an important interchange of human values, over a span of time or within a cultural area of the world, on developments in architecture or technology, monumental arts, town-planning or landscape design; | (iii) to bear a unique or at least exceptional testimony to a cultural tradition or to a civilization which is living or which has disappeared; | (iv) to be an outstanding example of a type of building, architectural or technological ensemble or landscape which illustrates (a) significant stage(s) in human history; | (vi) to be directly or tangibly associated with events or living traditions, with ideas, or with beliefs, with artistic and literary works of outstanding universal significance;",4,,,,,,,,,,,,,,,,,,,,,,,,,,,,,,,,,,,,,,,,,,,,,,,,,,,,,,,,,,,,,,,,,,No,,,,Tier 9: Unflagged,
1226,Stone Circles of Senegambia,"Gambia,Senegal",https://whc.unesco.org/en/list/1226,2006.0,13.6911111111,-15.5225,"Building, Construction, Monument, Monumental, Plan, Traditional (Pillar); nan",Internal (DS/OUV),,3rd century BC to 16th century AD (burials dating between 1st and 2nd millennia AD / 927–1305 AD),Internal (DS/OUV),,"Prosperous, highly organized, and lasting West African society",Internal (DS/OUV),,(i) to represent a masterpiece of human creative genius; | (iii) to bear a unique or at least exceptional testimony to a cultural tradition or to a civilization which is living or which has disappeared;,2,Internal (DS/OUV),,Laterite,Internal (DS/OUV),,Sedimentary Rock,,,,,,,,,"Laterite pillars / monoliths (cylindrical or polygonal, finely carved)",Internal (DS/OUV),,,,,,,,,,,"Finely carved, cylindrical or polygonal pillars",Internal (DS/OUV),,,,,Quarry located ~1 km east of Sine Ngayene (sources of around 150 stones traced),Internal (DS/OUV),,Senegal,Internal (DS/OUV),,Local (extracted from nearby quarries),Internal (DS/OUV),,~1 km (from nearby quarries),Internal (DS/OUV),,"Standing monoliths, pillars, circles, bifid/lyre frontal stones",Internal (DS/OUV),,Individual stones finely carved; ornamentation/cross-pieces,Internal (DS/OUV),,"Extracted using iron tools, skilfully shaped into cylindrical or polygonal pillars",Internal (DS/OUV),,Minimal disturbances; minimal human or natural interventions noted,Internal (DS/OUV),,,,,Excavated sites subsequently back-filled; minimal disturbance,Internal (DS/OUV),,Excellent,,,Yes,,,,Tier 9: Unflagged,
1215,Cornwall and West Devon Mining Landscape,United Kingdom of Great Britain and Northern Ireland,https://whc.unesco.org/en/list/1215,2006.0,50.1361111111,-5.3836111111,skipped; bhp,,,,,,,,,"(ii) to exhibit an important interchange of human values, over a span of time or within a cultural area of the world, on developments in architecture or technology, monumental arts, town-planning or landscape design; | (iii) to bear a unique or at least exceptional testimony to a cultural tradition or to a civilization which is living or which has disappeared; | (iv) to be an outstanding example of a type of building, architectural or technological ensemble or landscape which illustrates (a) significant stage(s) in human history;",3,,,,,,,,,,,,,,,,,,,,,,,,,,,,,,,,,,,,,,,,,,,,,,,,,,,,,,,,,,,,,,,,,,No,,bhp,bhp,Tier 7: High Probability Local Stone / Masonry (High Potential),
1222,Bisotun,Iran (Islamic Republic of),https://whc.unesco.org/en/list/1222,2006.0,34.3883333333,47.4366666666,Relief / Inscription / Monumental bas-relief; nan,Internal (DS/OUV),,521 BC (Achaemenid Period),Internal (DS/OUV),,Achaemenid (Persian Empire),Internal (DS/OUV),,"(ii) to exhibit an important interchange of human values, over a span of time or within a cultural area of the world, on developments in architecture or technology, monumental arts, town-planning or landscape design; | (iii) to bear a unique or at least exceptional testimony to a cultural tradition or to a civilization which is living or which has disappeared;",2,Internal (DS/OUV),,Limestone,Internal (DS/OUV),,Sedimentary Rock,Internal (DS/OUV),,,,,,,,Limestone,Internal (DS/OUV),,,,,,,,,,,,,,,,,,,,Iran (Islamic Republic of),Internal (DS/OUV),,Local (carved into Mt. Bisotun cliff),Internal (DS/OUV),,,,,Mountain cliff face / Monumental Inscription,Internal (DS/OUV),,Bas-relief carving,Internal (DS/OUV),,Rock-relief carving / Cuneiform incision,Internal (DS/OUV),,"Erosion, Water infiltration behind the bas-relief",Internal (DS/OUV),,Emergency actions taken to counteract water infiltration effects,Internal (DS/OUV),,Threatened by water infiltration,Internal (DS/OUV),,Moderate,,,Yes,,,,Tier 9: Unflagged,
476,Chongoni Rock-Art Area,Malawi,https://whc.unesco.org/en/list/476,2006.0,-14.2185207713,34.2070738323,Rock art shelters / Rock overhangs; nan,Internal (DS/OUV),,Late Stone Age to 20th century,Internal (DS/OUV),,"BaTwa hunter-gatherers, Chewa agriculturalists, Ngoni",Internal (DS/OUV),,"(iii) to bear a unique or at least exceptional testimony to a cultural tradition or to a civilization which is living or which has disappeared; | (vi) to be directly or tangibly associated with events or living traditions, with ideas, or with beliefs, with artistic and literary works of outstanding universal significance;",2,Internal (DS/OUV),,Granite,Internal (DS/OUV),,,,,,,,,,,,,,,,,,,,,,,,,,,,,,,,,,,,,,,,,Protective setting (Topography of rock overhangs),Internal (DS/OUV),,Surface/canvas for rock paintings,Internal (DS/OUV),,,,,"Natural weathering processes, water ingress",Internal (DS/OUV),,,,,,,,Excellent,,,Yes,,,,Tier 9: Unflagged,
1183,Kondoa Rock-Art Sites,United Republic of Tanzania,https://whc.unesco.org/en/list/1183,2006.0,-4.7244444444,35.8338888888,"Natural rock shelters, overhanging slabs, caves, and overhanging cliff faces",Internal (DS/OUV),,Over at least two millennia (spanning several millennia),Internal (DS/OUV),,"Hunter-gatherer, pastoralist, and agro-pastoralist communities (including Maa-speaking and Sandawe peoples)",Internal (DS/OUV),,"(iii) to bear a unique or at least exceptional testimony to a cultural tradition or to a civilization which is living or which has disappeared; | (vi) to be directly or tangibly associated with events or living traditions, with ideas, or with beliefs, with artistic and literary works of outstanding universal significance;",2,Internal (DS/OUV),,Only 'Sedimentary rocks' mentioned,Internal (DS/OUV),,,,,,,,,,,,,,,,,,,,,,,,,,,,,,,,,,,,,,,,,Fractured geological formations provided necessary shelter,Internal (DS/OUV),,Vertical planes of overhanging slabs used for rock paintings,Internal (DS/OUV),,,,,"Vulnerable to the effects of sun, wind, and dust; potential soil erosion; exposure to animal fat and beer during local rituals",Internal (DS/OUV),,,,,Never restored or enhanced in any way,Internal (DS/OUV),,Good,,,Yes,,,,,
1200,Syracuse and the Rocky Necropolis of Pantalica,Italy,https://whc.unesco.org/en/list/1200,2005.0,37.05944,15.29306,skipped; but highly highly  promising; nan,,,,,,,,,"(ii) to exhibit an important interchange of human values, over a span of time or within a cultural area of the world, on developments in architecture or technology, monumental arts, town-planning or landscape design; | (iii) to bear a unique or at least exceptional testimony to a cultural tradition or to a civilization which is living or which has disappeared; | (iv) to be an outstanding example of a type of building, architectural or technological ensemble or landscape which illustrates (a) significant stage(s) in human history; | (vi) to be directly or tangibly associated with events or living traditions, with ideas, or with beliefs, with artistic and literary works of outstanding universal significance;",4,,,,,,,,,,,,,,,,,,,,,,,,,,,,,,,,,,,,,,,,,,,,,,,,,,,,,,,,,,,,,,,,,,No,,,,Tier 9: Unflagged,
1118,Osun-Osogbo Sacred Grove,Nigeria,https://whc.unesco.org/en/list/1118,2005.0,7.75556,4.55222,skipped; nan,,,,,,,,,"(ii) to exhibit an important interchange of human values, over a span of time or within a cultural area of the world, on developments in architecture or technology, monumental arts, town-planning or landscape design; | (iii) to bear a unique or at least exceptional testimony to a cultural tradition or to a civilization which is living or which has disappeared; | (vi) to be directly or tangibly associated with events or living traditions, with ideas, or with beliefs, with artistic and literary works of outstanding universal significance;",3,,,,,,,,,,,,,,,,,,,,,,,,,,,,,,,,,,,,,,,,,,,,,,,,,,,,,,,,,,,,,,,,,,No,,,,Tier 9: Unflagged,
1110,Historic Centre of Macao,China,https://whc.unesco.org/en/list/1110,2005.0,22.1912919444,113.5364611111,skipped; promising; nan,,,,,,,,,"(ii) to exhibit an important interchange of human values, over a span of time or within a cultural area of the world, on developments in architecture or technology, monumental arts, town-planning or landscape design; | (iii) to bear a unique or at least exceptional testimony to a cultural tradition or to a civilization which is living or which has disappeared; | (iv) to be an outstanding example of a type of building, architectural or technological ensemble or landscape which illustrates (a) significant stage(s) in human history; | (vi) to be directly or tangibly associated with events or living traditions, with ideas, or with beliefs, with artistic and literary works of outstanding universal significance;",4,,,,,,,,,,,,,,,,,,,,,,,,,,,,,,,,,,,,,,,,,,,,,,,,,,,,,,,,,,,,,,,,,,No,,,,Tier 9: Unflagged,
1188,Soltaniyeh,Iran (Islamic Republic of),https://whc.unesco.org/en/list/1188,2005.0,36.43528,48.79667,skipped; but highly promissed; nan,,,,,,,,,"(ii) to exhibit an important interchange of human values, over a span of time or within a cultural area of the world, on developments in architecture or technology, monumental arts, town-planning or landscape design; | (iii) to bear a unique or at least exceptional testimony to a cultural tradition or to a civilization which is living or which has disappeared; | (iv) to be an outstanding example of a type of building, architectural or technological ensemble or landscape which illustrates (a) significant stage(s) in human history;",3,,,,,,,,,,,,,,,,,,,,,,,,,,,,,,,,,,,,,,,,,,,,,,,,,,,,,,,,,,,,,,,,,,No,,,,Tier 9: Unflagged,
1192,Qal’at al-Bahrain – Ancient Harbour and Capital of Dilmun,Bahrain,https://whc.unesco.org/en/list/1192,2005.0,26.23306,50.5272222222,skipped; bvhp,,,,,,,,,"(ii) to exhibit an important interchange of human values, over a span of time or within a cultural area of the world, on developments in architecture or technology, monumental arts, town-planning or landscape design; | (iii) to bear a unique or at least exceptional testimony to a cultural tradition or to a civilization which is living or which has disappeared; | (iv) to be an outstanding example of a type of building, architectural or technological ensemble or landscape which illustrates (a) significant stage(s) in human history;",3,,,,,,,,,,,,,,,,,,,,,,,,,,,,,,,,,,,,,,,,,,,,,,,,,,,,,,,,,,,,,,,,,,No,,bvhp,bvhp,Tier 6: High Probability Ashlar / Urban Core (1-v Very High),
1185,Plantin-Moretus House-Workshops-Museum Complex,Belgium,https://whc.unesco.org/en/list/1185,2005.0,51.21833,4.39778,skipped; nan,,,,,,,,,"(ii) to exhibit an important interchange of human values, over a span of time or within a cultural area of the world, on developments in architecture or technology, monumental arts, town-planning or landscape design; | (iii) to bear a unique or at least exceptional testimony to a cultural tradition or to a civilization which is living or which has disappeared; | (iv) to be an outstanding example of a type of building, architectural or technological ensemble or landscape which illustrates (a) significant stage(s) in human history; | (vi) to be directly or tangibly associated with events or living traditions, with ideas, or with beliefs, with artistic and literary works of outstanding universal significance;",4,,,,,,,,,,,,,,,,,,,,,,,,,,,,,,,,,,,,,,,,,,,,,,,,,,,,,,,,,,,,,,,,,,No,,,,Tier 9: Unflagged,
569,Historic Centres of Berat and Gjirokastra,Albania,https://whc.unesco.org/en/list/569,2005.0,40.0741666667,20.1408333333,skipped; bvhp,,,,,,,,,"(iii) to bear a unique or at least exceptional testimony to a cultural tradition or to a civilization which is living or which has disappeared; | (iv) to be an outstanding example of a type of building, architectural or technological ensemble or landscape which illustrates (a) significant stage(s) in human history;",2,,,,,,,,,,,,,,,,,,,,,,,,,,,,,,,,,,,,,,,,,,,,,,,,,,,,,,,,,,,,,,,,,,No,,bvhp,bvhp,Tier 6: High Probability Ashlar / Urban Core (1-v Very High),
1108,"Biblical Tels - Megiddo, Hazor, Beer Sheba",Israel,https://whc.unesco.org/en/list/1108,2005.0,32.59722,35.18222,skipped; bp,,,,,,,,,"(ii) to exhibit an important interchange of human values, over a span of time or within a cultural area of the world, on developments in architecture or technology, monumental arts, town-planning or landscape design; | (iii) to bear a unique or at least exceptional testimony to a cultural tradition or to a civilization which is living or which has disappeared; | (iv) to be an outstanding example of a type of building, architectural or technological ensemble or landscape which illustrates (a) significant stage(s) in human history; | (vi) to be directly or tangibly associated with events or living traditions, with ideas, or with beliefs, with artistic and literary works of outstanding universal significance;",4,,,,,,,,,,,,,,,,,,,,,,,,,,,,,,,,,,,,,,,,,,,,,,,,,,,,,,,,,,,,,,,,,,No,,bp,bp,Tier 8: Moderate Probability Stone Fabric (Possible),
1178,Humberstone and Santa Laura Saltpeter Works,Chile,https://whc.unesco.org/en/list/1178,2005.0,-20.20582,-69.79406,skipped; bvvhp,,,,,,,,,"(ii) to exhibit an important interchange of human values, over a span of time or within a cultural area of the world, on developments in architecture or technology, monumental arts, town-planning or landscape design; | (iii) to bear a unique or at least exceptional testimony to a cultural tradition or to a civilization which is living or which has disappeared; | (iv) to be an outstanding example of a type of building, architectural or technological ensemble or landscape which illustrates (a) significant stage(s) in human history;",3,,,,,,,,,,,,,,,,,,,,,,,,,,,,,,,,,,,,,,,,,,,,,,,,,,,,,,,,,,,,,,,,,,No,,bvvhp,bvvhp,Tier 5: Major Ashlar Masonry / Imperial Ruins (2-v Very High),
1199,Kunya-Urgench,Turkmenistan,https://whc.unesco.org/en/list/1199,2005.0,42.18318,59.08494,skipped; but highly possible; nan,,,,,,,,,"(ii) to exhibit an important interchange of human values, over a span of time or within a cultural area of the world, on developments in architecture or technology, monumental arts, town-planning or landscape design; | (iii) to bear a unique or at least exceptional testimony to a cultural tradition or to a civilization which is living or which has disappeared;",2,,,,,,,,,,,,,,,,,,,,,,,,,,,,,,,,,,,,,,,,,,,,,,,,,,,,,,,,,,,,,,,,,,No,,,,Tier 9: Unflagged,
1107,Incense Route - Desert Cities in the Negev,Israel,https://whc.unesco.org/en/list/1107,2005.0,30.5738888889,35.0091666667,skipped; bvvhp,,,,,,,,,"(iii) to bear a unique or at least exceptional testimony to a cultural tradition or to a civilization which is living or which has disappeared; | (v) to be an outstanding example of a traditional human settlement, land-use, or sea-use which is representative of a culture (or cultures), or human interaction with the environment especially when it has become vulnerable under the impact of irreversible change;",2,,,skipped; bvvhp,,,,,,,,,,,,,,,,,,,,,,,,,,,,,,,,,,,,,,,,,,,,,,,,,,,,,,,,,,,,,,,No,,bvvhp,bvvhp,Tier 5: Major Ashlar Masonry / Imperial Ruins (2-v Very High),
724,Medieval Monuments in Kosovo,Serbia,https://whc.unesco.org/en/list/724,2004.0,42.6611111111,20.2655555555,OUV Absent; nan,,,,,,,,,"(ii) to exhibit an important interchange of human values, over a span of time or within a cultural area of the world, on developments in architecture or technology, monumental arts, town-planning or landscape design; | (iii) to bear a unique or at least exceptional testimony to a cultural tradition or to a civilization which is living or which has disappeared; | (iv) to be an outstanding example of a type of building, architectural or technological ensemble or landscape which illustrates (a) significant stage(s) in human history;",3,,,,,,,,,,,,,,,,,,,,,,,,,,,,,,,,,,,,,,,,,,,,,,,,,,,,,,,,,,,,,,,,,,No,,,,Tier 9: Unflagged,
1139,Tomb of Askia,Mali,https://whc.unesco.org/en/list/1139,2004.0,16.2898,-0.04456,skipped; nan,,,,,,,,,"(ii) to exhibit an important interchange of human values, over a span of time or within a cultural area of the world, on developments in architecture or technology, monumental arts, town-planning or landscape design; | (iii) to bear a unique or at least exceptional testimony to a cultural tradition or to a civilization which is living or which has disappeared; | (iv) to be an outstanding example of a type of building, architectural or technological ensemble or landscape which illustrates (a) significant stage(s) in human history;",3,,,,,,,,,,,,,,,,,,,,,,,,,,,,,,,,,,,,,,,,,,,,,,,,,,,,,,,,,,,,,,,,,,,,,,Tier 9: Unflagged,
1087,Town Hall and Roland on the Marketplace of Bremen,Germany,https://whc.unesco.org/en/list/1087,2004.0,53.07597222,8.807472222,"Gothic, Weser Renaissance, Baroque; nan",Internal (DS/OUV),,"1404 (Roland statue), 1405–1409 (Old Town Hall original Gothic construction), 1595–1612 / early 17th century (Weser Renaissance renovation), 1909–1913 (New Town Hall)",Internal (DS/OUV),,Holy Roman Empire / European Medieval & Renaissance,Internal (DS/OUV),,"(iii) to bear a unique or at least exceptional testimony to a cultural tradition or to a civilization which is living or which has disappeared; | (iv) to be an outstanding example of a type of building, architectural or technological ensemble or landscape which illustrates (a) significant stage(s) in human history; | (vi) to be directly or tangibly associated with events or living traditions, with ideas, or with beliefs, with artistic and literary works of outstanding universal significance;",3,Internal (DS/OUV),,"Sandstone, Limestone, Clinker / Tiles, Exposed Brick",Internal (DS/OUV),,Sedimentary Rock,Internal (DS/OUV),,South-German Limestone,Internal (DS/OUV),,,,,"Sandstone, Limestone",Internal (DS/OUV),,,,,,,,Exposed brick with alternating dark and light layers,Internal (DS/OUV),,,,,,,,,,,Germany (South-German region mentioned for limestone),Internal (DS/OUV),,Imported (South-German limestone),,,,,,"Stone statues (Emperor, prince electors, Roland), stone columns/pillars (wine cellar, arcade), windows, details",Internal (DS/OUV),,Elaborate sculptural decoration in sandstone on the façade; sculptured polychrome doorway frames,Internal (DS/OUV),,"Exposed brickwork with alternating dark and light layers, round arches with Tuscan columns in the medieval arcade, clinker-tiled elevations",Internal (DS/OUV),,Facades of the New Town Hall show effects of exposure to weather,Internal (DS/OUV),,Statues of the south and west façades replaced with copies (1959–1963); Roland head replaced with a copy (1983–1984),Internal (DS/OUV),,"Exterior restoration (2001–2006, 1964–1968); re-pointing joints; consolidating stone parts on façades; repairs in 1938, 1959, 1969, and 1983–1984",Internal (DS/OUV),,Good,Internal (DS/OUV),,Yes,,,,Tier 9: Unflagged,
1106,Pasargadae,Iran (Islamic Republic of),https://whc.unesco.org/en/list/1106,2004.0,30.19383,53.16729,"Capital, Palaces, Gardens, Gatehouse, Audience Hall, Residential Palace, Mausoleum/Tomb, Fortified Platform (Tall-e Takht), Citadel; nan",Internal (DS/OUV),,6th century BC,Internal (DS/OUV),,Persian / Achaemenid (First Persian) Empire,Internal (DS/OUV),,"(i) to represent a masterpiece of human creative genius; | (ii) to exhibit an important interchange of human values, over a span of time or within a cultural area of the world, on developments in architecture or technology, monumental arts, town-planning or landscape design; | (iii) to bear a unique or at least exceptional testimony to a cultural tradition or to a civilization which is living or which has disappeared; | (iv) to be an outstanding example of a type of building, architectural or technological ensemble or landscape which illustrates (a) significant stage(s) in human history;",4,Internal (DS/OUV),,Limestone ,Internal (DS/OUV),,Sedimentary Rock,,,Mud-brick (mentioned for Tall-e Takht defenses),Internal (DS/OUV),,,,,Compact limestone,Internal (DS/OUV),,,,,,,,,,,,,,,,,,,,,,,"Local (Morgab plain setting mentioned, though quarry origin is not specified) / NA",Internal (DS/OUV),,,,,"Tomb (compact limestone tomb holding Cyrus the Great’s gilded sarcophagus), Fortified Platform (Tall-e Takht), Waterways/Pathways (Four Gardens)",Internal (DS/OUV),,"Refined details, slender verticality",Internal (DS/OUV),,Mud-brick construction (citadel/fortified platform); Refined stone architecture,Internal (DS/OUV),,"Erosion (physical, chemical, environmental), violent winds, burning sun, flooding",Internal (DS/OUV),,,,,Recent restoration utilizing traditional technology and materials in harmony with the ensemble; poor condition of mud-brick due to 1960s excavations,Internal (DS/OUV),,Good,,,Yes,,,,Tier 9: Unflagged,
1135,Capital Cities and Tombs of the Ancient Koguryo Kingdom,China,https://whc.unesco.org/en/list/1135,2004.0,41.15694444,126.1872222,skipped; nan,,,,,,,,,"(i) to represent a masterpiece of human creative genius; | (ii) to exhibit an important interchange of human values, over a span of time or within a cultural area of the world, on developments in architecture or technology, monumental arts, town-planning or landscape design; | (iii) to bear a unique or at least exceptional testimony to a cultural tradition or to a civilization which is living or which has disappeared; | (iv) to be an outstanding example of a type of building, architectural or technological ensemble or landscape which illustrates (a) significant stage(s) in human history; | (v) to be an outstanding example of a traditional human settlement, land-use, or sea-use which is representative of a culture (or cultures), or human interaction with the environment especially when it has become vulnerable under the impact of irreversible change;",5,,,,,,,,,,,,,,,,,,,,,,,,,,,,,,,,,,,,,,,,,,,,,,,,,,,,,,,,,,,,,,,,,,No,,,,Tier 9: Unflagged,
1142,Sacred Sites and Pilgrimage Routes in the Kii Mountain Range,Japan,https://whc.unesco.org/en/list/1142,2004.0,33.83694444,135.7763889,skipped; nan,,,,,,,,,"(ii) to exhibit an important interchange of human values, over a span of time or within a cultural area of the world, on developments in architecture or technology, monumental arts, town-planning or landscape design; | (iii) to bear a unique or at least exceptional testimony to a cultural tradition or to a civilization which is living or which has disappeared; | (iv) to be an outstanding example of a type of building, architectural or technological ensemble or landscape which illustrates (a) significant stage(s) in human history; | (vi) to be directly or tangibly associated with events or living traditions, with ideas, or with beliefs, with artistic and literary works of outstanding universal significance;",4,,,,,,,,,,,,,,,,,,,,,,,,,,,,,,,,,,,,,,,,,,,,,,,,,,,,,,,,,,,,,,,,,,No,,,,Tier 9: Unflagged,
1091,Complex of Koguryo Tombs,Democratic People's Republic of Korea,https://whc.unesco.org/en/list/1091,2004.0,38.86305556,125.415,skipped; bvvvhp,,,,,,,,,"(i) to represent a masterpiece of human creative genius; | (ii) to exhibit an important interchange of human values, over a span of time or within a cultural area of the world, on developments in architecture or technology, monumental arts, town-planning or landscape design; | (iii) to bear a unique or at least exceptional testimony to a cultural tradition or to a civilization which is living or which has disappeared; | (iv) to be an outstanding example of a type of building, architectural or technological ensemble or landscape which illustrates (a) significant stage(s) in human history;",4,,,,,,,,,,,,,,,,,,,,,,,,,,,,,,,,,,,,,,,,,,,,,,,,,,,,,,,,,,,,,,,,,,No,,bvvvhp,bvvvhp,Tier 4: Exceptional Stone Fortress / Cathedral / Mosque (3-v Very Very High),
1152,Þingvellir National Park,Iceland,https://whc.unesco.org/en/list/1152,2004.0,64.25380556,-21.03725,skipped; skeptic; nan,,,,,,,,,"(iii) to bear a unique or at least exceptional testimony to a cultural tradition or to a civilization which is living or which has disappeared; | (vi) to be directly or tangibly associated with events or living traditions, with ideas, or with beliefs, with artistic and literary works of outstanding universal significance;",2,,,,,,,,,,,,,,,,,,,,,,,,,,,,,,,,,,,,,,,,,,,,,,,,,,,,,,,,,,,,,,,,,,No,,,,Tier 9: Unflagged,
1158,Etruscan Necropolises of Cerveteri and Tarquinia,Italy,https://whc.unesco.org/en/list/1158,2004.0,42.00683333,12.10188889,skipped; bvvvhp,,,,,,,,,"(i) to represent a masterpiece of human creative genius; | (iii) to bear a unique or at least exceptional testimony to a cultural tradition or to a civilization which is living or which has disappeared; | (iv) to be an outstanding example of a type of building, architectural or technological ensemble or landscape which illustrates (a) significant stage(s) in human history;",3,,,,,,,,,,,,,,,,,,,,,,,,,,,,,,,,,,,,,,,,,,,,,,,,,,,,,,,,,,,,,,,,,,No,,bvvvhp,bvvvhp,Tier 4: Exceptional Stone Fortress / Cathedral / Mosque (3-v Very Very High),
1101,Champaner-Pavagadh Archaeological Park,India,https://whc.unesco.org/en/list/1101,2004.0,22.48333333,73.53333333,skipped; bvvvvvhp,,,,,,,,,"(iii) to bear a unique or at least exceptional testimony to a cultural tradition or to a civilization which is living or which has disappeared; | (iv) to be an outstanding example of a type of building, architectural or technological ensemble or landscape which illustrates (a) significant stage(s) in human history; | (v) to be an outstanding example of a traditional human settlement, land-use, or sea-use which is representative of a culture (or cultures), or human interaction with the environment especially when it has become vulnerable under the impact of irreversible change; | (vi) to be directly or tangibly associated with events or living traditions, with ideas, or with beliefs, with artistic and literary works of outstanding universal significance;",4,,,,,,,,,,,,,,,,,,,,,,,,,,,,,,,,,,,,,,,,,,,,,,,,,,,,,,,,,,,,,,,,,,No,,bvvvvvhp,bvvvvvhp,Tier 2: Massive Cliff Rock Art / Bedrock Substrate (5-v Extremely High),
1208,Bam and its Cultural Landscape,Iran (Islamic Republic of),https://whc.unesco.org/en/list/1208,2004.0,29.11683,58.3666666667,skipped; bvvvvhp,,,,,,,,,"(ii) to exhibit an important interchange of human values, over a span of time or within a cultural area of the world, on developments in architecture or technology, monumental arts, town-planning or landscape design; | (iii) to bear a unique or at least exceptional testimony to a cultural tradition or to a civilization which is living or which has disappeared; | (iv) to be an outstanding example of a type of building, architectural or technological ensemble or landscape which illustrates (a) significant stage(s) in human history; | (v) to be an outstanding example of a traditional human settlement, land-use, or sea-use which is representative of a culture (or cultures), or human interaction with the environment especially when it has become vulnerable under the impact of irreversible change;",4,,,,,,,,,,,,,,,,,,,,,,,,,,,,,,,,,,,,,,,,,,,,,,,,,,,,,,,,,,,,,,,,,,No,,bvvvvhp,bvvvvhp,Tier 3: Monumental Megalithic / Sanctuary Architecture (4-v Very Very Very High),
1081,Orkhon Valley Cultural Landscape,Mongolia,https://whc.unesco.org/en/list/1081,2004.0,47.479214,102.678482,skipped; bvhp,,,,,,,,,"(ii) to exhibit an important interchange of human values, over a span of time or within a cultural area of the world, on developments in architecture or technology, monumental arts, town-planning or landscape design; | (iii) to bear a unique or at least exceptional testimony to a cultural tradition or to a civilization which is living or which has disappeared; | (iv) to be an outstanding example of a type of building, architectural or technological ensemble or landscape which illustrates (a) significant stage(s) in human history;",3,,,,,,,,,,,,,,,,,,,,,,,,,,,,,,,,,,,,,,,,,,,,,,,,,,,,,,,,,,,,,,,,,,No,,bvhp,bvhp,Tier 6: High Probability Ashlar / Urban Core (1-v Very High),
1145,Petroglyphs of the Archaeological Landscape of Tanbaly,Kazakhstan,https://whc.unesco.org/en/list/1145,2004.0,43.80333333,75.535,"Petroglyphs, stone enclosures (boxes and cists), mounds (kurgans) of stone and earth, altars, tombs, gallery; nan",Internal (DS/OUV),,Second half of the second millennium BC to the early 20th century (Bronze Age to Early Iron Age and onwards),Internal (DS/OUV),,Pastoral peoples of the central Asian steppes,Internal (DS/OUV),,(iii) to bear a unique or at least exceptional testimony to a cultural tradition or to a civilization which is living or which has disappeared;,1,Internal (DS/OUV),,"shale/slate (maybe) ""Shiny black stones"", bedrock, rock massifs",Internal (DS/OUV),,Metamorphic Rock,,,,,,,,,,,,,,,,,,"Shiny black, bluish black (Bronze/Early Iron Age carvings), light grey (latest carvings)",Internal (DS/OUV),,,,,,,,,,,,,,Local (in-situ natural landscape / unsheltered rock faces),Internal (DS/OUV),,,,,Stone enclosures with boxes and cists; mounds of stone and earth,Internal (DS/OUV),,Rock carvings (Petroglyphs) / Rock art,Internal (DS/OUV),,Picketing technique with stone or metal tools,Internal (DS/OUV),,Vulnerable to exfoliation due to water ingress and stratification of the bedrock parallel to the surface; exacerbated by extreme daily/seasonal temperature variations,Internal (DS/OUV),,,,,,,,Excellent,,,Yes,,,,Tier 9: Unflagged,
1137,Kernavė Archaeological Site (Cultural Reserve of Kernavė),Lithuania,https://whc.unesco.org/en/list/1137,2004.0,54.879,24.853,kipped; bp,,,,,,,,,"(iii) to bear a unique or at least exceptional testimony to a cultural tradition or to a civilization which is living or which has disappeared; | (iv) to be an outstanding example of a type of building, architectural or technological ensemble or landscape which illustrates (a) significant stage(s) in human history;",2,,,,,,,,,,,,,,,,,,,,,,,,,,,,,,,,,,,,,,,,,,,,,,,,,,,,,,,,,,,,,,,,,,No,,bp,bp,Tier 8: Moderate Probability Stone Fabric (Possible),
1117,Landscape of the Pico Island Vineyard Culture,Portugal,https://whc.unesco.org/en/list/1117,2004.0,38.51344444,-28.54116667,"Linear walls, rectangular plots (currais), manor houses, conventional houses, wine cellars, warehouses, churches, pathways, wells, ports, ramps; nan",Internal (DS/OUV),,15th century (reached peak in the 19th century),Internal (DS/OUV),,First settlers (15th century) / Generations of farmers (Specific civilization name NA),Internal (DS/OUV),,"(iii) to bear a unique or at least exceptional testimony to a cultural tradition or to a civilization which is living or which has disappeared; | (v) to be an outstanding example of a traditional human settlement, land-use, or sea-use which is representative of a culture (or cultures), or human interaction with the environment especially when it has become vulnerable under the impact of irreversible change;",2,Internal (DS/OUV),,"Basalt, Lava",Internal (DS/OUV),,Igneous Rock,Internal (DS/OUV),,,,,,,,,,,,,,,,,Black,Internal (DS/OUV),,"Irregular, weatherworn",Internal (DS/OUV),,,,,,,,,,,Local,Internal (DS/OUV),,,,,Construction of protective walls for plots (currais) against wind and salt spray; buildings,Internal (DS/OUV),,,,,Stone-walled / linear walls (Specific masonry technique name NA),Internal (DS/OUV),,,,,Threat noted: Importing of stone for re-building that is not consistent with local materials,Internal (DS/OUV),,"Maintenance and recovery of landscape, reconstructing ruins, removing invasive plants",Internal (DS/OUV),,Good,Internal (DS/OUV),,Yes,,,,Tier 9: Unflagged,
1103,Mausoleum of Khoja Ahmed Yasawi,Kazakhstan,https://whc.unesco.org/en/list/1103,2003.0,43.2976944444,68.2710555556,Multifunctional structure of the khanaqa type (combines a mausoleum and a mosque); nan,Internal (DS/OUV),,1389–1405 (Timurid period),Internal (DS/OUV),,Timurid Empire / Central Asian Islamic Civilization,Internal (DS/OUV),,"(i) to represent a masterpiece of human creative genius; | (iii) to bear a unique or at least exceptional testimony to a cultural tradition or to a civilization which is living or which has disappeared; | (iv) to be an outstanding example of a type of building, architectural or technological ensemble or landscape which illustrates (a) significant stage(s) in human history;",3,Internal (DS/OUV),,,Internal (DS/OUV),,,,,Alabaster (muqarnas stalactites); Gypsum plaster,Internal (DS/OUV),,,,,Gypsum / Alabaster (Hydrous calcium sulfate),,,,,,,,,White/Off-white (Alabaster/Gypsum plaster); Green (glazed tiles),Internal (DS/OUV),,Fine-grained (Alabaster/Gypsum),Internal (DS/OUV),,"Gypsum, Carbonates, nitrates, sulfates, chlorides (in salt efflorescence)",External,https://vestnik.kazgasa.kz/frontend/web/uploads/personal-documents/1694774149_nhRmhd.pdf,,,,,,,Local clay for fired bricks; Persian master craft influence for decorative techniques,Internal (DS/OUV),,,Internal (DS/OUV),,"Vaults, domes (conic-spherical dome), walls, arches, drums",Internal (DS/OUV),,"Alabaster stalactites (muqarnas) in dome intrados, glazed tile facing, inscriptions (Kufic and Suls)",Internal (DS/OUV),,Fired brick masonry with plaster carving and glazed tile revetments,Internal (DS/OUV),,"Deterioration from rising damp, salt efflorescence (nitrates, chlorides, sulfates, carbonates), and high water table",Internal (DS/OUV),,,,,"Rebuilding of northern citadel wall in 1970s; ongoing conservation projects under ""Kazrestavratziya""",Internal (DS/OUV),,Moderate,Internal (DS/OUV),,No,"1: Sainova, G. А., Аubakirov, N. P., Аkbasova, А. D., Yuldashbek, D. H., & Sunakbaeva, D. K. (2023). The Influence of Salt Deposits on the Preservation of the Historical and Architectural Monument of the Mausoleum of Khoja Ahmed Yasawi.

2: Valentinovna, M. A. Islamic architecture of Iran in the era of Timur and Timurids: specificity of the artistic image.",,,Tier 9: Unflagged,
1130,Ashur (Qal'at Sherqat),Iraq,https://whc.unesco.org/en/list/1130,2003.0,35.4566666667,43.2611111111,"Architectural, Architecture, Building, Construction, Monument, Ottoman, Plan, Structure, Traditional; nan",Internal (DS/OUV),,3rd millennium BC to Parthian period (1st–2nd century AD),Internal (DS/OUV),,"Sumerian, Akkadian, Assyrian Empire, Parthian",Internal (DS/OUV),,"(iii) to bear a unique or at least exceptional testimony to a cultural tradition or to a civilization which is living or which has disappeared; | (iv) to be an outstanding example of a type of building, architectural or technological ensemble or landscape which illustrates (a) significant stage(s) in human history;",2,Internal (DS/OUV),,Gypsum (also mentions mudbricks and baked bricks),Internal (DS/OUV),,Sedimentary Rock,,,,,,,,,,,,,,,,,,,,,,,,,,,,,,,,,,,,,,,"Used as mortar (Gypsum); walls, temples, palaces, ziggurats, gates",Internal (DS/OUV),,,,,"Mudbrick masonry, baked brick construction, gypsum/concrete mortar",Internal (DS/OUV),,,,,,,,,,,Moderate,,,Yes,,,,Tier 9: Unflagged,
1073,Gebel Barkal and the Sites of the Napatan Region,Sudan,https://whc.unesco.org/en/list/1073,2003.0,18.537,31.8280277778,"Tombs (with and without pyramids), temples, burial mounds/funerary chambers, living complexes, and palaces; nan",Internal (DS/OUV),,Napatan (900 to 270 BC) and Meroitic (270 BC to 350 AD) cultures; New Kingdom origins (ca. 1500 BC) up to 6th Century AD,Internal (DS/OUV),,Kushite civilization (Second Kingdom of Kush / Napato-Meroitic),Internal (DS/OUV),,"(i) to represent a masterpiece of human creative genius; | (ii) to exhibit an important interchange of human values, over a span of time or within a cultural area of the world, on developments in architecture or technology, monumental arts, town-planning or landscape design; | (iii) to bear a unique or at least exceptional testimony to a cultural tradition or to a civilization which is living or which has disappeared; | (iv) to be an outstanding example of a type of building, architectural or technological ensemble or landscape which illustrates (a) significant stage(s) in human history; | (vi) to be directly or tangibly associated with events or living traditions, with ideas, or with beliefs, with artistic and literary works of outstanding universal significance;",5,Internal (DS/OUV),,Sandstone,Internal (DS/OUV),,Sedimentary Rock,,,,,,,,,sandstone,,,,,,,,,,,,,,,,,,,,,Sudan,Internal (DS/OUV),,Local (rock-cut features and sacred flat-topped mountain),Internal (DS/OUV),,,,,"Flat-topped mountain rock, steep-angled pyramids, corbel vaults of tombs, wall structures, rock-cut burial chambers",Internal (DS/OUV),,"Reliefs, wall inscriptions, old script writings, and painted scenes on walls",Internal (DS/OUV),,"Corbel vaults, rock-cut chambers",Internal (DS/OUV),,Affected by the action of nature and man,Internal (DS/OUV),,,,,Limited inadequate restoration interventions of the last century,Internal (DS/OUV),,Excellent,,,Yes,,,,Tier 9: Unflagged,
1053,Wooden Churches of Southern Małopolska,Poland,https://whc.unesco.org/en/list/1053,2003.0,49.75,21.23333333,skipped; nan,,,,,,,,,"(iii) to bear a unique or at least exceptional testimony to a cultural tradition or to a civilization which is living or which has disappeared; | (iv) to be an outstanding example of a type of building, architectural or technological ensemble or landscape which illustrates (a) significant stage(s) in human history;",2,,,,,,,,,,,,,,,,,,,,,,,,,,,,,,,,,,,,,,,,,,,,,,,,,,,,,,,,,,,,,,,,,,No,,,,Tier 9: Unflagged,
1077,Takht-e Soleyman,Iran (Islamic Republic of),https://whc.unesco.org/en/list/1077,2003.0,36.60388889,47.235,skipped; but promised; nan,,,,,,,,,"(i) to represent a masterpiece of human creative genius; | (ii) to exhibit an important interchange of human values, over a span of time or within a cultural area of the world, on developments in architecture or technology, monumental arts, town-planning or landscape design; | (iii) to bear a unique or at least exceptional testimony to a cultural tradition or to a civilization which is living or which has disappeared; | (iv) to be an outstanding example of a type of building, architectural or technological ensemble or landscape which illustrates (a) significant stage(s) in human history; | (vi) to be directly or tangibly associated with events or living traditions, with ideas, or with beliefs, with artistic and literary works of outstanding universal significance;",5,,,,,,,,,,,,,,,,,,,,,,,,,,,,,,,,,,,,,,,,,,,,,,,,,,,,,,,,,,,,,,,,,,No,,,,Tier 9: Unflagged,
1078,Jewish Quarter and St Procopius' Basilica in Třebíč,Czechia,https://whc.unesco.org/en/list/1078,2003.0,49.21722222,15.87888889,skipped; but highly possible; nan,,,,,,,,,"(ii) to exhibit an important interchange of human values, over a span of time or within a cultural area of the world, on developments in architecture or technology, monumental arts, town-planning or landscape design; | (iii) to bear a unique or at least exceptional testimony to a cultural tradition or to a civilization which is living or which has disappeared;",2,,,,,,,,,,,,,,,,,,,,,,,,,,,,,,,,,,,,,,,,,,,,,,,,,,,,,,,,,,,,,,,,,,No,,,,Tier 9: Unflagged,
1084,"Royal Botanic Gardens, Kew",United Kingdom of Great Britain and Northern Ireland,https://whc.unesco.org/en/list/1084,2003.0,51.48194444,-0.2940277778,skipped; nan,,,,,,,,,"(ii) to exhibit an important interchange of human values, over a span of time or within a cultural area of the world, on developments in architecture or technology, monumental arts, town-planning or landscape design; | (iii) to bear a unique or at least exceptional testimony to a cultural tradition or to a civilization which is living or which has disappeared; | (iv) to be an outstanding example of a type of building, architectural or technological ensemble or landscape which illustrates (a) significant stage(s) in human history;",3,,,,,,,,,,,,,,,,,,,,,,,,,,,,,,,,,,,,,,,,,,,,,,,,,,,,,,,,,,,,,,,,,,No,,,,Tier 9: Unflagged,
306,Matobo Hills,Zimbabwe,https://whc.unesco.org/en/list/306,2003.0,-20.5,28.5,"Building, Indigenous, Monument, Plan, Structure, Traditional; nan",Internal (DS/OUV),,"Early Stone Age, Stone Age, Iron Age (up to 500,000 years of occupation)",Internal (DS/OUV),,"Foraging/Hunter-gatherer societies (Stone Age), Agricultural societies (Iron Age)",Internal (DS/OUV),,"(iii) to bear a unique or at least exceptional testimony to a cultural tradition or to a civilization which is living or which has disappeared; | (v) to be an outstanding example of a traditional human settlement, land-use, or sea-use which is representative of a culture (or cultures), or human interaction with the environment especially when it has become vulnerable under the impact of irreversible change; | (vi) to be directly or tangibly associated with events or living traditions, with ideas, or with beliefs, with artistic and literary works of outstanding universal significance;",3,Internal (DS/OUV),,Granite,Internal (DS/OUV),,Igneous Rock,,,"Granite batholiths, granite shield landforms",Internal (DS/OUV),,,,,,,,,,,,,,,,,Granitic / Massive rock landforms,Internal (DS/OUV),,,,,,,,,,,Local (natural rock formations and shelters in situ),Internal (DS/OUV),,,,,"Natural rock shelters, rock batholiths, shrines, terraces, walls",Internal (DS/OUV),,Rock art / Rock paintings on granite cave surfaces,Internal (DS/OUV),,Wooden palisade demarcating shrines; drystone/indigenous alignment (traditional human interaction rather than formal dressed masonry),Internal (DS/OUV),,"Natural weathering, soil erosion, and light visitor impact",Internal (DS/OUV),,,,,Linseed oil experimental application (1920s at Pomongwe Cave),Internal (DS/OUV),,Moderate,,,Yes,,,,Tier 9: Unflagged,
925,Rock Shelters of Bhimbetka,India,https://whc.unesco.org/en/list/925,2003.0,22.92777778,77.58333333,OUV Absent; bvvvhp,,,,,,,,,"(iii) to bear a unique or at least exceptional testimony to a cultural tradition or to a civilization which is living or which has disappeared; | (v) to be an outstanding example of a traditional human settlement, land-use, or sea-use which is representative of a culture (or cultures), or human interaction with the environment especially when it has become vulnerable under the impact of irreversible change;",2,,,,,,,,,,,,,,,,,,,,,,,,,,,,,,,,,,,,,,,,,,,,,,,,,,,,,,,,,,,,,,,,,,No,,,bvvvhp,Tier 4: Exceptional Stone Fortress / Cathedral / Mosque (3-v Very Very High),
1079,Franciscan Missions in the Sierra Gorda of Querétaro,Mexico,https://whc.unesco.org/en/list/1079,2003.0,21.20438889,-99.46411111,skipped; bhp,,,,,,,,,"(ii) to exhibit an important interchange of human values, over a span of time or within a cultural area of the world, on developments in architecture or technology, monumental arts, town-planning or landscape design; | (iii) to bear a unique or at least exceptional testimony to a cultural tradition or to a civilization which is living or which has disappeared;",2,,,,,,,,,,,,,,,,,,,,,,,,,,,,,,,,,,,,,,,,,,,,,,,,,,,,,,,,,,,,,,,,,,No,,bhp,bhp,Tier 7: High Probability Local Stone / Masonry (High Potential),
208,Cultural Landscape and Archaeological Remains of the Bamiyan Valley,Afghanistan,https://whc.unesco.org/en/list/208,2003.0,34.84694,67.82525,skipped; bvvvhp,,,,,,,,,"(i) to represent a masterpiece of human creative genius; | (ii) to exhibit an important interchange of human values, over a span of time or within a cultural area of the world, on developments in architecture or technology, monumental arts, town-planning or landscape design; | (iii) to bear a unique or at least exceptional testimony to a cultural tradition or to a civilization which is living or which has disappeared; | (iv) to be an outstanding example of a type of building, architectural or technological ensemble or landscape which illustrates (a) significant stage(s) in human history; | (vi) to be directly or tangibly associated with events or living traditions, with ideas, or with beliefs, with artistic and literary works of outstanding universal significance;",5,,,,,,,,,,,,,,,,,,,,,,,,,,,,,,,,,,,,,,,,,,,,,,,,,,,,,,,,,,,,,,,,,,No,,bvvvhp,bvvvhp,Tier 4: Exceptional Stone Fortress / Cathedral / Mosque (3-v Very Very High),
1099,Mapungubwe Cultural Landscape,South Africa,https://whc.unesco.org/en/list/1099,2003.0,-22.1925,29.23889,"Palace sites, capital sites, satellite settlements; nan",Internal (DS/OUV),,AD 900–1300 (abandoned 14th century AD),Internal (DS/OUV),,,,,"(ii) to exhibit an important interchange of human values, over a span of time or within a cultural area of the world, on developments in architecture or technology, monumental arts, town-planning or landscape design; | (iii) to bear a unique or at least exceptional testimony to a cultural tradition or to a civilization which is living or which has disappeared; | (iv) to be an outstanding example of a type of building, architectural or technological ensemble or landscape which illustrates (a) significant stage(s) in human history; | (v) to be an outstanding example of a traditional human settlement, land-use, or sea-use which is representative of a culture (or cultures), or human interaction with the environment especially when it has become vulnerable under the impact of irreversible change;",4,,,coal,,,Sedimentary Rock,,,,,,,,,,,,,,,Geo-morphological formations of Limpopo/Shashe confluence,Internal (DS/OUV),,,,,,,,"Coal, Diamond, Gold",Internal (DS/OUV),,,,,,,,,,,,,,Remains of palace sites and capital settlements,Internal (DS/OUV),,"Gold, ivory, Chinese porcelain, Persian glass beads (Artifacts/Trade items)",Internal (DS/OUV),,,,,"Climatic forces, erosion of old excavations",Internal (DS/OUV),,,,,,,,Excellent,,,Yes,,,,Tier 9: Unflagged,
959,Historic Quarter of the Seaport City of Valparaíso,Chile,https://whc.unesco.org/en/list/959,2003.0,-33.04063889,-71.628,"skipped,; nan",,,,,,,,,(iii) to bear a unique or at least exceptional testimony to a cultural tradition or to a civilization which is living or which has disappeared;,1,,,,,,,,,,,,,,,,,,,,,,,,,,,,,,,,,,,,,,,,,,,,,,,,,,,,,,,,,,,,,,,,,,No,,,,Tier 9: Unflagged,
761,Kunta Kinteh Island and Related Sites,Gambia,https://whc.unesco.org/en/list/761,2003.0,13.31616667,-16.35719444,skipped; bvvhp,,,,,,,,,"(iii) to bear a unique or at least exceptional testimony to a cultural tradition or to a civilization which is living or which has disappeared; | (vi) to be directly or tangibly associated with events or living traditions, with ideas, or with beliefs, with artistic and literary works of outstanding universal significance;",2,,,,,,,,,,,,,,,,,,,,,,,,,,,,,,,,,,,,,,,,,,,,,,,,,,,,,,,,,,,,,,,,,,No,,bvvhp,bvvhp,Tier 5: Major Ashlar Masonry / Imperial Ruins (2-v Very High),
1070,"Citadel, Ancient City and Fortress Buildings of Derbent",Russian Federation,https://whc.unesco.org/en/list/1070,2003.0,42.0558333333,48.2827777778,skipped; bvhp,,,,,,,,,"(iii) to bear a unique or at least exceptional testimony to a cultural tradition or to a civilization which is living or which has disappeared; | (iv) to be an outstanding example of a type of building, architectural or technological ensemble or landscape which illustrates (a) significant stage(s) in human history;",2,,,,,,,,,,,,,,,,,,,,,,,,,,,,,,,,,,,,,,,,,,,,,,,,,,,,,,,,,,,,,,,,,,No,,bvhp,bvhp,Tier 6: High Probability Ashlar / Urban Core (1-v Very High),
1056,Mahabodhi Temple Complex at Bodh Gaya,India,https://whc.unesco.org/en/list/1056,2002.0,24.69528,84.99389,"Classical style of Indian temple architecture (featuring a 50m curvilinear shikhara/tower, chaitya niches, stupas, and shrines); nan",Internal (DS/OUV),,3rd century B.C.,Internal (DS/OUV),,Mauryan Period & Late Gupta Period (Indian Buddhist),Internal (DS/OUV),,"(i) to represent a masterpiece of human creative genius; | (ii) to exhibit an important interchange of human values, over a span of time or within a cultural area of the world, on developments in architecture or technology, monumental arts, town-planning or landscape design; | (iii) to bear a unique or at least exceptional testimony to a cultural tradition or to a civilization which is living or which has disappeared; | (iv) to be an outstanding example of a type of building, architectural or technological ensemble or landscape which illustrates (a) significant stage(s) in human history; | (vi) to be directly or tangibly associated with events or living traditions, with ideas, or with beliefs, with artistic and literary works of outstanding universal significance;",5,Internal (DS/OUV),,Sandstone ,Internal (DS/OUV),,Sedimentary Rock,,,Black stone,Internal (DS/OUV),,,,,"Sandstone, Black ston",Internal (DS/OUV),,,,,,,,Black (for footprint stone / Padas); NA for sandstone colour,Internal (DS/OUV),,Polished (for Vajrasana),Internal (DS/OUV),,,,,,,,,Internal (DS/OUV),,,,,,,,"Sandstone: Pillars of the balustrade, Vajrasana (Diamond Throne) platform.


Black Stone: Footprint slab (Padas).


(Bricks form the main body, walls, and tower)",Internal (DS/OUV),,"Sculpted human faces, animals, decorative honeysuckle and geese motifs, chaitya niches, carved Buddha footprints",Internal (DS/OUV),,Late Gupta period brick masonry; stone carving for balustrades and relics,Internal (DS/OUV),,,,,,,,Suffered long abandonment (13th–18th century A.D.); extensively restored in the 19th century A.D. and further conserved in the late 20th century under guidance of the Archaeological Survey of India (ASI),Internal (DS/OUV),,Excellent,Internal (DS/OUV),,Yes,"ICOMOS Advisory Body Evaluation;
 Bodhgaya Temple Management Committee (BTMC), Archaeological Survey of India (ASI)",,,Tier 9: Unflagged,
211,Minaret and Archaeological Remains of Jam,Afghanistan,https://whc.unesco.org/en/list/211,2002.0,34.3964166667,64.5158888889,skipped; nan,,,,,,,,,"(ii) to exhibit an important interchange of human values, over a span of time or within a cultural area of the world, on developments in architecture or technology, monumental arts, town-planning or landscape design; | (iii) to bear a unique or at least exceptional testimony to a cultural tradition or to a civilization which is living or which has disappeared; | (iv) to be an outstanding example of a type of building, architectural or technological ensemble or landscape which illustrates (a) significant stage(s) in human history;",3,,,,,,,,,,,,,,,,,,,,,,,,,,,,,,,,,,,,,,,,,,,,,,,,,,,,,,,,,,,,,,,,,,,,,,Tier 9: Unflagged,
954,Saint Catherine Area,Egypt,https://whc.unesco.org/en/list/954,2002.0,28.55623,33.97543,skipped; bvvvvhp,,,,,,,,,"(i) to represent a masterpiece of human creative genius; | (iii) to bear a unique or at least exceptional testimony to a cultural tradition or to a civilization which is living or which has disappeared; | (iv) to be an outstanding example of a type of building, architectural or technological ensemble or landscape which illustrates (a) significant stage(s) in human history; | (vi) to be directly or tangibly associated with events or living traditions, with ideas, or with beliefs, with artistic and literary works of outstanding universal significance;",4,,,,,,,,,,,,,,,,,,,,,,,,,,,,,,,,,,,,,,,,,,,,,,,,,,,,,,,,,,,,,,,,,,No,,bvvvvhp,bvvvvhp,Tier 3: Monumental Megalithic / Sanctuary Architecture (4-v Very Very Very High),
1063,Tokaj Wine Region Historic Cultural Landscape,Hungary,https://whc.unesco.org/en/list/1063,2002.0,48.15,21.35,"Wine Cellars (vaulted & excavated), Terraces, Built Stone Walls, Hedges, Historic Villages/Towns, Churches; nan",Internal (DS/OUV),,"Since 1110 (e.g., Cellar of King Kalman in Tarcal); Documented history from 1561",Internal (DS/OUV),,"Hungarian / Viticultural Tradition (survived over 1,000 years)",Internal (DS/OUV),,"(iii) to bear a unique or at least exceptional testimony to a cultural tradition or to a civilization which is living or which has disappeared; | (v) to be an outstanding example of a traditional human settlement, land-use, or sea-use which is representative of a culture (or cultures), or human interaction with the environment especially when it has become vulnerable under the impact of irreversible change;",2,Internal (DS/OUV),,Volcanic Rock,Internal (DS/OUV),,Sedimentary Rock,Internal (DS/OUV),,,,,,,,"Volcanic Rocks (volcanic slopes, volcanic rocks into which cellars are carved)",Internal (DS/OUV),,,,,Zemplén Mountains foothills,Internal (DS/OUV),,,,,,,,,,,NA (Mines/quarries mentioned generally under threats),Internal (DS/OUV),,Hungary,Internal (DS/OUV),,Local (excavated directly into local volcanic rocks),Internal (DS/OUV),,,,,"Wine cellar excavation/vaulting, terraces, built stone walls, base structures",Internal (DS/OUV),,,,,"Built stone walls, hand-carved underground cellars, vaulted and excavated cellars",Internal (DS/OUV),,"Disappearance of wetlands, impact of mines/quarries, climate change threats",Internal (DS/OUV),,,,,Restoration in conformity with the Venice Charter over the past half-century,Internal (DS/OUV),,Excellent,Internal (DS/OUV),,Yes,,,,Tier 9: Unflagged,
1025,"Villa d'Este, Tivoli",Italy,https://whc.unesco.org/en/list/1025,2001.0,41.96391667,12.79625,"Palace and water garden (Grottoes, fountains, ornamental basins); nan",Internal (DS/OUV),,16th Century (Laid out in 1550s; works began around 1560),Internal (DS/OUV),,Italian Renaissance / Mannerist / Baroque elements,Internal (DS/OUV),,"(i) to represent a masterpiece of human creative genius; | (ii) to exhibit an important interchange of human values, over a span of time or within a cultural area of the world, on developments in architecture or technology, monumental arts, town-planning or landscape design; | (iii) to bear a unique or at least exceptional testimony to a cultural tradition or to a civilization which is living or which has disappeared; | (iv) to be an outstanding example of a type of building, architectural or technological ensemble or landscape which illustrates (a) significant stage(s) in human history; | (vi) to be directly or tangibly associated with events or living traditions, with ideas, or with beliefs, with artistic and literary works of outstanding universal significance;",5,Internal (DS/OUV),,,,,,,,Volcanic Tuff / Stucco (Jet noted in automated classification),Internal (DS/OUV),,,,,,,,,,,,,,,,,,,,,,,,,,,,,,,,,,,"Main body of the palace, stair ramps, retaining walls, terrace foundations",Internal (DS/OUV),,"Fountains (e.g., Fontana del Bicchierone), grottoes, balustrades, ornamental basins",Internal (DS/OUV),,,,,Rapid deterioration of decorations/fountains due to micro-climatic conditions and continuous water contact,Internal (DS/OUV),,,,,Methodical mural and fountain restorations per the Venice Charter,Internal (DS/OUV),,Excellent,,,No,"- UNESCO Dossier & OUV Statement


- ISPRA Travertines of Central Italy


- Centroni, A. (2008). Villa d'Este a Tivoli: quattro secoli di storia e restauri",,,Tier 9: Unflagged,
1031,Historic Centre of Guimarães and Couros Zone,Portugal,https://whc.unesco.org/en/list/1031,2001.0,41.443,-8.2927777778,"Portuguese architecture (medieval settlement evolving into a modern town with grand houses, monastic complexes, tanneries, workers' houses); nan",Internal (DS/OUV),,"10th century CE, 12th century, 15th to 19th centuries (specifically 950–1498, 1498–1693)",Internal (DS/OUV),,Portuguese,Internal (DS/OUV),,"(ii) to exhibit an important interchange of human values, over a span of time or within a cultural area of the world, on developments in architecture or technology, monumental arts, town-planning or landscape design; | (iii) to bear a unique or at least exceptional testimony to a cultural tradition or to a civilization which is living or which has disappeared; | (iv) to be an outstanding example of a type of building, architectural or technological ensemble or landscape which illustrates (a) significant stage(s) in human history;",3,,,Granite,Internal (DS/OUV),,,,,,,,,,,,,,,,,,,,,,,,,,,,,,,,,,,,,,,,,Ground floor in granite with a half-timbered structure above,Internal (DS/OUV),,,,,Granite combined with a timber-framed / half-timbered structure,Internal (DS/OUV),,,,,,,,Rehabilitation strategy for the Couros Zone,Internal (DS/OUV),,Excellent,Internal (DS/OUV),,Yes,,,,Tier 9: Unflagged,
1054,Churches of Peace in Jawor and Świdnica,Poland,https://whc.unesco.org/en/list/1054,2001.0,51.05427778,16.19594444,skipped; nan,,,,,,,,,"(iii) to bear a unique or at least exceptional testimony to a cultural tradition or to a civilization which is living or which has disappeared; | (iv) to be an outstanding example of a type of building, architectural or technological ensemble or landscape which illustrates (a) significant stage(s) in human history; | (vi) to be directly or tangibly associated with events or living traditions, with ideas, or with beliefs, with artistic and literary works of outstanding universal significance;",3,,,,,,,,,,,,,,,,,,,,,,,,,,,,,,,,,,,,,,,,,,,,,,,,,,,,,,,,,,,,,,,,,,No,,,,Tier 9: Unflagged,
481,Vat Phou and Associated Ancient Settlements within the Champasak Cultural Landscape,Lao People's Democratic Republic,https://whc.unesco.org/en/list/481,2001.0,14.8483333333,105.8222222222,OUV Absent; nan,,,,,,,,,"(iii) to bear a unique or at least exceptional testimony to a cultural tradition or to a civilization which is living or which has disappeared; | (iv) to be an outstanding example of a type of building, architectural or technological ensemble or landscape which illustrates (a) significant stage(s) in human history; | (vi) to be directly or tangibly associated with events or living traditions, with ideas, or with beliefs, with artistic and literary works of outstanding universal significance;",3,,,,,,,,,,,,,,,,,,,,,,,,,,,,,,,,,,,,,,,,,,,,,,,,,,,,,,,,,,,,,,,,,,No,,,,Tier 9: Unflagged,
1042,Old City of Acre,Israel,https://whc.unesco.org/en/list/1042,2001.0,32.9216666667,35.0688888889,skipped; bvhp,,,,,,,,,"(ii) to exhibit an important interchange of human values, over a span of time or within a cultural area of the world, on developments in architecture or technology, monumental arts, town-planning or landscape design; | (iii) to bear a unique or at least exceptional testimony to a cultural tradition or to a civilization which is living or which has disappeared; | (v) to be an outstanding example of a traditional human settlement, land-use, or sea-use which is representative of a culture (or cultures), or human interaction with the environment especially when it has become vulnerable under the impact of irreversible change;",3,,,,,,,,,,,,,,,,,,,,,,,,,,,,,,,,,,,,,,,,,,,,,,,,,,,,,,,,,,,,,,,,,,No,,bvhp,bvhp,Tier 6: High Probability Ashlar / Urban Core (1-v Very High),
950,Royal Hill of Ambohimanga,Madagascar,https://whc.unesco.org/en/list/950,2001.0,-18.75917,47.56278,skipped; nan,,,,,,,,,"(iii) to bear a unique or at least exceptional testimony to a cultural tradition or to a civilization which is living or which has disappeared; | (iv) to be an outstanding example of a type of building, architectural or technological ensemble or landscape which illustrates (a) significant stage(s) in human history; | (vi) to be directly or tangibly associated with events or living traditions, with ideas, or with beliefs, with artistic and literary works of outstanding universal significance;",3,,,,,,,,,,,,,,,,,,,,,,,,,,,,,,,,,,,,,,,,,,,,,,,,,,,,,,,,,,,,,,,,,,No,,,,Tier 9: Unflagged,
1022,Tombs of Buganda Kings at Kasubi,Uganda,https://whc.unesco.org/en/list/1022,2001.0,0.348611111,32.55138889,skipped; bp,,,,,,,,,"(i) to represent a masterpiece of human creative genius; | (iii) to bear a unique or at least exceptional testimony to a cultural tradition or to a civilization which is living or which has disappeared; | (iv) to be an outstanding example of a type of building, architectural or technological ensemble or landscape which illustrates (a) significant stage(s) in human history; | (vi) to be directly or tangibly associated with events or living traditions, with ideas, or with beliefs, with artistic and literary works of outstanding universal significance;",4,,,,,,,,,,,,,,,,,,,,,,,,,,,,,,,,,,,,,,,,,,,,,,,,,,,,,,,,,,,,,,,,,,No,,bp,bp,Tier 8: Moderate Probability Stone Fabric (Possible),
1046,Alto Douro Wine Region,Portugal,https://whc.unesco.org/en/list/1046,2001.0,41.10166667,-7.798888889,skipped;; nan,,,,,,,,,"(iii) to bear a unique or at least exceptional testimony to a cultural tradition or to a civilization which is living or which has disappeared; | (iv) to be an outstanding example of a type of building, architectural or technological ensemble or landscape which illustrates (a) significant stage(s) in human history; | (v) to be an outstanding example of a traditional human settlement, land-use, or sea-use which is representative of a culture (or cultures), or human interaction with the environment especially when it has become vulnerable under the impact of irreversible change;",3,,,,,,,,,,,,,,,,,,,,,,,,,,,,,,,,,,,,,,,,,,,,,,,,,,,,,,,,,,,,,,,,,,No,,,,Tier 9: Unflagged,
975,Zollverein Coal Mine Industrial Complex in Essen,Germany,https://whc.unesco.org/en/list/975,2001.0,51.49138889,7.046111111,"Modern Movement, Expressionism, Cubism, Functionalism, Bauhaus; nan",Internal (DS/OUV),,"19th and 20th centuries (specifically between the two World Wars / ""Roaring Twenties"")",Internal (DS/OUV),,European primary heavy industry / Modern Industrial era,Internal (DS/OUV),,"(ii) to exhibit an important interchange of human values, over a span of time or within a cultural area of the world, on developments in architecture or technology, monumental arts, town-planning or landscape design; | (iii) to bear a unique or at least exceptional testimony to a cultural tradition or to a civilization which is living or which has disappeared;",2,Internal (DS/OUV),,coal mentioned but not as building stone,,,,,,,,,,,,,,,,,,,,,,,,,,,,,,,,,,,,,,,,,,,,,,,,,,,,,,,,,,,,,,,No,,,,Tier 9: Unflagged,
1027,Mining Area of the Great Copper Mountain in Falun,Sweden,https://whc.unesco.org/en/list/1027,2001.0,60.60472,15.63083,skipped: no geological material detected; nan,,,,,,,,,"(ii) to exhibit an important interchange of human values, over a span of time or within a cultural area of the world, on developments in architecture or technology, monumental arts, town-planning or landscape design; | (iii) to bear a unique or at least exceptional testimony to a cultural tradition or to a civilization which is living or which has disappeared; | (v) to be an outstanding example of a traditional human settlement, land-use, or sea-use which is representative of a culture (or cultures), or human interaction with the environment especially when it has become vulnerable under the impact of irreversible change;",3,,,,,,,,,,,,,,,,,,,,,,,,,,,,,,,,,,,,,,,,,,,,,,,,,,,,,,,,,,,,,,,,,,No,,,,Tier 9: Unflagged,
1039,Yungang Grottoes,China,https://whc.unesco.org/en/list/1039,2001.0,40.10972,113.12222,skipped; bvvvvvhp,,,,,,,,,"(i) to represent a masterpiece of human creative genius; | (ii) to exhibit an important interchange of human values, over a span of time or within a cultural area of the world, on developments in architecture or technology, monumental arts, town-planning or landscape design; | (iii) to bear a unique or at least exceptional testimony to a cultural tradition or to a civilization which is living or which has disappeared; | (iv) to be an outstanding example of a type of building, architectural or technological ensemble or landscape which illustrates (a) significant stage(s) in human history;",4,,,,,,,,,,,,,,,,,,,,,,,,,,,,,,,,,,,,,,,,,,,,,,,,,,,,,,,,,,,,,,,,,,No,,bvvvvvhp,bvvvvvhp,Tier 2: Massive Cliff Rock Art / Bedrock Substrate (5-v Extremely High),
1040,Masada,Israel,https://whc.unesco.org/en/list/1040,2001.0,31.3155555556,35.3536111111,skipped; bvvvvhp,,,,,,,,,"(iii) to bear a unique or at least exceptional testimony to a cultural tradition or to a civilization which is living or which has disappeared; | (iv) to be an outstanding example of a type of building, architectural or technological ensemble or landscape which illustrates (a) significant stage(s) in human history; | (vi) to be directly or tangibly associated with events or living traditions, with ideas, or with beliefs, with artistic and literary works of outstanding universal significance;",3,,,,,,,,,,,,,,,,,,,,,,,,,,,,,,,,,,,,,,,,,,,,,,,,,,,,,,,,,,,,,,,,,,No,,bvvvvhp,bvvvvhp,Tier 3: Monumental Megalithic / Sanctuary Architecture (4-v Very Very Very High),
1021,Tsodilo,Botswana,https://whc.unesco.org/en/list/1021,2001.0,-18.75,21.73333333,"Monument, Plan, Traditional; Rock Art; cave paintings; nan",Internal (DS/OUV),,"Over 100,000 years (spanning from the Stone Age to the 19th century)",,,Hambukushu and San communities,Internal (DS/OUV),,"(i) to represent a masterpiece of human creative genius; | (iii) to bear a unique or at least exceptional testimony to a cultural tradition or to a civilization which is living or which has disappeared; | (vi) to be directly or tangibly associated with events or living traditions, with ideas, or with beliefs, with artistic and literary works of outstanding universal significance;",3,Internal (DS/OUV),,quartzite,,,Metamorphic Rock,,,,,,,,,,,,,,,Massive quartzite rock formations rising from ancient sand dunes,Internal (DS/OUV),,,,,,,,,,,,,,,,,Local (Natural outcrops of the Kalahari Desert),Internal (DS/OUV),,,,,Natural rock shelters and caves providing habitation/shelter,Internal (DS/OUV),,"Canvas/substrate for over 4,500 rock paintings",Internal (DS/OUV),,,,,High degree of resistance to erosion due to quartzitic rock,Internal (DS/OUV),,,,,Limited to preventive strategies without altering the art and its substrate,Internal (DS/OUV),,Excellent,,,Yes,,,,Tier 9: Unflagged,
173,Stone Town of Zanzibar,United Republic of Tanzania,https://whc.unesco.org/en/list/173,2000.0,-6.16306,39.18917,"a complex fusion of Swahili, Arab, Indian, and European influences; nan",Internal (DS/OUV),,18th and 19th centuries,Internal (DS/OUV),,Swahili / Coastal East African,Internal (DS/OUV),,"(ii) to exhibit an important interchange of human values, over a span of time or within a cultural area of the world, on developments in architecture or technology, monumental arts, town-planning or landscape design; | (iii) to bear a unique or at least exceptional testimony to a cultural tradition or to a civilization which is living or which has disappeared; | (vi) to be directly or tangibly associated with events or living traditions, with ideas, or with beliefs, with artistic and literary works of outstanding universal significance;",3,Internal (DS/OUV),,Coralline ragstone / Coral stone,Internal (DS/OUV),,Sedimentary Rock,,,Laterite,Internal (DS/OUV),,Coral rag / Nyumba za mawe material,External,"Salum, Salum & Chami, Maximilian. (2026). Reclaiming Darajani Creek: colonial sanitation, urban transformation, conservation and heritage memory in Stone Town of Zanzibar, a UNESCO World Heritage Site. Built Heritage. 10. 10.1186/s43238-026-00265-9. ",Na,,,,,,,,,,,,,,,,,,Local coastal coral reef exposures and shallow borrow pits / quarries across Unguja Island,External,"Salum, Salum & Chami, Maximilian. (2026). Reclaiming Darajani Creek: colonial sanitation, urban transformation, conservation and heritage memory in Stone Town of Zanzibar, a UNESCO World Heritage Site. Built Heritage. 10. 10.1186/s43238-026-00265-9. ",United Republic of Tanzania (Zanzibar / Unguja),Internal (DS/OUV),,Local,Internal (DS/OUV),,,,,"Primary load-bearing masonry walls for two-storey mansions, palaces, forts, and residential buildings",Internal (DS/OUV),,"Carved wooden doors, verandahs, and lime-plaster mouldings",Internal (DS/OUV),,"Coral ragstone set in thick lime mortar, encased in lime plaster and wash",Internal (DS/OUV),,"Salt aerosol attack, high atmospheric humidity, tropical moisture, and rainfall deterioration",Internal (DS/OUV),,Locally sourced coral ragstone and traditional lime mortars,Internal (DS/OUV),,Guided by the Stone Town Conservation and Development Authority (STCDA) Master Plan (1994) and Management Plan (2007) using traditional skills and materials,Internal (DS/OUV),,Moderate,,,Yes,"World Bank - Michenzani Green Corridor HIA Report

Limestone Resources of Tanzania: Geological Overview

Reclaiming Darajani Creek (Built Heritage / ResearchGate)",,,Tier 9: Unflagged,
567,Tiwanaku: Spiritual and Political Centre of the Tiwanaku Culture,Bolivia (Plurinational State of),https://whc.unesco.org/en/list/567,2000.0,-16.555003,-68.673278,"Civic-ceremonial centre, Temples, Pyramids, Monoliths, Palaces, Urban ceremonial capital; nan",Internal (DS/OUV),,400 A.D. – 900 A.D. (flourished); apogee between 500 A.D. and 900 A.D.; declined 11th century to 12th century,Internal (DS/OUV),,Tiwanaku Culture / Pre-Inca Andean civilization,Internal (DS/OUV),,"(iii) to bear a unique or at least exceptional testimony to a cultural tradition or to a civilization which is living or which has disappeared; | (iv) to be an outstanding example of a type of building, architectural or technological ensemble or landscape which illustrates (a) significant stage(s) in human history;",2,Internal (DS/OUV),,"Sandstone, Red Sandstone, Andesite, Adobe (mud brick)",Internal (DS/OUV),,Sedimentary Rock,,,,,,,,,,,,,,,,,,Red (for Red Sandstone),Internal (DS/OUV),,,,,,,,,,,,,,,,,,,,"Retaining walls (Akapana Pyramid clad in sandstone/andesite), pillars (Templete made of red sandstone), door frames/gateways (Gate of the Sun), steps, underground drainage canals",Internal (DS/OUV),,"Bas-relief frieze (Gate of the Sun depicting central deity and anthropomorphic birds), carved stone heads set into temple walls, carved monoliths",Internal (DS/OUV),,Impressive accurately carved ashlar stones; carved from single slabs (monolithic); polished stone materials,Internal (DS/OUV),,Adverse effect of climatic conditions,Internal (DS/OUV),,,,,"Systematic conservation, restoration, and physical stabilization measures required under the main plan (1999–2009)",Internal (DS/OUV),,Excellent,,,Yes,,,,Tier 9: Unflagged,
990,"Assisi, the Basilica of San Francesco and Other Franciscan Sites",Italy,https://whc.unesco.org/en/list/990,2000.0,43.06616667,12.62244444,"Umbrian hill town, medieval city, basilicas, sanctuaries, fort, hermitage sites; nan",Internal (DS/OUV),,"Ancient Roman origins, 13th century (medieval) through late 15th–18th centuries",Internal (DS/OUV),,"Umbrian-Roman, Medieval, Renaissance",Internal (DS/OUV),,"(i) to represent a masterpiece of human creative genius; | (ii) to exhibit an important interchange of human values, over a span of time or within a cultural area of the world, on developments in architecture or technology, monumental arts, town-planning or landscape design; | (iii) to bear a unique or at least exceptional testimony to a cultural tradition or to a civilization which is living or which has disappeared; | (iv) to be an outstanding example of a type of building, architectural or technological ensemble or landscape which illustrates (a) significant stage(s) in human history; | (vi) to be directly or tangibly associated with events or living traditions, with ideas, or with beliefs, with artistic and literary works of outstanding universal significance;",5,Internal (DS/OUV),,Limestone,Internal (DS/OUV),,Sedimentary Rock,,,,,,Assisi type of stone,Internal (DS/OUV),,,,,,,,,,,,,,,,,,,,Mount Subasio slopes (local hill context),Internal (DS/OUV),,Italy,,,Local,,,,,,"Walls, foundations, vaults, basilicas, fort (Rocca Maggiore), sanctuaries",,,,,,Stone construction / terraced Roman town foundation,Internal (DS/OUV),,,,,,,,Restoration works carried out following earthquake damage (e.g. collapse of parts of the vaults in the Basilica of San Francesco),,,Excellent,,,Yes,,,,Tier 9: Unflagged,
885,Historic Centre of Shakhrisyabz,Uzbekistan,https://whc.unesco.org/en/list/885,2000.0,39.05,66.83333,Secular / Medieval / Temurid Architectural Ensemble; nan,Internal (DS/OUV),,14th–16th Century (Apogee under Amir Temur & Temurids); Ak-Sarai Palace construction began 1380,Internal (DS/OUV),,Temurid Empire / Central Asian & Islamic,Internal (DS/OUV),,"(iii) to bear a unique or at least exceptional testimony to a cultural tradition or to a civilization which is living or which has disappeared; | (iv) to be an outstanding example of a type of building, architectural or technological ensemble or landscape which illustrates (a) significant stage(s) in human history;",2,Internal (DS/OUV),,"Marble, White Marble",,,Metamorphic Rock,,,,,,,,,Marble,,,,,,,,,White,,,,,,,,,,,,,,,,,,,,,"Gate foundations, Mausoleum/Tomb structures, City Walls, Cupola",Internal (DS/OUV),,"Façade facing (white marble), rich palace decoration",Internal (DS/OUV),,Traditional materials and techniques,Internal (DS/OUV),,Inroads of time; rising ground water level affecting physical integrity,,,,,,Care taken to ensure use of traditional materials and techniques,,,Good,,,Yes,,,,Tier 9: Unflagged,
1011,Cathedral and Churches of Echmiatsin and the Archaeological Site of Zvartnots,Armenia,https://whc.unesco.org/en/list/1011,2000.0,40.15931,44.29514,"Central-domed cross-hall type church, four-column domed basilica, three-aisled basilica, circular structure; nan",Internal (DS/OUV),,"AD 301–303 (Cathedral), AD 618 (St. Hripsime), AD 630 (St. Gayane), Middle of 7th century (Zvartnots), AD 1694 (St. Shoghakat), AD 1767 (St. Mariam Astvatsatsin)",Internal (DS/OUV),,Early Christian / Medieval Armenian,Internal (DS/OUV),,"(ii) to exhibit an important interchange of human values, over a span of time or within a cultural area of the world, on developments in architecture or technology, monumental arts, town-planning or landscape design; | (iii) to bear a unique or at least exceptional testimony to a cultural tradition or to a civilization which is living or which has disappeared;",2,Internal (DS/OUV),,Tuff (stone of volcanic origin),Internal (DS/OUV),,Igneous Rock,Internal (DS/OUV),,Marble,Internal (DS/OUV),,,,,"Tuff (volcanic ash/pyroclastic rock), Marble",Internal (DS/OUV),,,,,,,,Brown (well-processed tuff at St Shoghakat),Internal (DS/OUV),,,,,,,,,,,,,,,,,,,,"Walls, dome/roofing slabs, pillars, vaults, foundations, columns",Internal (DS/OUV),,"Internal marble painting surface (main apse fresco base), rich bas-reliefs and high-reliefs",Internal (DS/OUV),,Well-processed tuff blocks,Internal (DS/OUV),,,,,Lead roofing replaced by stone slabs (2000 AD),Internal (DS/OUV),,Roof and walls renovated in 1652; monastery renovated 1866–1882; dome stone slabs added in 2000,Internal (DS/OUV),,Good,Internal (DS/OUV),,,,,,Tier 9: Unflagged,
980,Historic and Architectural Complex of the Kazan Kremlin,Russian Federation,https://whc.unesco.org/en/list/980,2000.0,55.7994526626,49.1064602384,skipped; nan,,,,,,,,,"(ii) to exhibit an important interchange of human values, over a span of time or within a cultural area of the world, on developments in architecture or technology, monumental arts, town-planning or landscape design; | (iii) to bear a unique or at least exceptional testimony to a cultural tradition or to a civilization which is living or which has disappeared; | (iv) to be an outstanding example of a type of building, architectural or technological ensemble or landscape which illustrates (a) significant stage(s) in human history;",3,,,,,,,,,,,,,,,,,,,,,,,,,,,,,,,,,,,,,,,,,,,,,,,,,,,,,,,,,,,,,,,,,,No,,,,Tier 9: Unflagged,
1006,Neolithic Flint Mines at Spiennes (Mons),Belgium,https://whc.unesco.org/en/list/1006,2000.0,50.4201134823,3.9822689106,"Building, Monument, Plan, Structure; nan",,,Neolithic (from the last third of the 5th millennium until the first half of the 3rd millennium),Internal (DS/OUV),,Michelsberg culture,Internal (DS/OUV),,"(i) to represent a masterpiece of human creative genius; | (iii) to bear a unique or at least exceptional testimony to a cultural tradition or to a civilization which is living or which has disappeared; | (iv) to be an outstanding example of a type of building, architectural or technological ensemble or landscape which illustrates (a) significant stage(s) in human history;",3,Internal (DS/OUV),,"Chalk, Flint",Internal (DS/OUV),,Sedimentary Rock,,,,,,Flint,Internal (DS/OUV),,Flint nodules within chalk plateaux,Internal (DS/OUV),,Neolithic / Cretaceous chalk formations,Internal (DS/OUV),,Chalk plateaux to the south-east of the city of Mons,Internal (DS/OUV),,,,,,,,,,,Neolithic Flint Mines at Spiennes (Petit Spiennes / Camp à Cayaux),Internal (DS/OUV),,Belgium,Internal (DS/OUV),,Local,Internal (DS/OUV),,,,,"Production of tools, long blades, and axes to fell trees; underground galleries and vertical shafts",Internal (DS/OUV),,,,,"'Striking' technique (freeing from below with support of a central chalk wall, shoring up, and lowering)",Internal (DS/OUV),,,,,,,,Modern installations for comfort and security,Internal (DS/OUV),,Excellent,,,Yes,,,,Tier 9: Unflagged,
984,Blaenavon Industrial Landscape,United Kingdom of Great Britain and Northern Ireland,https://whc.unesco.org/en/list/984,2000.0,51.77638889,-3.088055556,"Industrial Landscape (Coal & iron mines, quarries, primitive railway system, furnaces, casting houses, workers' housing, water balance tower, church, workmen's hall, school); nan",Internal (DS/OUV),,"Late 18th Century to 19th Century (Furnaces c. 1789, St. Peter's Church 1804, Water Balance Tower 1839, Workmen's Hall 1894, Big Pit closed 1980)",Internal (DS/OUV),,British / Industrial Revolution (South Wales Industrial Era),Internal (DS/OUV),,"(iii) to bear a unique or at least exceptional testimony to a cultural tradition or to a civilization which is living or which has disappeared; | (iv) to be an outstanding example of a type of building, architectural or technological ensemble or landscape which illustrates (a) significant stage(s) in human history;",2,Internal (DS/OUV),,"Coal, Limestone, Fireclay, Iron Ore",Internal (DS/OUV),,Sedimentary Rock,,,"Fireclay, Iron Ore",Internal (DS/OUV),,,,,,,,,,,,,,,,,,,,,,,Mentioned local quarries in the surrounding landscape/valley,Internal (DS/OUV),,united kingdom,Internal (DS/OUV),,Local,Internal (DS/OUV),,,,,"Base of massive chimney, cast-iron pillars, water balance tower, furnaces, kilns, workers' housing, church, school, workmen's hall",Internal (DS/OUV),,,,,,,,,,,,,,"Extensive conservation work undertaken at Ironworks, Big Pit, town settlement, and landscape; St. Peter's School restored as WHS Interpretation Centre",Internal (DS/OUV),,Excellent,,,Yes,,,,Tier 9: Unflagged,
974,Monastic Island of Reichenau,Germany,https://whc.unesco.org/en/list/974,2000.0,47.69872222,9.061305556,skipped; bp,,,,,,,,,"(iii) to bear a unique or at least exceptional testimony to a cultural tradition or to a civilization which is living or which has disappeared; | (iv) to be an outstanding example of a type of building, architectural or technological ensemble or landscape which illustrates (a) significant stage(s) in human history; | (vi) to be directly or tangibly associated with events or living traditions, with ideas, or with beliefs, with artistic and literary works of outstanding universal significance;",3,,,,,,,,,,,,,,,,,,,,,,,,,,,,,,,,,,,,,,,,,,,,,,,,,,,,,,,,,,,,,,,,,,No,,bp,bp,Tier 8: Moderate Probability Stone Fabric (Possible),
976,Gyeongju Historic Areas,Republic of Korea,https://whc.unesco.org/en/list/976,2000.0,35.78889,129.22667,skipped; nan,,,,,,,,,"(ii) to exhibit an important interchange of human values, over a span of time or within a cultural area of the world, on developments in architecture or technology, monumental arts, town-planning or landscape design; | (iii) to bear a unique or at least exceptional testimony to a cultural tradition or to a civilization which is living or which has disappeared;",2,,,,,,,,,,,,,,,,,,,,,,,,,,,,,,,,,,,,,,,,,,,,,,,,,,,,,,,,,,,,,,,,,,No,,,,Tier 9: Unflagged,
973,Bardejov Town Conservation Reserve,Slovakia,https://whc.unesco.org/en/list/973,2000.0,49.2927777778,21.2755555556,skipped; nan,,,,,,,,,"(i) to represent a masterpiece of human creative genius; | (iii) to bear a unique or at least exceptional testimony to a cultural tradition or to a civilization which is living or which has disappeared; | (v) to be an outstanding example of a traditional human settlement, land-use, or sea-use which is representative of a culture (or cultures), or human interaction with the environment especially when it has become vulnerable under the impact of irreversible change;",3,,,,,,,,,,,,,,,,,,,,,,,,,,,,,,,,,,,,,,,,,,,,,,,,,,,,,,,,,,,,,,,,,,No,,,,Tier 9: Unflagged,
1003,Longmen Grottoes,China,https://whc.unesco.org/en/list/1003,2000.0,34.46666667,112.4666667,"Layout, Plan, Tang Dynasty, Traditional; nan",Internal (DS/OUV),,Late 5th century to mid-8th century (Late Northern Wei & Tang Dynasties),Internal (DS/OUV),,Late Northern Wei Dynasty and Tang Dynasty,Internal (DS/OUV),,"(i) to represent a masterpiece of human creative genius; | (ii) to exhibit an important interchange of human values, over a span of time or within a cultural area of the world, on developments in architecture or technology, monumental arts, town-planning or landscape design; | (iii) to bear a unique or at least exceptional testimony to a cultural tradition or to a civilization which is living or which has disappeared;",3,Internal (DS/OUV),,Limestone,Internal (DS/OUV),,Sedimentary Rock,,,,,,,,,,,,,,,,,,,,,,,,,,,,,,,,,Local (Carved directly into steep limestone cliffs on-site),Internal (DS/OUV),,,,,"Rock-cut caves, niches, and stupas carved into steep cliffs",Internal (DS/OUV),,"Relief carvings, stone statues, steles, and inscriptions",Internal (DS/OUV),,Stone carving / Rock-cut architecture,Internal (DS/OUV),,,,,,,,"Environmental monitoring, conservation materials, and deterioration control measures under ""The Conservation Plan of the Longmen Grottoes""",Internal (DS/OUV),,Good,,,Yes,,,,Tier 9: Unflagged,
853,Early Christian Necropolis of Pécs (Sopianae),Hungary,https://whc.unesco.org/en/list/853,2000.0,46.07444,18.22778,skipped; bhp,,,,,,,,,"(iii) to bear a unique or at least exceptional testimony to a cultural tradition or to a civilization which is living or which has disappeared; | (iv) to be an outstanding example of a type of building, architectural or technological ensemble or landscape which illustrates (a) significant stage(s) in human history;",2,,,,,,,,,,,,,,,,,,,,,,,,,,,,,,,,,,,,,,,,,,,,,,,,,,,,,,,,,,,,,,,,,,No,,bhp,bhp,Tier 7: High Probability Local Stone / Masonry (High Potential),
1004,Imperial Tombs of the Ming and Qing Dynasties,China,https://whc.unesco.org/en/list/1004,2000.0,41.70722222,124.7938889,skipped;; nan,,,,,,,,,"(i) to represent a masterpiece of human creative genius; | (ii) to exhibit an important interchange of human values, over a span of time or within a cultural area of the world, on developments in architecture or technology, monumental arts, town-planning or landscape design; | (iii) to bear a unique or at least exceptional testimony to a cultural tradition or to a civilization which is living or which has disappeared; | (iv) to be an outstanding example of a type of building, architectural or technological ensemble or landscape which illustrates (a) significant stage(s) in human history; | (vi) to be directly or tangibly associated with events or living traditions, with ideas, or with beliefs, with artistic and literary works of outstanding universal significance;",5,,,,,,,,,,,,,,,,,,,,,,,,,,,,,,,,,,,,,,,,,,,,,,,,,,,,,,,,,,,,,,,,,,No,,,,Tier 9: Unflagged,
971,Churches of Chiloé,Chile,https://whc.unesco.org/en/list/971,2000.0,-42.5,-73.76666667,skipped;; nan,,,,,,,,,"(ii) to exhibit an important interchange of human values, over a span of time or within a cultural area of the world, on developments in architecture or technology, monumental arts, town-planning or landscape design; | (iii) to bear a unique or at least exceptional testimony to a cultural tradition or to a civilization which is living or which has disappeared;",2,,,,,,,,,,,,,,,,,,,,,,,,,,,,,,,,,,,,,,,,,,,,,,,,,,,,,,,,,,,,,,,,,,No,,,,Tier 9: Unflagged,
1008,Archaeological Landscape of the First Coffee Plantations in the South-East of Cuba,Cuba,https://whc.unesco.org/en/list/1008,2000.0,20.03,-75.39138889,skipped; bp,,,,,,,,,"(iii) to bear a unique or at least exceptional testimony to a cultural tradition or to a civilization which is living or which has disappeared; | (iv) to be an outstanding example of a type of building, architectural or technological ensemble or landscape which illustrates (a) significant stage(s) in human history;",2,,,,,,,,,,,,,,,,,,,,,,,,,,,,,,,,,,,,,,,,,,,,,,,,,,,,,,,,,,,,,,,,,,No,,bp,bp,Tier 8: Moderate Probability Stone Fabric (Possible),
875,Archaeological Ensemble of Tarraco,Spain,https://whc.unesco.org/en/list/875,2000.0,41.11472222,1.259305556,Roman / Romanesque; nan,Internal (DS/OUV),,Republican period (3rd century BCE) to Early Christian Era,Internal (DS/OUV),,Roman,Internal (DS/OUV),,"(ii) to exhibit an important interchange of human values, over a span of time or within a cultural area of the world, on developments in architecture or technology, monumental arts, town-planning or landscape design; | (iii) to bear a unique or at least exceptional testimony to a cultural tradition or to a civilization which is living or which has disappeared;",2,Internal (DS/OUV),,Marble,Internal (DS/OUV),,,,,,,,,,,,,,,,,,,,,,,,,,,,,Mèdol quarry,Internal (DS/OUV),,spain,Internal (DS/OUV),,Both (Local quarry mentioned alongside imported marbles/materials from Rome),Internal (DS/OUV),,,,,"Building blocks, defensive walls, terraces, foundations",Internal (DS/OUV),,"Sculptural and architectural decoration, marbles",Internal (DS/OUV),,,,,,Internal (DS/OUV),,,,,,,,Good,,,Yes,,,,Tier 9: Unflagged,
1010,Land of Frankincense,Oman,https://whc.unesco.org/en/list/1010,2000.0,18.25333,53.64759,skipped; bvvvhp,,,,,,,,,"(iii) to bear a unique or at least exceptional testimony to a cultural tradition or to a civilization which is living or which has disappeared; | (iv) to be an outstanding example of a type of building, architectural or technological ensemble or landscape which illustrates (a) significant stage(s) in human history;",2,,,,,,,,,,,,,,,,,,,,,,,,,,,,,,,,,,,,,,,,,,,,,,,,,,,,,,,,,,,,,,,,,,No,,bvvvhp,bvvvhp,Tier 4: Exceptional Stone Fortress / Cathedral / Mosque (3-v Very Very High),
977,"Gochang, Hwasun and Ganghwa Dolmen Sites",Republic of Korea,https://whc.unesco.org/en/list/977,2000.0,34.96667,126.92917,skipped; bvvvvhp,,,,,,,,,(iii) to bear a unique or at least exceptional testimony to a cultural tradition or to a civilization which is living or which has disappeared;,1,,,,,,,,,,,,,,,,,,,,,,,,,,,,,,,,,,,,,,,,,,,,,,,,,,,,,,,,,,,,,,,,,,No,,bvvvvhp,bvvvvhp,Tier 3: Monumental Megalithic / Sanctuary Architecture (4-v Very Very Very High),
1002,Ancient Villages in Southern Anhui – Xidi and Hongcun,China,https://whc.unesco.org/en/list/1002,2000.0,29.90444444,117.9875,skipped; bvhp,,,,,,,,,"(iii) to bear a unique or at least exceptional testimony to a cultural tradition or to a civilization which is living or which has disappeared; | (iv) to be an outstanding example of a type of building, architectural or technological ensemble or landscape which illustrates (a) significant stage(s) in human history; | (v) to be an outstanding example of a traditional human settlement, land-use, or sea-use which is representative of a culture (or cultures), or human interaction with the environment especially when it has become vulnerable under the impact of irreversible change;",3,,,,,,,,,,,,,,,,,,,,,,,,,,,,,,,,,,,,,,,,,,,,,,,,,,,,,,,,,,,,,,,,,,No,,bvhp,bvhp,Tier 6: High Probability Ashlar / Urban Core (1-v Very High),
613,Ruins of León Viejo,Nicaragua,https://whc.unesco.org/en/list/613,2000.0,12.40047,-86.616336,skipped; bvvvhp,,,,,,,,,"(iii) to bear a unique or at least exceptional testimony to a cultural tradition or to a civilization which is living or which has disappeared; | (iv) to be an outstanding example of a type of building, architectural or technological ensemble or landscape which illustrates (a) significant stage(s) in human history;",2,,,,,,,,,,,,,,,,,,,,,,,,,,,,,,,,,,,,,,,,,,,,,,,,,,,,,,,,,,,,,,,,,,No,,bvvvhp,bvvvhp,Tier 4: Exceptional Stone Fortress / Cathedral / Mosque (3-v Very Very High),
972,Gusuku Sites and Related Properties of the Kingdom of Ryukyu,Japan,https://whc.unesco.org/en/list/972,2000.0,26.20861111,127.6827778,skipped; bp,,,,,,,,,"(ii) to exhibit an important interchange of human values, over a span of time or within a cultural area of the world, on developments in architecture or technology, monumental arts, town-planning or landscape design; | (iii) to bear a unique or at least exceptional testimony to a cultural tradition or to a civilization which is living or which has disappeared; | (vi) to be directly or tangibly associated with events or living traditions, with ideas, or with beliefs, with artistic and literary works of outstanding universal significance;",3,,,,,,,,,,,,,,,,,,,,,,,,,,,,,,,,,,,,,,,,,,,,,,,,,,,,,,,,,,,,,,,,,,No,,bp,bp,Tier 8: Moderate Probability Stone Fabric (Possible),
989,Archaeological Site of Atapuerca,Spain,https://whc.unesco.org/en/list/989,2000.0,42.3497222222,-3.5152777778,Skipped; bvvvhp,Internal (DS/OUV),,"Earliest human communities in Europe, Prehistoric Times (Paleolithic, Neolithic, Bronze Age, Iron Age) to the Middle Ages.",Internal (DS/OUV),,,,,"(iii) to bear a unique or at least exceptional testimony to a cultural tradition or to a civilization which is living or which has disappeared; | (v) to be an outstanding example of a traditional human settlement, land-use, or sea-use which is representative of a culture (or cultures), or human interaction with the environment especially when it has become vulnerable under the impact of irreversible change;",2,,,,,,,,,,,,,,,,,,,,,,,,,,,,,,,,,,,,,,,,,,,,,,,,,,,,,,,,,,,,,,,,,,No,,,,,
907,Villa Adriana (Tivoli),Italy,https://whc.unesco.org/en/list/907,1999.0,41.94416667,12.77197222,Imperial Roman Classical Architecture; nan,Internal (DS/OUV),,"2nd century A.D. (117 – 138 A.D., reign of Emperor Hadrian)",Internal (DS/OUV),,Ancient Roman / Early Roman Empire,Internal (DS/OUV),,"(i) to represent a masterpiece of human creative genius; | (ii) to exhibit an important interchange of human values, over a span of time or within a cultural area of the world, on developments in architecture or technology, monumental arts, town-planning or landscape design; | (iii) to bear a unique or at least exceptional testimony to a cultural tradition or to a civilization which is living or which has disappeared;",3,Internal (DS/OUV),,"Cipollino Marble (Marmor Carystium), Granite, Marble, Travertine (Lapis Tiburtinus), Tufa",Internal (DS/OUV),,Metamorphic Rock,,,"Pavonazzetto, Porfido Rosso (Red Porphyry), Proconnesian Marble",,,,,,,,,,,,,,,Greenish-white with dark green bands (Cipollino); Grey/Pink/Red (Granite); Light beige to cream (Travertine),Internal (DS/OUV),,,,,,,,Euboea/Carystos quarries (Cipollino); Aswan quarries (Egyptian Granite); Tivoli / Barco quarries (Travertine & Tufa),Internal (DS/OUV),,"Italy (Local Travertine/Tufa), Greece (Cipollino Marble), Egypt (Granite)",Internal (DS/OUV),,Both: Travertine and Tufa are Local; Cipollino Marble and Egyptian Granite are Imported,Internal (DS/OUV),,,,,"Structural piers, load-bearing walls, foundations, and vaults (Tufa and Travertine); load-bearing columns (Travertine & Granite)",Internal (DS/OUV),,"Peristyle column shafts (Cipollino marble and Egyptian granite), floor pavements (opus sectile), wall revetments, porticos, and decorative statues",Internal (DS/OUV),,"Opus reticulatum, opus mixtum, opus testaceum (brick-faced concrete core), and opus quadratum (travertine ashlar block masonry)",Internal (DS/OUV),,"Atmospheric weathering, carbonate dissolution, biological growth, and material degradation from past exposure/neglect",Internal (DS/OUV),,,,,"Partial anastylosis, continuous consolidation, and structural preservation carried out under the Restoration Charter and the Italian Codice dei beni culturali e del Paesaggio",Internal (DS/OUV),,Good,Internal (DS/OUV),,Yes,"• ICOMOS Advisory Body Evaluation - Villa Adriana (Tivoli)


• Scientific studies on Roman building stone provenance published via the Italian Journal of Geosciences.",,,Tier 9: Unflagged,
942,The Historic Centre (Chorá) with the Monastery of Saint-John the Theologian and the Cave of the Apocalypse on the Island of Pátmos,Greece,https://whc.unesco.org/en/list/942,1999.0,37.3,26.55,"skipped, but promising; nan",,,,,,,,,"(iii) to bear a unique or at least exceptional testimony to a cultural tradition or to a civilization which is living or which has disappeared; | (iv) to be an outstanding example of a type of building, architectural or technological ensemble or landscape which illustrates (a) significant stage(s) in human history; | (vi) to be directly or tangibly associated with events or living traditions, with ideas, or with beliefs, with artistic and literary works of outstanding universal significance;",3,,,,,,,,,,,,,,,,,,,,,,,,,,,,,,,,,,,,,,,,,,,,,,,,,,,,,,,,,,,,,,,,,,,,,,Tier 9: Unflagged,
910,Brimstone Hill Fortress National Park,Saint Kitts and Nevis,https://whc.unesco.org/en/list/910,1999.0,17.34694,-62.83722,Military architecture / Fortress / Citadel (Polygonal System); nan,Internal (DS/OUV),,"17th and 18th centuries (Evolved starting in 1690, Citadel completed end of 1700s, served until 1853)",Internal (DS/OUV),,British (built by African slave labour) / European colonial,Internal (DS/OUV),,"(iii) to bear a unique or at least exceptional testimony to a cultural tradition or to a civilization which is living or which has disappeared; | (iv) to be an outstanding example of a type of building, architectural or technological ensemble or landscape which illustrates (a) significant stage(s) in human history;",2,Internal (DS/OUV),,"Basalt, Limestone",Internal (DS/OUV),,Igneous Rock,,,,,,,,,"Basalt, Limestone",,,,,,,,,,,,,,,,,,Quarries on the middle and lower slopes of the hill,Internal (DS/OUV),,Saint Kitts and Nevis (Island of St. Christopher / St. Kitts),Internal (DS/OUV),,Local,,,,,,"Dressed stone (basalt) blocks with a rubble core used for principal structures (bastions, barracks, retaining walls, Citadel)",Internal (DS/OUV),,Local limestone used as a decorative element for quoins and for facing round doorways and embrasures,Internal (DS/OUV),,Dressed stone blocks with a rubble core; traditional working techniques; mortars prepared with Portland cement mixed with lime,Internal (DS/OUV),,"Rock falls, land slippage, and heavy rainfall impact",Internal (DS/OUV),,New stone worked according to traditional techniques,Internal (DS/OUV),,"Stabilization, restoration, and reconstruction projects (e.g., discrete use of modern materials like Portland cement mixed with lime in recommended proportions, timber reconstructions)",Internal (DS/OUV),,Good,Internal (DS/OUV),,Yes,,,,Tier 9: Unflagged,
906,Dacian Fortresses of the Orastie Mountains,Romania,https://whc.unesco.org/en/list/906,1999.0,45.62305556,23.31194444,OUV Absent; nan,,,,,,,,,"(ii) to exhibit an important interchange of human values, over a span of time or within a cultural area of the world, on developments in architecture or technology, monumental arts, town-planning or landscape design; | (iii) to bear a unique or at least exceptional testimony to a cultural tradition or to a civilization which is living or which has disappeared; | (iv) to be an outstanding example of a type of building, architectural or technological ensemble or landscape which illustrates (a) significant stage(s) in human history;",3,,,,,,,,,,,,,,,,,,,,,,,,,,,,,,,,,,,,,,,,,,,,,,,,,,,,,,,,,,,,,,,,,,No,,,,Tier 9: Unflagged,
902,Historic Centre of Sighişoara,Romania,https://whc.unesco.org/en/list/902,1999.0,46.21777778,24.79222222,OUV Absent; nan,,,,,,,,,"(iii) to bear a unique or at least exceptional testimony to a cultural tradition or to a civilization which is living or which has disappeared; | (v) to be an outstanding example of a traditional human settlement, land-use, or sea-use which is representative of a culture (or cultures), or human interaction with the environment especially when it has become vulnerable under the impact of irreversible change;",2,,,,,,,,,,,,,,,,,,,,,,,,,,,,,,,,,,,,,,,,,,,,,,,,,,,,,,,,,,,,,,,,,,No,,,,Tier 9: Unflagged,
579,Bronze Age Burial Site of Sammallahdenmäki,Finland,https://whc.unesco.org/en/list/579,1999.0,61.12056,21.7775,"Burial cairns, structures, quadrangular cairn (""Church Floor""); nan",Internal (DS/OUV),,Bronze Age to Early Iron Age (1500–500 B.C.),Internal (DS/OUV),,Scandinavian / Western Bronze Age Culture,Internal (DS/OUV),,"(iii) to bear a unique or at least exceptional testimony to a cultural tradition or to a civilization which is living or which has disappeared; | (iv) to be an outstanding example of a type of building, architectural or technological ensemble or landscape which illustrates (a) significant stage(s) in human history;",2,Internal (DS/OUV),,Granite,Internal (DS/OUV),,Igneous Rock,Internal (DS/OUV),,,,,,,,Granite boulders,Internal (DS/OUV),,,,,,,,,,,,,,,,,Cliff face below the crest of the ridge,Internal (DS/OUV),,Finland,Internal (DS/OUV),,Local (quarried from cliff face or collected on-site),Internal (DS/OUV),,Immediate / On-site,Internal (DS/OUV),,Construction of burial cairns and landmarks,Internal (DS/OUV),,,,,Dry stone / Unfilled stone cairns (no earth fill),Internal (DS/OUV),,,,,,,,Careful restoration carried out following scientific excavations,,,Excellent,,,Yes,,,,Tier 9: Unflagged,
939,Archaeological Monuments Zone of Xochicalco,Mexico,https://whc.unesco.org/en/list/939,1999.0,18.803972,-99.29639,Skipped; promised; nan,,,,,,,,,"(iii) to bear a unique or at least exceptional testimony to a cultural tradition or to a civilization which is living or which has disappeared; | (iv) to be an outstanding example of a type of building, architectural or technological ensemble or landscape which illustrates (a) significant stage(s) in human history;",2,,,,,,,,,,,,,,,,,,,,,,,,,,,,,,,,,,,,,,,,,,,,,,,,,,,,,,,,,,,,,,,,,,No,,,,Tier 9: Unflagged,
949,My Son Sanctuary,Viet Nam,https://whc.unesco.org/en/list/949,1999.0,15.773843,108.109169,Tower-temples (Religious and political capital of the Champa Kingdom); Architectural ensemble; nan,Internal (DS/OUV),,4th to 13th centuries CE,Internal (DS/OUV),,Champa Kingdom (Cham civilization / Dua Clan),Internal (DS/OUV),,"(ii) to exhibit an important interchange of human values, over a span of time or within a cultural area of the world, on developments in architecture or technology, monumental arts, town-planning or landscape design; | (iii) to bear a unique or at least exceptional testimony to a cultural tradition or to a civilization which is living or which has disappeared;",2,Internal (DS/OUV),,Sandstone (used for pillars and carved bas-reliefs),Internal (DS/OUV),,,,,,,,,,,,,,,,,,,,,,,,,,,,,,,,,,,,,,,,,"Fired brick (main construction), Stone pillars",Internal (DS/OUV),,"Sandstone bas-reliefs (depicting scenes from Hindu mythology), Intricate carved-brick decorations",Internal (DS/OUV),,Brick construction with stone elements,Internal (DS/OUV),,Severe climatic conditions (flooding and high humidity),Internal (DS/OUV),,,,,Historical interventions under French and Polish expert guidance; Ongoing conservation by national and international teams,Internal (DS/OUV),,Moderate,,,Yes,,,,Tier 9: Unflagged,
932,Jurisdiction of Saint-Emilion,France,https://whc.unesco.org/en/list/932,1999.0,44.89472222,-0.1552777778,skipped; bhp,,,,,,,,,"(iii) to bear a unique or at least exceptional testimony to a cultural tradition or to a civilization which is living or which has disappeared; | (iv) to be an outstanding example of a type of building, architectural or technological ensemble or landscape which illustrates (a) significant stage(s) in human history;",2,,,,,,,,,,,,,,,,,,,,,,,,,,,,,,,,,,,,,,,,,,,,,,,,,,,,,,,,,,,,,,,,,,No,,bhp,bhp,Tier 7: High Probability Local Stone / Masonry (High Potential),
886,State Historical and Cultural Park “Ancient Merv”,Turkmenistan,https://whc.unesco.org/en/list/886,1999.0,37.70083,62.1775,skipped; bvvvhp,,,,,,,,,"(ii) to exhibit an important interchange of human values, over a span of time or within a cultural area of the world, on developments in architecture or technology, monumental arts, town-planning or landscape design; | (iii) to bear a unique or at least exceptional testimony to a cultural tradition or to a civilization which is living or which has disappeared;",2,,,,,,,,,,,,,,,,,,,,,,,,,,,,,,,,,,,,,,,,,,,,,,,,,,,,,,,,,,,,,,,,,,No,,bvvvhp,bvvvhp,Tier 4: Exceptional Stone Fortress / Cathedral / Mosque (3-v Very Very High),
514,Heart of Neolithic Orkney,United Kingdom of Great Britain and Northern Ireland,https://whc.unesco.org/en/list/514,1999.0,58.99605556,-3.188666667,skipped; bvvvvhp,,,,,,,,,"(i) to represent a masterpiece of human creative genius; | (ii) to exhibit an important interchange of human values, over a span of time or within a cultural area of the world, on developments in architecture or technology, monumental arts, town-planning or landscape design; | (iii) to bear a unique or at least exceptional testimony to a cultural tradition or to a civilization which is living or which has disappeared; | (iv) to be an outstanding example of a type of building, architectural or technological ensemble or landscape which illustrates (a) significant stage(s) in human history;",4,,,,,,,,,,,,,,,,,,,,,,,,,,,,,,,,,,,,,,,,,,,,,,,,,,,,,,,,,,,,,,,,,,No,,bvvvvhp,bvvvvhp,Tier 3: Monumental Megalithic / Sanctuary Architecture (4-v Very Very Very High),
941,Archaeological Sites of Mycenae and Tiryns,Greece,https://whc.unesco.org/en/list/941,1999.0,37.73333333,22.75,skipped; bvvvhp,,,,,,,,,"(i) to represent a masterpiece of human creative genius; | (ii) to exhibit an important interchange of human values, over a span of time or within a cultural area of the world, on developments in architecture or technology, monumental arts, town-planning or landscape design; | (iii) to bear a unique or at least exceptional testimony to a cultural tradition or to a civilization which is living or which has disappeared; | (iv) to be an outstanding example of a type of building, architectural or technological ensemble or landscape which illustrates (a) significant stage(s) in human history; | (vi) to be directly or tangibly associated with events or living traditions, with ideas, or with beliefs, with artistic and literary works of outstanding universal significance;",5,,,,,,,,,,,,,,,,,,,,,,,,,,,,,,,,,,,,,,,,,,,,,,,,,,,,,,,,,,,,,,,,,,No,,bvvvhp,bvvvhp,Tier 4: Exceptional Stone Fortress / Cathedral / Mosque (3-v Very Very High),
938,Sukur Cultural Landscape,Nigeria,https://whc.unesco.org/en/list/938,1999.0,10.74056,13.57194,skipped; images absent; nan,,,,,,,,,"(iii) to bear a unique or at least exceptional testimony to a cultural tradition or to a civilization which is living or which has disappeared; | (v) to be an outstanding example of a traditional human settlement, land-use, or sea-use which is representative of a culture (or cultures), or human interaction with the environment especially when it has become vulnerable under the impact of irreversible change; | (vi) to be directly or tangibly associated with events or living traditions, with ideas, or with beliefs, with artistic and literary works of outstanding universal significance;",3,,,,,,,,,,,,,,,,,,,,,,,,,,,,,,,,,,,,,,,,,,,,,,,,,,,,,,,,,,,,,,,,,,No,,,,Tier 9: Unflagged,
912,Dazu Rock Carvings,China,https://whc.unesco.org/en/list/912,1999.0,29.70111,105.705,skipped; bvvvvhp,,,,,,,,,"(i) to represent a masterpiece of human creative genius; | (ii) to exhibit an important interchange of human values, over a span of time or within a cultural area of the world, on developments in architecture or technology, monumental arts, town-planning or landscape design; | (iii) to bear a unique or at least exceptional testimony to a cultural tradition or to a civilization which is living or which has disappeared;",3,,,,,,,,,,,,,,,,,,,,,,,,,,,,,,,,,,,,,,,,,,,,,,,,,,,,,,,,,,,,,,,,,,No,,bvvvvhp,bvvvvhp,Tier 3: Monumental Megalithic / Sanctuary Architecture (4-v Very Very Very High),
897,Wartburg Castle,Germany,https://whc.unesco.org/en/list/897,1999.0,50.96677778,10.307,skipped; bvvhp,,,,,,,,,"(iii) to bear a unique or at least exceptional testimony to a cultural tradition or to a civilization which is living or which has disappeared; | (vi) to be directly or tangibly associated with events or living traditions, with ideas, or with beliefs, with artistic and literary works of outstanding universal significance;",2,,,,,,,,,,,,,,,,,,,,,,,,,,,,,,,,,,,,,,,,,,,,,,,,,,,,,,,,,,,,,,,,,,No,,bvvhp,bvvhp,Tier 5: Major Ashlar Masonry / Imperial Ruins (2-v Very High),
916,Robben Island,South Africa,https://whc.unesco.org/en/list/916,1999.0,-33.8,18.36666667,skipped; bp,,,,,,,,,"(iii) to bear a unique or at least exceptional testimony to a cultural tradition or to a civilization which is living or which has disappeared; | (vi) to be directly or tangibly associated with events or living traditions, with ideas, or with beliefs, with artistic and literary works of outstanding universal significance;",2,,,,,,,,,,,,,,,,,,,,,,,,,,,,,,,,,,,,,,,,,,,,,,,,,,,,,,,,,,,,,,,,,,No,,bp,bp,Tier 8: Moderate Probability Stone Fabric (Possible),
915,Fossil Hominid Sites of South Africa,South Africa,https://whc.unesco.org/en/list/915,1999.0,-24.15861,29.17694,"Paleontological site; Plan, Structure, Pinnacle, Caves, Rocky Outcrops; nan",Internal (DS/OUV),,4.5 million to 1 million years ago (Hominid occupation era),Internal (DS/OUV),,"Early hominids (Australopithecus africanus, Paranthropus)",Internal (DS/OUV),,"(iii) to bear a unique or at least exceptional testimony to a cultural tradition or to a civilization which is living or which has disappeared; | (vi) to be directly or tangibly associated with events or living traditions, with ideas, or with beliefs, with artistic and literary works of outstanding universal significance;",2,Internal (DS/OUV),,"Breccia, Dolomitic Limestone, Limestone",Internal (DS/OUV),,,,,,,,,,,,,,Pliocene (Faunal evolution predating hominid occupation),Internal (DS/OUV),,,,,,,,,,,,,,Limestone quarry at Dart Pinnacle,Internal (DS/OUV),,South Africa,Internal (DS/OUV),,Local (natural settings and caves),Internal (DS/OUV),,,,,Natural caves and cave fillings preserving fossils,Internal (DS/OUV),,,,,,,,,,,,,,,,,Good,,,No,,,,Tier 9: Unflagged,
936,"Cueva de las Manos, Río Pinturas",Argentina,https://whc.unesco.org/en/list/936,1999.0,-47.15,-70.66666667,"Cave, Rock shelter; nan",Internal (DS/OUV),,"13,000–9,500 years ago; Artistic sequence from 10th millennium BP to AD 700.",Internal (DS/OUV),,Earliest South American hunter-gatherer groups / Ancestors of Tehuelche people,Internal (DS/OUV),,(iii) to bear a unique or at least exceptional testimony to a cultural tradition or to a civilization which is living or which has disappeared;,1,Internal (DS/OUV),,"Rock (Specifically mentioned as cave walls, rock shelters, and stable rock strata)",Internal (DS/OUV),,,,,Mineral Pigments,Internal (DS/OUV),,,,,,,,,,,,,,"Red, purple, white, yellow, black (Referencing the pigments)",Internal (DS/OUV),,,,,"Iron oxides, kaolin, natrojarosite, manganese oxide",Internal (DS/OUV),,,,,,,,,,,,,,Rock shelter screening / Cave structure,Internal (DS/OUV),,Natural canvas for rock art and stencilled outlines,Internal (DS/OUV),,,,,"Protected by very low humidity, no water infiltration, and stable rock strata.",Internal (DS/OUV),,,,,,,,Excellent,,,Yes,,,,Tier 9: Unflagged,
880,"Summer Palace, an Imperial Garden in Beijing",China,https://whc.unesco.org/en/list/880,1998.0,39.91055556,116.1411111,skipped; nan,,,,,,,,,"(i) to represent a masterpiece of human creative genius; | (ii) to exhibit an important interchange of human values, over a span of time or within a cultural area of the world, on developments in architecture or technology, monumental arts, town-planning or landscape design; | (iii) to bear a unique or at least exceptional testimony to a cultural tradition or to a civilization which is living or which has disappeared;",3,,,,,,,,,,,,,,,,,,,,,,,,,,,,,,,,,,,,,,,,,,,,,,,,,,,,,,,,,,,,,,,,,,No,,,,Tier 9: Unflagged,
856,"The Four Lifts on the Canal du Centre and their Environs, La Louvière and Le Roeulx (Hainaut)",Belgium,https://whc.unesco.org/en/list/856,1998.0,50.48111,4.13722,skipped; nan,,,,,,,,,"(iii) to bear a unique or at least exceptional testimony to a cultural tradition or to a civilization which is living or which has disappeared; | (iv) to be an outstanding example of a type of building, architectural or technological ensemble or landscape which illustrates (a) significant stage(s) in human history;",2,,,,,,,,,,,,,,,,,,,,,,,,,,,,,,,,,,,,,,,,,,,,,,,,,,,,,,,,,,,,,,,,,,No,,,,Tier 9: Unflagged,
848,Choirokoitia,Cyprus,https://whc.unesco.org/en/list/848,1998.0,34.7967406661,33.3439431453,Circular houses / Aceramic Neolithic proto-urban settlement; nan,Internal (DS/OUV),,7th to 4th millennium B.C. (Aceramic Neolithic),Internal (DS/OUV),,Aceramic Neolithic of Cyprus (Near East origins),Internal (DS/OUV),,"(ii) to exhibit an important interchange of human values, over a span of time or within a cultural area of the world, on developments in architecture or technology, monumental arts, town-planning or landscape design; | (iii) to bear a unique or at least exceptional testimony to a cultural tradition or to a civilization which is living or which has disappeared; | (iv) to be an outstanding example of a type of building, architectural or technological ensemble or landscape which illustrates (a) significant stage(s) in human history;",3,Internal (DS/OUV),,"Flint; Mudbrick and Stone (general stone walling, rammed earthen floors)",Internal (DS/OUV),,Igneous Rock,,,Flint (used for tools),,,,,,,,,,,,,,,,,,,,,,,,,,,,,,Local (Maroni River valley vicinity mentioned for setting),Internal (DS/OUV),,,,,"Circular houses, protective/defence enclosures, and perimeter walls",Internal (DS/OUV),,Anthropomorphic figurines in stone,Internal (DS/OUV),,Circular dry-stone and mudbrick walling with rammed earthen floors,Internal (DS/OUV),,,,,,,,Consolidation of construction materials; temporary shelters erected for protection; off-site reconstruction of 5 houses and a defence wall section.,Internal (DS/OUV),,Excellent,,,Yes,,,,Tier 9: Unflagged,
825,Archaeological Area and the Patriarchal Basilica of Aquileia,Italy,https://whc.unesco.org/en/list/825,1998.0,45.76833333,13.3675,skipped; promising; nan,,,,,,,,,"(iii) to bear a unique or at least exceptional testimony to a cultural tradition or to a civilization which is living or which has disappeared; | (iv) to be an outstanding example of a type of building, architectural or technological ensemble or landscape which illustrates (a) significant stage(s) in human history; | (vi) to be directly or tangibly associated with events or living traditions, with ideas, or with beliefs, with artistic and literary works of outstanding universal significance;",3,,,,,,,,,,,,,,,,,,,,,,,,,,,,,,,,,,,,,,,,,,,,,,,,,,,,,,,,,,,,,,,,,,No,,,,Tier 9: Unflagged,
842,"Cilento and Vallo di Diano National Park with the Archeological Sites of Paestum and Velia, and the Certosa di Padula",Italy,https://whc.unesco.org/en/list/842,1998.0,40.28333333,15.26666667,skipped; very very highly promissed; nan,,,,,,,,,"(iii) to bear a unique or at least exceptional testimony to a cultural tradition or to a civilization which is living or which has disappeared; | (iv) to be an outstanding example of a type of building, architectural or technological ensemble or landscape which illustrates (a) significant stage(s) in human history;",2,,,,,,,,,,,,,,,,,,,,,,,,,,,,,,,,,,,,,,,,,,,,,,,,,,,,,,,,,,,,,,,,,,No,,,,Tier 9: Unflagged,
850,Ouadi Qadisha (the Holy Valley) and the Forest of the Cedars of God (Horsh Arz el-Rab),Lebanon,https://whc.unesco.org/en/list/850,1998.0,34.2538888889,36.9511111111,skipped; bvvvhp,,,,,,,,,"(iii) to bear a unique or at least exceptional testimony to a cultural tradition or to a civilization which is living or which has disappeared; | (iv) to be an outstanding example of a type of building, architectural or technological ensemble or landscape which illustrates (a) significant stage(s) in human history;",2,,,,,,,,,,,,,,,,,,,,,,,,,,,,,,,,,,,,,,,,,,,,,,,,,,,,,,,,,,,,,,,,,,No,,bvvvhp,bvvvhp,Tier 4: Exceptional Stone Fortress / Cathedral / Mosque (3-v Very Very High),
883,Fuerte de Samaipata,Bolivia (Plurinational State of),https://whc.unesco.org/en/list/883,1998.0,-18.178323,-63.820485,"Urban settlement, ceremonial centre, administrative/residential district; nan",Internal (DS/OUV),,AD 300 to 16th Century,Internal (DS/OUV),,"Mojocoyas culture, Inca, Spanish Colonial",Internal (DS/OUV),,"(ii) to exhibit an important interchange of human values, over a span of time or within a cultural area of the world, on developments in architecture or technology, monumental arts, town-planning or landscape design; | (iii) to bear a unique or at least exceptional testimony to a cultural tradition or to a civilization which is living or which has disappeared;",2,Internal (DS/OUV),,Sandstone,Internal (DS/OUV),,Sedimentary Rock,,,,,,,,,Sandstone,Internal (DS/OUV),,,,,,,,red,Internal (DS/OUV),,,,,,,,,,,,,,Local (Carved directly into the rock outcrop/hill),Internal (DS/OUV),,,,,"Base, Wall, Public Buildings, Temples, Terraces, Platform, Courtyard",Internal (DS/OUV),,"Relief carvings (felines, parallel channels/zigzag ""El Dorso de la Serpiente"", geometric shapes, niches, canals)",Internal (DS/OUV),,"High-relief carving on live rock, dry stone masonry (lower walls of Casa Colonial & Inca walls)",Internal (DS/OUV),,"Environmental factors, natural degradation, weathering",Internal (DS/OUV),,,,,Systematic restoration of archaeological warehouses & rock surface treatment definition,Internal (DS/OUV),,Excellent,,,Yes,,,,Tier 9: Unflagged,
849,Archaeological Site of Troy,Türkiye,https://whc.unesco.org/en/list/849,1998.0,39.95644,26.239,OUV Absent; nan,,,,,,,,,"(ii) to exhibit an important interchange of human values, over a span of time or within a cultural area of the world, on developments in architecture or technology, monumental arts, town-planning or landscape design; | (iii) to bear a unique or at least exceptional testimony to a cultural tradition or to a civilization which is living or which has disappeared; | (vi) to be directly or tangibly associated with events or living traditions, with ideas, or with beliefs, with artistic and literary works of outstanding universal significance;",3,,,,,,,,,,,,,,,,,,,,,,,,,,,,,,,,,,,,,,,,,,,,,,,,,,,,,,,,,,,,,,,,,,No,,,,Tier 9: Unflagged,
560,"Archaeological Zone of Paquimé, Casas Grandes",Mexico,https://whc.unesco.org/en/list/560,1998.0,30.367128,-107.948122,"Earthen architecture, residential buildings/structures, ceremonial monuments with masonry coatings, facades with porticos; nan",Internal (DS/OUV),,Development: 700–1475 AD (Apogee: 14th and 15th centuries),Internal (DS/OUV),,Paquimé / Casas Grandes Culture (Pueblo & Mesoamerican influence),Internal (DS/OUV),,"(iii) to bear a unique or at least exceptional testimony to a cultural tradition or to a civilization which is living or which has disappeared; | (iv) to be an outstanding example of a type of building, architectural or technological ensemble or landscape which illustrates (a) significant stage(s) in human history;",2,Internal (DS/OUV),,Adobe (unfired clay) as predominant material; Stone (unspecified) for specific uses,Internal (DS/OUV),,,,,,,,,,,,,,,,,,,,,,,,,,,,,,,,,,,Local (earthen/clay materials of the same nature and properties as the original),Internal (DS/OUV),,,,,"Living rooms, workshops, stores, residential walls, multi-story buildings, ceremonial monuments",Internal (DS/OUV),,"Architectural finishes, T-shaped doors, facades with porticos",Internal (DS/OUV),,"Earthen architecture with masonry coatings, lining of pits with stone",Internal (DS/OUV),,Decay due to natural weathering and exposure,Internal (DS/OUV),,,,,Re-rendering original walls with earthen materials of the same nature as a sacrificial layer,Internal (DS/OUV),,Good,,,No,,,,Tier 9: Unflagged,
881,Temple of Heaven: an Imperial Sacrificial Altar in Beijing,China,https://whc.unesco.org/en/list/881,1998.0,39.84555556,116.4447222,skipped; bp,,,,,,,,,"(i) to represent a masterpiece of human creative genius; | (ii) to exhibit an important interchange of human values, over a span of time or within a cultural area of the world, on developments in architecture or technology, monumental arts, town-planning or landscape design; | (iii) to bear a unique or at least exceptional testimony to a cultural tradition or to a civilization which is living or which has disappeared;",3,,,,,,,,,,,,,,,,,,,,,,,,,,,,,,,,,,,,,,,,,,,,,,,,,,,,,,,,,,,,,,,,,,No,,bp,bp,Tier 8: Moderate Probability Stone Fabric (Possible),
870,Historic Monuments of Ancient Nara,Japan,https://whc.unesco.org/en/list/870,1998.0,34.67555556,135.8394444,skipped; bp,,,,,,,,,"(ii) to exhibit an important interchange of human values, over a span of time or within a cultural area of the world, on developments in architecture or technology, monumental arts, town-planning or landscape design; | (iii) to bear a unique or at least exceptional testimony to a cultural tradition or to a civilization which is living or which has disappeared; | (iv) to be an outstanding example of a type of building, architectural or technological ensemble or landscape which illustrates (a) significant stage(s) in human history; | (vi) to be directly or tangibly associated with events or living traditions, with ideas, or with beliefs, with artistic and literary works of outstanding universal significance;",4,,,,,,,,,,,,,,,,,,,,,,,,,,,,,,,,,,,,,,,,,,,,,,,,,,,,,,,,,,,,,,,,,,No,,bp,bp,Tier 8: Moderate Probability Stone Fabric (Possible),
855,Flemish Béguinages,Belgium,https://whc.unesco.org/en/list/855,1998.0,51.03097222,4.47375,skipped; nan,,,,,,,,,"(ii) to exhibit an important interchange of human values, over a span of time or within a cultural area of the world, on developments in architecture or technology, monumental arts, town-planning or landscape design; | (iii) to bear a unique or at least exceptional testimony to a cultural tradition or to a civilization which is living or which has disappeared; | (iv) to be an outstanding example of a type of building, architectural or technological ensemble or landscape which illustrates (a) significant stage(s) in human history;",3,,,,,,,,,,,,,,,,,,,,,,,,,,,,,,,,,,,,,,,,,,,,,,,,,,,,,,,,,,,,,,,,,,No,,,,Tier 9: Unflagged,
846,Classical Weimar,Germany,https://whc.unesco.org/en/list/846,1998.0,50.9775,11.32861,skipped; bhp,,,,,,,,,"(iii) to bear a unique or at least exceptional testimony to a cultural tradition or to a civilization which is living or which has disappeared; | (vi) to be directly or tangibly associated with events or living traditions, with ideas, or with beliefs, with artistic and literary works of outstanding universal significance;",2,,,,,,,,,,,,,,,,,,,,,,,,,,,,,,,,,,,,,,,,,,,,,,,,,,,,,,,,,,,,,,,,,,No,,bhp,bhp,Tier 7: High Probability Local Stone / Masonry (High Potential),
866,Prehistoric Rock Art Sites in the Côa Valley and Siega Verde,"Portugal,Spain",https://whc.unesco.org/en/list/866,1998.0,40.6975,-6.6611111111,Open-air rock art ensemble,Internal (DS/OUV),,"Upper Palaeolithic to final Magdalenian/Epipalaeolithic (22,000 – 8,000 BCE)",Internal (DS/OUV),,Prehistoric / Palaeolithic,Internal (DS/OUV),,(i) to represent a masterpiece of human creative genius; | (iii) to bear a unique or at least exceptional testimony to a cultural tradition or to a civilization which is living or which has disappeared;,2,Internal (DS/OUV),,"Rock (specifically described as ""rocky cliffs"" and ""rock surfaces"")",Internal (DS/OUV),,,,,,,,,,,,,,,,,,,,,,,,,,,,,,,,"Portugal, Spain (In-situ location)",Internal (DS/OUV),,Local / In-situ,Internal (DS/OUV),,,,,Natural rock surfaces used as panels/canvas,Internal (DS/OUV),,Carved and engraved with thousands of animal figures,Internal (DS/OUV),,Rock engraving and carving,Internal (DS/OUV),,Fluvial erosion (noted as the process that originally carved the cliffs),Internal (DS/OUV),,,,,,,,Good,,,Yes,,,,,
874,Rock Art of the Mediterranean Basin on the Iberian Peninsula,Spain,https://whc.unesco.org/en/list/874,1998.0,39.78995,-1.03331,skipped,,,,,,,,,(iii) to bear a unique or at least exceptional testimony to a cultural tradition or to a civilization which is living or which has disappeared;,1,,,,,,,,,,,,,,,,,,,,,,,,,,,,,,,,,,,,,,,,,,,,,,,,,,,,,,,,,,,,,,,,,,No,,,,,
827,"Cathedral, Torre Civica and Piazza Grande, Modena",Italy,https://whc.unesco.org/en/list/827,1997.0,44.64624,10.92568,"Cathedral, Bell Tower (""Ghirlandina""), Civic Square; nan",Internal (DS/OUV),,1099 – 1319 AD,Internal (DS/OUV),,1099 – 1319 AD,Internal (DS/OUV),,"(i) to represent a masterpiece of human creative genius; | (ii) to exhibit an important interchange of human values, over a span of time or within a cultural area of the world, on developments in architecture or technology, monumental arts, town-planning or landscape design; | (iii) to bear a unique or at least exceptional testimony to a cultural tradition or to a civilization which is living or which has disappeared; | (iv) to be an outstanding example of a type of building, architectural or technological ensemble or landscape which illustrates (a) significant stage(s) in human history;",4,Internal (DS/OUV),,,,,,,,,,,,,,,,,,,,,,,,,,,,,,,,Reused ancient Roman architectural remains (Mutina ruins),Internal (DS/OUV),,Italy,Internal (DS/OUV),,Local reuse (spolia from ancient Roman sites in Modena),Internal (DS/OUV),,,,,,,,"Relief sculptures (Wiligelmo), exterior wall reliefs, internal capitals, metopes",Internal (DS/OUV),,Ashlar stone cladding over brick/masonry core; Roman stone reuse,Internal (DS/OUV),,"Stone deterioration, environmental pollution, micro-cracks from seismic shaking",Internal (DS/OUV),,Replacement of eight original metopes with copies (originals moved to museum),Internal (DS/OUV),,"Post-WWII conservative restoration, 1950s crypt restoration, 1970s–1980s stone deterioration repairs, post-1996 and 2012 seismic interventions",Internal (DS/OUV),,Excellent,Internal (DS/OUV),,No,UNESCO Dossier & ICOMOS Document Links,,,Tier 9: Unflagged,
809,Episcopal Complex of the Euphrasian Basilica in the Historic Centre of Poreč,Croatia,https://whc.unesco.org/en/list/809,1997.0,45.2285833333,13.5933333333,skipped; nan,,,,,,,,,"(ii) to exhibit an important interchange of human values, over a span of time or within a cultural area of the world, on developments in architecture or technology, monumental arts, town-planning or landscape design; | (iii) to bear a unique or at least exceptional testimony to a cultural tradition or to a civilization which is living or which has disappeared; | (iv) to be an outstanding example of a type of building, architectural or technological ensemble or landscape which illustrates (a) significant stage(s) in human history;",3,,,,,,,,,,,,,,,,,,,,,,,,,,,,,,,,,,,,,,,,,,,,,,,,,,,,,,,,,,,,,,,,,,,,,,Tier 9: Unflagged,
821,Historic Centre of São Luís,Brazil,https://whc.unesco.org/en/list/821,1997.0,-2.530054,-44.303369,skipped; nan,,,,,,,,,"(iii) to bear a unique or at least exceptional testimony to a cultural tradition or to a civilization which is living or which has disappeared; | (iv) to be an outstanding example of a type of building, architectural or technological ensemble or landscape which illustrates (a) significant stage(s) in human history; | (v) to be an outstanding example of a traditional human settlement, land-use, or sea-use which is representative of a culture (or cultures), or human interaction with the environment especially when it has become vulnerable under the impact of irreversible change;",3,,,,,,,,,,,,,,,,,,,,,,,,,,,,,,,,,,,,,,,,,,,,,,,,,,,,,,,,,,,,,,,,,,,,,,Tier 9: Unflagged,
549,"18th-Century Royal Palace at Caserta with the Park, the Aqueduct of Vanvitelli, and the San Leucio Complex",Italy,https://whc.unesco.org/en/list/549,1997.0,41.07333,14.32639,skipped; nan,,,,,,,,,"(i) to represent a masterpiece of human creative genius; | (ii) to exhibit an important interchange of human values, over a span of time or within a cultural area of the world, on developments in architecture or technology, monumental arts, town-planning or landscape design; | (iii) to bear a unique or at least exceptional testimony to a cultural tradition or to a civilization which is living or which has disappeared; | (iv) to be an outstanding example of a type of building, architectural or technological ensemble or landscape which illustrates (a) significant stage(s) in human history;",4,,,,,,,,,,,,,,,,,,,,,,,,,,,,,,,,,,,,,,,,,,,,,,,,,,,,,,,,,,,,,,,,,,,,,,Tier 9: Unflagged,
829,"Archaeological Areas of Pompei, Herculaneum and Torre Annunziata",Italy,https://whc.unesco.org/en/list/829,1997.0,40.75,14.48333333,"Residential, Commercial, and Public Urban Architecture (Atrium Houses, Suburban Villas, Forum, Baths, Theatres, Amphitheatre, Palaestra, Thermopolia/Shops); nan",Internal (DS/OUV),,Early Roman Empire / 3rd century BC to 1st century AD (79 AD Eruption),Internal (DS/OUV),,Ancient Roman Civilization,Internal (DS/OUV),,"(iii) to bear a unique or at least exceptional testimony to a cultural tradition or to a civilization which is living or which has disappeared; | (iv) to be an outstanding example of a type of building, architectural or technological ensemble or landscape which illustrates (a) significant stage(s) in human history; | (v) to be an outstanding example of a traditional human settlement, land-use, or sea-use which is representative of a culture (or cultures), or human interaction with the environment especially when it has become vulnerable under the impact of irreversible change;",3,Internal (DS/OUV),,"Volcanic Ash, Lapilli",Internal (DS/OUV),,Igneous Rock,Internal (DS/OUV),,,,,,,,Volcanic Ash Deposit and Pyroclastic Lapilli,Internal (DS/OUV),,,,,,,,,,,Pyroclastic / Fragmental,Internal (DS/OUV),,,,,,,,,,,Local (Volcanic eruptive deposits originating from Mount Vesuvius),Internal (DS/OUV),,,,,"Enclosure and load-bearing walls, colonnades, paving, and urban infrastructure",Internal (DS/OUV),,"Wall paintings, frescos, illusionistic architectural motifs, and mosaic floors",Internal (DS/OUV),,,,,"Active environmental decay, collapse risks from water/exposure, and historical thermal carbonization during the eruption",Internal (DS/OUV),,,,,"Modern consolidation, progressive introduction of enduring techniques/materials, 1950s open-air museum restoration (Amedeo Maiuri), and structural stabilization under the ""Grande Progetto Pompei"" (2012)",Internal (DS/OUV),,Good,Internal (DS/OUV),,Yes,,,,Tier 9: Unflagged,
816,Changdeokgung Palace Complex,Republic of Korea,https://whc.unesco.org/en/list/816,1997.0,37.5788888889,126.9911111111,skipped; nan,,,,,,,,,"(ii) to exhibit an important interchange of human values, over a span of time or within a cultural area of the world, on developments in architecture or technology, monumental arts, town-planning or landscape design; | (iii) to bear a unique or at least exceptional testimony to a cultural tradition or to a civilization which is living or which has disappeared; | (iv) to be an outstanding example of a type of building, architectural or technological ensemble or landscape which illustrates (a) significant stage(s) in human history;",3,,,,,,,,,,,,,,,,,,,,,,,,,,,,,,,,,,,,,,,,,,,,,,,,,,,,,,,,,,,,,,,,,,,,,,Tier 9: Unflagged,
832,Villa Romana del Casale,Italy,https://whc.unesco.org/en/list/832,1997.0,37.36611,14.33417,OUV Absent; nan,,,,,,,,,"(i) to represent a masterpiece of human creative genius; | (ii) to exhibit an important interchange of human values, over a span of time or within a cultural area of the world, on developments in architecture or technology, monumental arts, town-planning or landscape design; | (iii) to bear a unique or at least exceptional testimony to a cultural tradition or to a civilization which is living or which has disappeared;",3,,,,,,,,,,,,,,,,,,,,,,,,,,,,,,,,,,,,,,,,,,,,,,,,,,,,,,,,,,,,,,,,,,No,,,,Tier 9: Unflagged,
833,Su Nuraxi di Barumini,Italy,https://whc.unesco.org/en/list/833,1997.0,39.70583333,8.991388889,skipped; but very highly promised; nan,,,,,,,,,"(i) to represent a masterpiece of human creative genius; | (iii) to bear a unique or at least exceptional testimony to a cultural tradition or to a civilization which is living or which has disappeared; | (iv) to be an outstanding example of a type of building, architectural or technological ensemble or landscape which illustrates (a) significant stage(s) in human history;",3,,,,,,,,,,,,,,,,,,,,,,,,,,,,,,,,,,,,,,,,,,,,,,,,,,,,,,,,,,,,,,,,,,No,,,,Tier 9: Unflagged,
815,"Hospicio Cabañas, Guadalajara",Mexico,https://whc.unesco.org/en/list/815,1997.0,20.676888,-103.337798,skipped; promising; nan,,,,,,,,,"(i) to represent a masterpiece of human creative genius; | (ii) to exhibit an important interchange of human values, over a span of time or within a cultural area of the world, on developments in architecture or technology, monumental arts, town-planning or landscape design; | (iii) to bear a unique or at least exceptional testimony to a cultural tradition or to a civilization which is living or which has disappeared; | (iv) to be an outstanding example of a type of building, architectural or technological ensemble or landscape which illustrates (a) significant stage(s) in human history;",4,,,,,,,,,,,,,,,,,,,,,,,,,,,,,,,,,,,,,,,,,,,,,,,,,,,,,,,,,,,,,,,,,,No,,,,Tier 9: Unflagged,
836,Archaeological Site of Volubilis,Morocco,https://whc.unesco.org/en/list/836,1997.0,34.07389,-5.55694,"Fortified municipium, urban hypodamian system, terraced plan; nan",Internal (DS/OUV),,3rd century B.C. to Islamic period (10 centuries of occupation); Rampart built in 168–169 AD,Internal (DS/OUV),,"Libyco-Berber, Mauritanian, Roman, Christian, Arab-Islamic (Idrisid)",Internal (DS/OUV),,"(ii) to exhibit an important interchange of human values, over a span of time or within a cultural area of the world, on developments in architecture or technology, monumental arts, town-planning or landscape design; | (iii) to bear a unique or at least exceptional testimony to a cultural tradition or to a civilization which is living or which has disappeared; | (iv) to be an outstanding example of a type of building, architectural or technological ensemble or landscape which illustrates (a) significant stage(s) in human history; | (vi) to be directly or tangibly associated with events or living traditions, with ideas, or with beliefs, with artistic and literary works of outstanding universal significance;",4,Internal (DS/OUV),,Marble,Internal (DS/OUV),,,,,,,,,,,,,,,,,,,,,,,,,,,,,,,,,,,,,,,,,"Ramparts, buildings, triumphal arch, tombs",Internal (DS/OUV),,"Statuary (marble and bronze), mosaics, capitals",Internal (DS/OUV),,,,,Damage by north wind (fragile marble sculptures affected),Internal (DS/OUV),,Damage by north wind (fragile marble sculptures affected),Internal (DS/OUV),,Long-term conservation and restoration programmes under Ministry of Culture Action Plan,Internal (DS/OUV),,Excellent,Internal (DS/OUV),,Yes,,,,Tier 9: Unflagged,
847,Castle of the Teutonic Order in Malbork,Poland,https://whc.unesco.org/en/list/847,1997.0,54.041,19.0297222222,skipped; bvhp,,,,,,,,,"(ii) to exhibit an important interchange of human values, over a span of time or within a cultural area of the world, on developments in architecture or technology, monumental arts, town-planning or landscape design; | (iii) to bear a unique or at least exceptional testimony to a cultural tradition or to a civilization which is living or which has disappeared; | (iv) to be an outstanding example of a type of building, architectural or technological ensemble or landscape which illustrates (a) significant stage(s) in human history;",3,,,,,,,,,,,,,,,,,,,,,,,,,,,,,,,,,,,,,,,,,,,,,,,,,,,,,,,,,,,,,,,,,,No,,bvhp,bvhp,Tier 6: High Probability Ashlar / Urban Core (1-v Very High),
817,Hwaseong Fortress,Republic of Korea,https://whc.unesco.org/en/list/817,1997.0,37.27222,127.00833,skipped; but highly posssible;,,,,,,,,,"(ii) to exhibit an important interchange of human values, over a span of time or within a cultural area of the world, on developments in architecture or technology, monumental arts, town-planning or landscape design; | (iii) to bear a unique or at least exceptional testimony to a cultural tradition or to a civilization which is living or which has disappeared;",2,,,,,,,,,,,,,,,,,,,,,,,,,,,,,,,,,,,,,,,,,,,,,,,,,,,,,,,,,,,,,,,,,,No,,,,Tier 9: Unflagged,
794,Dougga / Thugga,Tunisia,https://whc.unesco.org/en/list/794,1997.0,36.42361,9.22028,OUV Absent; bhp,,,,,,,,,"(ii) to exhibit an important interchange of human values, over a span of time or within a cultural area of the world, on developments in architecture or technology, monumental arts, town-planning or landscape design; | (iii) to bear a unique or at least exceptional testimony to a cultural tradition or to a civilization which is living or which has disappeared;",2,,,,,,,,,,,,,,,,,,,,,,,,,,,,,,,,,,,,,,,,,,,,,,,,,,,,,,,,,,,,,,,,,,No,,,bhp,Tier 7: High Probability Local Stone / Masonry (High Potential),
812,Ancient City of Ping Yao,China,https://whc.unesco.org/en/list/812,1997.0,37.20139,112.15444,skipped; bp,,,,,,,,,"(ii) to exhibit an important interchange of human values, over a span of time or within a cultural area of the world, on developments in architecture or technology, monumental arts, town-planning or landscape design; | (iii) to bear a unique or at least exceptional testimony to a cultural tradition or to a civilization which is living or which has disappeared; | (iv) to be an outstanding example of a type of building, architectural or technological ensemble or landscape which illustrates (a) significant stage(s) in human history;",3,,,,,,,,,,,,,,,,,,,,,,,,,,,,,,,,,,,,,,,,,,,,,,,,,,,,,,,,,,,,,,,,,,No,,bp,bp,Tier 8: Moderate Probability Stone Fabric (Possible),
803,Las Médulas,Spain,https://whc.unesco.org/en/list/803,1997.0,42.46939,-6.77075,"Indigenous, Vernacular, Monument; nan",Internal (DS/OUV),,1st century AD to early 3rd century AD (Roman Imperial period),Internal (DS/OUV),,Roman Imperial,Internal (DS/OUV),,"(i) to represent a masterpiece of human creative genius; | (ii) to exhibit an important interchange of human values, over a span of time or within a cultural area of the world, on developments in architecture or technology, monumental arts, town-planning or landscape design; | (iii) to bear a unique or at least exceptional testimony to a cultural tradition or to a civilization which is living or which has disappeared; | (v) to be an outstanding example of a traditional human settlement, land-use, or sea-use which is representative of a culture (or cultures), or human interaction with the environment especially when it has become vulnerable under the impact of irreversible change;",4,Internal (DS/OUV),,Conglomerate (Auriferous conglomerate),Internal (DS/OUV),,Sedimentary Rock,,,,,,,,,Auriferous / Friable conglomerate,Internal (DS/OUV),,,,,Sterile strata / Auriferous conglomerate layers,Internal (DS/OUV),,,,,Friable,Internal (DS/OUV),,Gold (auriferous deposits),Internal (DS/OUV),,In-situ mining site (Las Médulas main pit / La Frisga pit),Internal (DS/OUV),,Spain,Internal (DS/OUV),,Local,Internal (DS/OUV),,,,,"Foundation, Hydraulic canals / gravity canals, dams, galleries, conduits",Internal (DS/OUV),,,,,"Cut/carved gravity canals, hydraulic mining (ruina montium)",Internal (DS/OUV),,,,,,,,Short sections of water channels cleared; site conserved organically as a natural/historic monument,Internal (DS/OUV),,Excellent,,,Yes,,,,Tier 9: Unflagged,
666,"Lumbini, the Birthplace of the Lord Buddha",Nepal,https://whc.unesco.org/en/list/666,1997.0,27.46889,83.27611,"Monument, Plan, Structure; temples; nan",Internal (DS/OUV),,3rd century BC to the present century (Maya Devi Temple / Brick structures); 3rd century BC to 5th century AD (Viharas); 3rd century BC to 15th century AD (Stupas); 249 BC (Asoka Pillar),Internal (DS/OUV),,Mauryan / Ancient & Medieval Indian–Nepalese Buddhist,Internal (DS/OUV),,"(iii) to bear a unique or at least exceptional testimony to a cultural tradition or to a civilization which is living or which has disappeared; | (vi) to be directly or tangibly associated with events or living traditions, with ideas, or with beliefs, with artistic and literary works of outstanding universal significance;",2,Internal (DS/OUV),,Sandstone,Internal (DS/OUV),,Sedimentary Rock,Internal (DS/OUV),,Brick (Ceramic/burnt clay masonry),Internal (DS/OUV),,,,,Sandstone,Internal (DS/OUV),,,,,,,,,,,,,,,,,,,,,,,,,,,,,Sandstone Ashoka pillar; Brick cross-wall system in Maya Devi Temple; Monasteries (Viharas); Stupas (Shrines),Internal (DS/OUV),,Brahmi Pali Inscription on Ashoka Pillar,Internal (DS/OUV),,Cross-wall system (Brick),Internal (DS/OUV),,"Natural degradation, impact of humidity",Internal (DS/OUV),,,,,"Active conservation, monitoring, series of excavations since 1896 discovery",Internal (DS/OUV),,Excellent,,,No,,,,Tier 9: Unflagged,
813,Classical Gardens of Suzhou,China,https://whc.unesco.org/en/list/813,1997.0,31.31666667,120.45,skipped;; nan,,,,,,,,,"(i) to represent a masterpiece of human creative genius; | (ii) to exhibit an important interchange of human values, over a span of time or within a cultural area of the world, on developments in architecture or technology, monumental arts, town-planning or landscape design; | (iii) to bear a unique or at least exceptional testimony to a cultural tradition or to a civilization which is living or which has disappeared; | (iv) to be an outstanding example of a type of building, architectural or technological ensemble or landscape which illustrates (a) significant stage(s) in human history; | (v) to be an outstanding example of a traditional human settlement, land-use, or sea-use which is representative of a culture (or cultures), or human interaction with the environment especially when it has become vulnerable under the impact of irreversible change;",5,,,,,,,,,,,,,,,,,,,,,,,,,,,,,,,,,,,,,,,,,,,,,,,,,,,,,,,,,,,,,,,,,,No,,,,Tier 9: Unflagged,
824,"Botanical Garden (Orto Botanico), Padua",Italy,https://whc.unesco.org/en/list/824,1997.0,45.39911111,11.88066667,skipped; bp,,,,,,,,,"(ii) to exhibit an important interchange of human values, over a span of time or within a cultural area of the world, on developments in architecture or technology, monumental arts, town-planning or landscape design; | (iii) to bear a unique or at least exceptional testimony to a cultural tradition or to a civilization which is living or which has disappeared;",2,,,,,,,,,,,,,,,,,,,,,,,,,,,,,,,,,,,,,,,,,,,,,,,,,,,,,,,,,,,,,,,,,,No,,bp,bp,Tier 8: Moderate Probability Stone Fabric (Possible),
831,Archaeological Area of Agrigento,Italy,https://whc.unesco.org/en/list/831,1997.0,37.28972222,13.59333333,skipped; bvvvvhp,,,,,,,,,"(i) to represent a masterpiece of human creative genius; | (ii) to exhibit an important interchange of human values, over a span of time or within a cultural area of the world, on developments in architecture or technology, monumental arts, town-planning or landscape design; | (iii) to bear a unique or at least exceptional testimony to a cultural tradition or to a civilization which is living or which has disappeared; | (iv) to be an outstanding example of a type of building, architectural or technological ensemble or landscape which illustrates (a) significant stage(s) in human history;",4,,,,,,,,,,,,,,,,,,,,,,,,,,,,,,,,,,,,,,,,,,,,,,,,,,,,,,,,,,,,,,,,,,No,,bvvvvhp,bvvvvhp,Tier 3: Monumental Megalithic / Sanctuary Architecture (4-v Very Very Very High),
806,Hallstatt-Dachstein / Salzkammergut Cultural Landscape,Austria,https://whc.unesco.org/en/list/806,1997.0,47.55944444,13.64638889,skipped; bp,,,,,,,,,"(iii) to bear a unique or at least exceptional testimony to a cultural tradition or to a civilization which is living or which has disappeared; | (iv) to be an outstanding example of a type of building, architectural or technological ensemble or landscape which illustrates (a) significant stage(s) in human history;",2,,,,,,,,,,,,,,,,,,,,,,,,,,,,,,,,,,,,,,,,,,,,,,,,,,,,,,,,,,,,,,,,,,No,,bp,bp,Tier 8: Moderate Probability Stone Fabric (Possible),
788,Early Christian Monuments of Ravenna,Italy,https://whc.unesco.org/en/list/788,1996.0,44.42041667,12.19625,Early Christian / Byzantine Monuments; nan,Internal (DS/OUV),,5th – 6th Century AD,Internal (DS/OUV),,Late Roman / Early Christian / Byzantine,Internal (DS/OUV),,"(i) to represent a masterpiece of human creative genius; | (ii) to exhibit an important interchange of human values, over a span of time or within a cultural area of the world, on developments in architecture or technology, monumental arts, town-planning or landscape design; | (iii) to bear a unique or at least exceptional testimony to a cultural tradition or to a civilization which is living or which has disappeared; | (iv) to be an outstanding example of a type of building, architectural or technological ensemble or landscape which illustrates (a) significant stage(s) in human history;",4,Internal (DS/OUV),,"Istrian Stone (Pietra d'Istria), Marble",Internal (DS/OUV),,Sedimentary Rock,Internal (DS/OUV),,"Proconnesian Marble, Greek Marbles, Porphyry",Internal (DS/OUV),,Pietra d'Istria,Internal (DS/OUV),,Microcrystalline Limestone (Istrian Stone); Crystalline Marble; Igneous Porphyry,Internal (DS/OUV),,Cretaceous (for Istrian Limestone),,,,,,"White/Pale Grey (Istrian Stone), Polychrome (Marble), Deep Red/Purple (Porphyry)",Internal (DS/OUV),,"Fine-grained / Compact (Istrian Stone), Crystalline (Marble)",Internal (DS/OUV),,Calcite (Limestone / Marble),Internal (DS/OUV),,Istria Quarries (Coastal Istrian Peninsula),Internal (DS/OUV),,Croatia / Slovenia (Historic Istrian Region),Internal (DS/OUV),,Imported,Internal (DS/OUV),,~400 km (maritime across/around the Adriatic Sea),Internal (DS/OUV),,"Heavy ashlar wall masonry (opus quadratum), load-bearing piers, monolithic cupola roof dome (Mausoleum of Theodoric)",Internal (DS/OUV),,"Interior column capitals, wall revetments, sarcophagi / burial tub",Internal (DS/OUV),,"Opus quadratum (dressed stone blocks without mortar for the Mausoleum of Theodoric), fine brickwork for basilicas",Internal (DS/OUV),,,,,,,,,,,Good,,,Yes,,,,Tier 9: Unflagged,
787,The <I>Trulli</I> of Alberobello,Italy,https://whc.unesco.org/en/list/787,1996.0,40.7825,17.23694,Traditional vernacular dry-stone dwellings/huts (trulli) with corbelled conical roofs; historic urban landscape; nan,Internal (DS/OUV),,"Prehistoric building technique; existing structures date as early as mid-14th century, expanding significantly in 1620 until the late 18th century",Internal (DS/OUV),,Mediterranean / Italian (Puglia / Itria Valley agricultural community),Internal (DS/OUV),,"(iii) to bear a unique or at least exceptional testimony to a cultural tradition or to a civilization which is living or which has disappeared; | (iv) to be an outstanding example of a type of building, architectural or technological ensemble or landscape which illustrates (a) significant stage(s) in human history; | (v) to be an outstanding example of a traditional human settlement, land-use, or sea-use which is representative of a culture (or cultures), or human interaction with the environment especially when it has become vulnerable under the impact of irreversible change;",3,Internal (DS/OUV),,Limestone,Internal (DS/OUV),,Sedimentary Rock,,,,,,Chianche or Chiancarelle (corbelled limestone slabs used for roofs),Internal (DS/OUV),,"Roughly worked limestone boulders, limestone bedrock, and corbelled limestone slabs (chianche)",Internal (DS/OUV),,,,,,,,White / Whitewashed (lime whitewash),Internal (DS/OUV),,,,,,,,Excavated on-site (sub-floor cisterns) and collected from neighbouring fields and nearby rock outcrops,Internal (DS/OUV),,Italy,Internal (DS/OUV),,Local,Internal (DS/OUV),,On-site to immediate neighbouring fields / local region,Internal (DS/OUV),,Dry-stone double-skinned walls built directly onto limestone bedrock with a rubble core; corbelled conical double-skinned roofs (chianche slabs),Internal (DS/OUV),,Decorative pinnacles terminating the conical roofs; mythological/religious symbols drawn in white ash,Internal (DS/OUV),,Dry-wall / dry-stone construction (mortarless / without cement or mortar); corbelled stone roof construction,Internal (DS/OUV),,,,,,,,Lime whitewash (traditional material); conservative restoration regulated by local Recovery Plans and the Handbook of Trulli Restoration,,,Moderate,,,Yes,,,,Tier 9: Unflagged,
791,Pre-Hispanic Town of Uxmal,Mexico,https://whc.unesco.org/en/list/791,1996.0,20.36166667,-89.77027778,skipped; highly promising; nan,,,,,,,,,"(i) to represent a masterpiece of human creative genius; | (ii) to exhibit an important interchange of human values, over a span of time or within a cultural area of the world, on developments in architecture or technology, monumental arts, town-planning or landscape design; | (iii) to bear a unique or at least exceptional testimony to a cultural tradition or to a civilization which is living or which has disappeared;",3,,,,,,,,,,,,,,,,,,,,,,,,,,,,,,,,,,,,,,,,,,,,,,,,,,,,,,,,,,,,,,,,,,No,,,,Tier 9: Unflagged,
757,Sceilg Mhichíl,Ireland,https://whc.unesco.org/en/list/757,1996.0,51.77194,-10.53861,Indigenous dry stone masonry / Monastic settlement architecture; nan,Internal (DS/OUV),,Early Medieval (Monastery dedicated to St Michael between 950 and 1050; roots in 5th–6th century Christian monasticism),Internal (DS/OUV),,Early Medieval Irish Christian Monasticism,Internal (DS/OUV),,"(iii) to bear a unique or at least exceptional testimony to a cultural tradition or to a civilization which is living or which has disappeared; | (iv) to be an outstanding example of a type of building, architectural or technological ensemble or landscape which illustrates (a) significant stage(s) in human history;",2,Internal (DS/OUV),,Sandstone,Internal (DS/OUV),,Sedimentary Rock,Internal (DS/OUV),,,,,,,,Sandstone (Devonian sandstone mentioned in notes/OUV),Internal (DS/OUV),,Devonian,Internal (DS/OUV),,,,,,,,,,,,,,,,,,,,Local / Indigenous,Internal (DS/OUV),,,,,"Cells, oratories, South Peak Hermitage, retaining walls, terraces, foundations, steps, paved areas",Internal (DS/OUV),,,,,Dry stone masonry (evolution of dry stone masonry techniques),Internal (DS/OUV),,Deeply eroded and weathered owing to exposed oceanic position; almost frost-free environment,Internal (DS/OUV),,,,,"Program of conservation works, structural consolidation, repair, and stabilization of steps/retaining walls since the late 1970s; rebuilding of upper retaining wall along St Michael's Church in 1880s",Internal (DS/OUV),,Excellent,,,Yes,,,,Tier 9: Unflagged,
750,"Ancient <I>Ksour</I> of Ouadane, Chinguetti, Tichitt and Oualata",Mauritania,https://whc.unesco.org/en/list/750,1996.0,20.92889,-11.62361,skipped; bvhp,,,,,,,,,"(iii) to bear a unique or at least exceptional testimony to a cultural tradition or to a civilization which is living or which has disappeared; | (iv) to be an outstanding example of a type of building, architectural or technological ensemble or landscape which illustrates (a) significant stage(s) in human history; | (v) to be an outstanding example of a traditional human settlement, land-use, or sea-use which is representative of a culture (or cultures), or human interaction with the environment especially when it has become vulnerable under the impact of irreversible change;",3,,,,,,,,,,,,,,,,,,,,,,,,,,,,,,,,,,,,,,,,,,,,,,,,,,,,,,,,,,,,,,,,,,No,,bvhp,bvhp,Tier 6: High Probability Ashlar / Urban Core (1-v Very High),
398,Castel del Monte,Italy,https://whc.unesco.org/en/list/398,1996.0,41.08480556,16.27094444,"Medieval military architecture (a blend of classical antiquity, Islamic Orient, and north European Cistercian Gothic).; nan",Internal (DS/OUV),,Completed in 1240 (13th century).,Internal (DS/OUV),,Holy Roman Empire / Germanic Emperor (Emperor Frederick II of Hohenstaufen).,Internal (DS/OUV),,"(i) to represent a masterpiece of human creative genius; | (ii) to exhibit an important interchange of human values, over a span of time or within a cultural area of the world, on developments in architecture or technology, monumental arts, town-planning or landscape design; | (iii) to bear a unique or at least exceptional testimony to a cultural tradition or to a civilization which is living or which has disappeared;",3,Internal (DS/OUV),,"Limestone, Marble.",Internal (DS/OUV),,Sedimentary Rock,Internal (DS/OUV),,Mosaic interior decorative elements (materials decayed/removed).,Internal (DS/OUV),,,,,"Limestone (exterior blocks), Marble (interior elements).",Internal (DS/OUV),,,,,,,,,,,,,,,,,,,,,,,,,,,,,"Exterior block construction (limestone), octagonal towers, walls, octagonal plan.",Internal (DS/OUV),,"Interior decorative elements, floorings/walls (marble and mosaic).",Internal (DS/OUV),,Exterior limestone block masonry construction.,Internal (DS/OUV),,Degradation and removal/decay of interior marble and mosaic decorations.,Internal (DS/OUV),,,,,Good quality conservation work consistent with Italian standards carried out since 1878.,Internal (DS/OUV),,Good,,,Yes,,,,Tier 9: Unflagged,
778,Lushan National Park,China,https://whc.unesco.org/en/list/778,1996.0,29.43333333,115.8666667,skipped; bp,,,,,,,,,"(ii) to exhibit an important interchange of human values, over a span of time or within a cultural area of the world, on developments in architecture or technology, monumental arts, town-planning or landscape design; | (iii) to bear a unique or at least exceptional testimony to a cultural tradition or to a civilization which is living or which has disappeared; | (iv) to be an outstanding example of a type of building, architectural or technological ensemble or landscape which illustrates (a) significant stage(s) in human history; | (vi) to be directly or tangibly associated with events or living traditions, with ideas, or with beliefs, with artistic and literary works of outstanding universal significance;",4,,,,,,,,,,,,,,,,,,,,,,,,,,,,,,,,,,,,,,,,,,,,,,,,,,,,,,,,,,,,,,,,,,No,,bp,bp,Tier 8: Moderate Probability Stone Fabric (Possible),
780,Archaeological Site of Aigai (modern name Vergina),Greece,https://whc.unesco.org/en/list/780,1996.0,40.47139,22.31833,skipped; bvvvhp,,,,,,,,,(i) to represent a masterpiece of human creative genius; | (iii) to bear a unique or at least exceptional testimony to a cultural tradition or to a civilization which is living or which has disappeared;,2,,,,,,,,,,,,,,,,,,,,,,,,,,,,,,,,,,,,,,,,,,,,,,,,,,,,,,,,,,,,,,,,,,No,,bvvvhp,bvvvhp,Tier 4: Exceptional Stone Fortress / Cathedral / Mosque (3-v Very Very High),
593,Sangiran Early Man Site,Indonesia,https://whc.unesco.org/en/list/593,1996.0,-7.4,110.8166667,skipped,,,,,,,,,"(iii) to bear a unique or at least exceptional testimony to a cultural tradition or to a civilization which is living or which has disappeared; | (vi) to be directly or tangibly associated with events or living traditions, with ideas, or with beliefs, with artistic and literary works of outstanding universal significance;",2,,,,,,,,,,,,,,,,,,,,,,,,,,,,,,,,,,,,,,,,,,,,,,,,,,,,,,,,,,,,,,,,,,No,,,,,
733,"Ferrara, City of the Renaissance, and its Po Delta",Italy,https://whc.unesco.org/en/list/733,1995.0,44.83777778,11.61944444,skipped; bvhp,,,,,,,,,"(ii) to exhibit an important interchange of human values, over a span of time or within a cultural area of the world, on developments in architecture or technology, monumental arts, town-planning or landscape design; | (iii) to bear a unique or at least exceptional testimony to a cultural tradition or to a civilization which is living or which has disappeared; | (iv) to be an outstanding example of a type of building, architectural or technological ensemble or landscape which illustrates (a) significant stage(s) in human history; | (v) to be an outstanding example of a traditional human settlement, land-use, or sea-use which is representative of a culture (or cultures), or human interaction with the environment especially when it has become vulnerable under the impact of irreversible change; | (vi) to be directly or tangibly associated with events or living traditions, with ideas, or with beliefs, with artistic and literary works of outstanding universal significance;",5,,,,,,,,,,,,,,,,,,,,,,,,,,,,,,,,,,,,,,,,,,,,,,,,,,,,,,,,,,,,,,,,,,No,,bvhp,bvhp,Tier 6: High Probability Ashlar / Urban Core (1-v Very High),
743,National Archeological Park of Tierradentro,Colombia,https://whc.unesco.org/en/list/743,1995.0,2.583333333,-76.03333333,Hypogea (underground shaft and side-chamber tombs); artificial residential terraces; nan,Internal (DS/OUV),,600 AD to 900 AD (hypogea); pre-13th century AD,Internal (DS/OUV),,Tierradentro Culture (Pre-Hispanic Andean society),Internal (DS/OUV),,(iii) to bear a unique or at least exceptional testimony to a cultural tradition or to a civilization which is living or which has disappeared;,1,Internal (DS/OUV),,Volcanic tuff; stone of volcanic origin,Internal (DS/OUV),,,,,,,,,,,Volcanic Tuff,Internal (DS/OUV),,,,,,,,"Red, black, and white (pigments/paint on tuff matrix)",Internal (DS/OUV),,,,,,,,,,,,,,Local (tombs carved directly into bedrock below hilltops/ridges),Internal (DS/OUV),,,,,"Carved subterranean chambers, access stairs, central support columns, pilasters, and niches",Internal (DS/OUV),,"Anthropomorphic carvings, free-standing statues, and polychrome painted murals",Internal (DS/OUV),,Rock-cut / Hypogeum architecture (carved directly out of bedrock); wattle-and-daub (for residential structures),Internal (DS/OUV),,Alteration from high interior relative humidity and natural intrinsic fragility of the volcanic tuffs,Internal (DS/OUV),,,,,Reconstruction of structural columns and stairs in select cases; preventive conservation of paintings/carvings,Internal (DS/OUV),,Moderate,,,Yes,,,,Tier 9: Unflagged,
715,Rapa Nui National Park,Chile,https://whc.unesco.org/en/list/715,1995.0,-27.074403,-109.365683,Monumental sculpture and architecture; shrines; ahu (ceremonial platforms); moai (colossal stone statues); semi-subterranean stone-houses (elliptical floor plans); housing and productive structures.; nan,Internal (DS/OUV),,c. A.D. 300 (initial settlement); 10th to 16th century / 11th to 17th centuries (major building and sculpting period).,Internal (DS/OUV),,Rapa Nui (Polynesian origin).,Internal (DS/OUV),,"(i) to represent a masterpiece of human creative genius; | (iii) to bear a unique or at least exceptional testimony to a cultural tradition or to a civilization which is living or which has disappeared; | (v) to be an outstanding example of a traditional human settlement, land-use, or sea-use which is representative of a culture (or cultures), or human interaction with the environment especially when it has become vulnerable under the impact of irreversible change;",3,Internal (DS/OUV),,"Basalt, Lava, Tuff (yellow–brown lava tuff).",Internal (DS/OUV),,Igneous Rock,,,"Red stone (used for moai headdresses / pukao); hard basalt (used for picks/toki); beach pebbles (rounded, used for ramp paving).",Internal (DS/OUV),,toki (hard basalt picks); pukao (red stone headdresses - implied context).,Internal (DS/OUV),,,,,,,,"Volcanic lava, tuff, volcanic formations (Rano Raraku, Rano Kau volcano).",Internal (DS/OUV),,Yellow–brown (lava tuff); Red (stone headdresses).,Internal (DS/OUV),,,,,,,,Rano Raraku (and others).,Internal (DS/OUV),,Chile (Easter Island / Rapa Nui).,Internal (DS/OUV),,Local (quarried and extracted on the island).,Internal (DS/OUV),,,,,"ahu (ceremonial platform structures filled with rubble, raised rectangular platform of large worked stones); semi-subterranean stone houses; housing and productive structures.",Internal (DS/OUV),,moai statues (colossal statues representing ancestors); red stone headdresses (pukao); petroglyphs and pictographs (rock art).,Internal (DS/OUV),,Carved from tuff using hard basalt picks (toki); lowered down slopes into dug holes; raised rectangular platforms of large worked stones; re-erection/anastylosis.,Internal (DS/OUV),,Weathering effects on volcanic lava and tuff; anthropic factors; invasive vegetation affecting structural stability.,Internal (DS/OUV),,Replacement red stone headdresses (during restoration/anastylosis).,Internal (DS/OUV),,Anastylosis; re-erection of fallen moai; controlled scientific investigations for ahu restoration/reconstruction.,Internal (DS/OUV),,Excellent,,,Yes,,,,Tier 9: Unflagged,
744,San Agustín Archaeological Park,Colombia,https://whc.unesco.org/en/list/744,1995.0,1.916666667,-76.23333333,"Religious monuments, megalithic funerary monuments, burial mounds, terraces, funerary structures, stone statuary, and water/monument carvings in stream beds; nan",Internal (DS/OUV),,Pre-Columbian megalithic funerary architecture,Internal (DS/OUV),,"1st to 8th / 9th century AD (Regional Classic period 1–900 AD, developing since around 1000 BC)",Internal (DS/OUV),,(iii) to bear a unique or at least exceptional testimony to a cultural tradition or to a civilization which is living or which has disappeared;,1,Internal (DS/OUV),,"Tuff, Volcanic Rock",Internal (DS/OUV),,Igneous Rock,,,,,,,,,Tuff and unspecified volcanic rock,Internal (DS/OUV),,,,,,,,,,,,,,,,,,,,Colombia,Internal (DS/OUV),,Local (carved into bedrock and local volcanic stone blocks),Internal (DS/OUV),,,,,"Stone corridors, columns, sarcophagi, funeral rooms, stream stone bed carvings",Internal (DS/OUV),,"Megalithic statuary, relief carvings, carved designs on bedrock",Internal (DS/OUV),,"Monolithic carvings, stone slabs, megalithic construction, earth and stone mounds",Internal (DS/OUV),,"Soil instability, bedrock erosion caused by rainfall and water flow (at Fuente de Lavapatas), wind erosion, biodeterioration",Internal (DS/OUV),,,,,"Preventive conservation, 16 reconstructed funerary mounds, systematic control of biodeterioration agents",Internal (DS/OUV),,Excellent,,,Yes,,,,Tier 9: Unflagged,
739,Schokland and Surroundings,Netherlands (Kingdom of the),https://whc.unesco.org/en/list/739,1995.0,52.63861111,5.771666667,skipped; nan,,,,,,,,,"(iii) to bear a unique or at least exceptional testimony to a cultural tradition or to a civilization which is living or which has disappeared; | (v) to be an outstanding example of a traditional human settlement, land-use, or sea-use which is representative of a culture (or cultures), or human interaction with the environment especially when it has become vulnerable under the impact of irreversible change;",2,,,,,,,,,,,,,,,,,,,,,,,,,,,,,,,,,,,,,,,,,,,,,,,,,,,,,,,,,,,,,,,,,,No,,,,Tier 9: Unflagged,
722,Rice Terraces of the Philippine Cordilleras,Philippines,https://whc.unesco.org/en/list/722,1995.0,16.93389,121.13667,skipped; bp,,,,,,,,,"(iii) to bear a unique or at least exceptional testimony to a cultural tradition or to a civilization which is living or which has disappeared; | (iv) to be an outstanding example of a type of building, architectural or technological ensemble or landscape which illustrates (a) significant stage(s) in human history; | (v) to be an outstanding example of a traditional human settlement, land-use, or sea-use which is representative of a culture (or cultures), or human interaction with the environment especially when it has become vulnerable under the impact of irreversible change;",3,,,,,,,,,,,,,,,,,,,,,,,,,,,,,,,,,,,,,,,,,,,,,,,,,,,,,,,,,,,,,,,,,,No,,bp,bp,Tier 8: Moderate Probability Stone Fabric (Possible),
708,Historical Monuments of Mtskheta,Georgia,https://whc.unesco.org/en/list/708,1994.0,41.8422777778,44.7210277778,skipped; very highly promised; nan,,,,,,,,,"(iii) to bear a unique or at least exceptional testimony to a cultural tradition or to a civilization which is living or which has disappeared; | (iv) to be an outstanding example of a type of building, architectural or technological ensemble or landscape which illustrates (a) significant stage(s) in human history;",2,,,,,,,,,,,,,,,,,,,,,,,,,,,,,,,,,,,,,,,,,,,,,,,,,,,,,,,,,,,,,,,,,,No,,,,Tier 9: Unflagged,
557,Rock Carvings in Tanum,Sweden,https://whc.unesco.org/en/list/557,1994.0,58.70111,11.34111,"Building, Design, Monument, Plan; nan",Internal (DS/OUV),,Bronze Age (c. 1700 BC – 500 BC),Internal (DS/OUV),,Nordic Bronze Age Europe,Internal (DS/OUV),,"(i) to represent a masterpiece of human creative genius; | (iii) to bear a unique or at least exceptional testimony to a cultural tradition or to a civilization which is living or which has disappeared; | (iv) to be an outstanding example of a type of building, architectural or technological ensemble or landscape which illustrates (a) significant stage(s) in human history;",3,Internal (DS/OUV),,Granite,Internal (DS/OUV),,Igneous Rock,Internal (DS/OUV),,,,,,,,Granitic Bedrock,Internal (DS/OUV),,"Pre-Quaternary / Scraped ~14,000 years ago during last glacial phase",Internal (DS/OUV),,Scandinavian Ice Sheet glaciated rock faces,Internal (DS/OUV),,,,,"Gently curved, exposed rock faces",Internal (DS/OUV),,,,,,,,Sweden,Internal (DS/OUV),,Local (Bedrock canvas),Internal (DS/OUV),,,,,"Natural Rock Panel / Bedrock ""Canvas""",Internal (DS/OUV),,"Rock Carvings / Petroglyphs (depicting humans, animals, weapons, boats)",Internal (DS/OUV),,Executed by pecking and grinding using stone hammers and points,Internal (DS/OUV),,Degradation due to granitic environment / environmental exposure,Internal (DS/OUV),,,,,Painted with non-destructive paint by trained specialists for clarity,Internal (DS/OUV),,Moderate,,,Yes,,,,Tier 9: Unflagged,
697,"Jelling Mounds, Runic Stones and Church",Denmark,https://whc.unesco.org/en/list/697,1994.0,55.75638889,9.42,skipped; bvvvhp,,,,,,,,,(iii) to bear a unique or at least exceptional testimony to a cultural tradition or to a civilization which is living or which has disappeared;,1,,,,,,,,,,,,,,,,,,,,,,,,,,,,,,,,,,,,,,,,,,,,,,,,,,,,,,,,,,,,,,,,,,No,,bvvvhp,bvvvhp,Tier 4: Exceptional Stone Fortress / Cathedral / Mosque (3-v Very Very High),
700,Lines and Geoglyphs of Nasca and Palpa,Peru,https://whc.unesco.org/en/list/700,1994.0,-14.72583,-75.14861,skipped;,,,,,,,,,"(i) to represent a masterpiece of human creative genius; | (iii) to bear a unique or at least exceptional testimony to a cultural tradition or to a civilization which is living or which has disappeared; | (iv) to be an outstanding example of a type of building, architectural or technological ensemble or landscape which illustrates (a) significant stage(s) in human history;",3,,,,,,,,,,,,,,,,,,,,,,,,,,,,,,,,,,,,,,,,,,,,,,,,,,,,,,,,,,,,,,,,,,No,,,,,
659,Brú na Bóinne - Archaeological Ensemble of the Bend of the Boyne,Ireland,https://whc.unesco.org/en/list/659,1993.0,53.6946944444,-6.4755,skipped; but highly promising; nan,,,,,,,,,"(i) to represent a masterpiece of human creative genius; | (iii) to bear a unique or at least exceptional testimony to a cultural tradition or to a civilization which is living or which has disappeared; | (iv) to be an outstanding example of a type of building, architectural or technological ensemble or landscape which illustrates (a) significant stage(s) in human history;",3,,,,,,,,,,,,,,,,,,,,,,,,,,,,,,,,,,,,,,,,,,,,,,,,,,,,,,,,,,,,,,,,,,No,,,,Tier 9: Unflagged,
664,Archaeological Ensemble of Mérida,Spain,https://whc.unesco.org/en/list/664,1993.0,38.91611,-6.33778,"Classical, Roman, Visigoth, Paleo-Christian, Muslim, Romanesque, Gothic, Baroque; nan",Internal (DS/OUV),,"Founded 25 B.C.; modified across Visigoth, Muslim, Medieval, 17th Century, and 20th Century eras",Internal (DS/OUV),,"Roman, Suebi, Visigoth, Muslim (Al-Andalus)",Internal (DS/OUV),,"(i) to represent a masterpiece of human creative genius; | (iii) to bear a unique or at least exceptional testimony to a cultural tradition or to a civilization which is living or which has disappeared; | (v) to be an outstanding example of a traditional human settlement, land-use, or sea-use which is representative of a culture (or cultures), or human interaction with the environment especially when it has become vulnerable under the impact of irreversible change;",3,Internal (DS/OUV),,Marble,Internal (DS/OUV),,Metamorphic Rock,Internal (DS/OUV),,,,,Roman Marble,,,,,,,,,,,,,,,,,,,,,,,,,,,,,,,,,"Bridges, aqueducts, amphitheatre, theatre, temples, fortress, arch, dams, sewers, walls",Internal (DS/OUV),,"Obelisk of Santa Eulalia, small temple, altars",Internal (DS/OUV),,"Anastylosis (reconstruction of stage front), consolidation",Internal (DS/OUV),,,,,,,,Anastylosis criteria used for theatre stage front; consolidation works performed; block stands and vaults of Amphitheatre restored,Internal (DS/OUV),,Excellent,,,Yes,,,,Tier 9: Unflagged,
670,The Sassi and the Park of the Rupestrian Churches of Matera,Italy,https://whc.unesco.org/en/list/670,1993.0,40.66638889,16.61027778,skipped; nan,,,,,,,,,"(iii) to bear a unique or at least exceptional testimony to a cultural tradition or to a civilization which is living or which has disappeared; | (iv) to be an outstanding example of a type of building, architectural or technological ensemble or landscape which illustrates (a) significant stage(s) in human history; | (v) to be an outstanding example of a traditional human settlement, land-use, or sea-use which is representative of a culture (or cultures), or human interaction with the environment especially when it has become vulnerable under the impact of irreversible change;",3,,,,,,,,,,,,,,,,,,,,,,,,,,,,,,,,,,,,,,,,,,,,,,,,,,,,,,,,,,,,,,,,,,No,,,,Tier 9: Unflagged,
675,Joya de Cerén Archaeological Site,El Salvador,https://whc.unesco.org/en/list/675,1993.0,13.8275,-89.36916667,"Civic, religious, household buildings, storehouses, kitchen, sweat bath (sauna), public buildings, plaza; nan",Internal (DS/OUV),,Late Classic Period (c. AD 500 – AD 600 / 7th Century AD),Internal (DS/OUV),,Maya (Pre-Hispanic Mesoamerican farming community),Internal (DS/OUV),,"(iii) to bear a unique or at least exceptional testimony to a cultural tradition or to a civilization which is living or which has disappeared; | (iv) to be an outstanding example of a type of building, architectural or technological ensemble or landscape which illustrates (a) significant stage(s) in human history;",2,Internal (DS/OUV),,"Volcanic Ash (Note: Main building materials are earth, clay, rammed earth, and wattle & daub)",Internal (DS/OUV),,Igneous Rock,Internal (DS/OUV),,,,,,,,Volcanic ash deposits / Pyroclastic tephra (Loma Caldera / Ilopango eruptions),Internal (DS/OUV),,Quaternary / Holocene,,,Laguna Caldera / Loma Caldera volcanic ash layers & Ilopango volcanic deposits,Internal (DS/OUV),,,,,,,,,,,El Salvador,Internal (DS/OUV),,,,,Local earthen materials and weathered volcanic ash soil,Internal (DS/OUV),,,,,"Earthen structures, clay-built walls, rammed earth for public buildings/sauna, wattle & daub for household structures",Internal (DS/OUV),,,,,Rammed earth (tapia) and Wattle & Daub (earthquakes resistant),Internal (DS/OUV),,"Degradation due to tropical conditions, fragile earthen fabric requiring protective roofing/shelters",Internal (DS/OUV),,,,,"Construction of protective shelters, roofing, and continuous conservation interventions by the Archaeology Department",Internal (DS/OUV),,Excellent,,,No,,,,Tier 9: Unflagged,
555,Birka and Hovgården,Sweden,https://whc.unesco.org/en/list/555,1993.0,59.33514,17.54264,skipped; nan,,,,,,,,,"(iii) to bear a unique or at least exceptional testimony to a cultural tradition or to a civilization which is living or which has disappeared; | (iv) to be an outstanding example of a type of building, architectural or technological ensemble or landscape which illustrates (a) significant stage(s) in human history;",2,,,,,,,,,,,,,,,,,,,,,,,,,,,,,,,,,,,,,,,,,,,,,,,,,,,,,,,,,,,,,,,,,,No,,,,Tier 9: Unflagged,
714,Rock Paintings of the Sierra de San Francisco,Mexico,https://whc.unesco.org/en/list/714,1993.0,27.626963,-113.020427,skipped; bvhp,,,,,,,,,(i) to represent a masterpiece of human creative genius; | (iii) to bear a unique or at least exceptional testimony to a cultural tradition or to a civilization which is living or which has disappeared;,2,,,,,,,,,,,,,,,,,,,,,,,,,,,,,,,,,,,,,,,,,,,,,,,,,,,,,,,,,,,,,,,,,,No,,bvhp,bvhp,Tier 6: High Probability Ashlar / Urban Core (1-v Very High),
623,"Mines of Rammelsberg, Historic Town of Goslar and Upper Harz Water Management System",Germany,https://whc.unesco.org/en/list/623,1992.0,51.82,10.34,skipped; highly promising from title; nan,,,,,,,,,"(i) to represent a masterpiece of human creative genius; | (ii) to exhibit an important interchange of human values, over a span of time or within a cultural area of the world, on developments in architecture or technology, monumental arts, town-planning or landscape design; | (iii) to bear a unique or at least exceptional testimony to a cultural tradition or to a civilization which is living or which has disappeared; | (iv) to be an outstanding example of a type of building, architectural or technological ensemble or landscape which illustrates (a) significant stage(s) in human history;",4,,,,,,,,,,,,,,,,,,,,,,,,,,,,,,,,,,,,,,,,,,,,,,,,,,,,,,,,,,,,,,,,,,No,,,,Tier 9: Unflagged,
631,"El Tajin, Pre-Hispanic City",Mexico,https://whc.unesco.org/en/list/631,1992.0,20.446095,-97.377642,"skipped; bhp
",,,,,,,,,"(iii) to bear a unique or at least exceptional testimony to a cultural tradition or to a civilization which is living or which has disappeared; | (iv) to be an outstanding example of a type of building, architectural or technological ensemble or landscape which illustrates (a) significant stage(s) in human history;",2,,,,,,,,,,,,,,,,,,,,,,,,,,,,,,,,,,,,,,,,,,,,,,,,,,,,,,,,,,,,,,,,,,No,,bhp,bhp,Tier 7: High Probability Local Stone / Masonry (High Potential),
575,Ban Chiang Archaeological Site,Thailand,https://whc.unesco.org/en/list/575,1992.0,17.407772,103.237589,OUV Absent; bvvhp,,,,,,,,,(iii) to bear a unique or at least exceptional testimony to a cultural tradition or to a civilization which is living or which has disappeared;,1,,,,,,,,,,,,,,,,,,,,,,,,,,,,,,,,,,,,,,,,,,,,,,,,,,,,,,,,,,,,,,,,,,No,,,bvvhp,Tier 5: Major Ashlar Masonry / Imperial Ruins (2-v Very High),
668,Angkor,Cambodia,https://whc.unesco.org/en/list/668,1992.0,13.43333333,103.8333333,skipped; bvvvvhp,,,,,,,,,"(i) to represent a masterpiece of human creative genius; | (ii) to exhibit an important interchange of human values, over a span of time or within a cultural area of the world, on developments in architecture or technology, monumental arts, town-planning or landscape design; | (iii) to bear a unique or at least exceptional testimony to a cultural tradition or to a civilization which is living or which has disappeared; | (iv) to be an outstanding example of a type of building, architectural or technological ensemble or landscape which illustrates (a) significant stage(s) in human history;",4,,,,,,,,,,,,,,,,,,,,,,,,,,,,,,,,,,,,,,,,,,,,,,,,,,,,,,,,,,,,,,,,,,No,,bvvvvhp,bvvvvhp,Tier 3: Monumental Megalithic / Sanctuary Architecture (4-v Very Very Very High),
570,Butrint,Albania,https://whc.unesco.org/en/list/570,1992.0,39.745732,20.02095,skipped; bvvhp,,,,,,,,,(iii) to bear a unique or at least exceptional testimony to a cultural tradition or to a civilization which is living or which has disappeared;,1,,,,,,,,,,,,,,,,,,,,,,,,,,,,,,,,,,,,,,,,,,,,,,,,,,,,,,,,,,,,,,,,,,No,,bvvhp,bvvhp,Tier 5: Major Ashlar Masonry / Imperial Ruins (2-v Very High),
595,Pythagoreion and Heraion of Samos,Greece,https://whc.unesco.org/en/list/595,1992.0,37.69083,26.94333,skipped; bvvvhp,,,,,,,,,"(ii) to exhibit an important interchange of human values, over a span of time or within a cultural area of the world, on developments in architecture or technology, monumental arts, town-planning or landscape design; | (iii) to bear a unique or at least exceptional testimony to a cultural tradition or to a civilization which is living or which has disappeared;",2,,,,,,,,,,,,,,,,,,,,,,,,,,,,,,,,,,,,,,,,,,,,,,,,,,,,,,,,,,,,,,,,,,No,,bvvvhp,bvvvhp,Tier 4: Exceptional Stone Fortress / Cathedral / Mosque (3-v Very Very High),
576,Historic City of Ayutthaya,Thailand,https://whc.unesco.org/en/list/576,1991.0,14.34778,100.56056,OUV Absent; bhp,,,,,,,,,(iii) to bear a unique or at least exceptional testimony to a cultural tradition or to a civilization which is living or which has disappeared;,1,,,,,,,,,,,,,,,,,,,,,,,,,,,,,,,,,,,,,,,,,,,,,,,,,,,,,,,,,,,,,,,,,,No,,,bhp,Tier 7: High Probability Local Stone / Masonry (High Potential),
574,Historic Town of Sukhothai and Associated Historic Towns,Thailand,https://whc.unesco.org/en/list/574,1991.0,17.00722,99.78972,skipped; bvhp,,,,,,,,,(i) to represent a masterpiece of human creative genius; | (iii) to bear a unique or at least exceptional testimony to a cultural tradition or to a civilization which is living or which has disappeared;,2,,,,,,,,,,,,,,,,,,,,,,,,,,,,,,,,,,,,,,,,,,,,,,,,,,,,,,,,,,,,,,,,,,No,,bvhp,bvhp,Tier 6: High Probability Ashlar / Urban Core (1-v Very High),
515,Abbey and Altenmünster of Lorsch,Germany,https://whc.unesco.org/en/list/515,1991.0,49.65369,8.56858,skipped; bvhp,,,,,,,,,"(iii) to bear a unique or at least exceptional testimony to a cultural tradition or to a civilization which is living or which has disappeared; | (iv) to be an outstanding example of a type of building, architectural or technological ensemble or landscape which illustrates (a) significant stage(s) in human history;",2,,,,,,,,,,,,,,,,,,,,,,,,,,,,,,,,,,,,,,,,,,,,,,,,,,,,,,,,,,,,,,,,,,No,,bvhp,bvhp,Tier 6: High Probability Ashlar / Urban Core (1-v Very High),
606,Serra da Capivara National Park,Brazil,https://whc.unesco.org/en/list/606,1991.0,-8.718634,-42.652436,skipped; pictures absent; nan,,,,,,,,,(iii) to bear a unique or at least exceptional testimony to a cultural tradition or to a civilization which is living or which has disappeared;,1,,,,,,,,,,,,,,,,,,,,,,,,,,,,,,,,,,,,,,,,,,,,,,,,,,,,,,,,,,,,,,,,,,No,,,,Tier 9: Unflagged,
527,"Kyiv: Saint-Sophia Cathedral and Related Monastic Buildings, Kyiv-Pechersk Lavra",Ukraine,https://whc.unesco.org/en/list/527,1990.0,50.45258,30.51686,skipped; nan,,,,,,,,,"(i) to represent a masterpiece of human creative genius; | (ii) to exhibit an important interchange of human values, over a span of time or within a cultural area of the world, on developments in architecture or technology, monumental arts, town-planning or landscape design; | (iii) to bear a unique or at least exceptional testimony to a cultural tradition or to a civilization which is living or which has disappeared; | (iv) to be an outstanding example of a type of building, architectural or technological ensemble or landscape which illustrates (a) significant stage(s) in human history;",4,,,,,,,,,,,,,,,,,,,,,,,,,,,,,,,,,,,,,,,,,,,,,,,,,,,,,,,,,,,,,,,,,,,,,,Tier 9: Unflagged,
550,Historic Centre of San Gimignano,Italy,https://whc.unesco.org/en/list/550,1990.0,43.46806,11.04167,skipped; promising; nan,,,,,,,,,"(i) to represent a masterpiece of human creative genius; | (iii) to bear a unique or at least exceptional testimony to a cultural tradition or to a civilization which is living or which has disappeared; | (iv) to be an outstanding example of a type of building, architectural or technological ensemble or landscape which illustrates (a) significant stage(s) in human history;",3,,,,,,,,,,,,,,,,,,,,,,,,,,,,,,,,,,,,,,,,,,,,,,,,,,,,,,,,,,,,,,,,,,,,,,Tier 9: Unflagged,
530,Delos,Greece,https://whc.unesco.org/en/list/530,1990.0,37.4,25.26667,"Architectural, Architecture, Building, Byzantine, Construction, Monument, Monumental, Ottoman, Plan; nan",Internal (DS/OUV),,3rd millennium B.C. to Palaeo-Christian era (Hellenistic & Greco-Roman period peak),Internal (DS/OUV),,"Cycladic, Archaic, Classical, Hellenistic, Greco-Roman, Byzantine, Ottoman",Internal (DS/OUV),,"(ii) to exhibit an important interchange of human values, over a span of time or within a cultural area of the world, on developments in architecture or technology, monumental arts, town-planning or landscape design; | (iii) to bear a unique or at least exceptional testimony to a cultural tradition or to a civilization which is living or which has disappeared; | (iv) to be an outstanding example of a type of building, architectural or technological ensemble or landscape which illustrates (a) significant stage(s) in human history; | (vi) to be directly or tangibly associated with events or living traditions, with ideas, or with beliefs, with artistic and literary works of outstanding universal significance;",4,Internal (DS/OUV),,Marble,Internal (DS/OUV),,Metamorphic Rock,,,,,,,,,,,,,,,,,,,,,,,,,,,Naxian (Inferred from Naxian Lions made of local/regional marble),Internal (DS/OUV),,,,,"Local & Regional (e.g., Naxos/Cycladic islands)",Internal (DS/OUV),,,,,"Columns, Temple Structures, Houses, Public Buildings, Refectory, Sanctuary",Internal (DS/OUV),,"Sculptures (e.g., Naxian Lions), Frescoes, Mosaic Floors",Internal (DS/OUV),,"Ruins/Dry Masonry, Lime Burning (historical destruction)",Internal (DS/OUV),,Damage by strong north winds and high salinity/sea proximity,Internal (DS/OUV),,"Exact replicas used for fragile sculptures (e.g., Naxian Lions moved indoors)",Internal (DS/OUV),,"Discrete, compatible, and reversible methods following international standards",Internal (DS/OUV),,Good,,,Yes,,,,Tier 9: Unflagged,
543,Itchan Kala,Uzbekistan,https://whc.unesco.org/en/list/543,1990.0,41.378088,60.360253,skipped; but very very highly posible; nan,,,,,,,,,"(iii) to bear a unique or at least exceptional testimony to a cultural tradition or to a civilization which is living or which has disappeared; | (iv) to be an outstanding example of a type of building, architectural or technological ensemble or landscape which illustrates (a) significant stage(s) in human history; | (v) to be an outstanding example of a traditional human settlement, land-use, or sea-use which is representative of a culture (or cultures), or human interaction with the environment especially when it has become vulnerable under the impact of irreversible change;",3,,,,,,,,,,,,,,,,,,,,,,,,,,,,,,,,,,,,,,,,,,,,,,,,,,,,,,,,,,,,,,,,,,No,,,,Tier 9: Unflagged,
524,Buddhist Monuments at Sanchi,India,https://whc.unesco.org/en/list/524,1989.0,23.47944,77.73972,skipped; No stone mentioned!; nan,,,,,,,,,"(i) to represent a masterpiece of human creative genius; | (ii) to exhibit an important interchange of human values, over a span of time or within a cultural area of the world, on developments in architecture or technology, monumental arts, town-planning or landscape design; | (iii) to bear a unique or at least exceptional testimony to a cultural tradition or to a civilization which is living or which has disappeared; | (iv) to be an outstanding example of a type of building, architectural or technological ensemble or landscape which illustrates (a) significant stage(s) in human history; | (vi) to be directly or tangibly associated with events or living traditions, with ideas, or with beliefs, with artistic and literary works of outstanding universal significance;",5,,,,,,,,,,,,,,,,,,,,,,,,,,,,,,,,,,,,,,,,,,,,,,,,,,,,,,,,,,,,,,,,,,,,,,Tier 9: Unflagged,
517,Archaeological Site of Olympia,Greece,https://whc.unesco.org/en/list/517,1989.0,37.64,21.634,skipped; bvvhp,,,,,,,,,"(i) to represent a masterpiece of human creative genius; | (ii) to exhibit an important interchange of human values, over a span of time or within a cultural area of the world, on developments in architecture or technology, monumental arts, town-planning or landscape design; | (iii) to bear a unique or at least exceptional testimony to a cultural tradition or to a civilization which is living or which has disappeared; | (iv) to be an outstanding example of a type of building, architectural or technological ensemble or landscape which illustrates (a) significant stage(s) in human history; | (vi) to be directly or tangibly associated with events or living traditions, with ideas, or with beliefs, with artistic and literary works of outstanding universal significance;",5,,,,,,,,,,,,,,,,,,,,,,,,,,,,,,,,,,,,,,,,,,,,,,,,,,,,,,,,,,,,,,,,,,No,,bvvhp,bvvhp,Tier 5: Major Ashlar Masonry / Imperial Ruins (2-v Very High),
511,Archaeological Site of Mystras,Greece,https://whc.unesco.org/en/list/511,1989.0,37.08056,22.36667,skipped; bvvhp,,,,,,,,,"(ii) to exhibit an important interchange of human values, over a span of time or within a cultural area of the world, on developments in architecture or technology, monumental arts, town-planning or landscape design; | (iii) to bear a unique or at least exceptional testimony to a cultural tradition or to a civilization which is living or which has disappeared; | (iv) to be an outstanding example of a type of building, architectural or technological ensemble or landscape which illustrates (a) significant stage(s) in human history;",3,,,,,,,,,,,,,,,,,,,,,,,,,,,,,,,,,,,,,,,,,,,,,,,,,,,,,,,,,,,,,,,,,,No,,bvvhp,bvvhp,Tier 5: Major Ashlar Masonry / Imperial Ruins (2-v Very High),
116,Old Towns of Djenné,Mali,https://whc.unesco.org/en/list/116,1988.0,13.90639,-4.555,Traditional Earthen / Islamic Sub-Saharan (Sudano-Sahelian style featuring verticality and buttresses); nan,Internal (DS/OUV),,"Inhabited since 250 B.C.; current architectural fabric dates from 15th–16th centuries (with Moroccan influences in 1591, Toucouleur in 1862, and Mosque reconstruction in 1906–1907)",Internal (DS/OUV),,Pre-Islamic / Islamic West African (Trans-Saharan trade period),Internal (DS/OUV),,"(iii) to bear a unique or at least exceptional testimony to a cultural tradition or to a civilization which is living or which has disappeared; | (iv) to be an outstanding example of a type of building, architectural or technological ensemble or landscape which illustrates (a) significant stage(s) in human history;",2,Internal (DS/OUV),,earth/mud brick,Internal (DS/OUV),,,,,Millstone; Scoria,,,,,,"Silt, clay, and alluvial sand (for sun-dried mud bricks / djénné ferey)",Internal (DS/OUV),,,,,,,,,,,"Fine-grained, argillaceous (mud/earth composition)",Internal (DS/OUV),,,,,Local floodplains (toguere) and marshes along the Bani/Niger Rivers,Internal (DS/OUV),,,Internal (DS/OUV),,Local,Internal (DS/OUV),,Very Short (< 5 km from surrounding floodplains),Internal (DS/OUV),,"Load-bearing mud brick walls, monumental pilasters, and vertical buttresses",Internal (DS/OUV),,"Façade relief motifs (potige), ancestral entrance archways, decorative pilasters",Internal (DS/OUV),,Djenné Ferey (traditional cylindrical or rectangular sun-dried mud bricks laid with earthen mortar and plaster),Internal (DS/OUV),,"Leaching, rainwater erosion, gullying from severe seasonal rains and floods",Internal (DS/OUV),,"Earthen plaster re-application (Crépissage), cement/fired bricks (noted as an aesthetic threat/modification)",Internal (DS/OUV),,Annual community plastering ritual (Crépissage de la Grande Mosquée); traditional masonry maintenance by the Barey Guild,Internal (DS/OUV),,Poor,Internal (DS/OUV),,Yes,,,,Tier 9: Unflagged,
434,"Archaeological Sites of Bat, Al-Khutm and Al-Ayn",Oman,https://whc.unesco.org/en/list/434,1988.0,23.26986,56.745,"Settlements, Necropolises (tombs), Monumental Towers, Fort, Irrigation Systems/Dams; nan",Internal (DS/OUV),,"3rd Millennium BCE (Bronze Age: Hafit Period, Early & Late Umm an-Nar periods; Iron Age; Neolithic)",Internal (DS/OUV),,Early Bronze Age / Umm an-Nar & Hafit Cultures / Ancient Magan,Internal (DS/OUV),,"(iii) to bear a unique or at least exceptional testimony to a cultural tradition or to a civilization which is living or which has disappeared; | (iv) to be an outstanding example of a type of building, architectural or technological ensemble or landscape which illustrates (a) significant stage(s) in human history;",2,,,Limestone,Internal (DS/OUV),,Sedimentary Rock,,,Flint (used in Neolithic mines/workshops),Internal (DS/OUV),,,,,"Dressed limestone blocks, Mud-brick (underneath earlier structures)",Internal (DS/OUV),,,,,,,,,,,Dressed / regularly cut stone blocks,Internal (DS/OUV),,,,,Local ancient Bronze Age quarries & stone-masonry workshops,Internal (DS/OUV),,Sultanate of Oman,Internal (DS/OUV),,Local,Internal (DS/OUV),,Immediate vicinity of settlements/workshops,Internal (DS/OUV),,"Circular outer walls of towers, beehive tombs, cairn tombs, foundations, terraces",Internal (DS/OUV),,,,,"Dry-stone masonry, dressed blocks laid carefully with simple mud mortar",Internal (DS/OUV),,"Damaged slightly by action of time, natural erosion, and weathering processes",Internal (DS/OUV),,,,,Planned restoration for the monumental tower Kasr al-Rojoom,Internal (DS/OUV),,Excellent,,,Yes,,,,Tier 9: Unflagged,
499,Kairouan,Tunisia,https://whc.unesco.org/en/list/499,1988.0,35.68167,10.10389,OUV Absent; bvhp,,,,,,,,,"(i) to represent a masterpiece of human creative genius; | (ii) to exhibit an important interchange of human values, over a span of time or within a cultural area of the world, on developments in architecture or technology, monumental arts, town-planning or landscape design; | (iii) to bear a unique or at least exceptional testimony to a cultural tradition or to a civilization which is living or which has disappeared; | (v) to be an outstanding example of a traditional human settlement, land-use, or sea-use which is representative of a culture (or cultures), or human interaction with the environment especially when it has become vulnerable under the impact of irreversible change; | (vi) to be directly or tangibly associated with events or living traditions, with ideas, or with beliefs, with artistic and literary works of outstanding universal significance;",5,,,,,,,,,,,,,,,,,,,,,,,,,,,,,,,,,,,,,,,,,,,,,,,,,,,,,,,,,,,,,,,,,,No,,,bvhp,Tier 6: High Probability Ashlar / Urban Core (1-v Very High),
491,Sanctuary of Asklepios at Epidaurus,Greece,https://whc.unesco.org/en/list/491,1988.0,37.6,23.0805555556,skipped; bvhp,,,,,,,,,"(i) to represent a masterpiece of human creative genius; | (ii) to exhibit an important interchange of human values, over a span of time or within a cultural area of the world, on developments in architecture or technology, monumental arts, town-planning or landscape design; | (iii) to bear a unique or at least exceptional testimony to a cultural tradition or to a civilization which is living or which has disappeared; | (iv) to be an outstanding example of a type of building, architectural or technological ensemble or landscape which illustrates (a) significant stage(s) in human history; | (vi) to be directly or tangibly associated with events or living traditions, with ideas, or with beliefs, with artistic and literary works of outstanding universal significance;",5,,,,,,,,,,,,,,,,,,,,,,,,,,,,,,,,,,,,,,,,,,,,,,,,,,,,,,,,,,,,,,,,,,No,,bvhp,bvhp,Tier 6: High Probability Ashlar / Urban Core (1-v Very High),
483,Pre-Hispanic City of Chichen-Itza,Mexico,https://whc.unesco.org/en/list/483,1988.0,20.682739,-88.568654,skipped; bvvvhp,,,,,,,,,"(i) to represent a masterpiece of human creative genius; | (ii) to exhibit an important interchange of human values, over a span of time or within a cultural area of the world, on developments in architecture or technology, monumental arts, town-planning or landscape design; | (iii) to bear a unique or at least exceptional testimony to a cultural tradition or to a civilization which is living or which has disappeared;",3,,,,,,,,,,,,,,,,,,,,,,,,,,,,,,,,,,,,,,,,,,,,,,,,,,,,,,,,,,,,,,,,,,No,,bvvvhp,bvvvhp,Tier 4: Exceptional Stone Fortress / Cathedral / Mosque (3-v Very Very High),
498,Medina of Sousse,Tunisia,https://whc.unesco.org/en/list/498,1988.0,35.82778,10.63861,skipped; vhp; nan,,,,,,,,,"(iii) to bear a unique or at least exceptional testimony to a cultural tradition or to a civilization which is living or which has disappeared; | (iv) to be an outstanding example of a type of building, architectural or technological ensemble or landscape which illustrates (a) significant stage(s) in human history; | (v) to be an outstanding example of a traditional human settlement, land-use, or sea-use which is representative of a culture (or cultures), or human interaction with the environment especially when it has become vulnerable under the impact of irreversible change;",3,,,,,,,,,,,,,,,,,,,,,,,,,,,,,,,,,,,,,,,,,,,,,,,,,,,,,,,,,,,,,,,,,,No,,,,Tier 9: Unflagged,
484,Xanthos-Letoon,Türkiye,https://whc.unesco.org/en/list/484,1988.0,36.335,29.32028,skipped; bvvvvhp,,,,,,,,,"(ii) to exhibit an important interchange of human values, over a span of time or within a cultural area of the world, on developments in architecture or technology, monumental arts, town-planning or landscape design; | (iii) to bear a unique or at least exceptional testimony to a cultural tradition or to a civilization which is living or which has disappeared;",2,,,,,,,,,,,,,,,,,,,,,,,,,,,,,,,,,,,,,,,,,,,,,,,,,,,,,,,,,,,,,,,,,,No,,bvvvvhp,bvvvvhp,Tier 3: Monumental Megalithic / Sanctuary Architecture (4-v Very Very Very High),
404,"Acropolis, Athens",Greece,https://whc.unesco.org/en/list/404,1987.0,37.97087,23.72618,"Classical Greek / Sanctuary & Monumental Complex (Parthenon, Erechtheion, Propylaea, Temple of Athena Nike); nan",Internal (DS/OUV),,5th Century BC (with earliest fortifications dating to 13th Century BC),Internal (DS/OUV),,Ancient Greek / Classical Athenian (Mycenaean origin),Internal (DS/OUV),,"(i) to represent a masterpiece of human creative genius; | (ii) to exhibit an important interchange of human values, over a span of time or within a cultural area of the world, on developments in architecture or technology, monumental arts, town-planning or landscape design; | (iii) to bear a unique or at least exceptional testimony to a cultural tradition or to a civilization which is living or which has disappeared; | (iv) to be an outstanding example of a type of building, architectural or technological ensemble or landscape which illustrates (a) significant stage(s) in human history; | (vi) to be directly or tangibly associated with events or living traditions, with ideas, or with beliefs, with artistic and literary works of outstanding universal significance;",5,Internal (DS/OUV),,White Marble,Internal (DS/OUV),,Metamorphic Rock,Internal (DS/OUV),,,,,,,,,,,,,,,,,White,Internal (DS/OUV),,,,,,,,Mt. Penteli (Pentelikon),Internal (DS/OUV),,Greece,Internal (DS/OUV),,Pentelic Marble / Penteli Marble,,,,,,"Temples, Propylaea, Fortification Walls, Foundations, Altars",Internal (DS/OUV),,Sculptural and Architectural elements,Internal (DS/OUV),,Ancient classical masonry/building techniques,Internal (DS/OUV),,Eroded architectural elements,Internal (DS/OUV),,White marble quarried from Mt. Penteli,Internal (DS/OUV),,Integrated intervention program ongoing since 1975 following the principles of the Venice Charter,Internal (DS/OUV),,Excellent,,,Yes,,,,Tier 9: Unflagged,
412,Historic Centre of Mexico City and Xochimilco,Mexico,https://whc.unesco.org/en/list/412,1987.0,19.41833,-99.13278,skipped; nan,,,,,,,,,"(ii) to exhibit an important interchange of human values, over a span of time or within a cultural area of the world, on developments in architecture or technology, monumental arts, town-planning or landscape design; | (iii) to bear a unique or at least exceptional testimony to a cultural tradition or to a civilization which is living or which has disappeared; | (iv) to be an outstanding example of a type of building, architectural or technological ensemble or landscape which illustrates (a) significant stage(s) in human history; | (v) to be an outstanding example of a traditional human settlement, land-use, or sea-use which is representative of a culture (or cultures), or human interaction with the environment especially when it has become vulnerable under the impact of irreversible change;",4,,,,,,,,,,,,,,,,,,,,,,,,,,,,,,,,,,,,,,,,,,,,,,,,,,,,,,,,,,,,,,,,,,,,,,Tier 9: Unflagged,
415,Historic Centre of Oaxaca and Archaeological Site of Monte Albán,Mexico,https://whc.unesco.org/en/list/415,1987.0,17.061579,-96.725885,skipped; nan,,,,,,,,,"(i) to represent a masterpiece of human creative genius; | (ii) to exhibit an important interchange of human values, over a span of time or within a cultural area of the world, on developments in architecture or technology, monumental arts, town-planning or landscape design; | (iii) to bear a unique or at least exceptional testimony to a cultural tradition or to a civilization which is living or which has disappeared; | (iv) to be an outstanding example of a type of building, architectural or technological ensemble or landscape which illustrates (a) significant stage(s) in human history;",4,,,,,,,,,,,,,,,,,,,,,,,,,,,,,,,,,,,,,,,,,,,,,,,,,,,,,,,,,,,,,,,,,,,,,,Tier 9: Unflagged,
383,"Cathedral, Alcázar and Archivo de Indias in Seville",Spain,https://whc.unesco.org/en/list/383,1987.0,37.38384,-5.99155,skipped; but promissing; nan,,,,,,,,,"(i) to represent a masterpiece of human creative genius; | (ii) to exhibit an important interchange of human values, over a span of time or within a cultural area of the world, on developments in architecture or technology, monumental arts, town-planning or landscape design; | (iii) to bear a unique or at least exceptional testimony to a cultural tradition or to a civilization which is living or which has disappeared; | (vi) to be directly or tangibly associated with events or living traditions, with ideas, or with beliefs, with artistic and literary works of outstanding universal significance;",4,,,,,,,,,,,,,,,,,,,,,,,,,,,,,,,,,,,,,,,,,,,,,,,,,,,,,,,,,,,,,,,,,,,,,,Tier 9: Unflagged,
239,Group of Monuments at Pattadakal,India,https://whc.unesco.org/en/list/239,1987.0,15.94833,75.81667,OUV Absent;; nan,,,,,,,,,"(iii) to bear a unique or at least exceptional testimony to a cultural tradition or to a civilization which is living or which has disappeared; | (iv) to be an outstanding example of a type of building, architectural or technological ensemble or landscape which illustrates (a) significant stage(s) in human history;",2,,,,,,,,,,,,,,,,,,,,,,,,,,,,,,,,,,,,,,,,,,,,,,,,,,,,,,,,,,,,,,,,,,No,,,,Tier 9: Unflagged,
414,Pre-Hispanic City of Teotihuacan,Mexico,https://whc.unesco.org/en/list/414,1987.0,19.69167,-98.84167,skipped; but highly promising; nan,,,,,,,,,"(i) to represent a masterpiece of human creative genius; | (ii) to exhibit an important interchange of human values, over a span of time or within a cultural area of the world, on developments in architecture or technology, monumental arts, town-planning or landscape design; | (iii) to bear a unique or at least exceptional testimony to a cultural tradition or to a civilization which is living or which has disappeared; | (iv) to be an outstanding example of a type of building, architectural or technological ensemble or landscape which illustrates (a) significant stage(s) in human history; | (vi) to be directly or tangibly associated with events or living traditions, with ideas, or with beliefs, with artistic and literary works of outstanding universal significance;",5,,,,,,,,,,,,,,,,,,,,,,,,,,,,,,,,,,,,,,,,,,,,,,,,,,,,,,,,,,,,,,,,,,No,,,,Tier 9: Unflagged,
411,Pre-Hispanic City and National Park of Palenque,Mexico,https://whc.unesco.org/en/list/411,1987.0,17.48333,-92.05,skipped; but promising; nan,,,,,,,,,"(i) to represent a masterpiece of human creative genius; | (ii) to exhibit an important interchange of human values, over a span of time or within a cultural area of the world, on developments in architecture or technology, monumental arts, town-planning or landscape design; | (iii) to bear a unique or at least exceptional testimony to a cultural tradition or to a civilization which is living or which has disappeared; | (iv) to be an outstanding example of a type of building, architectural or technological ensemble or landscape which illustrates (a) significant stage(s) in human history;",4,,,,,,,,,,,,,,,,,,,,,,,,,,,,,,,,,,,,,,,,,,,,,,,,,,,,,,,,,,,,,,,,,,No,,,,Tier 9: Unflagged,
438,The Great Wall,China,https://whc.unesco.org/en/list/438,1987.0,40.41667,116.08333,skipped; bp,,,,,,,,,"(i) to represent a masterpiece of human creative genius; | (ii) to exhibit an important interchange of human values, over a span of time or within a cultural area of the world, on developments in architecture or technology, monumental arts, town-planning or landscape design; | (iii) to bear a unique or at least exceptional testimony to a cultural tradition or to a civilization which is living or which has disappeared; | (iv) to be an outstanding example of a type of building, architectural or technological ensemble or landscape which illustrates (a) significant stage(s) in human history; | (vi) to be directly or tangibly associated with events or living traditions, with ideas, or with beliefs, with artistic and literary works of outstanding universal significance;",5,,,,,,,,,,,,,,,,,,,,,,,,,,,,,,,,,,,,,,,,,,,,,,,,,,,,,,,,,,,,,,,,,,No,,bp,bp,Tier 8: Moderate Probability Stone Fabric (Possible),
439,Imperial Palaces of the Ming and Qing Dynasties in Beijing and Shenyang,China,https://whc.unesco.org/en/list/439,1987.0,41.79416667,123.4469444,skipped;; nan,,,,,,,,,"(i) to represent a masterpiece of human creative genius; | (ii) to exhibit an important interchange of human values, over a span of time or within a cultural area of the world, on developments in architecture or technology, monumental arts, town-planning or landscape design; | (iii) to bear a unique or at least exceptional testimony to a cultural tradition or to a civilization which is living or which has disappeared; | (iv) to be an outstanding example of a type of building, architectural or technological ensemble or landscape which illustrates (a) significant stage(s) in human history;",4,,,,,,,,,,,,,,,,,,,,,,,,,,,,,,,,,,,,,,,,,,,,,,,,,,,,,,,,,,,,,,,,,,No,,,,Tier 9: Unflagged,
441,Mausoleum of the First Qin Emperor,China,https://whc.unesco.org/en/list/441,1987.0,34.381311,109.259951,skipped; but very highly possible; nan,,,,,,,,,"(i) to represent a masterpiece of human creative genius; | (iii) to bear a unique or at least exceptional testimony to a cultural tradition or to a civilization which is living or which has disappeared; | (iv) to be an outstanding example of a type of building, architectural or technological ensemble or landscape which illustrates (a) significant stage(s) in human history; | (vi) to be directly or tangibly associated with events or living traditions, with ideas, or with beliefs, with artistic and literary works of outstanding universal significance;",4,,,,,,,,,,,,,,,,,,,,,,,,,,,,,,,,,,,,,,,,,,,,,,,,,,,,,,,,,,,,,,,,,,No,,,,Tier 9: Unflagged,
353,Chaco Culture,United States of America,https://whc.unesco.org/en/list/353,1987.0,36.06377778,-107.9708333,"Multi-storey ""great houses"", public and ceremonial buildings, kivas; nan",Internal (DS/OUV),,Mid-9th to early 13th centuries (Height: ~1020–1110),Internal (DS/OUV),,Pre-Columbian / Ancestral Pueblo (Chacoan society),Internal (DS/OUV),,(iii) to bear a unique or at least exceptional testimony to a cultural tradition or to a civilization which is living or which has disappeared;,1,Internal (DS/OUV),,Sandstone,Internal (DS/OUV),,,,,,,,,,,,,,,,,,,,,,,,,,,,,,,,,,,,,,,,,Walls standing more than five storeys tall,Internal (DS/OUV),,,,,Coursemasonry with sandstone and mud mortar,Internal (DS/OUV),,,,,,,,"Partial site reburial, fencing, patrolling, and stabilization",Internal (DS/OUV),,Good,,,Yes,,,,Tier 9: Unflagged,
394,Venice and its Lagoon,Italy,https://whc.unesco.org/en/list/394,1987.0,45.43430556,12.33894444,skipped;; nan,,,,,,,,,"(i) to represent a masterpiece of human creative genius; | (ii) to exhibit an important interchange of human values, over a span of time or within a cultural area of the world, on developments in architecture or technology, monumental arts, town-planning or landscape design; | (iii) to bear a unique or at least exceptional testimony to a cultural tradition or to a civilization which is living or which has disappeared; | (iv) to be an outstanding example of a type of building, architectural or technological ensemble or landscape which illustrates (a) significant stage(s) in human history; | (v) to be an outstanding example of a traditional human settlement, land-use, or sea-use which is representative of a culture (or cultures), or human interaction with the environment especially when it has become vulnerable under the impact of irreversible change; | (vi) to be directly or tangibly associated with events or living traditions, with ideas, or with beliefs, with artistic and literary works of outstanding universal significance;",6,,,,,,,,,,,,,,,,,,,,,,,,,,,,,,,,,,,,,,,,,,,,,,,,,,,,,,,,,,,,,,,,,,No,,,,Tier 9: Unflagged,
250,Great Living Chola Temples,India,https://whc.unesco.org/en/list/250,1987.0,10.78305556,79.1325,skipped; bvhp,,,,,,,,,"(ii) to exhibit an important interchange of human values, over a span of time or within a cultural area of the world, on developments in architecture or technology, monumental arts, town-planning or landscape design; | (iii) to bear a unique or at least exceptional testimony to a cultural tradition or to a civilization which is living or which has disappeared;",2,,,,,,,,,,,,,,,,,,,,,,,,,,,,,,,,,,,,,,,,,,,,,,,,,,,,,,,,,,,,,,,,,,No,,bvhp,bvhp,Tier 6: High Probability Ashlar / Urban Core (1-v Very High),
440,Mogao Caves,China,https://whc.unesco.org/en/list/440,1987.0,40.13333,94.81667,skipped; bvhp,,,,,,,,,"(i) to represent a masterpiece of human creative genius; | (ii) to exhibit an important interchange of human values, over a span of time or within a cultural area of the world, on developments in architecture or technology, monumental arts, town-planning or landscape design; | (iii) to bear a unique or at least exceptional testimony to a cultural tradition or to a civilization which is living or which has disappeared; | (iv) to be an outstanding example of a type of building, architectural or technological ensemble or landscape which illustrates (a) significant stage(s) in human history; | (v) to be an outstanding example of a traditional human settlement, land-use, or sea-use which is representative of a culture (or cultures), or human interaction with the environment especially when it has become vulnerable under the impact of irreversible change; | (vi) to be directly or tangibly associated with events or living traditions, with ideas, or with beliefs, with artistic and literary works of outstanding universal significance;",6,,,,,,,,,,,,,,,,,,,,,,,,,,,,,,,,,,,,,,,,,,,,,,,,,,,,,,,,,,,,,,,,,,No,,bvhp,bvhp,Tier 6: High Probability Ashlar / Urban Core (1-v Very High),
393,Archaeological Site of Delphi,Greece,https://whc.unesco.org/en/list/393,1987.0,38.48149,22.49617,skipped; bvhp,,,,,,,,,"(i) to represent a masterpiece of human creative genius; | (ii) to exhibit an important interchange of human values, over a span of time or within a cultural area of the world, on developments in architecture or technology, monumental arts, town-planning or landscape design; | (iii) to bear a unique or at least exceptional testimony to a cultural tradition or to a civilization which is living or which has disappeared; | (iv) to be an outstanding example of a type of building, architectural or technological ensemble or landscape which illustrates (a) significant stage(s) in human history; | (vi) to be directly or tangibly associated with events or living traditions, with ideas, or with beliefs, with artistic and literary works of outstanding universal significance;",5,,,,,,,,,,,,,,,,,,,,,,,,,,,,,,,,,,,,,,,,,,,,,,,,,,,,,,,,,,,,,,,,,,No,,bvhp,bvhp,Tier 6: High Probability Ashlar / Urban Core (1-v Very High),
448,Nemrut Dağ,Türkiye,https://whc.unesco.org/en/list/448,1987.0,38.03661,38.76369,OUV Absent; bvvvvhp,,,,,,,,,"(i) to represent a masterpiece of human creative genius; | (iii) to bear a unique or at least exceptional testimony to a cultural tradition or to a civilization which is living or which has disappeared; | (iv) to be an outstanding example of a type of building, architectural or technological ensemble or landscape which illustrates (a) significant stage(s) in human history;",3,,,,,,,,,,,,,,,,,,,,,,,,,,,,,,,,,,,,,,,,,,,,,,,,,,,,,,,,,,,,,,,,,,No,,,bvvvvhp,Tier 3: Monumental Megalithic / Sanctuary Architecture (4-v Very Very Very High),
430,Frontiers of the Roman Empire,"Germany,United Kingdom of Great Britain and Northern Ireland",https://whc.unesco.org/en/list/430,1987.0,54.9926111111,-2.601,skipped; pictures absent; nan,,,,,,,,,"(ii) to exhibit an important interchange of human values, over a span of time or within a cultural area of the world, on developments in architecture or technology, monumental arts, town-planning or landscape design; | (iii) to bear a unique or at least exceptional testimony to a cultural tradition or to a civilization which is living or which has disappeared; | (iv) to be an outstanding example of a type of building, architectural or technological ensemble or landscape which illustrates (a) significant stage(s) in human history;",3,,,,,,,,,,,,,,,,,,,,,,,,,,,,,,,,,,,,,,,,,,,,,,,,,,,,,,,,,,,,,,,,,,No,,,,Tier 9: Unflagged,
244,Elephanta Caves,India,https://whc.unesco.org/en/list/244,1987.0,18.96667,72.93583,skipped; bvvvvvhp,,,,,,,,,(i) to represent a masterpiece of human creative genius; | (iii) to bear a unique or at least exceptional testimony to a cultural tradition or to a civilization which is living or which has disappeared;,2,,,,,,,,,,,,,,,,,,,,,,,,,,,,,,,,,,,,,,,,,,,,,,,,,,,,,,,,,,,,,,,,,,No,,bvvvvvhp,bvvvvvhp,Tier 2: Massive Cliff Rock Art / Bedrock Substrate (5-v Extremely High),
449,Peking Man Site at Zhoukoudian,China,https://whc.unesco.org/en/list/449,1987.0,39.689449,115.922702,Natural limestone caves; nan,Internal (DS/OUV),,Middle Pleistocene to Palaeolithic,Internal (DS/OUV),,Prehistoric human societies / Early humans,Internal (DS/OUV),,"(iii) to bear a unique or at least exceptional testimony to a cultural tradition or to a civilization which is living or which has disappeared; | (vi) to be directly or tangibly associated with events or living traditions, with ideas, or with beliefs, with artistic and literary works of outstanding universal significance;",2,Internal (DS/OUV),,Limestone,Internal (DS/OUV),,,,,,,,,,,,,,Middle Pleistocene (Era of hominid habitation),Internal (DS/OUV),,,,,,,,,,,,,,,,,,,,"Local (""natural limestone caves in this area"")",Internal (DS/OUV),,,,,Natural caves used as a survival environment,Internal (DS/OUV),,,,,,,,,,,,,,,,,Excellent,,,Yes,,,,Tier 9: Unflagged,
241,Group of Monuments at Hampi,India,https://whc.unesco.org/en/list/241,1986.0,15.31444,76.47167,"Dravidian Architecture (Temples, Gopurams, Mandapas) and Indo-Islamic Architecture (Secular buildings like Queen's Bath and Elephant Stables).; nan",Internal (DS/OUV),,"14th to 16th Century CE (Vijayanagara Empire, 1336–1565 CE; building activity spanning over 200 years).",Internal (DS/OUV),,Vijayanagara Empire (The last great Hindu Kingdom of South India).,Internal (DS/OUV),,"(i) to represent a masterpiece of human creative genius; | (iii) to bear a unique or at least exceptional testimony to a cultural tradition or to a civilization which is living or which has disappeared; | (iv) to be an outstanding example of a type of building, architectural or technological ensemble or landscape which illustrates (a) significant stage(s) in human history;",3,Internal (DS/OUV),,Granite,Internal (DS/OUV),,Igneous Rock,,,,,,,,,Local Granite / Closepet Granite,,,,,,,,,,,,,,,,,,,,,India,Internal (DS/OUV),,"Local (""constructed from local granite"", ""utilizing locally available material"")",Internal (DS/OUV),,,Internal (DS/OUV),,"Fortification walls, temple complexes, pillared halls (Mandapas), shrines, entrance towers (Gopurams), ceremonial pavilions, heavy roof slabs, stone chariot (granite ratha), stepped tanks (Pushkarani), bridges, and water channels.",Internal (DS/OUV),,"Intricately carved stone chariot (Vittala Temple), ornate decorated pillars, relief sculptures, carved entrance gopurams, and sculpted lintels/capitals.",Internal (DS/OUV),,"Post-and-lintel system, lantern-roofed construction, dry-stone masonry with paper joints (rubble core for fortification walls), brick-and-lime mortar superstructures (for Gopuras), and heavy granite roof slabs sealed with lime mortar waterproofing.",Internal (DS/OUV),,,,,,,,"Ongoing conservation and preservation by the Archaeological Survey of India (ASI) and Department of Archaeology and Museums (DAM), guided by the Integrated Management Plan (IMP) and Hampi World Heritage Area Management Authority (HWHAMA).",Internal (DS/OUV),,Good,,,,Official ICOMOS Evaluation & UNESCO Dossier Documents,,,Tier 9: Unflagged,
364,Great Zimbabwe National Monument,Zimbabwe,https://whc.unesco.org/en/list/364,1986.0,-20.271169952,30.9332689726,"Dry-stone monumental masonry architecture (Hill Ruins, Great Enclosure, Valley Ruins, Conical Tower, Enclosure Walls); nan",Internal (DS/OUV),,1100 to 1450 AD (11th to 15th centuries AD),Internal (DS/OUV),,Bantu / Shona civilization (Iron Age),Internal (DS/OUV),,"(i) to represent a masterpiece of human creative genius; | (iii) to bear a unique or at least exceptional testimony to a cultural tradition or to a civilization which is living or which has disappeared; | (vi) to be directly or tangibly associated with events or living traditions, with ideas, or with beliefs, with artistic and literary works of outstanding universal significance;",3,Internal (DS/OUV),,Granite,Internal (DS/OUV),,Igneous Rock,,,Soapstone / Steatite (used for upright posts and carved Zimbabwe Birds); Granitic sand and clay mixture (Daga),Internal (DS/OUV),,"Daga (traditional mixture of clay and granitic sand used for bricks, huts, and floors)",Internal (DS/OUV),,Biotite Granite / Talc-schist (Steatite),External,https://www.iccrom.org/sites/default/files/publications/2019-11/iccrom_ics04_zimbabwe_en.pdf,,,,,,,,,,,,,,,,Local granite hill outcrops and naturally exfoliated granite spalls surrounding the Great Zimbabwe site,Internal (DS/OUV),,Zimbabwe,Internal (DS/OUV),,Local (Granite obtained directly at the site; Steatite sourced regionally within Zimbabwe),Internal (DS/OUV),,,,,"Enclosure perimeter walls, Conical Tower, passageways, foundations, and lintels",Internal (DS/OUV),,"Chevron pattern, chequered wall decorations, carved upright ritual posts, and soapstone bird figurines",Internal (DS/OUV),,"Dry stone masonry without mortar, laid in regular horizontal courses using split/dressed granite blocks",Internal (DS/OUV),,"Temperature fluctuations, soil moisture variations, and invasive vegetation encroachment (Lantana camara)",Internal (DS/OUV),,,,,"Dry-stone wall collapse monitoring, vegetation control, and structural stabilization under the National Museums and Monuments of Zimbabwe (NMMZ)",Internal (DS/OUV),,Good,,,Yes,"ICOMOS Advisory Body Evaluation, ICCROM Preservation Study, MDPI Heritage & Sustainability Article",,,Tier 9: Unflagged,
373,"Stonehenge, Avebury and Associated Sites",United Kingdom of Great Britain and Northern Ireland,https://whc.unesco.org/en/list/373,1986.0,51.17888889,-1.825277778,"Megalithic stone circles, henges, barrows, avenues, and earthen earthworks/mounds.; nan",Internal (DS/OUV),,Circa 3700 BC – 1600 BC (Neolithic to Early Bronze Age); focal stone circle built ~2500 BC.,Internal (DS/OUV),,Prehistoric Britain (Neolithic and Bronze Age societies).,Internal (DS/OUV),,"(i) to represent a masterpiece of human creative genius; | (ii) to exhibit an important interchange of human values, over a span of time or within a cultural area of the world, on developments in architecture or technology, monumental arts, town-planning or landscape design; | (iii) to bear a unique or at least exceptional testimony to a cultural tradition or to a civilization which is living or which has disappeared;",3,Internal (DS/OUV),,"Wiltshire Sarsen Sandstone and Bluestone (dolerite, rhyolite, tuffs)",Internal (DS/OUV),,Sedimentary Rock,,,"Chalk (used in earthworks/mounds like Silbury Hill), Altar Stone (Metasandstone), Quartz veins, packing stones",Internal (DS/OUV),,"Sarsen (Silcrete), Chalk",,,,,,,,,,,,,,,,,,,,,,,,United Kingdom (England & Wales),Internal (DS/OUV),,"Sarsens: Local/Regional (~25 km).
Bluestones: Imported (~200–240 km).",External,"Nash, D. J., Ciborowski, T. J. R., Ullyott, J. S., Pearson, M. P., Darvill, T., Greaney, S., Maniatis, G., & Whitaker, K. A. (2020). Origins of the sarsen megaliths at Stonehenge. Science Advances, 6(31), eabc0133. https://doi.org/10.1126/sciadv.abc0133",~25 km for Sarsens; up to 240 km for Bluestones.,Internal (DS/OUV),,"Standing megalithic uprights, horizontal lintels, central trilithons, inner/outer concentric circles, horseshoe arrangements, packing stones.",Internal (DS/OUV),,Unique surface shaping/dressing of megalithic stones; intentional arrangement of bluestone contrast.,Internal (DS/OUV),,"Mortise-and-tenon jointing, tongue-and-groove lintel capping, dressed/shaped megaliths.",Internal (DS/OUV),,"Weathering from surface erosion, natural environmental exposure, animal burrowing, and historic visitor traffic.",Internal (DS/OUV),,,,,"Early to mid-20th-century interventions involving excavation, re-erection of fallen or buried stones to their original positions, and modern site consolidation.",,,Good,Internal (DS/OUV),,Yes,"1. Nash et al., 2020 - Science Advances


2. Parker Pearson et al., 2015 - Antiquity


3. Whitaker, 2019 - Oxford Journal of Archaeology


4. Lott, 2013 - Quarterly Journal of Engineering Geology and Hydrogeology",,,Tier 9: Unflagged,
392,Temple of Apollo Epicurius at Bassae,Greece,https://whc.unesco.org/en/list/392,1986.0,37.43498,21.89694,Columned Temple / Sanctuary; nan,Internal (DS/OUV),,Second half of the 5th century BC (420–400 BC),Internal (DS/OUV),,Ancient Greek / Classical Greek Civilization,Internal (DS/OUV),,"(i) to represent a masterpiece of human creative genius; | (ii) to exhibit an important interchange of human values, over a span of time or within a cultural area of the world, on developments in architecture or technology, monumental arts, town-planning or landscape design; | (iii) to bear a unique or at least exceptional testimony to a cultural tradition or to a civilization which is living or which has disappeared;",3,Internal (DS/OUV),,Limestone,Internal (DS/OUV),,Sedimentary Rock,,,,,,Local limestone,Internal (DS/OUV),,,,,,,,,,,Grey (Arcadian mountain limestone),Internal (DS/OUV),,,,,,,,Local quarries (surrounding Arkadian mountains),Internal (DS/OUV),,Greece,Internal (DS/OUV),,Local,Internal (DS/OUV),,,,,"Colonnade (Doric outer columns), Cella, Adyton, Columns (Ionic and Corinthian)",Internal (DS/OUV),,"Sculptured frieze, Corinthian capital",Internal (DS/OUV),,Classical Greek dry masonry (Archaic/Doric blend),Internal (DS/OUV),,"Deterioration from extreme weather, temperature variations, strong wind, water, and seismic activity",Internal (DS/OUV),,Local limestone (matching the original material used in the monument),Internal (DS/OUV),,"Systemic restoration ongoing since 2001; installation of a protective shelter, anti-seismic netting, and drainage system",Internal (DS/OUV),,Excellent,,,Yes,,,,Tier 9: Unflagged,
365,Khami Ruins National Monument,Zimbabwe,https://whc.unesco.org/en/list/365,1986.0,-20.15833333,28.37666667,Complex series of platforms of dry-stone walled structures; nan,Internal (DS/OUV),,1450 – 1650,Internal (DS/OUV),,Torwa dynasty (arose from the collapse of the Great Zimbabwe Kingdom),Internal (DS/OUV),,"(iii) to bear a unique or at least exceptional testimony to a cultural tradition or to a civilization which is living or which has disappeared; | (iv) to be an outstanding example of a type of building, architectural or technological ensemble or landscape which illustrates (a) significant stage(s) in human history;",2,Internal (DS/OUV),,Granite,Internal (DS/OUV),,Igneous Rock,,,,,,,,,Granite,Internal (DS/OUV),,,,,,,,,,,,,,,,,,,,,,,Local (Dry-stone building traditions surrounding the site area),Internal (DS/OUV),,,,,"Retaining walls/revetments, platforms, passage ways, perambulatory galleries, Chief's residence (Mambo), terraces, and a monumental granite cross",Internal (DS/OUV),,"Retaining walls/revetments, platforms, passage ways, perambulatory galleries, Chief's residence (Mambo), terraces, and a monumental granite cross",,,Dry-stone masonry / Anastylosis (for restoration),Internal (DS/OUV),,"Variations in temperature, rain-induced ground creepage (causing wall cracks, bulges, and collapses), ground water, natural erosion, encroaching vegetation",Internal (DS/OUV),,None used (restoration uses traditional methods/anastylosis with no new materials added),Internal (DS/OUV),,Anastylosis using traditional methods without adding new materials,Internal (DS/OUV),,Moderate,Internal (DS/OUV),,Yes,,,,Tier 9: Unflagged,
367,"Roman Monuments, Cathedral of St Peter and Church of Our Lady in Trier",Germany,https://whc.unesco.org/en/list/367,1986.0,49.75,6.633333333,"Roman, Romanesque, Gothic, High Gothic, Renaissance, Baroque; nan",Internal (DS/OUV),,,Internal (DS/OUV),,Roman / Western Roman Empire / German Christian Medieval,Internal (DS/OUV),,"(i) to represent a masterpiece of human creative genius; | (iii) to bear a unique or at least exceptional testimony to a cultural tradition or to a civilization which is living or which has disappeared; | (iv) to be an outstanding example of a type of building, architectural or technological ensemble or landscape which illustrates (a) significant stage(s) in human history; | (vi) to be directly or tangibly associated with events or living traditions, with ideas, or with beliefs, with artistic and literary works of outstanding universal significance;",4,,,Marble,Internal (DS/OUV),,Metamorphic Rock,Internal (DS/OUV),,,Internal (DS/OUV),,,,,,,,,,,,,,,,,,,,,,,,,,,,,,,,,,,"Fortified gate, city walls, basilicas, thermae/baths, bridge, column, cathedral, church structures",Internal (DS/OUV),,"Baroque marble altars, archbishops' tombs, painted ceiling",Internal (DS/OUV),,"Large stone construction (Porta Nigra), brick monumental structures (Basilica)",Internal (DS/OUV),,,,,,,,Reconstructed/restored in the 19th century; WW2 damage restored between 1946–1949 (Church of Our Lady) and 1954–1956 (Basilica),Internal (DS/OUV),,Good,,,Yes,,,,Tier 9: Unflagged,
255,Fatehpur Sikri,India,https://whc.unesco.org/en/list/255,1986.0,27.097528,77.6665,"Mughal Architecture / Indo-Islamic Style (Palaces, Public Buildings, Mosques, Living Areas, Fortifications); nan",Internal (DS/OUV),,1571–1573 (City construction); Mosque completed in 1571–72; Tomb completed in 1580–81 / 1606; Buland Darwaza completed in 1575,Internal (DS/OUV),,Mughal Empire,Internal (DS/OUV),,"(ii) to exhibit an important interchange of human values, over a span of time or within a cultural area of the world, on developments in architecture or technology, monumental arts, town-planning or landscape design; | (iii) to bear a unique or at least exceptional testimony to a cultural tradition or to a civilization which is living or which has disappeared; | (iv) to be an outstanding example of a type of building, architectural or technological ensemble or landscape which illustrates (a) significant stage(s) in human history;",3,Internal (DS/OUV),,"Red Sandstone (Major), Marble (Secondary/Minor)",Internal (DS/OUV),,Sedimentary Rock,Internal (DS/OUV),,Marble,Internal (DS/OUV),,,,,,,,Vindhyan (Stratigraphic Group mentioned for hill ranges),Internal (DS/OUV),,,,,"Red (Sandstone), White (implied Marble)",Internal (DS/OUV),,"Perforated (Stone screens), Carved",Internal (DS/OUV),,,,,Outcrops of the Vindhyan hill ranges (Mining within 10-km radius banned),Internal (DS/OUV),,India,Internal (DS/OUV),,Local (Extracted from nearby Vindhyan outcrops),Internal (DS/OUV),,Local / Immediate vicinity (within 10-km radius),,,"Wall, Porticos, Pillars, Roofs, Gate (Buland Darwaza), Towers (Hiran Minar), Fortification",Internal (DS/OUV),,"Perforated stone screens, Sculpted decoration, Richly carved interior pillars, Azure-blue ribbed roof",Internal (DS/OUV),,"Perforated stone screens, Sculpted decoration, Richly carved interior pillars, Azure-blue ribbed roof",Internal (DS/OUV),,,,,,,,"Repairs, chemical preservation, and restoration carried out on Buland Darwaza, Jama Masjid, Shaikh Salim Chisti's Tomb, Khwabgah, Mariam's house, Jodha Bai Palace, Diwan-i-Am, etc.",Internal (DS/OUV),,Good,,,Yes,,,,Tier 9: Unflagged,
379,Historic City of Toledo,Spain,https://whc.unesco.org/en/list/379,1986.0,39.8569444444,-4.0244444444,skipped; nan,,,,,,,,,"(i) to represent a masterpiece of human creative genius; | (ii) to exhibit an important interchange of human values, over a span of time or within a cultural area of the world, on developments in architecture or technology, monumental arts, town-planning or landscape design; | (iii) to bear a unique or at least exceptional testimony to a cultural tradition or to a civilization which is living or which has disappeared; | (iv) to be an outstanding example of a type of building, architectural or technological ensemble or landscape which illustrates (a) significant stage(s) in human history;",4,,,,,,,,,,,,,,,,,,,,,,,,,,,,,,,,,,,,,,,,,,,,,,,,,,,,,,,,,,,,,,,,,,,,,,Tier 9: Unflagged,
384,Old Town of Cáceres,Spain,https://whc.unesco.org/en/list/384,1986.0,39.47444,-6.37,"Roman, Islamic, Northern Gothic, Italian Renaissance, Fortified/Nobility architecture (fortress-houses, palace-houses); nan",Internal (DS/OUV),,"14th to 16th centuries (including 15th-century fortress-houses & 16th-century palace-houses; traces back to Roman, Arab/Almohad, & Pre-Roman times)",Internal (DS/OUV),,"Pre-Roman, Roman, Islamic / Arab (Almohades), Jewish, Medieval Christian",Internal (DS/OUV),,"(iii) to bear a unique or at least exceptional testimony to a cultural tradition or to a civilization which is living or which has disappeared; | (iv) to be an outstanding example of a type of building, architectural or technological ensemble or landscape which illustrates (a) significant stage(s) in human history;",2,Internal (DS/OUV),,Granite,Internal (DS/OUV),,Igneous Rock,,,,,,,,,,,,,,,,,,,,,,,,,,,,,,Spain,Internal (DS/OUV),,Local (Inferred from nobility/masonry constructions),Internal (DS/OUV),,,,,"Defenses, Defensive walls, Towers (Torre del Bujaco, Torre Mochada, Púlpitos), Fortified houses, Palaces, Churches",Internal (DS/OUV),,,,,Granite Masonry,Internal (DS/OUV),,,,,,,,Historical refurbishment during medieval Christian times & Almohade phase; modern physical and functional rehabilitation under the Special Revitalization and Protection Plan,,,Excellent,Internal (DS/OUV),,Yes,,,,Tier 9: Unflagged,
374,Castles and Town Walls of King Edward in Gwynedd,United Kingdom of Great Britain and Northern Ireland,https://whc.unesco.org/en/list/374,1986.0,53.13972222,-4.276944444,skipped; nan,,,,,,,,,"(i) to represent a masterpiece of human creative genius; | (iii) to bear a unique or at least exceptional testimony to a cultural tradition or to a civilization which is living or which has disappeared; | (iv) to be an outstanding example of a type of building, architectural or technological ensemble or landscape which illustrates (a) significant stage(s) in human history;",3,,,,,,,,,,,,,,,,,,,,,,,,,,,,,,,,,,,,,,,,,,,,,,,,,,,,,,,,,,,,,,,,,,No,,,,Tier 9: Unflagged,
240,Khajuraho Group of Monuments,India,https://whc.unesco.org/en/list/240,1986.0,24.85222,79.92222,Nagara-style temple architecture; nan,Internal (DS/OUV),,10th and 11th centuries CE (950–1050 CE),Internal (DS/OUV),,Chandella dynasty,Internal (DS/OUV),,(i) to represent a masterpiece of human creative genius; | (iii) to bear a unique or at least exceptional testimony to a cultural tradition or to a civilization which is living or which has disappeared;,2,Internal (DS/OUV),,Sandstone,Internal (DS/OUV),,,,,,,,,,,,,,,,,,,,,,,,,,,,,,,,,,,,,,,,,"Elevated terraced platform (jagati), body (jangha), sanctum (garbhagriha), main hall (mandapa), entrance porch (ardhamandapa), vestibule (antarala), tower (shikhara), spires",Internal (DS/OUV),,"Sculpted surfaces depicting sacred/secular themes, anthropomorphic and non-anthropomorphic motifs, deities, amorous couples, dancers, and musicians",Internal (DS/OUV),,,,,Vibrations and dust particles from the nearby Khajuraho Airport identified as potential threats,Internal (DS/OUV),,,,,Managed under the Ancient Monuments and Archaeological Sites and Remains (AMASR) Act,Internal (DS/OUV),,Excellent,,,Yes,,,,Tier 9: Unflagged,
21,Ancient City of Aleppo,Syrian Arab Republic,https://whc.unesco.org/en/list/21,1986.0,36.1991666667,37.1627777778,skipped; but very highly possible; nan,,,,,,,,,"(iii) to bear a unique or at least exceptional testimony to a cultural tradition or to a civilization which is living or which has disappeared; | (iv) to be an outstanding example of a type of building, architectural or technological ensemble or landscape which illustrates (a) significant stage(s) in human history;",2,,,,,,,,,,,,,,,,,,,,,,,,,,,,,,,,,,,,,,,,,,,,,,,,,,,,,,,,,,,,,,,,,,No,,,,Tier 9: Unflagged,
377,Hattusha: the Hittite Capital,Türkiye,https://whc.unesco.org/en/list/377,1986.0,40.01389,34.62056,skipped; bvhp,,,,,,,,,"(i) to represent a masterpiece of human creative genius; | (ii) to exhibit an important interchange of human values, over a span of time or within a cultural area of the world, on developments in architecture or technology, monumental arts, town-planning or landscape design; | (iii) to bear a unique or at least exceptional testimony to a cultural tradition or to a civilization which is living or which has disappeared; | (iv) to be an outstanding example of a type of building, architectural or technological ensemble or landscape which illustrates (a) significant stage(s) in human history;",4,,,,,,,,,,,,,,,,,,,,,,,,,,,,,,,,,,,,,,,,,,,,,,,,,,,,,,,,,,,,,,,,,,No,,bvhp,bvhp,Tier 6: High Probability Ashlar / Urban Core (1-v Very High),
366,Chan Chan Archaeological Zone,Peru,https://whc.unesco.org/en/list/366,1986.0,-8.107836,-79.074737,skipped; bvvvhp,,,,,,,,,(i) to represent a masterpiece of human creative genius; | (iii) to bear a unique or at least exceptional testimony to a cultural tradition or to a civilization which is living or which has disappeared;,2,,,,,,,,,,,,,,,,,,,,,,,,,,,,,,,,,,,,,,,,,,,,,,,,,,,,,,,,,,,,,,,,,,No,,bvvvhp,bvvvhp,Tier 4: Exceptional Stone Fortress / Cathedral / Mosque (3-v Very Very High),
344,Pont du Gard (Roman Aqueduct),France,https://whc.unesco.org/en/list/344,1985.0,43.94722222,4.535277778,Aqueduct / Aqueduct bridge; nan,Internal (DS/OUV),,Middle of the 1st century AD (shortly before the Christian era / early Imperial era),Internal (DS/OUV),,Ancient Roman,Internal (DS/OUV),,"(i) to represent a masterpiece of human creative genius; | (iii) to bear a unique or at least exceptional testimony to a cultural tradition or to a civilization which is living or which has disappeared; | (iv) to be an outstanding example of a type of building, architectural or technological ensemble or landscape which illustrates (a) significant stage(s) in human history;",3,Internal (DS/OUV),,,Internal (DS/OUV),,,,,,,,,,,,,,,,,,,,,,,,,,,,,,,,,,,,,,,,,"Three-storey aqueduct bridge (arches, piers, voussoirs, piers with protective lips) carrying a water conduit",Internal (DS/OUV),,,,,"Large stone blocks assembled on lower levels; small rubble with flagstones at upper level; dry assembly with stonecutters' and quarrymen's marks, engraved positioning codes, and juxtaposed rollers of voussoirs",Internal (DS/OUV),,"Loss of stones, disappearance of 12 arches upstream during the Middle Ages, and spoliation/cutting into piers for road usage",Internal (DS/OUV),,,,,"Repair of piers (1699–1702), construction of corbels, attachment of Pitot road bridge (1746), and continuous restoration campaigns since the end of the 17th century",Internal (DS/OUV),,Excellent,,,Yes,,,,Tier 9: Unflagged,
326,Petra,Jordan,https://whc.unesco.org/en/list/326,1985.0,30.33056,35.44333,"Architectural, Architecture, Building, Byzantine, Design, Facade, Monument, Monumental, Plan, Structure, Traditional (also Nabataean, Hellenistic, Roman, Graeco-Roman); nan",Internal (DS/OUV),,"Prehistoric times; first centuries BC to AD (Nabataean, Roman, Byzantine); Iron Age, Chalcolithic, Crusader/Medieval",Internal (DS/OUV),,"Nabataean, Roman, Byzantine, Hellenistic, Assyrian, Greek, Crusader",Internal (DS/OUV),,"(i) to represent a masterpiece of human creative genius; | (iii) to bear a unique or at least exceptional testimony to a cultural tradition or to a civilization which is living or which has disappeared; | (iv) to be an outstanding example of a type of building, architectural or technological ensemble or landscape which illustrates (a) significant stage(s) in human history;",3,Internal (DS/OUV),,"Red Sandstone, Sandstone",Internal (DS/OUV),,Sedimentary Rock,Internal (DS/OUV),,,,,,,,Sandstone,Internal (DS/OUV),,,,,,,,,,,,,,,,,,,,,,,Local (rock-cut directly into surrounding cliffs and gorges),Internal (DS/OUV),,,,,"Half-built, half-carved rock-cut structures, tombs, temples, water channels, dams, cisterns, city walls, arches",Internal (DS/OUV),,"Monumental rock-cut facades, capitals, funerary stelae",Internal (DS/OUV),,Rock-cut / Ashlar Freestanding Masonry,Internal (DS/OUV),,"Ongoing erosion due to wind and rain, exacerbated by windblown sand and natural decay of the sandstone architecture",Internal (DS/OUV),,,,,Stabilization of freestanding monuments including Qasr al Bint temple and the vaulted structure supporting the Byzantine forecourt,Internal (DS/OUV),,Moderate,,,Yes,,,,Tier 9: Unflagged,
277,Hatra,Iraq,https://whc.unesco.org/en/list/277,1985.0,35.58806,42.71833,"Fortified city, temples/shrines with Iwans (open halls with high barrel-vaulted roofs), temenos, inner & outer circular defensive walls, towers, strongholds, gates, and bridges.; nan",Internal (DS/OUV),,1st century BC to mid-2nd century AD; Parthian empire era (ca. 200 BC–220 AD). Inscribed on UNESCO World Heritage list in 1985.,Internal (DS/OUV),,"Parthian Empire, Aramean, Arab Kingdom, Assyro-Babylonian with Hellenistic and Roman influences.",Internal (DS/OUV),,"(ii) to exhibit an important interchange of human values, over a span of time or within a cultural area of the world, on developments in architecture or technology, monumental arts, town-planning or landscape design; | (iii) to bear a unique or at least exceptional testimony to a cultural tradition or to a civilization which is living or which has disappeared; | (iv) to be an outstanding example of a type of building, architectural or technological ensemble or landscape which illustrates (a) significant stage(s) in human history; | (vi) to be directly or tangibly associated with events or living traditions, with ideas, or with beliefs, with artistic and literary works of outstanding universal significance;",4,Internal (DS/OUV),,"Gypsum, Stone",Internal (DS/OUV),,Sedimentary Rock,,,"Bitumen, Mudbrick, Brick",Internal (DS/OUV),,,,,,,,,,,,,,,,,,,,,,,Stone quarries near the site.,Internal (DS/OUV),,Iraq,Internal (DS/OUV),,Local (relied for building materials on stone quarries near the site).,Internal (DS/OUV),,,,,"Inner main wall (diameter ~2 km), strongholds, towers, barrel-vaulted roofs / Iwans, rectangular temenos wall, contiguous Iwans, bridges, and wells.",Internal (DS/OUV),,"Carved stone and gypsum, pilastered portico, carved stone statues, statuettes of gods/rulers, sculptured figures, and Aramaic inscriptions.",Internal (DS/OUV),,"Mudbrick, brick, bitumen and gypsum, stone and gypsum; barrel vaults; carved stone and chiselled stone masonry.",Internal (DS/OUV),,"Severe natural weathering, erosion, neglect, looting, and localized conflict-inflicted damage (2015–2017).",Internal (DS/OUV),,Stone cut and chiselled from the same local stone quarries by specialized archaeologists and Mosul stone chisellers.,Internal (DS/OUV),,Historical conservation/restoration of walls and temenos rooms; ongoing plans for archaeological conservation of natural/conflict erosion.,Internal (DS/OUV),,Good,,,Yes,,,,Tier 9: Unflagged,
187,St Mary's Cathedral and St Michael's Church at Hildesheim,Germany,https://whc.unesco.org/en/list/187,1985.0,52.15278,9.94389,skipped; nan,,,,,,,,,"(i) to represent a masterpiece of human creative genius; | (ii) to exhibit an important interchange of human values, over a span of time or within a cultural area of the world, on developments in architecture or technology, monumental arts, town-planning or landscape design; | (iii) to bear a unique or at least exceptional testimony to a cultural tradition or to a civilization which is living or which has disappeared;",3,,,,,,,,,,,,,,,,,,,,,,,,,,,,,,,,,,,,,,,,,,,,,,,,,,,,,,,,,,,,,,,,,,,,,,Tier 9: Unflagged,
348,Old Town of Ávila with its Extra-Muros Churches,Spain,https://whc.unesco.org/en/list/348,1985.0,40.65645,-4.70012,skipped; nan,,,,,,,,,"(iii) to bear a unique or at least exceptional testimony to a cultural tradition or to a civilization which is living or which has disappeared; | (iv) to be an outstanding example of a type of building, architectural or technological ensemble or landscape which illustrates (a) significant stage(s) in human history;",2,,,,,,,,,,,,,,,,,,,,,,,,,,,,,,,,,,,,,,,,,,,,,,,,,,,,,,,,,,,,,,,,,,,,,,Tier 9: Unflagged,
323,Royal Palaces of Abomey,Benin,https://whc.unesco.org/en/list/323,1985.0,7.183333333,1.983333333,"Cob-wall fortified palace ensemble with courtyards (outer, inner, private), portals, and traditional structures (Djexo, Adoxo); nan",Internal (DS/OUV),,1625 to 1900,Internal (DS/OUV),,Kingdom of Dahomey / Aja-Fon culture,Internal (DS/OUV),,"(iii) to bear a unique or at least exceptional testimony to a cultural tradition or to a civilization which is living or which has disappeared; | (iv) to be an outstanding example of a type of building, architectural or technological ensemble or landscape which illustrates (a) significant stage(s) in human history;",2,Internal (DS/OUV),,Laterite,Internal (DS/OUV),,Sedimentary Rock,Internal (DS/OUV),,,,,,,,,,,,,,,,,"Red / Earth tone (implied by laterite clay/cob, but explicit geological color profile is NA)",Internal (DS/OUV),,,,,,,,,,,,,,,,,,,,"Enclosure walls, sacred structures (Djexo, Adoxo tombs), and palaces",Internal (DS/OUV),,Polychrome bas-reliefs,Internal (DS/OUV),,"Cob-wall construction (bâtiment en bauge) using laterite earth, water, wood, and straw",Internal (DS/OUV),,Precariousness of earth/traditional building materials under natural phenomena,Internal (DS/OUV),,"Traditional materials (laterite, wood, straw) used during rehabilitation",Internal (DS/OUV),,Over half of the 184 identified components restored in accordance with accepted conservation standards; monitored via risk management and conservation plans,Internal (DS/OUV),,Moderate,Internal (DS/OUV),,Yes,,,,Tier 9: Unflagged,
356,Historic Areas of Istanbul,Türkiye,https://whc.unesco.org/en/list/356,1985.0,41.00847,28.97993,OUV Absent; nan,,,,,,,,,"(i) to represent a masterpiece of human creative genius; | (ii) to exhibit an important interchange of human values, over a span of time or within a cultural area of the world, on developments in architecture or technology, monumental arts, town-planning or landscape design; | (iii) to bear a unique or at least exceptional testimony to a cultural tradition or to a civilization which is living or which has disappeared; | (iv) to be an outstanding example of a type of building, architectural or technological ensemble or landscape which illustrates (a) significant stage(s) in human history;",4,,,,,,,,,,,,,,,,,,,,,,,,,,,,,,,,,,,,,,,,,,,,,,,,,,,,,,,,,,,,,,,,,,No,,,,Tier 9: Unflagged,
332,Punic Town of Kerkuane and its Necropolis,Tunisia,https://whc.unesco.org/en/list/332,1985.0,36.94639,11.09917,OUV Absent; nan,,,,,,,,,(iii) to bear a unique or at least exceptional testimony to a cultural tradition or to a civilization which is living or which has disappeared;,1,,,,,,,,,,,,,,,,,,,,,,,,,,,,,,,,,,,,,,,,,,,,,,,,,,,,,,,,,,,,,,,,,,No,,,,Tier 9: Unflagged,
311,Old Town of Segovia and its Aqueduct,Spain,https://whc.unesco.org/en/list/311,1985.0,40.94847222,-4.11675,skipped; but promising; nan,,,,,,,,,"(i) to represent a masterpiece of human creative genius; | (iii) to bear a unique or at least exceptional testimony to a cultural tradition or to a civilization which is living or which has disappeared; | (v) to be an outstanding example of a traditional human settlement, land-use, or sea-use which is representative of a culture (or cultures), or human interaction with the environment especially when it has become vulnerable under the impact of irreversible change;",3,,,,,,,,,,,,,,,,,,,,,,,,,,,,,,,,,,,,,,,,,,,,,,,,,,,,,,,,,,,,,,,,,,No,,,,Tier 9: Unflagged,
327,Quseir Amra,Jordan,https://whc.unesco.org/en/list/327,1985.0,31.8018055556,36.5873055556,skipped; but highly possible; nan,,,,,,,,,"(i) to represent a masterpiece of human creative genius; | (iii) to bear a unique or at least exceptional testimony to a cultural tradition or to a civilization which is living or which has disappeared; | (iv) to be an outstanding example of a type of building, architectural or technological ensemble or landscape which illustrates (a) significant stage(s) in human history;",3,,,,,,,,,,,,,,,,,,,,,,,,,,,,,,,,,,,,,,,,,,,,,,,,,,,,,,,,,,,,,,,,,,No,,,,Tier 9: Unflagged,
351,Painted Churches in the Troodos Region,Cyprus,https://whc.unesco.org/en/list/351,1985.0,34.92027778,33.09583333,skipped; bp,,,,,,,,,"(ii) to exhibit an important interchange of human values, over a span of time or within a cultural area of the world, on developments in architecture or technology, monumental arts, town-planning or landscape design; | (iii) to bear a unique or at least exceptional testimony to a cultural tradition or to a civilization which is living or which has disappeared; | (iv) to be an outstanding example of a type of building, architectural or technological ensemble or landscape which illustrates (a) significant stage(s) in human history;",3,,,,,,,,,,,,,,,,,,,,,,,,,,,,,,,,,,,,,,,,,,,,,,,,,,,,,,,,,,,,,,,,,,No,,bp,bp,Tier 8: Moderate Probability Stone Fabric (Possible),
287,Rock-Art Sites of Tadrart Acacus,Libya,https://whc.unesco.org/en/list/287,1985.0,24.83333,10.33333,OUV Absent; bvvvvvhp,,,,,,,,,(iii) to bear a unique or at least exceptional testimony to a cultural tradition or to a civilization which is living or which has disappeared;,1,,,,,,,,,,,,,,,,,,,,,,,,,,,,,,,,,,,,,,,,,,,,,,,,,,,,,,,,,,,,,,,,,,No,,,bvvvvvhp,Tier 2: Massive Cliff Rock Art / Bedrock Substrate (5-v Extremely High),
330,Chavin (Archaeological Site),Peru,https://whc.unesco.org/en/list/330,1985.0,-9.5927725444,-77.1784535027,skipped; bvvvhp,,,,,,,,,(iii) to bear a unique or at least exceptional testimony to a cultural tradition or to a civilization which is living or which has disappeared;,1,,,,,,,,,,,,,,,,,,,,,,,,,,,,,,,,,,,,,,,,,,,,,,,,,,,,,,,,,,,,,,,,,,No,,bvvvhp,bvvvhp,Tier 4: Exceptional Stone Fortress / Cathedral / Mosque (3-v Very Very High),
359,Thracian Tomb of Sveshtari,Bulgaria,https://whc.unesco.org/en/list/359,1985.0,43.66667,26.66667,skipped; bvhp,,,,,,,,,(i) to represent a masterpiece of human creative genius; | (iii) to bear a unique or at least exceptional testimony to a cultural tradition or to a civilization which is living or which has disappeared;,2,,,,,,,,,,,,,,,,,,,,,,,,,,,,,,,,,,,,,,,,,,,,,,,,,,,,,,,,,,,,,,,,,,No,,bvhp,bvhp,Tier 6: High Probability Ashlar / Urban Core (1-v Very High),
310,Cave of Altamira and Paleolithic Cave Art of Northern Spain,Spain,https://whc.unesco.org/en/list/310,1985.0,43.38252778,-4.116166667,Cave art; nan,Internal (DS/OUV),,"Upper Palaeolithic (35,000 – 11,000 BP / BC)",Internal (DS/OUV),,Aurignacian to Magdalenian period (Homo sapiens / Upper Palaeolithic Hunter-gatherers),Internal (DS/OUV),,(i) to represent a masterpiece of human creative genius; | (iii) to bear a unique or at least exceptional testimony to a cultural tradition or to a civilization which is living or which has disappeared;,2,Internal (DS/OUV),,Flint (used as a tool),,,Igneous Rock,,,,,,,,,Karst caves / limestone cavities (implied by karst environment),Internal (DS/OUV),,Upper Palaeolithic (Quaternary),Internal (DS/OUV),,,,,,,,,,,"Iron oxides, Manganese oxides",,,Direct originating from the immediate environment,Internal (DS/OUV),,Spain,Internal (DS/OUV),,Local (materials directly originating from the immediate environment),Internal (DS/OUV),,,,,"Ceiling, Foundation, Gallery, Wall",Internal (DS/OUV),,"Rock / Cave Art (painting, engraving, carving, sculpture)",Internal (DS/OUV),,,,,"Natural causes, water run-off, external climatic influences, microbiological activities",Internal (DS/OUV),,,,,No restoration has ever been carried out on Palaeolithic works of art,Internal (DS/OUV),,Good,,,Yes,,,,Tier 9: Unflagged,
352,Rock Art of Alta,Norway,https://whc.unesco.org/en/list/352,1985.0,69.95,23.18333,cave art; nan,Internal (DS/OUV),,c. 5000 B.C. to c. A.D. 0 (Year 0) / c. 4200 to 500 B.C.,Internal (DS/OUV),,Prehistoric Hunter-Gatherers / Circumpolar Prehistoric Societies,Internal (DS/OUV),,(iii) to bear a unique or at least exceptional testimony to a cultural tradition or to a civilization which is living or which has disappeared;,1,Internal (DS/OUV),,"Sandstone,",Internal (DS/OUV),,Sedimentary Rock,Internal (DS/OUV),,"Red Slate, Slate; Quartz-rich Sandstone, Red Ochre Clay (pigment)",Internal (DS/OUV),,,,,"Quartz-rich Sandstone, Slates",Internal (DS/OUV),,,,,Post-glacial raised shoreline / Bedrock panels,Internal (DS/OUV),,Red (Slate & Ochre pigment),Internal (DS/OUV),,"Very hard, fine-grained",Internal (DS/OUV),,Quartz,Internal (DS/OUV),,In situ bedrock (No quarrying; carved directly into bedrock panels and loose boulders),Internal (DS/OUV),,Norway,Internal (DS/OUV),,Local (In situ bedrock),Internal (DS/OUV),,,,,Substrate / Canvas (Petroglyphs and rock paintings inscribed onto rock faces/slabs),Internal (DS/OUV),,"Engravings, Chiselled petroglyphs, Painted rock art",Internal (DS/OUV),,Chiselling / Hammering / Painting with red ochre clay and animal fat,Internal (DS/OUV),,"Natural erosion, vegetation, frost weathering, cracking, lichen growth",Internal (DS/OUV),,,,,Lichen removal/cleaning techniques; Red paint repainting on carved tracks for visitor visibility,Internal (DS/OUV),,Good,,,Yes,,,,Tier 9: Unflagged,
249,Group of Monuments at Mahabalipuram,India,https://whc.unesco.org/en/list/249,1984.0,12.61667,80.19167,Skipped; bvvvhp,Internal (DS/OUV),,"6th–9th centuries CE (Pallava period, primarily under King Narasimhavarman I Mamalla and Narasimhavarman II Rajasimha)",Internal (DS/OUV),,Pallava Dynasty / South Indian Classical,Internal (DS/OUV),,"(i) to represent a masterpiece of human creative genius; | (ii) to exhibit an important interchange of human values, over a span of time or within a cultural area of the world, on developments in architecture or technology, monumental arts, town-planning or landscape design; | (iii) to bear a unique or at least exceptional testimony to a cultural tradition or to a civilization which is living or which has disappeared; | (vi) to be directly or tangibly associated with events or living traditions, with ideas, or with beliefs, with artistic and literary works of outstanding universal significance;",4,Internal (DS/OUV),,,,,,,,,,,,,,,,,,,,,,,,,,,,,,,,,,,India,Internal (DS/OUV),,Local (carved in live bedrock),Internal (DS/OUV),,Minimal to none (In-situ carving or immediate local quarrying),,,,Internal (DS/OUV),,"Bas-relief panels, monolithic animal sculptures, carved pillars, and wall motifs",Internal (DS/OUV),,Direct rock-cut carving (monolithic) and dressed ashlar masonry blocks,Internal (DS/OUV),,,,,,,,Regular maintenance and conservation schedule by the Archaeological Survey of India (ASI); sand excavation around buried structures,,,Moderate,Internal (DS/OUV),,No,"• Rao et al. (2006) - Journal of Earth System Science


• Vora & Sundaresh - CSIR-NIO Study


• Sundaresh et al. - CSIR-NIO Marine Archaeology Study",,,Tier 9: Unflagged,
313,Historic Centre of Cordoba,Spain,https://whc.unesco.org/en/list/313,1984.0,37.87919444,-4.779722222,skipped; nan,,,,,,,,,"(i) to represent a masterpiece of human creative genius; | (ii) to exhibit an important interchange of human values, over a span of time or within a cultural area of the world, on developments in architecture or technology, monumental arts, town-planning or landscape design; | (iii) to bear a unique or at least exceptional testimony to a cultural tradition or to a civilization which is living or which has disappeared; | (iv) to be an outstanding example of a type of building, architectural or technological ensemble or landscape which illustrates (a) significant stage(s) in human history;",4,,,,,,,,,,,,,,,,,,,,,,,,,,,,,,,,,,,,,,,,,,,,,,,,,,,,,,,,,,,,,,,,,,,,,,Tier 9: Unflagged,
295,Byblos,Lebanon,https://whc.unesco.org/en/list/295,1984.0,34.11917,35.6455555556,"Building, Byzantine, Construction, Monument, Monumental, Ottoman, Plan, Structure; nan",Internal (DS/OUV),,"From Neolithic (8000 years ago/first settlement), Bronze Age, Persian, Roman, Byzantine, Crusade, to Ottoman period",Internal (DS/OUV),,"Phoenician, Persian, Roman, Byzantine, Crusader, Ottoman",Internal (DS/OUV),,"(iii) to bear a unique or at least exceptional testimony to a cultural tradition or to a civilization which is living or which has disappeared; | (iv) to be an outstanding example of a type of building, architectural or technological ensemble or landscape which illustrates (a) significant stage(s) in human history; | (vi) to be directly or tangibly associated with events or living traditions, with ideas, or with beliefs, with artistic and literary works of outstanding universal significance;",3,Internal (DS/OUV),,Sandstone,Internal (DS/OUV),,Sedimentary Rock,Internal (DS/OUV),,,,,,,,,,,,,,,,,,,,,,,,,,,,,,,,Local (coastal cliff setting),Internal (DS/OUV),,,,,"Rampart walls, castle/citadel, donjon, cathedral, churches, mosque, temples, dwellings, Roman road",Internal (DS/OUV),,"Mosaics, Sarcophagus (carved sarcophagus of Ahiram)",Internal (DS/OUV),,,,,Climatic conditions causing erosion (especially affecting mosaics and archaeological elements),Internal (DS/OUV),,,,,Ongoing targeted conservation projects by the Directorate General of Antiquities (DGA); protection and enhancement plan being prepared,Internal (DS/OUV),,Moderate,,,Yes,,,,Tier 9: Unflagged,
246,"Sun Temple, Konârak",India,https://whc.unesco.org/en/list/246,1984.0,19.8875,86.09472,skipped; bvhp,,,,,,,,,"(i) to represent a masterpiece of human creative genius; | (iii) to bear a unique or at least exceptional testimony to a cultural tradition or to a civilization which is living or which has disappeared; | (vi) to be directly or tangibly associated with events or living traditions, with ideas, or with beliefs, with artistic and literary works of outstanding universal significance;",3,,,,,,,,,,,,,,,,,,,,,,,,,,,,,,,,,,,,,,,,,,,,,,,,,,,,,,,,,,,,,,,,,,No,,bvhp,bvhp,Tier 6: High Probability Ashlar / Urban Core (1-v Very High),
314,"Alhambra, Generalife and Albayzín, Granada",Spain,https://whc.unesco.org/en/list/314,1984.0,37.1767777778,-3.5899166667,skipped; bvvvhp,,,,,,,,,"(i) to represent a masterpiece of human creative genius; | (iii) to bear a unique or at least exceptional testimony to a cultural tradition or to a civilization which is living or which has disappeared; | (v) to be an outstanding example of a traditional human settlement, land-use, or sea-use which is representative of a culture (or cultures), or human interaction with the environment especially when it has become vulnerable under the impact of irreversible change;",3,,,,,,,,,,,,,,,,,,,,,,,,,,,,,,,,,,,,,,,,,,,,,,,,,,,,,,,,,,,,,,,,,,No,,bvvvhp,bvvvhp,Tier 4: Exceptional Stone Fortress / Cathedral / Mosque (3-v Very Very High),
293,Anjar,Lebanon,https://whc.unesco.org/en/list/293,1984.0,33.7319444444,35.9333333333,skipped; bvvhp,,,,,,,,,"(iii) to bear a unique or at least exceptional testimony to a cultural tradition or to a civilization which is living or which has disappeared; | (iv) to be an outstanding example of a type of building, architectural or technological ensemble or landscape which illustrates (a) significant stage(s) in human history;",2,,,,,,,,,,,,,,,,,,,,,,,,,,,,,,,,,,,,,,,,,,,,,,,,,,,,,,,,,,,,,,,,,,No,,bvvhp,bvvhp,Tier 5: Major Ashlar Masonry / Imperial Ruins (2-v Very High),
299,Tyre,Lebanon,https://whc.unesco.org/en/list/299,1984.0,33.2691666667,35.1958333333,skipped; bvvvvvhp,,,,,,,,,"(iii) to bear a unique or at least exceptional testimony to a cultural tradition or to a civilization which is living or which has disappeared; | (vi) to be directly or tangibly associated with events or living traditions, with ideas, or with beliefs, with artistic and literary works of outstanding universal significance;",2,,,,,,,,,,,,,,,,,,,,,,,,,,,,,,,,,,,,,,,,,,,,,,,,,,,,,,,,,,,,,,,,,,No,,bvvvvvhp,bvvvvvhp,Tier 2: Massive Cliff Rock Art / Bedrock Substrate (5-v Extremely High),
273,City of Cuzco,Peru,https://whc.unesco.org/en/list/273,1983.0,-13.517276,-71.980004,"Baroque, Plateresco, Mudejar, Churrigueresco, Pre-Hispanic/Inca, Colonial; nan",Internal (DS/OUV),,15th Century (Inca redesign/remodel) to 16th Century onwards (Colonial overlay),Internal (DS/OUV),,Ancient Inca Civilization / Tawantinsuyu Empire & Hispanic / Colonial Viceroyalty,Internal (DS/OUV),,"(iii) to bear a unique or at least exceptional testimony to a cultural tradition or to a civilization which is living or which has disappeared; | (iv) to be an outstanding example of a type of building, architectural or technological ensemble or landscape which illustrates (a) significant stage(s) in human history;",2,Internal (DS/OUV),,"Andesite, Granite",Internal (DS/OUV),,Igneous Rock,,,,,,,,,Meticulously cut granite and andesite,Internal (DS/OUV),,,,,,,,,,,Very finely finished / Meticulously cut,Internal (DS/OUV),,,,,,,,Peru (Implied local Andean origin),Internal (DS/OUV),,Local,,,,,,"Walls, foundations, urban enclosures, temples (Temple of the Sun / Qoricancha), palaces, and churches",Internal (DS/OUV),,"Baroque/Plateresco/Mudejar ornamental facade features, religious art, and carved elements over Inca structures",Internal (DS/OUV),,"Meticulously cut, finely finished stone masonry (Inca dry-stone/polygonal ashlar technique)",Internal (DS/OUV),,Earthquake damage / seismic degradation (notably following the major 1950 earthquake),Internal (DS/OUV),,,,,Recovery and restoration programs initiated after the 1950 earthquake through 1973,Internal (DS/OUV),,Moderate,Internal (DS/OUV),,Yes,,,,Tier 9: Unflagged,
271,Pilgrimage Church of Wies,Germany,https://whc.unesco.org/en/list/271,1983.0,47.68127778,10.90013889,skipped; nan,,,,,,,,,(i) to represent a masterpiece of human creative genius; | (iii) to bear a unique or at least exceptional testimony to a cultural tradition or to a civilization which is living or which has disappeared;,2,,,,,,,,,,,,,,,,,,,,,,,,,,,,,,,,,,,,,,,,,,,,,,,,,,,,,,,,,,,,,,,,,,No,,,,Tier 9: Unflagged,
251,Agra Fort,India,https://whc.unesco.org/en/list/251,1983.0,27.179806,78.021528,skipped; bhp,,,,,,,,,(iii) to bear a unique or at least exceptional testimony to a cultural tradition or to a civilization which is living or which has disappeared;,1,,,,,,,,,,,,,,,,,,,,,,,,,,,,,,,,,,,,,,,,,,,,,,,,,,,,,,,,,,,,,,,,,,No,,bhp,bhp,Tier 7: High Probability Local Stone / Masonry (High Potential),
230,Abbey Church of Saint-Savin sur Gartempe,France,https://whc.unesco.org/en/list/230,1983.0,46.56472,0.86611,skipped;  but very highly possible; nan,,,,,,,,,(i) to represent a masterpiece of human creative genius; | (iii) to bear a unique or at least exceptional testimony to a cultural tradition or to a civilization which is living or which has disappeared;,2,,,,,,,,,,,,,,,,,,,,,,,,,,,,,,,,,,,,,,,,,,,,,,,,,,,,,,,,,,,,,,,,,,No,,,,Tier 9: Unflagged,
267,Old City of Berne,Switzerland,https://whc.unesco.org/en/list/267,1983.0,46.94806,7.45028,"Baroque, Late Baroque, Medieval urban structure, Arcades, Fountains, Bridges, Cathedral; nan",Internal (DS/OUV),,12th century to 19th century (Founding: 12th century; extensions: 12th–14th; restorations/fountains: 16th century; patrician houses: 17th century; major transformations: 18th century; public monuments: 19th century),Internal (DS/OUV),,European High Middle Ages / Swiss,Internal (DS/OUV),,(iii) to bear a unique or at least exceptional testimony to a cultural tradition or to a civilization which is living or which has disappeared;,1,Internal (DS/OUV),,Sandy limestone,Internal (DS/OUV),,Sedimentary Rock,Internal (DS/OUV),,,,,,,,Sandy limestone,Internal (DS/OUV),,,,,,,,,,,,,,,,,,,,,,,Local (implied by regional geographic setting on the Swiss plateau),,,,,,"Arcades, house facades, patrician houses, public monuments, foundations, arches, bridges, towers, walls, cathedral",Internal (DS/OUV),,"Picturesque fountains, arcades, facades",Internal (DS/OUV),,"Arcades supported by arches, structured stone construction",Internal (DS/OUV),,,,,,,,"Restoration carried out on towers, walls, and continuous renewal of built substance respecting original plan",Internal (DS/OUV),,Good,,,Yes,,,,Tier 9: Unflagged,
263,Monastery of the Hieronymites and Tower of Belém in Lisbon,Portugal,https://whc.unesco.org/en/list/263,1983.0,38.69194,-9.21583,skipped; bvhp,,,,,,,,,"(iii) to bear a unique or at least exceptional testimony to a cultural tradition or to a civilization which is living or which has disappeared; | (vi) to be directly or tangibly associated with events or living traditions, with ideas, or with beliefs, with artistic and literary works of outstanding universal significance;",2,,,,,,,,,,,,,,,,,,,,,,,,,,,,,,,,,,,,,,,,,,,,,,,,,,,,,,,,,,,,,,,,,,No,,bvhp,bvhp,Tier 6: High Probability Ashlar / Urban Core (1-v Very High),
269,Benedictine Convent of St John at Müstair,Switzerland,https://whc.unesco.org/en/list/269,1983.0,46.62945,10.44765,skipped; bp,,,,,,,,,(iii) to bear a unique or at least exceptional testimony to a cultural tradition or to a civilization which is living or which has disappeared;,1,,,,,,,,,,,,,,,,,,,,,,,,,,,,,,,,,,,,,,,,,,,,,,,,,,,,,,,,,,,,,,,,,,No,,bp,bp,Tier 8: Moderate Probability Stone Fabric (Possible),
242,Ajanta Caves,India,https://whc.unesco.org/en/list/242,1983.0,20.553111,75.70025,skipped; bvvvhp,,,,,,,,,"(i) to represent a masterpiece of human creative genius; | (ii) to exhibit an important interchange of human values, over a span of time or within a cultural area of the world, on developments in architecture or technology, monumental arts, town-planning or landscape design; | (iii) to bear a unique or at least exceptional testimony to a cultural tradition or to a civilization which is living or which has disappeared; | (vi) to be directly or tangibly associated with events or living traditions, with ideas, or with beliefs, with artistic and literary works of outstanding universal significance;",4,,,,,,,,,,,,,,,,,,,,,,,,,,,,,,,,,,,,,,,,,,,,,,,,,,,,,,,,,,,,,,,,,,No,,bvvvhp,bvvvhp,Tier 4: Exceptional Stone Fortress / Cathedral / Mosque (3-v Very Very High),
217,Ancient City of Nessebar,Bulgaria,https://whc.unesco.org/en/list/217,1983.0,42.6591111111,27.7360277778,skipped; bvvvvhp,,,,,,,,,"(iii) to bear a unique or at least exceptional testimony to a cultural tradition or to a civilization which is living or which has disappeared; | (iv) to be an outstanding example of a type of building, architectural or technological ensemble or landscape which illustrates (a) significant stage(s) in human history;",2,,,,,,,,,,,,,,,,,,,,,,,,,,,,,,,,,,,,,,,,,,,,,,,,,,,,,,,,,,,,,,,,,,No,,bvvvvhp,bvvvvhp,Tier 3: Monumental Megalithic / Sanctuary Architecture (4-v Very Very Very High),
243,Ellora Caves,India,https://whc.unesco.org/en/list/243,1983.0,20.02639,75.17917,"Rock-cut architecture (Viharas/Monasteries, Chaityagriha/Sanctuary, and Monolithic Temples); nan",Internal (DS/OUV),,"5th century to 12th century A.D. (Three phases: Buddhist 5th–8th c., Brahmanical 7th–10th c., Jaina 9th–12th c.)",Internal (DS/OUV),,"Ancient India (Buddhism, Brahmanism/Hinduism, and Jainism)",Internal (DS/OUV),,"(i) to represent a masterpiece of human creative genius; | (iii) to bear a unique or at least exceptional testimony to a cultural tradition or to a civilization which is living or which has disappeared; | (vi) to be directly or tangibly associated with events or living traditions, with ideas, or with beliefs, with artistic and literary works of outstanding universal significance;",3,Internal (DS/OUV),,Basalt,,,Igneous Rock,,,,,,,,,,,,,,,,,,,,,,,,,,,Direct in-situ rock excavation (Charanandri Hills / Basalt Cliff),Internal (DS/OUV),,India,Internal (DS/OUV),,Local (in-situ monolithic excavation),Internal (DS/OUV),,,,,"Excavated sanctuaries, pillared halls (mandapas), rock-cut monolithic temples, monasteries (viharas)",Internal (DS/OUV),,"Sculptured compositions, high plastic quality relief carvings, and ceiling paintings",Internal (DS/OUV),,Rock-cut monolithic excavation (dug directly into the cliff side),Internal (DS/OUV),,Seepage and cracking in the caves,Internal (DS/OUV),,,,,"Comprehensive Conservation Management Plan implementation, condition survey",Internal (DS/OUV),,Good,,,Yes,,,,Tier 9: Unflagged,
174,Historic Centre of Florence,Italy,https://whc.unesco.org/en/list/174,1982.0,43.77306,11.25611,"Renaissance, Gothic, Romanesque, Medieval, Roman; nan",Internal (DS/OUV),,13th–17th Century (with ancient Roman foundation from 59 BC),Internal (DS/OUV),,Florentine / Italian Renaissance & Etruscan/Roman,Internal (DS/OUV),,"(i) to represent a masterpiece of human creative genius; | (ii) to exhibit an important interchange of human values, over a span of time or within a cultural area of the world, on developments in architecture or technology, monumental arts, town-planning or landscape design; | (iii) to bear a unique or at least exceptional testimony to a cultural tradition or to a civilization which is living or which has disappeared; | (iv) to be an outstanding example of a type of building, architectural or technological ensemble or landscape which illustrates (a) significant stage(s) in human history; | (vi) to be directly or tangibly associated with events or living traditions, with ideas, or with beliefs, with artistic and literary works of outstanding universal significance;",5,Internal (DS/OUV),,"Pietra Forte, Pietra Serena",Internal (DS/OUV),,Sedimentary Rock,,,"Carrara Marble, Marmo di Corylo, Rosso di Cotto",Internal (DS/OUV),,"Pietra Forte, Pietra Serena",Internal (DS/OUV),,Turbiditic silicic-carbonate sandstone (Pietra Forte); Feldspathic greywacke sandstone (Pietra Serena),External,https://www.researchgate.net/publication/347198129_Pietraforte_the_Florentine_building_material_from_the_Middle_Ages_to_contemporary_architecture,Upper Cretaceous (Pietra Forte); Upper Oligocene–Lower Miocene (Pietra Serena),External,https://www.researchgate.net/publication/347198129_Pietraforte_the_Florentine_building_material_from_the_Middle_Ages_to_contemporary_architecture,Pietraforte Formation (Ligurian Domain); Macigno Formation (Tuscan Nappe),External,https://www.researchgate.net/publication/347198129_Pietraforte_the_Florentine_building_material_from_the_Middle_Ages_to_contemporary_architecture,Yellowish-brown/ochraceous (Pietra Forte); Cerulean/greyish-blue (Pietra Serena),External,https://www.researchgate.net/publication/347198129_Pietraforte_the_Florentine_building_material_from_the_Middle_Ages_to_contemporary_architecture,"Fine-to-medium grained, graded bedding",External,https://www.researchgate.net/publication/347198129_Pietraforte_the_Florentine_building_material_from_the_Middle_Ages_to_contemporary_architecture,"Quartz, Feldspars (Plagioclase), Micas, Calcite, Dolomite fragments",External,https://www.researchgate.net/publication/347198129_Pietraforte_the_Florentine_building_material_from_the_Middle_Ages_to_contemporary_architecture,"Boboli Hill Quarries, Costa San Giorgio (Pietra Forte); Fiesole & Monte Ceceri Quarries (Pietra Serena); Apuan Alps / Carrara (Marble)",External,https://www.isprambiente.gov.it/it/pubblicazioni/periodici-tecnici/memorie-descrittive-della-carta-geologica-ditalia/stones.pdf,Italy,Internal (DS/OUV),,Local (Pietra Forte & Pietra Serena); Regional Import (Carrara Marble),Internal (DS/OUV),,Local (< 5–10 km for sandstones); ~100 km (for Carrara Marble),External,https://www.isprambiente.gov.it/it/pubblicazioni/periodici-tecnici/memorie-descrittive-della-carta-geologica-ditalia/stones.pdf,"Fortified walls, palaces, bridges, structural pillars, foundations, exterior load-bearing masonry",Internal (DS/OUV),,"Interior pilasters, cornices, door/window frames, statues, facades, plasterwork, frescoes",Internal (DS/OUV),,"Rustication (ashlar), cobblestone paving, traditional Florentine stone masonry",Internal (DS/OUV),,"Exfoliation, atmospheric pollution degradation, humidity erosion, flood risk",Internal (DS/OUV),,,,,"Ongoing urban restoration, 2006 Management Plan, emergency flood risk measures",Internal (DS/OUV),,Good,Internal (DS/OUV),,Yes,"Webpage (Uploaded Document)	
1. UNESCO Official Dossier


2. Pietraforte Sandstone Research Study


3. ISPRA Geological Survey of Italian Stones",,,Tier 9: Unflagged,
192,Old Walled City of Shibam,Yemen,https://whc.unesco.org/en/list/192,1982.0,15.92694,48.62667,skipped;; nan,,,,,,,,,"(iii) to bear a unique or at least exceptional testimony to a cultural tradition or to a civilization which is living or which has disappeared; | (iv) to be an outstanding example of a type of building, architectural or technological ensemble or landscape which illustrates (a) significant stage(s) in human history; | (v) to be an outstanding example of a traditional human settlement, land-use, or sea-use which is representative of a culture (or cultures), or human interaction with the environment especially when it has become vulnerable under the impact of irreversible change;",3,,,,,,,,,,,,,,,,,,,,,,,,,,,,,,,,,,,,,,,,,,,,,,,,,,,,,,,,,,,,,,,,,,,,,,Tier 9: Unflagged,
183,Archaeological Site of Leptis Magna,Libya,https://whc.unesco.org/en/list/183,1982.0,32.63833,14.29306,"Architectural, Building, Monument, Monumental, Neo-Classical, Structure; nan",Internal (DS/OUV),,Phoenicians (7th century BCE); Roman Empire expansion; Severan emperors (3rd century CE),Internal (DS/OUV),,"Phoenician, Punic, Roman, Greek, Hellenistic",Internal (DS/OUV),,"(i) to represent a masterpiece of human creative genius; | (ii) to exhibit an important interchange of human values, over a span of time or within a cultural area of the world, on developments in architecture or technology, monumental arts, town-planning or landscape design; | (iii) to bear a unique or at least exceptional testimony to a cultural tradition or to a civilization which is living or which has disappeared;",3,Internal (DS/OUV),,Marble,Internal (DS/OUV),,,,,,,,,,,Marble,Internal (DS/OUV),,,,,,,,,,,,,,,,,,,,,,,Imported / Aegean influence (* Aegean craftsmanship noted on marble decorations *),Internal (DS/OUV),,,,,"Amphitheatre, Arch, Basilica, Bath, Capital, Gate, Pillar, Temple, Theatre",Internal (DS/OUV),,Marble decorations on pillars in the Severan Basilica and on the Arch of Severus,Internal (DS/OUV),,,,,Covered by wind-blown sand from interior (protected for 800 years); vegetal encroachment (needs monitoring),Internal (DS/OUV),,,,,"Consolidation, restoration, maintenance, and minor reconstruction carried out in the first half of the 20th century",Internal (DS/OUV),,Excellent,Internal (DS/OUV),,Yes,,,,Tier 9: Unflagged,
194,Timgad,Algeria,https://whc.unesco.org/en/list/194,1982.0,35.4841666667,6.4688611111,"Roman town planning / Roman military colony / Defensive system, public conveniences, spectacles, religious complex; nan",Internal (DS/OUV),,Founded 100 A.D. (Trajan period); expansions in Severan period; modifications in Byzantine period (539 A.D.),Internal (DS/OUV),,Roman / Byzantine,Internal (DS/OUV),,"(ii) to exhibit an important interchange of human values, over a span of time or within a cultural area of the world, on developments in architecture or technology, monumental arts, town-planning or landscape design; | (iii) to bear a unique or at least exceptional testimony to a cultural tradition or to a civilization which is living or which has disappeared; | (iv) to be an outstanding example of a type of building, architectural or technological ensemble or landscape which illustrates (a) significant stage(s) in human history;",3,Internal (DS/OUV),,"Limestone, Marble",Internal (DS/OUV),,Sedimentary Rock,Internal (DS/OUV),,,,,Local (Inferred for limestone); Precious marbles absent (mosaics used to offset absence),Internal (DS/OUV),,,,,,,,,,,,,,,,,,,,,,,,,,,,,,,,Entire buildings constructed of stone; streets paved with large rectangular limestone slabs; reused blocks in Byzantine fortress,Internal (DS/OUV),,Sumptuous mosaics (offsetting absence of precious marbles),Internal (DS/OUV),,Orthogonal block / Ashlar / Reused Roman blocks in later Byzantine fortification,Internal (DS/OUV),,"Fragile structures affected by climbing, trampling, graffiti, and vehicle pressure during annual cultural festivals",Internal (DS/OUV),,,,,Reused blocks removed from Roman monuments for Byzantine fortress (539 AD); restoration along with ongoing excavations (1881–1960),Internal (DS/OUV),,Excellent,Internal (DS/OUV),,Yes,,,,Tier 9: Unflagged,
190,Archaeological Site of Cyrene,Libya,https://whc.unesco.org/en/list/190,1982.0,32.825,21.85833,OUV Absent; nan,,,,,,,,,"(ii) to exhibit an important interchange of human values, over a span of time or within a cultural area of the world, on developments in architecture or technology, monumental arts, town-planning or landscape design; | (iii) to bear a unique or at least exceptional testimony to a cultural tradition or to a civilization which is living or which has disappeared; | (vi) to be directly or tangibly associated with events or living traditions, with ideas, or with beliefs, with artistic and literary works of outstanding universal significance;",3,,,,,,,,,,,,,,,,,,,,,,,,,,,,,,,,,,,,,,,,,,,,,,,,,,,,,,,,,,,,,,,,,,No,,,,Tier 9: Unflagged,
191,Djémila,Algeria,https://whc.unesco.org/en/list/191,1982.0,36.32056,5.73667,skipped; but possible; nan,,,,,,,,,"(iii) to bear a unique or at least exceptional testimony to a cultural tradition or to a civilization which is living or which has disappeared; | (iv) to be an outstanding example of a type of building, architectural or technological ensemble or landscape which illustrates (a) significant stage(s) in human history;",2,,,,,,,,,,,,,,,,,,,,,,,,,,,,,,,,,,,,,,,,,,,,,,,,,,,,,,,,,,,,,,,,,,No,,,,Tier 9: Unflagged,
184,Archaeological Site of Sabratha,Libya,https://whc.unesco.org/en/list/184,1982.0,32.80528,12.485,OUV Absent; bvhp,,,,,,,,,(iii) to bear a unique or at least exceptional testimony to a cultural tradition or to a civilization which is living or which has disappeared;,1,,,,,,,,,,,,,,,,,,,,,,,,,,,,,,,,,,,,,,,,,,,,,,,,,,,,,,,,,,,,,,,,,,No,,,bvhp,Tier 6: High Probability Ashlar / Urban Core (1-v Very High),
198,Cahokia Mounds State Historic Site,United States of America,https://whc.unesco.org/en/list/198,1982.0,38.65861111,-90.06138889,skipped;; nan,,,,,,,,,"(iii) to bear a unique or at least exceptional testimony to a cultural tradition or to a civilization which is living or which has disappeared; | (iv) to be an outstanding example of a type of building, architectural or technological ensemble or landscape which illustrates (a) significant stage(s) in human history;",2,,,,,,,,,,,,,,,,,,,,,,,,,,,,,,,,,,,,,,,,,,,,,,,,,,,,,,,,,,,,,,,,,,No,,,,Tier 9: Unflagged,
201,Ancient City of Polonnaruwa,Sri Lanka,https://whc.unesco.org/en/list/201,1982.0,7.915833333,81.00055556,OUV Absent; bvvvhp,,,,,,,,,"(i) to represent a masterpiece of human creative genius; | (iii) to bear a unique or at least exceptional testimony to a cultural tradition or to a civilization which is living or which has disappeared; | (vi) to be directly or tangibly associated with events or living traditions, with ideas, or with beliefs, with artistic and literary works of outstanding universal significance;",3,,,,,,,,,,,,,,,,,,,,,,,,,,,,,,,,,,,,,,,,,,,,,,,,,,,,,,,,,,,,,,,,,,No,,,bvvvhp,Tier 4: Exceptional Stone Fortress / Cathedral / Mosque (3-v Very Very High),
188,M'Zab Valley,Algeria,https://whc.unesco.org/en/list/188,1982.0,32.48333,3.68333,skipped; bp,,,,,,,,,"(ii) to exhibit an important interchange of human values, over a span of time or within a cultural area of the world, on developments in architecture or technology, monumental arts, town-planning or landscape design; | (iii) to bear a unique or at least exceptional testimony to a cultural tradition or to a civilization which is living or which has disappeared; | (v) to be an outstanding example of a traditional human settlement, land-use, or sea-use which is representative of a culture (or cultures), or human interaction with the environment especially when it has become vulnerable under the impact of irreversible change;",3,,,,,,,,,,,,,,,,,,,,,,,,,,,,,,,,,,,,,,,,,,,,,,,,,,,,,,,,,,,,,,,,,,No,,bp,bp,Tier 8: Moderate Probability Stone Fabric (Possible),
200,Sacred City of Anuradhapura,Sri Lanka,https://whc.unesco.org/en/list/200,1982.0,8.333333333,80.38333333,OUV Absent; bp,,,,,,,,,"(ii) to exhibit an important interchange of human values, over a span of time or within a cultural area of the world, on developments in architecture or technology, monumental arts, town-planning or landscape design; | (iii) to bear a unique or at least exceptional testimony to a cultural tradition or to a civilization which is living or which has disappeared; | (vi) to be directly or tangibly associated with events or living traditions, with ideas, or with beliefs, with artistic and literary works of outstanding universal significance;",3,,,,,,,,,,,,,,,,,,,,,,,,,,,,,,,,,,,,,,,,,,,,,,,,,,,,,,,,,,,,,,,,,,No,,,bp,Tier 8: Moderate Probability Stone Fabric (Possible),
202,Ancient City of Sigiriya,Sri Lanka,https://whc.unesco.org/en/list/202,1982.0,7.95,80.75,rock art; nan,,,477–495,Internal (DS/OUV),,"NA (King Kassapa I is mentioned, but no specific civilization)",Internal (DS/OUV),,"(i) to represent a masterpiece of human creative genius; | (ii) to exhibit an important interchange of human values, over a span of time or within a cultural area of the world, on developments in architecture or technology, monumental arts, town-planning or landscape design; | (iii) to bear a unique or at least exceptional testimony to a cultural tradition or to a civilization which is living or which has disappeared; | (v) to be an outstanding example of a traditional human settlement, land-use, or sea-use which is representative of a culture (or cultures), or human interaction with the environment especially when it has become vulnerable under the impact of irreversible change;",4,,,Granite,Internal (DS/OUV),,Igneous Rock,Internal (DS/OUV),," Bricks, Plaster",Internal (DS/OUV),,,,,,,,,,,,,,,,,,,,,,,,,,,,,,,,,,,Used as a foundational peak (180m high) and for a gigantic lion structure (galleries/staircases emerging from mouth).,Internal (DS/OUV),,,,,Constructed of bricks and plaster,Internal (DS/OUV),,,,,,,,,,,,,,Yes,,,,Tier 9: Unflagged,
193,Tipasa,Algeria,https://whc.unesco.org/en/list/193,1982.0,36.55,2.383333333,skipped; bvvvhp,,,,,,,,,"(iii) to bear a unique or at least exceptional testimony to a cultural tradition or to a civilization which is living or which has disappeared; | (iv) to be an outstanding example of a type of building, architectural or technological ensemble or landscape which illustrates (a) significant stage(s) in human history;",2,,,,,,,,,,,,,,,,,,,,,,,,,,,,,,,,,,,,,,,,,,,,,,,,,,,,,,,,,,,,,,,,,,No,,bvvvhp,bvvvhp,Tier 4: Exceptional Stone Fortress / Cathedral / Mosque (3-v Very Very High),
171,Fort and Shalamar Gardens in Lahore,Pakistan,https://whc.unesco.org/en/list/171,1981.0,31.59027778,74.30972222,Fortified Palace & Water Garden Enclosure Complex; nan,Internal (DS/OUV),,16th – 17th Century (Akbar 1542–1605 through Shah Jahan 1627–1658; Shalamar Gardens completed 1641–1642),Internal (DS/OUV),,Mughal Empire,Internal (DS/OUV),,"(i) to represent a masterpiece of human creative genius; | (ii) to exhibit an important interchange of human values, over a span of time or within a cultural area of the world, on developments in architecture or technology, monumental arts, town-planning or landscape design; | (iii) to bear a unique or at least exceptional testimony to a cultural tradition or to a civilization which is living or which has disappeared;",3,Internal (DS/OUV),,"Red Sandstone, White Marble",Internal (DS/OUV),,Sedimentary Rock,,,"Semi-precious stones (pietra dura / inlay), Glass mosaics, Gilt",Internal (DS/OUV),,,,,,,,,,,,,,"Red/Terracotta (Sandstone); Pure White, Milky White, Grey/Pink Streaked (Marble)",Internal (DS/OUV),,,,,,,,,,,,,,,,,,,,"Baked brick masonry core with red sandstone courses, enclosing walls, gateways, bastions, and supporting pillars/pavilions",Internal (DS/OUV),,"Luxurious marble palaces, screens, inlay of semi-precious stones (pietra dura), glass mosaics (Shish Mahal), gilt, and zoomorphic corbels",Internal (DS/OUV),,"Ashlar stone cladding over baked brick, carved stone lattice (jaali) screens, corbelled brackets, and stone inlay/pietra dura",Internal (DS/OUV),,"Deterioration of hydraulic systems, moisture-induced micro-cracking, thermo-hygric expansion/bowing in marble, atmospheric pollution decay",Internal (DS/OUV),,Traditional lime mortar and matching red sandstone/marble matching historical composition during controlled restoration,Internal (DS/OUV),,Traditional lime mortar and matching red sandstone/marble matching historical composition during controlled restoration,Internal (DS/OUV),,Moderate,,,Yes,"1. Makrana Marble: A Popular Heritage Stone Resource
2. The Art of Pietra-dura during the 17th Century Mughal Era
3. Conservation Challenges and Emerging Trends in Pakistan",,,Tier 9: Unflagged,
144,Ruins of Kilwa Kisiwani and Ruins of Songo Mnara,United Republic of Tanzania,https://whc.unesco.org/en/list/144,1981.0,-8.95778,39.52278,"Architectural, Building, Design, Layout, Monument, Plan, Structure; nan",,,9th to 19th century (peak prosperity 13th–14th century),Internal (DS/OUV),,Swahili coastal culture / Islamic East Africa,Internal (DS/OUV),,(iii) to bear a unique or at least exceptional testimony to a cultural tradition or to a civilization which is living or which has disappeared;,1,Internal (DS/OUV),,"Coral Stone, Coral, Carnelian",Internal (DS/OUV),,,,,,,,,,,,,,,,,,,,,,,,,,,,,,,,,,,Local (coral stone) / Imported (carnelians traded via Indian Ocean),Internal (DS/OUV),,,,,"Built of coral and lime mortar (Great Mosque, domes, vaults, Husuni Kubwa palace, Gereza fort, domestic dwellings, enclosing walls)",Internal (DS/OUV),,"Embedded Chinese porcelain in domes/vaults; carnelians, perfumes, Persian faience",Internal (DS/OUV),,Coral stone bonded with lime mortar,Internal (DS/OUV),,"Subject to invasion by vegetation, inundation by the sea, climate change impact (wave action, beach erosion)",Internal (DS/OUV),,Coral stone (used for consolidation during conservation),Internal (DS/OUV),,Limited consolidation using coral stone and appropriate materials; ongoing conservation programme,Internal (DS/OUV),,Poor,,,Yes,,,,Tier 9: Unflagged,
148,Old City of Jerusalem and its Walls,Jerusalem (Site proposed by Jordan),https://whc.unesco.org/en/list/148,1981.0,31.7777777778,35.2316666667,OUV Absent; nan,,,,,,,,,"(ii) to exhibit an important interchange of human values, over a span of time or within a cultural area of the world, on developments in architecture or technology, monumental arts, town-planning or landscape design; | (iii) to bear a unique or at least exceptional testimony to a cultural tradition or to a civilization which is living or which has disappeared; | (vi) to be directly or tangibly associated with events or living traditions, with ideas, or with beliefs, with artistic and literary works of outstanding universal significance;",3,,,,,,,,,,,,,,,,,,,,,,,,,,,,,,,,,,,,,,,,,,,,,,,,,,,,,,,,,,,,,,,,,,No,,,,Tier 9: Unflagged,
143,"Historical Monuments at Makli, Thatta",Pakistan,https://whc.unesco.org/en/list/143,1981.0,24.76666667,67.9,skipped; bvvvhp,,,,,,,,,(iii) to bear a unique or at least exceptional testimony to a cultural tradition or to a civilization which is living or which has disappeared;,1,,,,,,,,,,,,,,,,,,,,,,,,,,,,,,,,,,,,,,,,,,,,,,,,,,,,,,,,,,,,,,,,,,No,,bvvvhp,bvvvhp,Tier 4: Exceptional Stone Fortress / Cathedral / Mosque (3-v Very Very High),
163,"Roman Theatre and its Surroundings and the ""Triumphal Arch"" of Orange",France,https://whc.unesco.org/en/list/163,1981.0,44.13572222,4.808416667,skipped; bvvvhp,,,,,,,,,"(iii) to bear a unique or at least exceptional testimony to a cultural tradition or to a civilization which is living or which has disappeared; | (vi) to be directly or tangibly associated with events or living traditions, with ideas, or with beliefs, with artistic and literary works of outstanding universal significance;",2,,,,,,,,,,,,,,,,,,,,,,,,,,,,,,,,,,,,,,,,,,,,,,,,,,,,,,,,,,,,,,,,,,No,,bvvvhp,bvvvhp,Tier 4: Exceptional Stone Fortress / Cathedral / Mosque (3-v Very Very High),
157,S<U>G</U>ang Gwaay,Canada,https://whc.unesco.org/en/list/157,1981.0,52.095,-131.2202778,skipped,,,,,,,,,(iii) to bear a unique or at least exceptional testimony to a cultural tradition or to a civilization which is living or which has disappeared;,1,,,,,,,,,,,,,,,,,,,,,,,,,,,,,,,,,,,,,,,,,,,,,,,,,,,,,,,,,,,,,,,,,,No,,,,,
91,"Historic Centre of Rome, the Properties of the Holy See in that City Enjoying Extraterritorial Rights and San Paolo Fuori le Mura","Holy See,Italy",https://whc.unesco.org/en/list/91,1980.0,41.89022222,12.49230556,Skipped; nan,,,,,,,,,"(i) to represent a masterpiece of human creative genius; | (ii) to exhibit an important interchange of human values, over a span of time or within a cultural area of the world, on developments in architecture or technology, monumental arts, town-planning or landscape design; | (iii) to bear a unique or at least exceptional testimony to a cultural tradition or to a civilization which is living or which has disappeared; | (iv) to be an outstanding example of a type of building, architectural or technological ensemble or landscape which illustrates (a) significant stage(s) in human history; | (vi) to be directly or tangibly associated with events or living traditions, with ideas, or with beliefs, with artistic and literary works of outstanding universal significance;",5,,,,,,,,,,,,,,,,,,,,,,,,,,,,,,,,,,,,,,,,,,,,,,,,,,,,,,,,,,,,,,,,,,,,,,Tier 9: Unflagged,
130,Ħal Saflieni Hypogeum,Malta,https://whc.unesco.org/en/list/130,1980.0,35.8695900049,14.5068833733,Underground cemetery / subterranean 'labyrinth' / rock-cut chambers; nan,Internal (DS/OUV),,"c. 4000 B.C. to 2500 B.C. (Żebbuġ, Ġgantija and Tarxien Phases)",Internal (DS/OUV),,Maltese Prehistory (Neolithic),Internal (DS/OUV),,(iii) to bear a unique or at least exceptional testimony to a cultural tradition or to a civilization which is living or which has disappeared;,1,Internal (DS/OUV),,"Soft globigerina limestone, coralline limestone",Internal (DS/OUV),,Sedimentary Rock,Internal (DS/OUV),,"Chert, flint, obsidian",Internal (DS/OUV),,"Globigerina limestone, coralline limestone",Internal (DS/OUV),,,,,,,,,,,Red ochre,Internal (DS/OUV),,Soft,,,Red ochre,,,Scooped out of the brow of a hill / hewn entirely out of the natural rock,Internal (DS/OUV),,Malta,Internal (DS/OUV),,Local,Internal (DS/OUV),,,,,"Subterranean levels of chambers, corbelled masonry imitation roofs, trilithon doorway imitations",Internal (DS/OUV),,Spiral and honeycomb painted designs in red ochre,Internal (DS/OUV),,"Rock-cut excavation using chert, flint, obsidian tools and antlers; corbelled masonry",Internal (DS/OUV),,"Fluctuating temperature and relative humidity levels, water infiltration, biological infestations",Internal (DS/OUV),,,,,Acquisition and dismantling of houses directly above the site; light level and visitor number controls,Internal (DS/OUV),,Excellent,,,Yes,,,,Tier 9: Unflagged,
124,Historic Town of Ouro Preto,Brazil,https://whc.unesco.org/en/list/124,1980.0,-20.38888889,-43.50555556,"Baroque, Colonial, Vernacular, Traditional; nan",Internal (DS/OUV),,18th Century / 19th Century (founded late 17th century),Internal (DS/OUV),,Portuguese Colonial,Internal (DS/OUV),,(i) to represent a masterpiece of human creative genius; | (iii) to bear a unique or at least exceptional testimony to a cultural tradition or to a civilization which is living or which has disappeared;,2,Internal (DS/OUV),,"Gneiss, Soapstone",Internal (DS/OUV),,Metamorphic Rock,Internal (DS/OUV),,,,,,,,,,,,,,,,,,,,,,,,,,,,,Brazil,Internal (DS/OUV),,Local (Minas Gerais region),Internal (DS/OUV),,,,,"Bridges, Fountains, Public Buildings, Residences, Churches",Internal (DS/OUV),,"Stone Sculptures on Facades, Decorative Treatment",Internal (DS/OUV),,Combined use of two materials (gneiss and soapstone),Internal (DS/OUV),,,,,,,,Conservation and restoration investments,Internal (DS/OUV),,Moderate,,,Yes,,,,Tier 9: Unflagged,
139,Taxila,Pakistan,https://whc.unesco.org/en/list/139,1980.0,33.77916667,72.8875,Skipped; Limestone (mentioned in relation to blasting and quarrying activities in the valley); nan,,,,,,,,,"(iii) to bear a unique or at least exceptional testimony to a cultural tradition or to a civilization which is living or which has disappeared; | (vi) to be directly or tangibly associated with events or living traditions, with ideas, or with beliefs, with artistic and literary works of outstanding universal significance;",2,,,,,,,,,,,,,,,,,,,,,,,,,,,,,,,,,,,,,,,,,,,,,,,,,,,,,,,,,,,,,,,,,,No,,,,Tier 9: Unflagged,
55,Røros Mining Town and the Circumference,Norway,https://whc.unesco.org/en/list/55,1980.0,62.5738888889,11.3855555556,skipped; bhp; minig town,,,,,,,,,"(iii) to bear a unique or at least exceptional testimony to a cultural tradition or to a civilization which is living or which has disappeared; | (iv) to be an outstanding example of a type of building, architectural or technological ensemble or landscape which illustrates (a) significant stage(s) in human history; | (v) to be an outstanding example of a traditional human settlement, land-use, or sea-use which is representative of a culture (or cultures), or human interaction with the environment especially when it has become vulnerable under the impact of irreversible change;",3,,,,,,,,,,,,,,,,,,,,,,,,,,,,,,,,,,,,,,,,,,,,,,,,,,,,,,,,,,,,,,,,,,No,,bhp,bhp,Tier 7: High Probability Local Stone / Masonry (High Potential),
22,Ancient City of Bosra,Syrian Arab Republic,https://whc.unesco.org/en/list/22,1980.0,32.5191666667,36.4841666667,skipped; bvhp,,,,,,,,,"(i) to represent a masterpiece of human creative genius; | (iii) to bear a unique or at least exceptional testimony to a cultural tradition or to a civilization which is living or which has disappeared; | (vi) to be directly or tangibly associated with events or living traditions, with ideas, or with beliefs, with artistic and literary works of outstanding universal significance;",3,,,,,,,,,,,,,,,,,,,,,,,,,,,,,,,,,,,,,,,,,,,,,,,,,,,,,,,,,,,,,,,,,,No,,bvhp,bvhp,Tier 6: High Probability Ashlar / Urban Core (1-v Very High),
138,Archaeological Ruins at Moenjodaro,Pakistan,https://whc.unesco.org/en/list/138,1980.0,27.32916667,68.13888889,skipped; bvvvvvhp,,,,,,,,,"(ii) to exhibit an important interchange of human values, over a span of time or within a cultural area of the world, on developments in architecture or technology, monumental arts, town-planning or landscape design; | (iii) to bear a unique or at least exceptional testimony to a cultural tradition or to a civilization which is living or which has disappeared;",2,,,,,,,,,,,,,,,,,,,,,,,,,,,,,,,,,,,,,,,,,,,,,,,,,,,,,,,,,,,,,,,,,,No,,bvvvvvhp,bvvvvvhp,Tier 2: Massive Cliff Rock Art / Bedrock Substrate (5-v Extremely High),
79,Paphos,Cyprus,https://whc.unesco.org/en/list/79,1980.0,34.75833,32.40556,skippped; bvvhp,,,,,,,,,"(iii) to bear a unique or at least exceptional testimony to a cultural tradition or to a civilization which is living or which has disappeared; | (vi) to be directly or tangibly associated with events or living traditions, with ideas, or with beliefs, with artistic and literary works of outstanding universal significance;",2,,,,,,,,,,,,,,,,,,,,,,,,,,,,,,,,,,,,,,,,,,,,,,,,,,,,,,,,,,,,,,,,,,No,,bvvhp,bvvhp,Tier 5: Major Ashlar Masonry / Imperial Ruins (2-v Very High),
102,Al Qal'a of Beni Hammad,Algeria,https://whc.unesco.org/en/list/102,1980.0,35.81844,4.78684,skipped; bvhp,,,,,,,,,(iii) to bear a unique or at least exceptional testimony to a cultural tradition or to a civilization which is living or which has disappeared;,1,,,,,,,,,,,,,,,,,,,,,,,,,,,,,,,,,,,,,,,,,,,,,,,,,,,,,,,,,,,,,,,,,,No,,bvhp,bvhp,Tier 6: High Probability Ashlar / Urban Core (1-v Very High),
10,Lower Valley of the Awash,Ethiopia,https://whc.unesco.org/en/list/10,1980.0,11.10006,40.57939,skipped,,,,,,,,,"(ii) to exhibit an important interchange of human values, over a span of time or within a cultural area of the world, on developments in architecture or technology, monumental arts, town-planning or landscape design; | (iii) to bear a unique or at least exceptional testimony to a cultural tradition or to a civilization which is living or which has disappeared; | (iv) to be an outstanding example of a type of building, architectural or technological ensemble or landscape which illustrates (a) significant stage(s) in human history;",3,,,,,,,,,,,,,,,,,,,,,,,,,,,,,,,,,,,,,,,,,,,,,,,,,,,,,,,,,,,,,,,,,,No,,,,,
17,Lower Valley of the Omo,Ethiopia,https://whc.unesco.org/en/list/17,1980.0,4.8,35.96666667,,Internal (DS/OUV),,,Internal (DS/OUV),,,Internal (DS/OUV),,"(iii) to bear a unique or at least exceptional testimony to a cultural tradition or to a civilization which is living or which has disappeared; | (iv) to be an outstanding example of a type of building, architectural or technological ensemble or landscape which illustrates (a) significant stage(s) in human history;",2,Internal (DS/OUV),,sedimentary deposits,,,Sedimentary Rock,,,,,,,,,,,,,,,,,,,,,,,,,,,,,,,,,,,,,,,,,,,,,,,,,,,,,,,,,,,,Yes,,,,,
95,Old City of Dubrovnik,Croatia,https://whc.unesco.org/en/list/95,1979.0,42.6414211111,18.1088611111,OUV Absent; bvvvhp,Internal (DS/OUV),,13th century onwards (severely damaged by earthquake in 1667; damaged in 1990s by armed conflict),Internal (DS/OUV),,,,,"(i) to represent a masterpiece of human creative genius; | (iii) to bear a unique or at least exceptional testimony to a cultural tradition or to a civilization which is living or which has disappeared; | (iv) to be an outstanding example of a type of building, architectural or technological ensemble or landscape which illustrates (a) significant stage(s) in human history;",3,Internal (DS/OUV),,,Internal (DS/OUV),,,,,,,,,,,,,,,,,,,,,,,,,,,,,,,,,,,,,,,,,"Bridge, Capital, Castle, Cathedral, Church, Minaret, Monastery, Mosque, Palace, Sanctuary, Temple, Tomb, Tower",Internal (DS/OUV),,,,,,,,,,,,,,Focus of a major restoration programme co-ordinated by UNESCO,Internal (DS/OUV),,Good,External,,No,,,bvvvhp,Tier 4: Exceptional Stone Fortress / Cathedral / Mosque (3-v Very Very High),
58,Urnes Stave Church,Norway,https://whc.unesco.org/en/list/58,1979.0,61.2982594908,7.322678289,skipped; nan,,,,,,,,,"(i) to represent a masterpiece of human creative genius; | (ii) to exhibit an important interchange of human values, over a span of time or within a cultural area of the world, on developments in architecture or technology, monumental arts, town-planning or landscape design; | (iii) to bear a unique or at least exceptional testimony to a cultural tradition or to a civilization which is living or which has disappeared;",3,,,,,,,,,,,,,,,,,,,,,,,,,,,,,,,,,,,,,,,,,,,,,,,,,,,,,,,,,,,,,,,,,,,,,,Tier 9: Unflagged,
88,Nubian Monuments from Abu Simbel to Philae,Egypt,https://whc.unesco.org/en/list/88,1979.0,22.3372222222,31.6258055556,"Temples, Tombs, Sanctuary, Kiosk, Monastery, Gate, Ruins; nan",Internal (DS/OUV),,"Old Kingdom, Middle Kingdom, New Kingdom (15th century BCE) to Ptolemaic and Roman periods (2nd century CE)",Internal (DS/OUV),,Ancient Egyptian / Nubian / Greco-Roman / Coptic,Internal (DS/OUV),,"(i) to represent a masterpiece of human creative genius; | (iii) to bear a unique or at least exceptional testimony to a cultural tradition or to a civilization which is living or which has disappeared; | (vi) to be directly or tangibly associated with events or living traditions, with ideas, or with beliefs, with artistic and literary works of outstanding universal significance;",3,Internal (DS/OUV),,Granite ,Internal (DS/OUV),,Igneous Rock,,,,,,,,,Granite (Mentioned under Criterion iii & Protection requirements),Internal (DS/OUV),,,,,,,,,,,,,,,,,Stone quarries of Aswan / Granite quarries of the Cataract area,Internal (DS/OUV),,Egypt,Internal (DS/OUV),,Local (Exploited within the Aswan region),Internal (DS/OUV),,,,,"Temples carved out of solid rock escarpment (rock-cut architecture), obelisks, colossi, sanctuary walls",Internal (DS/OUV),,"Richly decorated tombs, relief sculptures/scenes",Internal (DS/OUV),,Ancient Egyptian quarrying and rock-cut techniques (disassembled and reconstructed during relocation),Internal (DS/OUV),,"Affected by wind, temperature change, rains, humidity, bird droppings, and dust",Internal (DS/OUV),,,,,"International UNESCO Campaign (1960–1980): Monuments were disassembled, moved, and reconstructed to save them from Nile flooding",Internal (DS/OUV),,Excellent,,,Yes,,,,Tier 9: Unflagged,
20,Ancient City of Damascus,Syrian Arab Republic,https://whc.unesco.org/en/list/20,1979.0,33.5108333333,36.3097222222,skipped; bur promising; nan,,,,,,,,,"(i) to represent a masterpiece of human creative genius; | (ii) to exhibit an important interchange of human values, over a span of time or within a cultural area of the world, on developments in architecture or technology, monumental arts, town-planning or landscape design; | (iii) to bear a unique or at least exceptional testimony to a cultural tradition or to a civilization which is living or which has disappeared; | (iv) to be an outstanding example of a type of building, architectural or technological ensemble or landscape which illustrates (a) significant stage(s) in human history; | (vi) to be directly or tangibly associated with events or living traditions, with ideas, or with beliefs, with artistic and literary works of outstanding universal significance;",5,,,,,,,,,,,,,,,,,,,,,,,,,,,,,,,,,,,,,,,,,,,,,,,,,,,,,,,,,,,,,,,,,,No,,,,Tier 9: Unflagged,
86,Memphis and its Necropolis – the Pyramid Fields from Giza to Dahshur,Egypt,https://whc.unesco.org/en/list/86,1979.0,29.97604,31.13041,"Rock tombs, ornate mastabas, temples, pyramids, palaces, craftsmen’s workshops, dockyards, arsenals, residential neighbourhoods; nan",Internal (DS/OUV),,"3000 BC (Old Kingdom through Middle, New, Late, and Ptolemaic Periods)",Internal (DS/OUV),,Ancient Egyptian / Pharaonic,Internal (DS/OUV),,"(i) to represent a masterpiece of human creative genius; | (iii) to bear a unique or at least exceptional testimony to a cultural tradition or to a civilization which is living or which has disappeared; | (vi) to be directly or tangibly associated with events or living traditions, with ideas, or with beliefs, with artistic and literary works of outstanding universal significance;",3,Internal (DS/OUV),,Limestone,Internal (DS/OUV),,Sedimentary Rock,,,,,,,,,,,,,,,,,,,,,,,,,,,,,,Egypt,Internal (DS/OUV),,,,,,,,"Monumental stone building, pyramids (e.g., Step Pyramid of Djoser, Great Pyramid of Khufu), step pyramids, temples, tombs",Internal (DS/OUV),,,,,"Rock-cut tombs, mastaba, pyramid constructions",Internal (DS/OUV),,"Damage from natural forces through time, causing surface detail vulnerabilities",Internal (DS/OUV),,,,,Principles of restoration applied respecting legibility and reversibility (Ministry of Antiquities projects),Internal (DS/OUV),,Good,,,Yes,,,,Tier 9: Unflagged,
19,"Fasil Ghebbi, Gondar Region",Ethiopia,https://whc.unesco.org/en/list/19,1979.0,12.607909,37.4697,skipped; bvvhp,,,,,,,,,"(ii) to exhibit an important interchange of human values, over a span of time or within a cultural area of the world, on developments in architecture or technology, monumental arts, town-planning or landscape design; | (iii) to bear a unique or at least exceptional testimony to a cultural tradition or to a civilization which is living or which has disappeared;",2,,,,,,,,,,,,,,,,,,,,,,,,,,,,,,,,,,,,,,,,,,,,,,,,,,,,,,,,,,,,,,,,,,No,,bvvhp,bvvhp,Tier 5: Major Ashlar Masonry / Imperial Ruins (2-v Very High),
114,Persepolis,Iran (Islamic Republic of),https://whc.unesco.org/en/list/114,1979.0,29.93444,52.89028,skipped; bvvvhp,,,,,,,,,"(i) to represent a masterpiece of human creative genius; | (iii) to bear a unique or at least exceptional testimony to a cultural tradition or to a civilization which is living or which has disappeared; | (vi) to be directly or tangibly associated with events or living traditions, with ideas, or with beliefs, with artistic and literary works of outstanding universal significance;",3,,,,,,,,,,,,,,,,,,,,,,,,,,,,,,,,,,,,,,,,,,,,,,,,,,,,,,,,,,,,,,,,,,Yes,,bvvvhp,bvvvhp,Tier 4: Exceptional Stone Fortress / Cathedral / Mosque (3-v Very Very High),
59,Bryggen,Norway,https://whc.unesco.org/en/list/59,1979.0,60.39722,5.32306,skipped; nan,,,,,,,,,(iii) to bear a unique or at least exceptional testimony to a cultural tradition or to a civilization which is living or which has disappeared;,1,,,,,,,,,,,,,,,,,,,,,,,,,,,,,,,,,,,,,,,,,,,,,,,,,,,,,,,,,,,,,,,,,,No,,,,Tier 9: Unflagged,
80,Mont-Saint-Michel and its Bay,France,https://whc.unesco.org/en/list/80,1979.0,48.63556,-1.51056,"Gothic, Romanesque, Flamboyant Gothic (choir), Pre-Romanesque; nan",Internal (DS/OUV),,10th to 16th centuries (founding of sanctuary in 708; Benedictine abbey in 966; Romanesque/Gothic additions 11th–16th c.),Internal (DS/OUV),,Medieval Christian Civilization / French Benedictine,Internal (DS/OUV),,"(i) to represent a masterpiece of human creative genius; | (iii) to bear a unique or at least exceptional testimony to a cultural tradition or to a civilization which is living or which has disappeared; | (vi) to be directly or tangibly associated with events or living traditions, with ideas, or with beliefs, with artistic and literary works of outstanding universal significance;",3,Internal (DS/OUV),,Granite,Internal (DS/OUV),,Igneous Rock,Internal (DS/OUV),,Flat bricks (used with granite masonry in Notre-Dame-sous-terre),Internal (DS/OUV),,,,,Granitic rock summit / islet base; granite masonry,Internal (DS/OUV),,,,,,,,,,,,,,,,,,,,France,Internal (DS/OUV),,Local (rock summit / surrounding rocky islet),Internal (DS/OUV),,,,,"Foundation/crossing supported by rock summit; high load-bearing walls, ribbed vaults, double nave",Internal (DS/OUV),,Cloister with colonnettes grouped in five; airy pinnacles,Internal (DS/OUV),,Granite masonry paired with flat bricks,Internal (DS/OUV),,Siltation/silting up of the bay; vulnerability of surrounding rocks to natural phenomena/coastal dynamics,Internal (DS/OUV),,,,,Restoration of Romanesque choir (1448); 19th-century dignity restorations; Spire construction (1897); Periodic rock consolidation works,Internal (DS/OUV),,Good,,,No,,,,Tier 9: Unflagged,
65,Antigua Guatemala,Guatemala,https://whc.unesco.org/en/list/65,1979.0,14.556504,-90.73381,skipped; bp,,,,,,,,,"(ii) to exhibit an important interchange of human values, over a span of time or within a cultural area of the world, on developments in architecture or technology, monumental arts, town-planning or landscape design; | (iii) to bear a unique or at least exceptional testimony to a cultural tradition or to a civilization which is living or which has disappeared; | (iv) to be an outstanding example of a type of building, architectural or technological ensemble or landscape which illustrates (a) significant stage(s) in human history;",3,,,,,,,,,,,,,,,,,,,,,,,,,,,,,,,,,,,,,,,,,,,,,,,,,,,,,,,,,,,,,,,,,,No,,bp,bp,Tier 8: Moderate Probability Stone Fabric (Possible),
121,Kathmandu Valley,Nepal,https://whc.unesco.org/en/list/121,1979.0,27.70395,85.30858,skipped; but very highly possible; nan,,,,,,,,,"(iii) to bear a unique or at least exceptional testimony to a cultural tradition or to a civilization which is living or which has disappeared; | (iv) to be an outstanding example of a type of building, architectural or technological ensemble or landscape which illustrates (a) significant stage(s) in human history; | (vi) to be directly or tangibly associated with events or living traditions, with ideas, or with beliefs, with artistic and literary works of outstanding universal significance;",3,,,,,,,,,,,,,,,,,,,,,,,,,,,,,,,,,,,,,,,,,,,,,,,,,,,,,,,,,,,,,,,,,,No,,,,Tier 9: Unflagged,
87,Ancient Thebes with its Necropolis,Egypt,https://whc.unesco.org/en/list/87,1979.0,25.73333,32.6,skipped; but very highly possible; nan,,,,,,,,,"(i) to represent a masterpiece of human creative genius; | (iii) to bear a unique or at least exceptional testimony to a cultural tradition or to a civilization which is living or which has disappeared; | (vi) to be directly or tangibly associated with events or living traditions, with ideas, or with beliefs, with artistic and literary works of outstanding universal significance;",3,,,,,,,,,,,,,,,,,,,,,,,,,,,,,,,,,,,,,,,,,,,,,,,,,,,,,,,,,,,,,,,,,,No,,,,Tier 9: Unflagged,
113,Tchogha Zanbil,Iran (Islamic Republic of),https://whc.unesco.org/en/list/113,1979.0,32.00857,48.522118,skipped; nan,,,,,,,,,"(iii) to bear a unique or at least exceptional testimony to a cultural tradition or to a civilization which is living or which has disappeared; | (iv) to be an outstanding example of a type of building, architectural or technological ensemble or landscape which illustrates (a) significant stage(s) in human history;",2,,,,,,,,,,,,,,,,,,,,,,,,,,,,,,,,,,,,,,,,,,,,,,,,,,,,,,,,,,,,,,,,,,No,,,,Tier 9: Unflagged,
37,Archaeological Site of Carthage,Tunisia,https://whc.unesco.org/en/list/37,1979.0,36.85278,10.32333,OUV Absent; bvhp,,,,,,,,,"(ii) to exhibit an important interchange of human values, over a span of time or within a cultural area of the world, on developments in architecture or technology, monumental arts, town-planning or landscape design; | (iii) to bear a unique or at least exceptional testimony to a cultural tradition or to a civilization which is living or which has disappeared; | (vi) to be directly or tangibly associated with events or living traditions, with ideas, or with beliefs, with artistic and literary works of outstanding universal significance;",3,,,,,,,,,,,,,,,,,,,,,,,,,,,,,,,,,,,,,,,,,,,,,,,,,,,,,,,,,,,,,,,,,,No,,,bvhp,Tier 6: High Probability Ashlar / Urban Core (1-v Very High),
97,Historical Complex of Split with the Palace of Diocletian,Croatia,https://whc.unesco.org/en/list/97,1979.0,43.5088888889,16.4391666667,OUV Absent; nan,,,,,,,,,"(ii) to exhibit an important interchange of human values, over a span of time or within a cultural area of the world, on developments in architecture or technology, monumental arts, town-planning or landscape design; | (iii) to bear a unique or at least exceptional testimony to a cultural tradition or to a civilization which is living or which has disappeared; | (iv) to be an outstanding example of a type of building, architectural or technological ensemble or landscape which illustrates (a) significant stage(s) in human history;",3,,,,,,,,,,,,,,,,,,,,,,,,,,,,,,,,,,,,,,,,,,,,,,,,,,,,,,,,,,,,,,,,,,No,,,,Tier 9: Unflagged,
45,Rock-Hewn Churches of Ivanovo,Bulgaria,https://whc.unesco.org/en/list/45,1979.0,43.694858,25.987893,skipped; bvvvhp,,,,,,,,,"(ii) to exhibit an important interchange of human values, over a span of time or within a cultural area of the world, on developments in architecture or technology, monumental arts, town-planning or landscape design; | (iii) to bear a unique or at least exceptional testimony to a cultural tradition or to a civilization which is living or which has disappeared;",2,,,,,,,,,,,,,,,,,,,,,,,,,,,,,,,,,,,,,,,,,,,,,,,,,,,,,,,,,,,,,,,,,,No,,bvvvhp,bvvvhp,Tier 4: Exceptional Stone Fortress / Cathedral / Mosque (3-v Very Very High),
42,Boyana Church,Bulgaria,https://whc.unesco.org/en/list/42,1979.0,42.6446319444,23.2661827778,skipped; bvhp,,,,,,,,,"(ii) to exhibit an important interchange of human values, over a span of time or within a cultural area of the world, on developments in architecture or technology, monumental arts, town-planning or landscape design; | (iii) to bear a unique or at least exceptional testimony to a cultural tradition or to a civilization which is living or which has disappeared;",2,,,,,,,,,,,,,,,,,,,,,,,,,,,,,,,,,,,,,,,,,,,,,,,,,,,,,,,,,,,,,,,,,,No,,bvhp,bvhp,Tier 6: High Probability Ashlar / Urban Core (1-v Very High),
96,Stari Ras and Sopoćani,Serbia,https://whc.unesco.org/en/list/96,1979.0,43.11889,20.42278,skipped; bvhp,,,,,,,,,(i) to represent a masterpiece of human creative genius; | (iii) to bear a unique or at least exceptional testimony to a cultural tradition or to a civilization which is living or which has disappeared;,2,,,,,,,,,,,,,,,,,,,,,,,,,,,,,,,,,,,,,,,,,,,,,,,,,,,,,,,,,,,,,,,,,,No,,bvhp,bvhp,Tier 6: High Probability Ashlar / Urban Core (1-v Very High),
36,Medina of Tunis,Tunisia,https://whc.unesco.org/en/list/36,1979.0,36.81667,10.16667,"skipped, bvhp",,,,,,,,,"(ii) to exhibit an important interchange of human values, over a span of time or within a cultural area of the world, on developments in architecture or technology, monumental arts, town-planning or landscape design; | (iii) to bear a unique or at least exceptional testimony to a cultural tradition or to a civilization which is living or which has disappeared; | (v) to be an outstanding example of a traditional human settlement, land-use, or sea-use which is representative of a culture (or cultures), or human interaction with the environment especially when it has become vulnerable under the impact of irreversible change;",3,,,,,,,,,,,,,,,,,,,,,,,,,,,,,,,,,,,,,,,,,,,,,,,,,,,,,,,,,,,,,,,,,,No,,bvhp,bvhp,Tier 6: High Probability Ashlar / Urban Core (1-v Very High),
125,Natural and Culturo-Historical Region of Kotor,Montenegro,https://whc.unesco.org/en/list/125,1979.0,42.48333,18.7,skipped; bvhp,,,,,,,,,"(i) to represent a masterpiece of human creative genius; | (ii) to exhibit an important interchange of human values, over a span of time or within a cultural area of the world, on developments in architecture or technology, monumental arts, town-planning or landscape design; | (iii) to bear a unique or at least exceptional testimony to a cultural tradition or to a civilization which is living or which has disappeared; | (iv) to be an outstanding example of a type of building, architectural or technological ensemble or landscape which illustrates (a) significant stage(s) in human history;",4,,,,,,,,,,,,,,,,,,,,,,,,,,,,,,,,,,,,,,,,,,,,,,,,,,,,,,,,,,,,,,,,,,No,,bvhp,bvhp,Tier 6: High Probability Ashlar / Urban Core (1-v Very High),
44,Thracian Tomb of Kazanlak,Bulgaria,https://whc.unesco.org/en/list/44,1979.0,42.625774,25.399172,skipped; bp,,,,,,,,,"(i) to represent a masterpiece of human creative genius; | (iii) to bear a unique or at least exceptional testimony to a cultural tradition or to a civilization which is living or which has disappeared; | (iv) to be an outstanding example of a type of building, architectural or technological ensemble or landscape which illustrates (a) significant stage(s) in human history;",3,,,,,,,,,,,,,,,,,,,,,,,,,,,,,,,,,,,,,,,,,,,,,,,,,,,,,,,,,,,,,,,,,,No,,bp,bp,Tier 8: Moderate Probability Stone Fabric (Possible),
94,Rock Drawings in Valcamonica,Italy,https://whc.unesco.org/en/list/94,1979.0,45.95705556,10.29733333,skipped; bvvvhp,,,,,,,,,"(iii) to bear a unique or at least exceptional testimony to a cultural tradition or to a civilization which is living or which has disappeared; | (vi) to be directly or tangibly associated with events or living traditions, with ideas, or with beliefs, with artistic and literary works of outstanding universal significance;",2,,,,,,,,,,,,,,,,,,,,,,,,,,,,,,,,,,,,,,,,,,,,,,,,,,,,,,,,,,,,,,,,,,No,,,,,
85,Prehistoric Sites and Decorated Caves of the Vézère Valley,France,https://whc.unesco.org/en/list/85,1979.0,45.0575,1.17,skipped,,,,,,,,,(i) to represent a masterpiece of human creative genius; | (iii) to bear a unique or at least exceptional testimony to a cultural tradition or to a civilization which is living or which has disappeared;,2,,,,,,,,,,,,,,,,,,,,,,,,,,,,,,,,,,,,,,,,,,,,,,,,,,,,,,,,,,,,,,,,,,No,,,,,
43,Madara Rider,Bulgaria,https://whc.unesco.org/en/list/43,1979.0,43.277375,27.118894,skipped; bvvvvhp,,,,,,,,,(i) to represent a masterpiece of human creative genius; | (iii) to bear a unique or at least exceptional testimony to a cultural tradition or to a civilization which is living or which has disappeared;,2,,,,,,,,,,,,,,,,,,,,,,,,,,,,,,,,,,,,,,,,,,,,,,,,,,,,,,,,,,,,,,,,,,No,,,,,
18,"Rock-Hewn Churches, Lalibela",Ethiopia,https://whc.unesco.org/en/list/18,1978.0,12.02935,39.04042,skipped; bvhp,,,,,,,,,"(i) to represent a masterpiece of human creative genius; | (ii) to exhibit an important interchange of human values, over a span of time or within a cultural area of the world, on developments in architecture or technology, monumental arts, town-planning or landscape design; | (iii) to bear a unique or at least exceptional testimony to a cultural tradition or to a civilization which is living or which has disappeared;",3,,,,,,,,,,,,,,,,,,,,,,,,,,,,,,,,,,,,,,,,,,,,,,,,,,,,,,,,,,,,,,,,,,No,,bvhp,bvhp,Tier 6: High Probability Ashlar / Urban Core (1-v Very High),
27,Mesa Verde National Park,United States of America,https://whc.unesco.org/en/list/27,1978.0,37.26166667,-108.4855556,"Cliff dwellings, mesa-top villages, pit-house settlements, masonry-walled villages; nan",Internal (DS/OUV),,6th to the 12th century (c. 450 to 1300),Internal (DS/OUV),,Ancestral Pueblo Indian / Native American,Internal (DS/OUV),,(iii) to bear a unique or at least exceptional testimony to a cultural tradition or to a civilization which is living or which has disappeared;,1,Internal (DS/OUV),,Sandstone,Internal (DS/OUV),,Sedimentary Rock,,,,,,,,,,,,,,,,,,,,,,,,,,,,,,,,,Local (alcove/mesa plateau setting),Internal (DS/OUV),,,,,"Built of sandstone and mud mortar (multi-storey cliff dwellings, rooms, towers, balconies, walls)",Internal (DS/OUV),,Rock art,Internal (DS/OUV),,"Sandstone and mud mortar masonry, masonry-walled structures",Internal (DS/OUV),,Erosion following wildland fires,Internal (DS/OUV),,,Internal (DS/OUV),,"Stabilized, routine monitoring, condition assessment, and preservation treatment",Internal (DS/OUV),,Excellent,,,Yes,,,,Tier 9: Unflagged,
1809,Sebastia,State of Palestine,https://whc.unesco.org/en/list/1809,,,,Non-Building Cultural Site,,,,,,,,,(iii) to bear a unique or at least exceptional testimony to a cultural tradition or to a civilization which is living or which has disappeared;,1,,,,,,,,,,,,,,,,,,,,,,,,,,,,,,,,,,,,,,,,,,,,,,,,,,,,,,,,,,,,,,,,,,,,,,,
1735,Faya Palaeolandscape,United Arab Emirates,https://whc.unesco.org/en/list/1735,,,,Non-Building Cultural Site,,,,,,,,,"(iii) to bear a unique or at least exceptional testimony to a cultural tradition or to a civilization which is living or which has disappeared; | (iv) to be an outstanding example of a type of building, architectural or technological ensemble or landscape which illustrates (a) significant stage(s) in human history;",2,,,,,,,,,,,,,,,,,,,,,,,,,,,,,,,,,,,,,,,,,,,,,,,,,,,,,,,,,,,,,,,,,,,,,,,
1201,Mount Mulanje Cultural Landscape,Malawi,https://whc.unesco.org/en/list/1201,,,,Non-Building Cultural Site,,,,,,,,,"(iii) to bear a unique or at least exceptional testimony to a cultural tradition or to a civilization which is living or which has disappeared; | (vi) to be directly or tangibly associated with events or living traditions, with ideas, or with beliefs, with artistic and literary works of outstanding universal significance;",2,,,,,,,,,,,,,,,,,,,,,,,,,,,,,,,,,,,,,,,,,,,,,,,,,,,,,,,,,,,,,,,,,,,,,,,
1709,Murujuga Cultural Landscape,Australia,https://whc.unesco.org/en/list/1709,,,,Non-Building Cultural Site,,,,,,,,,"(i) to represent a masterpiece of human creative genius; | (iii) to bear a unique or at least exceptional testimony to a cultural tradition or to a civilization which is living or which has disappeared; | (v) to be an outstanding example of a traditional human settlement, land-use, or sea-use which is representative of a culture (or cultures), or human interaction with the environment especially when it has become vulnerable under the impact of irreversible change;",3,,,,,,,,,,,,,,,,,,,,,,,,,,,,,,,,,,,,,,,,,,,,,,,,,,,,,,,,,,,,,,,,,,,,,,,
