Site ID,Site Name,Country,Site URL,Inscription Date,Latitude,Longitude,Architecture Type,Architecture Type_Ref,Architecture Type_Ext,Construction Period,Construction Period_Ref,Construction Period_Ext,Civilization,Civilization_Ref,Civilization_Ext,UNESCO Criteria,Number of Criteria,UNESCO Criteria_Ref,UNESCO Criteria_Ext,Mentioned Major Stone(s),Mentioned Major Stone(s)_Ref,Mentioned Major Stone(s)_Ext,Rock Class,Rock Class_Ref,Rock Class_Ext,Secondary Stone,Secondary Stone_Ref,Secondary Stone_Ext,Local Stone Name,Local Stone Name_Ref,Local Stone Name_Ext,Lithology,Lithology_Ref,Lithology_Ext,Geological Age,Geological Age_Ref,Geological Age_Ext,Formation,Formation_Ref,Formation_Ext,Colour,Colour_Ref,Colour_Ext,Texture,Texture_Ref,Texture_Ext,Minerals,Minerals_Ref,Minerals_Ext,Quarry,Quarry_Ref,Quarry_Ext,Quarry Country,Quarry Country_Ref,Quarry Country_Ext,Local vs Imported,Local vs Imported_Ref,Local vs Imported_Ext,Transport Distance,Transport Distance_Ref,Transport Distance_Ext,Structural Use,Structural Use_Ref,Structural Use_Ext,Decorative Use,Decorative Use_Ref,Decorative Use_Ext,Masonry Technique,Masonry Technique_Ref,Masonry Technique_Ext,Weathering,Weathering_Ref,Weathering_Ext,Replacement Stone,Replacement Stone_Ref,Replacement Stone_Ext,Restoration,Restoration_Ref,Restoration_Ext,Condition,Condition_Ref,Condition_Ext,UNESCO Mention,Other references,flag_extracted,Stone_Potential_Flag,Potential_Tier_Description,Index
1507,"Phu Phrabat, a testimony to the Sīma stone tradition of the Dvaravati period",Thailand,https://whc.unesco.org/en/list/1507,2024.0,17.7310583333,102.3562666667,OUV Absent; bp,,,,,,,,,"(iii) to bear a unique or at least exceptional testimony to a cultural tradition or to a civilization which is living or which has disappeared; | (v) to be an outstanding example of a traditional human settlement, land-use, or sea-use which is representative of a culture (or cultures), or human interaction with the environment especially when it has become vulnerable under the impact of irreversible change;",2,,,,,,,,,,,,,,,,,,,,,,,,,,,,,,,,,,,,,,,,,,,,,,,,,,,,,,,,,,,,,,,,,,No,,,bp,Tier 8: Moderate Probability Stone Fabric (Possible),
13,Melka Kunture and Balchit: Archaeological and Palaeontological Sites in the Highland Area of Ethiopia,Ethiopia,https://whc.unesco.org/en/list/13,2024.0,8.7034722222,38.5990833333,"Elevation, Plan; nan",Internal (DS/OUV),,"Early Hominins (Homo erectus, Homo heidelbergensis, archaic Homo sapiens)",Internal (DS/OUV),,"Early Hominins (Homo erectus, Homo heidelbergensis, archaic Homo sapiens)",Internal (DS/OUV),,"(iii) to bear a unique or at least exceptional testimony to a cultural tradition or to a civilization which is living or which has disappeared; | (iv) to be an outstanding example of a type of building, architectural or technological ensemble or landscape which illustrates (a) significant stage(s) in human history; | (v) to be an outstanding example of a traditional human settlement, land-use, or sea-use which is representative of a culture (or cultures), or human interaction with the environment especially when it has become vulnerable under the impact of irreversible change;",3,Internal (DS/OUV),,"Obsidian, Tuff, Volcanic Rock, Volcanic Tuff",,,Igneous Rock,,,,,,"Volcanic Glass (Obsidian), Volcanic Tuff",Internal (DS/OUV),,"Volcanic rock, volcanic tuff, sedimentary and alluvial deposits, volcanic glass",Internal (DS/OUV),,Pleistocene (Quaternary),Internal (DS/OUV),,,,,,,,"Glassy (Obsidian), Pyroclastic / Fine-to-Coarse-grained (Tuff)",Internal (DS/OUV),,,,,Local volcanic/obsidian procurement outcrops (Balchit obsidian source),Internal (DS/OUV),,,,,Local (Procured within the Upper Awash Valley / Balchit area),Internal (DS/OUV),,,,,Stratigraphic matrix/layers burying palaified surfaces and tool assemblages,Internal (DS/OUV),,,,,"Lithic Knapping (Oldowan, Acheulean, MSA, LSA techno-complexes)",Internal (DS/OUV),,Seasonal erosion caused by overflows of the Awash River,Internal (DS/OUV),,,,,Excavated sections backfilled; display section protected under site shelter/museum,Internal (DS/OUV),,Good,,,Yes,,,,Tier 9: Unflagged,
1712,The Cultural Landscape of Al-Faw Archaeological Area,Saudi Arabia,https://whc.unesco.org/en/list/1712,2024.0,19.7649166667,45.1633888889,skipped; bvvvhp,,,,,,,,,"(ii) to exhibit an important interchange of human values, over a span of time or within a cultural area of the world, on developments in architecture or technology, monumental arts, town-planning or landscape design; | (v) to be an outstanding example of a traditional human settlement, land-use, or sea-use which is representative of a culture (or cultures), or human interaction with the environment especially when it has become vulnerable under the impact of irreversible change;",2,,,,,,,,,,,,,,,,,,,,,,,,,,,,,,,,,,,,,,,,,,,,,,,,,,,,,,,,,,,,,,,,,,No,,,,,
1723,The Emergence of Modern Human Behaviour: The Pleistocene Occupation Sites of South Africa,South Africa,https://whc.unesco.org/en/list/1723,2024.0,-32.3863888889,18.4525,skipped; bvvvvhp,,,,,,,,,"(iii) to bear a unique or at least exceptional testimony to a cultural tradition or to a civilization which is living or which has disappeared; | (iv) to be an outstanding example of a type of building, architectural or technological ensemble or landscape which illustrates (a) significant stage(s) in human history; | (v) to be an outstanding example of a traditional human settlement, land-use, or sea-use which is representative of a culture (or cultures), or human interaction with the environment especially when it has become vulnerable under the impact of irreversible change;",3,,,,,,,,,,,,,,,,,,,,,,,,,,,,,,,,,,,,,,,,,,,,,,,,,,,,,,,,,,,,,,,,,,No,,,,,
1014,The Archaeological Heritage of Niah National Park’s Caves Complex,Malaysia,https://whc.unesco.org/en/list/1014,2024.0,3.8042916667,113.7807666667,"Cave complex, archaeological sites, rock paintings, and boat-shaped burials",Internal (DS/OUV),,"Pleistocene to Mid-Holocene (approx. 50,000 years ago)",Internal (DS/OUV),,"Prehistoric humans (foragers, rice farmers, two disconnected populations)",Internal (DS/OUV),,"(iii) to bear a unique or at least exceptional testimony to a cultural tradition or to a civilization which is living or which has disappeared; | (v) to be an outstanding example of a traditional human settlement, land-use, or sea-use which is representative of a culture (or cultures), or human interaction with the environment especially when it has become vulnerable under the impact of irreversible change;",2,Internal (DS/OUV),,Limestone,Internal (DS/OUV),,Igneous Rock,,,,,,,,,,,,,,,,,,,,,,,,,,,,,,,,,,,,,,,,,,,,,,,,,,,,,,,,,Moderate,,,Yes,,,,,
1640,Djerba: Testimony to a settlement pattern in an island territory,Tunisia,https://whc.unesco.org/en/list/1640,2023.0,33.7924194444,11.0039583333,OUV Absent; bvhp,,,,,,,,,"(v) to be an outstanding example of a traditional human settlement, land-use, or sea-use which is representative of a culture (or cultures), or human interaction with the environment especially when it has become vulnerable under the impact of irreversible change;",1,,,,,,,,,,,,,,,,,,,,,,,,,,,,,,,,,,,,,,,,,,,,,,,,,,,,,,,,,,,,,,,,,,No,,,bvhp,Tier 6: High Probability Ashlar / Urban Core (1-v Very High),
1658,Old town of Kuldīga,Latvia,https://whc.unesco.org/en/list/1658,2023.0,56.96775,21.9715277778,skipped;; nan,,,,,,,,,"(v) to be an outstanding example of a traditional human settlement, land-use, or sea-use which is representative of a culture (or cultures), or human interaction with the environment especially when it has become vulnerable under the impact of irreversible change;",1,,,,,,,,,,,,,,,,,,,,,,,,,,,,,,,,,,,,,,,,,,,,,,,,,,,,,,,,,,,,,,,,,,No,,,,Tier 9: Unflagged,
1675,Silk Roads: Zarafshan-Karakum Corridor,"Tajikistan,Turkmenistan,Uzbekistan",https://whc.unesco.org/en/list/1675,2023.0,39.4414888889,69.6855583333,skipped; bhp,,,,,,,,,"(ii) to exhibit an important interchange of human values, over a span of time or within a cultural area of the world, on developments in architecture or technology, monumental arts, town-planning or landscape design; | (iii) to bear a unique or at least exceptional testimony to a cultural tradition or to a civilization which is living or which has disappeared; | (v) to be an outstanding example of a traditional human settlement, land-use, or sea-use which is representative of a culture (or cultures), or human interaction with the environment especially when it has become vulnerable under the impact of irreversible change;",3,,,,,,,,,,,,,,,,,,,,,,,,,,,,,,,,,,,,,,,,,,,,,,,,,,,,,,,,,,,,,,,,,,No,,bhp,bhp,Tier 7: High Probability Local Stone / Masonry (High Potential),
1695,Zagori Cultural Landscape,Greece,https://whc.unesco.org/en/list/1695,2023.0,39.9052777778,20.8197222222,"Traditional, Vernacular (Byzantine and Ottoman influences); nan",Internal (DS/OUV),,18th and 19th centuries,Internal (DS/OUV),,Greek / Byzantine and Ottoman,Internal (DS/OUV),,"(v) to be an outstanding example of a traditional human settlement, land-use, or sea-use which is representative of a culture (or cultures), or human interaction with the environment especially when it has become vulnerable under the impact of irreversible change;",1,Internal (DS/OUV),,Limestone,Internal (DS/OUV),,Sedimentary Rock,,,,,,,,,,,,,,,,,,,,,,,,,,,,,,,,,"Local (""sustainable management of natural resources"" from the environment)",Internal (DS/OUV),,,,,"Stone-arched bridges, traditional buildings, cobbled paths, staircases",Internal (DS/OUV),,,,,"Limestone masonry, drystone walling",Internal (DS/OUV),,Vulnerable due to socio-cultural and environmental pressures,Internal (DS/OUV),,,,,"Continued use of traditional craftsmanship, authentic techniques, and materials",Internal (DS/OUV),,Excellent,,,Yes,,,,Tier 9: Unflagged,
1558,Žatec and the Landscape of Saaz Hops,Czechia,https://whc.unesco.org/en/list/1558,2023.0,50.3202777778,13.62,skipped; nan,,,,,,,,,"(iii) to bear a unique or at least exceptional testimony to a cultural tradition or to a civilization which is living or which has disappeared; | (iv) to be an outstanding example of a type of building, architectural or technological ensemble or landscape which illustrates (a) significant stage(s) in human history; | (v) to be an outstanding example of a traditional human settlement, land-use, or sea-use which is representative of a culture (or cultures), or human interaction with the environment especially when it has become vulnerable under the impact of irreversible change;",3,,,,,,,,,,,,,,,,,,,,,,,,,,,,,,,,,,,,,,,,,,,,,,,,,,,,,,,,,,,,,,,,,,No,,,,Tier 9: Unflagged,
1641,The Gedeo Cultural Landscape,Ethiopia,https://whc.unesco.org/en/list/1641,2023.0,6.2488888889,38.2877777778,skipped;,,,,,,,,,"(iii) to bear a unique or at least exceptional testimony to a cultural tradition or to a civilization which is living or which has disappeared; | (v) to be an outstanding example of a traditional human settlement, land-use, or sea-use which is representative of a culture (or cultures), or human interaction with the environment especially when it has become vulnerable under the impact of irreversible change;",2,,,,,,,,,,,,,,,,,,,,,,,,,,,,,,,,,,,,,,,,,,,,,,,,,,,,,,,,,,,,,,,,,,No,,,,,
1696,Cultural Landscape of Khinalig People and “Köç Yolu” Transhumance Route,Azerbaijan,https://whc.unesco.org/en/list/1696,2023.0,40.7059,48.8854,skipped; bvhp,,,,,,,,,"(iii) to bear a unique or at least exceptional testimony to a cultural tradition or to a civilization which is living or which has disappeared; | (v) to be an outstanding example of a traditional human settlement, land-use, or sea-use which is representative of a culture (or cultures), or human interaction with the environment especially when it has become vulnerable under the impact of irreversible change;",2,,,,,,,,,,,,,,,,,,,,,,,,,,,,,,,,,,,,,,,,,,,,,,,,,,,,,,,,,,,,,,,,,,No,,,,,
1665,Cultural Landscape of Old Tea Forests of the Jingmai Mountain in Pu’er,China,https://whc.unesco.org/en/list/1665,2023.0,22.1841666667,100.0075,skipped;,,,,,,,,,"(iii) to bear a unique or at least exceptional testimony to a cultural tradition or to a civilization which is living or which has disappeared; | (v) to be an outstanding example of a traditional human settlement, land-use, or sea-use which is representative of a culture (or cultures), or human interaction with the environment especially when it has become vulnerable under the impact of irreversible change;",2,,,,,,,,,,,,,,,,,,,,,,,,,,,,,,,,,,,,,,,,,,,,,,,,,,,,,,,,,,,,,,,,,,No,,,,,
1634,Settlement and Artificial Mummification of the Chinchorro Culture in the Arica and Parinacota Region,Chile,https://whc.unesco.org/en/list/1634,2021.0,-18.4819611111,-70.3215722222,skipped; bvhp,,,,,,,,,"(iii) to bear a unique or at least exceptional testimony to a cultural tradition or to a civilization which is living or which has disappeared; | (v) to be an outstanding example of a traditional human settlement, land-use, or sea-use which is representative of a culture (or cultures), or human interaction with the environment especially when it has become vulnerable under the impact of irreversible change;",2,,,,,,,,,,,,,,,,,,,,,,,,,,,,,,,,,,,,,,,,,,,,,,,,,,,,,,,,,,,,,,,,,,No,,bvhp,bvhp,Tier 6: High Probability Ashlar / Urban Core (1-v Very High),
1647,Cultural Landscape of Hawraman/Uramanat,Iran (Islamic Republic of),https://whc.unesco.org/en/list/1647,2021.0,35.1073583333,46.47785,skipped; bvhp,,,,,,,,,"(iii) to bear a unique or at least exceptional testimony to a cultural tradition or to a civilization which is living or which has disappeared; | (v) to be an outstanding example of a traditional human settlement, land-use, or sea-use which is representative of a culture (or cultures), or human interaction with the environment especially when it has become vulnerable under the impact of irreversible change;",2,,,,,,,,,,,,,,,,,,,,,,,,,,,,,,,,,,,,,,,,,,,,,,,,,,,,,,,,,,,,,,,,,,No,,,,,
1632,Jomon Prehistoric Sites in Northern Japan,Japan,https://whc.unesco.org/en/list/1632,2021.0,41.0655555556,140.5522222222,skipped; bvvvhp,,,,,,,,,"(iii) to bear a unique or at least exceptional testimony to a cultural tradition or to a civilization which is living or which has disappeared; | (v) to be an outstanding example of a traditional human settlement, land-use, or sea-use which is representative of a culture (or cultures), or human interaction with the environment especially when it has become vulnerable under the impact of irreversible change;",2,,,,,,,,,,,,,,,,,,,,,,,,,,,,,,,,,,,,,,,,,,,,,,,,,,,,,,,,,,,,,,,,,,No,,,,,
1549,Historic Centre of Sheki with the Khan’s Palace,Azerbaijan,https://whc.unesco.org/en/list/1549,2019.0,41.2033333333,47.1875,"skipped, promising; nan",,,,,,,,,"(ii) to exhibit an important interchange of human values, over a span of time or within a cultural area of the world, on developments in architecture or technology, monumental arts, town-planning or landscape design; | (v) to be an outstanding example of a traditional human settlement, land-use, or sea-use which is representative of a culture (or cultures), or human interaction with the environment especially when it has become vulnerable under the impact of irreversible change;",2,,,,,,,,,,,,,,,,,,,,,,,,,,,,,,,,,,,,,,,,,,,,,,,,,,,,,,,,,,,,,,,,,,No,,,,Tier 9: Unflagged,
1589,Landscape for Breeding and Training of Ceremonial Carriage Horses at Kladruby nad Labem,Czechia,https://whc.unesco.org/en/list/1589,2019.0,50.05665,15.4842583333,skipped; bp,,,,,,,,,"(iv) to be an outstanding example of a type of building, architectural or technological ensemble or landscape which illustrates (a) significant stage(s) in human history; | (v) to be an outstanding example of a traditional human settlement, land-use, or sea-use which is representative of a culture (or cultures), or human interaction with the environment especially when it has become vulnerable under the impact of irreversible change;",2,,,,,,,,,,,,,,,,,,,,,,,,,,,,,,,,,,,,,,,,,,,,,,,,,,,,,,,,,,,,,,,,,,No,,bp,bp,Tier 8: Moderate Probability Stone Fabric (Possible),
1577,Budj Bim Cultural Landscape,Australia,https://whc.unesco.org/en/list/1577,2019.0,-38.0811111111,141.8852777778,"Aquaculture system (channels, weirs, dams, ponds, sinkholes); nan",Internal (DS/OUV),,"Over a period of at least 6,600 years",Internal (DS/OUV),,Gunditjmara Aboriginal people,Internal (DS/OUV),,"(iii) to bear a unique or at least exceptional testimony to a cultural tradition or to a civilization which is living or which has disappeared; | (v) to be an outstanding example of a traditional human settlement, land-use, or sea-use which is representative of a culture (or cultures), or human interaction with the environment especially when it has become vulnerable under the impact of irreversible change;",2,Internal (DS/OUV),,"Volcanic rock, Lava, Stone",Internal (DS/OUV),,Igneous Rock,,,,,,,,,Volcanic rock / Lava flow,Internal (DS/OUV),,,,,Budj Bim lava flows,,,,,,,,,,,,,,,Australia,Internal (DS/OUV),,"Local (""abundant local volcanic rock"")",Internal (DS/OUV),,,,,"Constructed channels, weirs, and dams for water flow management",Internal (DS/OUV),,,,,"Stone-walled facilities, stone weirs",Internal (DS/OUV),,,,,,,,Reinstatement of traditional water flows via the construction of a cultural weir in 2010,Internal (DS/OUV),,Excellent,,,Yes,,,,Tier 9: Unflagged,
1578,Risco Caido and the Sacred Mountains of Gran Canaria Cultural Landscape,Spain,https://whc.unesco.org/en/list/1578,2019.0,28.0443888889,-15.6611944444,skipped,,,,,,,,,"(iii) to bear a unique or at least exceptional testimony to a cultural tradition or to a civilization which is living or which has disappeared; | (v) to be an outstanding example of a traditional human settlement, land-use, or sea-use which is representative of a culture (or cultures), or human interaction with the environment especially when it has become vulnerable under the impact of irreversible change;",2,,,,,,,,,,,,,,,,,,,,,,,,,,,,,,,,,,,,,,,,,,,,,,,,,,,,,,,,,,,,,,,,,,No,,,,,
1571,Le Colline del Prosecco di Conegliano e Valdobbiadene,Italy,https://whc.unesco.org/en/list/1571,2019.0,45.9530277778,12.2261111111,skipped,,,,,,,,,"(v) to be an outstanding example of a traditional human settlement, land-use, or sea-use which is representative of a culture (or cultures), or human interaction with the environment especially when it has become vulnerable under the impact of irreversible change;",1,,,,,,,,,,,,,,,,,,,,,,,,,,,,,,,,,,,,,,,,,,,,,,,,,,,,,,,,,,,,,,,,,,No,,,,,
1568,Sassanid Archaeological Landscape of Fars Region,Iran (Islamic Republic of),https://whc.unesco.org/en/list/1568,2018.0,29.7774805556,51.57045,skipped; nan,,,,,,,,,"(ii) to exhibit an important interchange of human values, over a span of time or within a cultural area of the world, on developments in architecture or technology, monumental arts, town-planning or landscape design; | (iii) to bear a unique or at least exceptional testimony to a cultural tradition or to a civilization which is living or which has disappeared; | (v) to be an outstanding example of a traditional human settlement, land-use, or sea-use which is representative of a culture (or cultures), or human interaction with the environment especially when it has become vulnerable under the impact of irreversible change;",3,,,,,,,,,,,,,,,,,,,,,,,,,,,,,,,,,,,,,,,,,,,,,,,,,,,,,,,,,,,,,,,,,,No,,,,Tier 9: Unflagged,
1450,Thimlich Ohinga Archaeological Site,Kenya,https://whc.unesco.org/en/list/1450,2018.0,-0.8913380556,34.326107,skipped; bvvvhp,,,,,,,,,"(iii) to bear a unique or at least exceptional testimony to a cultural tradition or to a civilization which is living or which has disappeared; | (iv) to be an outstanding example of a type of building, architectural or technological ensemble or landscape which illustrates (a) significant stage(s) in human history; | (v) to be an outstanding example of a traditional human settlement, land-use, or sea-use which is representative of a culture (or cultures), or human interaction with the environment especially when it has become vulnerable under the impact of irreversible change;",3,,,,,,,,,,,,,,,,,,,,,,,,,,,,,,,,,,,,,,,,,,,,,,,,,,,,,,,,,,,,,,,,,,No,,bvvvhp,bvvvhp,Tier 4: Exceptional Stone Fortress / Cathedral / Mosque (3-v Very Very High),
1563,"Al-Ahsa Oasis, an Evolving Cultural Landscape",Saudi Arabia,https://whc.unesco.org/en/list/1563,2018.0,25.4021666667,49.6305694444,skipped; bvvvhp,,,,,,,,,"(iii) to bear a unique or at least exceptional testimony to a cultural tradition or to a civilization which is living or which has disappeared; | (iv) to be an outstanding example of a type of building, architectural or technological ensemble or landscape which illustrates (a) significant stage(s) in human history; | (v) to be an outstanding example of a traditional human settlement, land-use, or sea-use which is representative of a culture (or cultures), or human interaction with the environment especially when it has become vulnerable under the impact of irreversible change;",3,,,,,,,,,,,,,,,,,,,,,,,,,,,,,,,,,,,,,,,,,,,,,,,,,,,,,,,,,,,,,,,,,,No,,,,,
1557,Aasivissuit – Nipisat. Inuit Hunting Ground between Ice and Sea,Denmark,https://whc.unesco.org/en/list/1557,2018.0,67.0639305556,-51.4332055556,skipped;,,,,,,,,,"(v) to be an outstanding example of a traditional human settlement, land-use, or sea-use which is representative of a culture (or cultures), or human interaction with the environment especially when it has become vulnerable under the impact of irreversible change;",1,,,,,,,,,,,,,,,,,,,,,,,,,,,,,,,,,,,,,,,,,,,,,,,,,,,,,,,,,,,,,,,,,,No,,,,,
1551,Historic City of Ahmadabad,India,https://whc.unesco.org/en/list/1551,2017.0,23.0263888889,72.5880555556,skipped; but very very highly possible; nan,,,,,,,,,"(ii) to exhibit an important interchange of human values, over a span of time or within a cultural area of the world, on developments in architecture or technology, monumental arts, town-planning or landscape design; | (v) to be an outstanding example of a traditional human settlement, land-use, or sea-use which is representative of a culture (or cultures), or human interaction with the environment especially when it has become vulnerable under the impact of irreversible change;",2,,,,,,,,,,,,,,,,,,,,,,,,,,,,,,,,,,,,,,,,,,,,,,,,,,,,,,,,,,,,,,,,,,No,,,,Tier 9: Unflagged,
1544,Historic City of Yazd,Iran (Islamic Republic of),https://whc.unesco.org/en/list/1544,2017.0,31.9013888889,54.3691666667,skipped; bvvvhp,,,,,,,,,"(iii) to bear a unique or at least exceptional testimony to a cultural tradition or to a civilization which is living or which has disappeared; | (v) to be an outstanding example of a traditional human settlement, land-use, or sea-use which is representative of a culture (or cultures), or human interaction with the environment especially when it has become vulnerable under the impact of irreversible change;",2,,,,,,,,,,,,,,,,,,,,,,,,,,,,,,,,,,,,,,,,,,,,,,,,,,,,,,,,,,,,,,,,,,No,,bvvvhp,bvvvhp,Tier 4: Exceptional Stone Fortress / Cathedral / Mosque (3-v Very Very High),
422,The English Lake District,United Kingdom of Great Britain and Northern Ireland,https://whc.unesco.org/en/list/422,2017.0,54.4766111111,-3.0824166667,skipped; bvvvhp,,,,,,,,,"(ii) to exhibit an important interchange of human values, over a span of time or within a cultural area of the world, on developments in architecture or technology, monumental arts, town-planning or landscape design; | (v) to be an outstanding example of a traditional human settlement, land-use, or sea-use which is representative of a culture (or cultures), or human interaction with the environment especially when it has become vulnerable under the impact of irreversible change; | (vi) to be directly or tangibly associated with events or living traditions, with ideas, or with beliefs, with artistic and literary works of outstanding universal significance;",3,,,,,,,,,,,,,,,,,,,,,,,,,,,,,,,,,,,,,,,,,,,,,,,,,,,,,,,,,,,,,,,,,,No,,bvvvhp,bvvvhp,Tier 4: Exceptional Stone Fortress / Cathedral / Mosque (3-v Very Very High),
1536,Kujataa Greenland: Norse and Inuit Farming at the Edge of the Ice Cap,Denmark,https://whc.unesco.org/en/list/1536,2017.0,61.1644444444,-45.5980555556,skipped; bvhp,,,,,,,,,"(v) to be an outstanding example of a traditional human settlement, land-use, or sea-use which is representative of a culture (or cultures), or human interaction with the environment especially when it has become vulnerable under the impact of irreversible change;",1,,,,,,,,,,,,,,,,,,,,,,,,,,,,,,,,,,,,,,,,,,,,,,,,,,,,,,,,,,,,,,,,,,No,,,,,
1545,ǂKhomani Cultural Landscape,South Africa,https://whc.unesco.org/en/list/1545,2017.0,-25.6876111111,20.3745833333,skipped,,,,,,,,,"(v) to be an outstanding example of a traditional human settlement, land-use, or sea-use which is representative of a culture (or cultures), or human interaction with the environment especially when it has become vulnerable under the impact of irreversible change; | (vi) to be directly or tangibly associated with events or living traditions, with ideas, or with beliefs, with artistic and literary works of outstanding universal significance;",2,,,,,,,,,,,,,,,,,,,,,,,,,,,,,,,,,,,,,,,,,,,,,,,,,,,,,,,,,,,,,,,,,,No,,,,,
1501,Antequera Dolmens Site,Spain,https://whc.unesco.org/en/list/1501,2016.0,37.025,-4.5444444444,skipped; bvvvhp,,,,,,,,,"(i) to represent a masterpiece of human creative genius; | (iii) to bear a unique or at least exceptional testimony to a cultural tradition or to a civilization which is living or which has disappeared; | (v) to be an outstanding example of a traditional human settlement, land-use, or sea-use which is representative of a culture (or cultures), or human interaction with the environment especially when it has become vulnerable under the impact of irreversible change;",3,,,,,,,,,,,,,,,,,,,,,,,,,,,,,,,,,,,,,,,,,,,,,,,,,,,,,,,,,,,,,,,,,,No,,bvvvhp,bvvvhp,Tier 4: Exceptional Stone Fortress / Cathedral / Mosque (3-v Very Very High),
1423,Cultural Landscape of Maymand,Iran (Islamic Republic of),https://whc.unesco.org/en/list/1423,2015.0,30.1680555556,55.3755555556,skipped;; nan,,,,,,,,,"(v) to be an outstanding example of a traditional human settlement, land-use, or sea-use which is representative of a culture (or cultures), or human interaction with the environment especially when it has become vulnerable under the impact of irreversible change;",1,,,,,,,,,,,,,,,,,,,,,,,,,,,,,,,,,,,,,,,,,,,,,,,,,,,,,,,,,,,,,,,,,,No,,,,Tier 9: Unflagged,
1425,"The Climats, terroirs of Burgundy",France,https://whc.unesco.org/en/list/1425,2015.0,47.0580555556,4.8644444444,"Palace, Wall, Hospices, Chateau, Enclosures; nan",Internal (DS/OUV),,High Middle Ages / Almost two millennia,Internal (DS/OUV),,"Benedictine and Cistercian monastic orders, Valois Dukes of Burgundy",Internal (DS/OUV),,"(iii) to bear a unique or at least exceptional testimony to a cultural tradition or to a civilization which is living or which has disappeared; | (v) to be an outstanding example of a traditional human settlement, land-use, or sea-use which is representative of a culture (or cultures), or human interaction with the environment especially when it has become vulnerable under the impact of irreversible change;",2,Internal (DS/OUV),,Limestone,,,Sedimentary Rock,Internal (DS/OUV),,,,,,,,Clay-limestone (soils),Internal (DS/OUV),,,,,,,,,,,,,,,,,,,,,,,,,,,,,"Stone walls, enclosures, stone-piles (meurgers), edifices of power",Internal (DS/OUV),,,,,,,,,,,,,,,,,Good,,,Yes,,,,Tier 9: Unflagged,
1442,Silk Roads: the Routes Network of Chang'an-Tianshan Corridor,"China,Kazakhstan,Kyrgyzstan",https://whc.unesco.org/en/list/1442,2014.0,34.3044444444,108.8572222222,"Capital cities, palace complexes, Buddhist cave temples, posthouses, passes, beacon towers, sections of the Great Wall, fortifications, tombs, stupas/pagodas, caravanserai, semi-underground buildings; nan",Internal (DS/OUV),,2nd century BC to 16th century AD (flourished 6th to 14th century AD),Internal (DS/OUV),,"Han and Tang Dynasties (China), Sogdians, Turks, Khan Kingdoms, Zhetysu region empires",Internal (DS/OUV),,"(ii) to exhibit an important interchange of human values, over a span of time or within a cultural area of the world, on developments in architecture or technology, monumental arts, town-planning or landscape design; | (iii) to bear a unique or at least exceptional testimony to a cultural tradition or to a civilization which is living or which has disappeared; | (v) to be an outstanding example of a traditional human settlement, land-use, or sea-use which is representative of a culture (or cultures), or human interaction with the environment especially when it has become vulnerable under the impact of irreversible change; | (vi) to be directly or tangibly associated with events or living traditions, with ideas, or with beliefs, with artistic and literary works of outstanding universal significance;",4,Internal (DS/OUV),,Loess; unbaked/exposed mud brick (in Zhetysu region),Internal (DS/OUV),,Sedimentary Rock,Internal (DS/OUV),,,,,Loess,,,,,,Quaternary (Loess Plateau deposits),Internal (DS/OUV),,,,,,,,"Fine-grained, wind-blown silt (Loess)",Internal (DS/OUV),,,,,,,,"China, Kazakhstan, Kyrgyzstan",Internal (DS/OUV),,"Local (Loess plateau soils, clay/mud bricks sourced on-site)",Internal (DS/OUV),,,,,"Earthen walls, subterranean structures, cave temple excavations, beacon towers, earthen fortifications, foundations",Internal (DS/OUV),,Relief carvings and statues in Buddhist cave temples,Internal (DS/OUV),,"Rammed earth (hangtu), carved cave-temple rock-cut masonry, unbaked mud-brick masonry",Internal (DS/OUV),,"High vulnerability to water/wind erosion, severe atmospheric deterioration on exposed earth/brick structures",Internal (DS/OUV),,,,,Backfilling and earth covering of exposed brick structures (Zhetysu region); traditional-style screen wall interventions,Internal (DS/OUV),,Poor,,,Yes,,,,Tier 9: Unflagged,
1370,Caves of Maresha and Bet-Guvrin in the Judean Lowlands as a Microcosm of the Land of the Caves,Israel,https://whc.unesco.org/en/list/1370,2014.0,31.6011111111,34.9,"Underground chambers / artificial cave complexes (cisterns, oil presses, baths, columbaria, stables, hideaways, tombs, places of worship); nan",Internal (DS/OUV),,"8th century BCE (Iron Age) to the Crusades (spanning ~2,000 years)",Internal (DS/OUV),,"Judean / Hellenistic, Roman, Byzantine, and Crusader cultures",Internal (DS/OUV),,"(v) to be an outstanding example of a traditional human settlement, land-use, or sea-use which is representative of a culture (or cultures), or human interaction with the environment especially when it has become vulnerable under the impact of irreversible change;",1,Internal (DS/OUV),,Chalk,Internal (DS/OUV),,Sedimentary Rock,Internal (DS/OUV),,,,,,,,Thick and homogeneous soft chalk,Internal (DS/OUV),,Lower Judea formation (Sub-strata),Internal (DS/OUV),,,,,,,,"Homogeneous, soft",Internal (DS/OUV),,,,,Excavated / quarried directly in-situ underneath the ancient towns,Internal (DS/OUV),,Israel,Internal (DS/OUV),,Local (Subsurface bedrock),Internal (DS/OUV),,,,,"Subterranean chamber walls, vaulted arches, supporting pillars, underground channels",Internal (DS/OUV),,,,,Rock-cut / Hand-carved underground excavation,Internal (DS/OUV),,Risk of water infiltration leading to potential vault collapse; rock instability,Internal (DS/OUV),,,,,"Policy of low-key restoration, avoiding over-interpretation/reconstruction; technical consolidation of cave walls and vaults",Internal (DS/OUV),,Excellent,,,Yes,,,,Tier 9: Unflagged,
1492,"Palestine: Land of Olives and Vines – Cultural Landscape of Southern Jerusalem, Battir",State of Palestine,https://whc.unesco.org/en/list/1492,2014.0,31.7163888889,35.1588888889,skipped; bvvvhp,,,,,,,,,"(i) to represent a masterpiece of human creative genius; | (v) to be an outstanding example of a traditional human settlement, land-use, or sea-use which is representative of a culture (or cultures), or human interaction with the environment especially when it has become vulnerable under the impact of irreversible change;",2,,,,,,,,,,,,,,,,,,,,,,,,,,,,,,,,,,,,,,,,,,,,,,,,,,,,,,,,,,,,,,,,,,No,,,,,
1390,Vineyard Landscape of Piedmont: Langhe-Roero and Monferrato,Italy,https://whc.unesco.org/en/list/1390,2014.0,44.6086111111,7.9636111111,skipped;,,,,,,,,,"(iii) to bear a unique or at least exceptional testimony to a cultural tradition or to a civilization which is living or which has disappeared; | (v) to be an outstanding example of a traditional human settlement, land-use, or sea-use which is representative of a culture (or cultures), or human interaction with the environment especially when it has become vulnerable under the impact of irreversible change;",2,,,,,,,,,,,,,,,,,,,,,,,,,,,,,,,,,,,,,,,,,,,,,,,,,,,,,,,,,,,,,,,,,,No,,,,,
1402,Al Zubarah Archaeological Site,Qatar,https://whc.unesco.org/en/list/1402,2013.0,25.9780555556,51.0297222222,skipped; bp,,,,,,,,,"(iii) to bear a unique or at least exceptional testimony to a cultural tradition or to a civilization which is living or which has disappeared; | (iv) to be an outstanding example of a type of building, architectural or technological ensemble or landscape which illustrates (a) significant stage(s) in human history; | (v) to be an outstanding example of a traditional human settlement, land-use, or sea-use which is representative of a culture (or cultures), or human interaction with the environment especially when it has become vulnerable under the impact of irreversible change;",3,,,,,,,,,,,,,,,,,,,,,,,,,,,,,,,,,,,,,,,,,,,,,,,,,,,,,,,,,,,,,,,,,,No,,bp,bp,Tier 8: Moderate Probability Stone Fabric (Possible),
1111,Cultural Landscape of Honghe Hani Rice Terraces,China,https://whc.unesco.org/en/list/1111,2013.0,23.0932777778,102.7799805556,"Traditional, Vernacular; nan",Internal (DS/OUV),,"Over the past 1,300 years (at least a millennium)",Internal (DS/OUV),,Hani People,Internal (DS/OUV),,"(iii) to bear a unique or at least exceptional testimony to a cultural tradition or to a civilization which is living or which has disappeared; | (v) to be an outstanding example of a traditional human settlement, land-use, or sea-use which is representative of a culture (or cultures), or human interaction with the environment especially when it has become vulnerable under the impact of irreversible change;",2,Internal (DS/OUV),,"Sandstone, Granite, Adobe",Internal (DS/OUV),,Sedimentary Rock,Internal (DS/OUV),,Earth and Stone (mixed masonry),Internal (DS/OUV),,,,,,,,,,,Ailao Mountains / Mountainous terrain,Internal (DS/OUV),,Red (referring to red rice soil/earth); specific stone colors NA,Internal (DS/OUV),,,,,,,,,,,China,,,Local (sourced beneath and within the Ailao Mountains),Internal (DS/OUV),,,,,"Terraces, wall construction, base backdrop for water entrapment/springs, and house walls",Internal (DS/OUV),,,,,Earth and stone walls; rammed earth; adobe bricks,Internal (DS/OUV),,Landslides (due to 25% average slopes),Internal (DS/OUV),,Concrete bricks (replacing traditional adobe/stone materials),Internal (DS/OUV),,"Guidelines for Conservation, Renovation and Environmental Treatment of Traditional Hani Residences",Internal (DS/OUV),,Good,,,Yes,,,,Tier 9: Unflagged,
1411,Ancient City of Tauric Chersonese and its Chora,Ukraine,https://whc.unesco.org/en/list/1411,2013.0,44.6108333333,33.4913888889,skipped; bvvhp,,,,,,,,,"(ii) to exhibit an important interchange of human values, over a span of time or within a cultural area of the world, on developments in architecture or technology, monumental arts, town-planning or landscape design; | (v) to be an outstanding example of a traditional human settlement, land-use, or sea-use which is representative of a culture (or cultures), or human interaction with the environment especially when it has become vulnerable under the impact of irreversible change;",2,,,,,,,,,,,,,,,,,,,,,,,,,,,,,,,,,,,,,,,,,,,,,,,,,,,,,,,,,,,,,,,,,,No,,bvvhp,bvvhp,Tier 5: Major Ashlar Masonry / Imperial Ruins (2-v Very High),
1433,"Birthplace of Jesus: Church of the Nativity and the Pilgrimage Route, Bethlehem",State of Palestine,https://whc.unesco.org/en/list/1433,2012.0,31.7043527778,35.2075,Early Christian Basilica & Pilgrimage Route Ensemble; nan,Internal (DS/OUV),,4th–6th centuries AD (First completed AD 339; replaced/reconstructed mid-6th century AD),Internal (DS/OUV),,Roman Empire / Byzantine / Crusader,Internal (DS/OUV),,"(i) to represent a masterpiece of human creative genius; | (v) to be an outstanding example of a traditional human settlement, land-use, or sea-use which is representative of a culture (or cultures), or human interaction with the environment especially when it has become vulnerable under the impact of irreversible change; | (vi) to be directly or tangibly associated with events or living traditions, with ideas, or with beliefs, with artistic and literary works of outstanding universal significance;",3,Internal (DS/OUV),,Limestone (Yellow Limestone),Internal (DS/OUV),,Sedimentary Rock,Internal (DS/OUV),,,,,,,,,,,,,,,,,yellow,Internal (DS/OUV),,,,,,,,,,,,,,,,,,,,"Basilica walls, columns, and surrounding buildings along Star Street",Internal (DS/OUV),,"Floor Mosaics, Icon Painting on columns",Internal (DS/OUV),,Traditional urban fabric / masonry,Internal (DS/OUV),,Polluted environment negatively affecting stone façades,Internal (DS/OUV),,,,,Technical plan for roof restoration; ongoing urban conservation,Internal (DS/OUV),,Moderate,,,Yes,,,,Tier 9: Unflagged,
1282,Decorated Farmhouses of Hälsingland,Sweden,https://whc.unesco.org/en/list/1282,2012.0,61.7072222222,16.1958333333,skipped; nan,,,,,,,,,"(v) to be an outstanding example of a traditional human settlement, land-use, or sea-use which is representative of a culture (or cultures), or human interaction with the environment especially when it has become vulnerable under the impact of irreversible change;",1,,,,,,,,,,,,,,,,,,,,,,,,,,,,,,,,,,,,,,,,,,,,,,,,,,,,,,,,,,,,,,,,,,No,,,,Tier 9: Unflagged,
1100,Rio de Janeiro: Carioca Landscapes between the Mountain and the Sea,Brazil,https://whc.unesco.org/en/list/1100,2012.0,-22.9477777778,-43.2913888889,skipped; bvvhp,,,,,,,,,"(v) to be an outstanding example of a traditional human settlement, land-use, or sea-use which is representative of a culture (or cultures), or human interaction with the environment especially when it has become vulnerable under the impact of irreversible change; | (vi) to be directly or tangibly associated with events or living traditions, with ideas, or with beliefs, with artistic and literary works of outstanding universal significance;",2,,,,,,,,,,,,,,,,,,,,,,,,,,,,,,,,,,,,,,,,,,,,,,,,,,,,,,,,,,,,,,,,,,No,,bvvhp,bvvhp,Tier 5: Major Ashlar Masonry / Imperial Ruins (2-v Very High),
1194,Cultural Landscape of Bali Province: the <em>Subak</em> System as a Manifestation of the <em>Tri Hita Karana</em> Philosophy,Indonesia,https://whc.unesco.org/en/list/1194,2012.0,-8.2591666667,115.4027777778,skipped;; nan,,,,,,,,,"(iii) to bear a unique or at least exceptional testimony to a cultural tradition or to a civilization which is living or which has disappeared; | (v) to be an outstanding example of a traditional human settlement, land-use, or sea-use which is representative of a culture (or cultures), or human interaction with the environment especially when it has become vulnerable under the impact of irreversible change; | (vi) to be directly or tangibly associated with events or living traditions, with ideas, or with beliefs, with artistic and literary works of outstanding universal significance;",3,,,,,,,,,,,,,,,,,,,,,,,,,,,,,,,,,,,,,,,,,,,,,,,,,,,,,,,,,,,,,,,,,,No,,,,Tier 9: Unflagged,
1393,Sites of Human Evolution at Mount Carmel: The Nahal Me’arot / Wadi el-Mughara Caves,Israel,https://whc.unesco.org/en/list/1393,2012.0,32.6686111111,34.9680555556,,,,,,,,,,"(iii) to bear a unique or at least exceptional testimony to a cultural tradition or to a civilization which is living or which has disappeared; | (v) to be an outstanding example of a traditional human settlement, land-use, or sea-use which is representative of a culture (or cultures), or human interaction with the environment especially when it has become vulnerable under the impact of irreversible change;",2,,,,,,,,,,,,,,,,,,,,,,,,,,,,,,,,,,,,,,,,,,,,,,,,,,,,,,,,,,,,,,,,,,No,,,,,
1404,Landscape of Grand Pré,Canada,https://whc.unesco.org/en/list/1404,2012.0,45.1183333333,-64.3072222222,skipped,,,,,,,,,"(v) to be an outstanding example of a traditional human settlement, land-use, or sea-use which is representative of a culture (or cultures), or human interaction with the environment especially when it has become vulnerable under the impact of irreversible change; | (vi) to be directly or tangibly associated with events or living traditions, with ideas, or with beliefs, with artistic and literary works of outstanding universal significance;",2,,,,,,,,,,,,,,,,,,,,,,,,,,,,,,,,,,,,,,,,,,,,,,,,,,,,,,,,,,,,,,,,,,No,,,,,
1407,"Bassari Country: Bassari, Fula and Bedik Cultural Landscapes",Senegal,https://whc.unesco.org/en/list/1407,2012.0,12.5933333333,-12.8458333333,skipped; bvvvhp,,,,,,,,,"(iii) to bear a unique or at least exceptional testimony to a cultural tradition or to a civilization which is living or which has disappeared; | (v) to be an outstanding example of a traditional human settlement, land-use, or sea-use which is representative of a culture (or cultures), or human interaction with the environment especially when it has become vulnerable under the impact of irreversible change; | (vi) to be directly or tangibly associated with events or living traditions, with ideas, or with beliefs, with artistic and literary works of outstanding universal significance;",3,,,,,,,,,,,,,,,,,,,,,,,,,,,,,,,,,,,,,,,,,,,,,,,,,,,,,,,,,,,,,,,,,,No,,,,,
1363,Prehistoric Pile Dwellings around the Alps,"Austria,France,Germany,Italy,Slovenia,Switzerland",https://whc.unesco.org/en/list/1363,2011.0,47.2783333333,8.2075,Pile-dwelling (stilt house) settlements; nan,Internal (DS/OUV),,5000 to 500 B.C. (Neolithic and Bronze Age),Internal (DS/OUV),,Prehistoric early agrarian lake shore communities (~30 cultural groups),Internal (DS/OUV),,"(iv) to be an outstanding example of a type of building, architectural or technological ensemble or landscape which illustrates (a) significant stage(s) in human history; | (v) to be an outstanding example of a traditional human settlement, land-use, or sea-use which is representative of a culture (or cultures), or human interaction with the environment especially when it has become vulnerable under the impact of irreversible change;",2,Internal (DS/OUV),,"Amber, Flint",,,,,,,,,,,,,,,,,,,,,,,,,,,,,,,,,,,,Imported / Traded across trade routes,Internal (DS/OUV),,,,,Wood/Organic materials used for piles/houses; Stones not used structurally,Internal (DS/OUV),,Amber and Shells (Trade items / Personal ornaments),Internal (DS/OUV),,NA (Organic waterlogged construction; no stone masonry),Internal (DS/OUV),,"Vulnerable to lake uses, intensification of agriculture, and development",Internal (DS/OUV),,,,,,,,Excellent,,,Yes,,,,Tier 9: Unflagged,
1348,Ancient Villages of Northern Syria,Syrian Arab Republic,https://whc.unesco.org/en/list/1348,2011.0,36.3341666667,36.8441666667,skipped; very highly promising; nan,,,,,,,,,"(iii) to bear a unique or at least exceptional testimony to a cultural tradition or to a civilization which is living or which has disappeared; | (iv) to be an outstanding example of a type of building, architectural or technological ensemble or landscape which illustrates (a) significant stage(s) in human history; | (v) to be an outstanding example of a traditional human settlement, land-use, or sea-use which is representative of a culture (or cultures), or human interaction with the environment especially when it has become vulnerable under the impact of irreversible change;",3,,,,,,,,,,,,,,,,,,,,,,,,,,,,,,,,,,,,,,,,,,,,,,,,,,,,,,,,,,,,,,,,,,No,,,,Tier 9: Unflagged,
1336,Archaeological Sites of the Island of Meroe,Sudan,https://whc.unesco.org/en/list/1336,2011.0,16.9333333333,33.7166666667,skipped; bvvvvvvhp,,,,,,,,,"(ii) to exhibit an important interchange of human values, over a span of time or within a cultural area of the world, on developments in architecture or technology, monumental arts, town-planning or landscape design; | (iii) to bear a unique or at least exceptional testimony to a cultural tradition or to a civilization which is living or which has disappeared; | (iv) to be an outstanding example of a type of building, architectural or technological ensemble or landscape which illustrates (a) significant stage(s) in human history; | (v) to be an outstanding example of a traditional human settlement, land-use, or sea-use which is representative of a culture (or cultures), or human interaction with the environment especially when it has become vulnerable under the impact of irreversible change;",4,,,,,,,,,,,,,,,,,,,,,,,,,,,,,,,,,,,,,,,,,,,,,,,,,,,,,,,,,,,,,,,,,,No,,bvvvvvvhp,bvvvvvvhp,Tier 1: Maximum Monolithic / Giant Substrate (6-v Highest Potential),
1333,Konso Cultural Landscape,Ethiopia,https://whc.unesco.org/en/list/1333,2011.0,5.3,37.4,skipped;bp,,,,,,,,,"(iii) to bear a unique or at least exceptional testimony to a cultural tradition or to a civilization which is living or which has disappeared; | (v) to be an outstanding example of a traditional human settlement, land-use, or sea-use which is representative of a culture (or cultures), or human interaction with the environment especially when it has become vulnerable under the impact of irreversible change;",2,,,,,,,,,,,,,,,,,,,,,,,,,,,,,,,,,,,,,,,,,,,,,,,,,,,,,,,,,,,,,,,,,,No,,bp,bp,Tier 8: Moderate Probability Stone Fabric (Possible),
1343,"Cultural Sites of Al Ain (Hafit, Hili, Bidaa Bint Saud and Oases Areas)",United Arab Emirates,https://whc.unesco.org/en/list/1343,2011.0,24.0677777778,55.8063888889,skipped; bvvvhp,,,,,,,,,"(iii) to bear a unique or at least exceptional testimony to a cultural tradition or to a civilization which is living or which has disappeared; | (iv) to be an outstanding example of a type of building, architectural or technological ensemble or landscape which illustrates (a) significant stage(s) in human history; | (v) to be an outstanding example of a traditional human settlement, land-use, or sea-use which is representative of a culture (or cultures), or human interaction with the environment especially when it has become vulnerable under the impact of irreversible change;",3,,,,,,,,,,,,,,,,,,,,,,,,,,,,,,,,,,,,,,,,,,,,,,,,,,,,,,,,,,,,,,,,,,No,,bvvvhp,bvvvhp,Tier 4: Exceptional Stone Fortress / Cathedral / Mosque (3-v Very Very High),
1371,Cultural Landscape of the Serra de Tramuntana,Spain,https://whc.unesco.org/en/list/1371,2011.0,39.7308333333,2.6947222222,skipped; bvhp,,,,,,,,,"(ii) to exhibit an important interchange of human values, over a span of time or within a cultural area of the world, on developments in architecture or technology, monumental arts, town-planning or landscape design; | (iv) to be an outstanding example of a type of building, architectural or technological ensemble or landscape which illustrates (a) significant stage(s) in human history; | (v) to be an outstanding example of a traditional human settlement, land-use, or sea-use which is representative of a culture (or cultures), or human interaction with the environment especially when it has become vulnerable under the impact of irreversible change;",3,,,,,,,,,,,,,,,,,,,,,,,,,,,,,,,,,,,,,,,,,,,,,,,,,,,,,,,,,,,,,,,,,,No,,bvhp,bvhp,Tier 6: High Probability Ashlar / Urban Core (1-v Very High),
1359,Saloum Delta,Senegal,https://whc.unesco.org/en/list/1359,2011.0,13.8352777778,-16.4986111111,skipped; bvhp,,,,,,,,,"(iii) to bear a unique or at least exceptional testimony to a cultural tradition or to a civilization which is living or which has disappeared; | (iv) to be an outstanding example of a type of building, architectural or technological ensemble or landscape which illustrates (a) significant stage(s) in human history; | (v) to be an outstanding example of a traditional human settlement, land-use, or sea-use which is representative of a culture (or cultures), or human interaction with the environment especially when it has become vulnerable under the impact of irreversible change;",3,,,,,,,,,,,,,,,,,,,,,,,,,,,,,,,,,,,,,,,,,,,,,,,,,,,,,,,,,,,,,,,,,,No,,bvhp,bvhp,Tier 6: High Probability Ashlar / Urban Core (1-v Very High),
1153,"The Causses and the Cévennes, Mediterranean agro-pastoral Cultural Landscape",France,https://whc.unesco.org/en/list/1153,2011.0,44.2202777778,3.4730555556,skipped; bp,,,,,,,,,"(iii) to bear a unique or at least exceptional testimony to a cultural tradition or to a civilization which is living or which has disappeared; | (v) to be an outstanding example of a traditional human settlement, land-use, or sea-use which is representative of a culture (or cultures), or human interaction with the environment especially when it has become vulnerable under the impact of irreversible change;",2,,,,,,,,,,,,,,,,,,,,,,,,,,,,,,,,,,,,,,,,,,,,,,,,,,,,,,,,,,,,,,,,,,No,,,,,
1121,Coffee Cultural Landscape of Colombia,Colombia,https://whc.unesco.org/en/list/1121,2011.0,4.889476,-75.773082,skipped,,,,,,,,,"(v) to be an outstanding example of a traditional human settlement, land-use, or sea-use which is representative of a culture (or cultures), or human interaction with the environment especially when it has become vulnerable under the impact of irreversible change; | (vi) to be directly or tangibly associated with events or living traditions, with ideas, or with beliefs, with artistic and literary works of outstanding universal significance;",2,,,,,,,,,,,,,,,,,,,,,,,,,,,,,,,,,,,,,,,,,,,,,,,,,,,,,,,,,,,,,,,,,,No,,,,,
1337,Episcopal City of Albi,France,https://whc.unesco.org/en/list/1337,2010.0,43.9291666667,2.1441666667,skipped; but highly promising; nan,,,,,,,,,"(iv) to be an outstanding example of a type of building, architectural or technological ensemble or landscape which illustrates (a) significant stage(s) in human history; | (v) to be an outstanding example of a traditional human settlement, land-use, or sea-use which is representative of a culture (or cultures), or human interaction with the environment especially when it has become vulnerable under the impact of irreversible change;",2,,,,,,,,,,,,,,,,,,,,,,,,,,,,,,,,,,,,,,,,,,,,,,,,,,,,,,,,,,,,,,,,,,No,,,,Tier 9: Unflagged,
1329,At-Turaif District in ad-Dir'iyah,Saudi Arabia,https://whc.unesco.org/en/list/1329,2010.0,24.7341333333,46.5724666667,"Architectural, Building, Plan, Structure, Traditional; Najdi architectural style, palaces, fortified urban ensemble within an oasis; nan",Internal (DS/OUV),,Founded in the 15th century (with increased role in the 18th and early 19th century),Internal (DS/OUV),,Saudi Dynasty / House of Saud (Central Arabian plateau / Najdi culture),Internal (DS/OUV),,"(iv) to be an outstanding example of a type of building, architectural or technological ensemble or landscape which illustrates (a) significant stage(s) in human history; | (v) to be an outstanding example of a traditional human settlement, land-use, or sea-use which is representative of a culture (or cultures), or human interaction with the environment especially when it has become vulnerable under the impact of irreversible change; | (vi) to be directly or tangibly associated with events or living traditions, with ideas, or with beliefs, with artistic and literary works of outstanding universal significance;",3,Internal (DS/OUV),,Adobe (Mud brick),Internal (DS/OUV),,,,,,,,,,,,,,,,,,,,,,,,,,,,,,,,,,,Local (adapted to its environment / ad-Dir'iyah oasis setting),Internal (DS/OUV),,,,,"Major palatial complexes, palaces, citadel, fortified urban ensemble, walls",Internal (DS/OUV),,Geometrical decoration (Najdi decorative style),Internal (DS/OUV),,Traditional adobe/mud building methods,Internal (DS/OUV),,,,,,,,"Major programme of restoration work respecting original locations, plans, and traditional techniques",Internal (DS/OUV),,Moderate,,,Yes,,,,Tier 9: Unflagged,
1315,Shushtar Historical Hydraulic System,Iran (Islamic Republic of),https://whc.unesco.org/en/list/1315,2009.0,32.0186111111,48.8358333333,skipped; bvvvhp,,,,,,,,,"(i) to represent a masterpiece of human creative genius; | (ii) to exhibit an important interchange of human values, over a span of time or within a cultural area of the world, on developments in architecture or technology, monumental arts, town-planning or landscape design; | (v) to be an outstanding example of a traditional human settlement, land-use, or sea-use which is representative of a culture (or cultures), or human interaction with the environment especially when it has become vulnerable under the impact of irreversible change;",3,,,,,,,,,,,,,,,,,,,,,,,,,,,,,,,,,,,,,,,,,,,,,,,,,,,,,,,,,,,,,,,,,,No,,bvvvhp,bvvvhp,Tier 4: Exceptional Stone Fortress / Cathedral / Mosque (3-v Very Very High),
1270,Historic Centre of Camagüey,Cuba,https://whc.unesco.org/en/list/1270,2008.0,21.3786111111,-77.9186111111,skipped; nan,,,,,,,,,"(iv) to be an outstanding example of a type of building, architectural or technological ensemble or landscape which illustrates (a) significant stage(s) in human history; | (v) to be an outstanding example of a traditional human settlement, land-use, or sea-use which is representative of a culture (or cultures), or human interaction with the environment especially when it has become vulnerable under the impact of irreversible change;",2,,,,,,,,,,,,,,,,,,,,,,,,,,,,,,,,,,,,,,,,,,,,,,,,,,,,,,,,,,,,,,,,,,No,,,,Tier 9: Unflagged,
1113,Fujian <em>Tulou</em>,China,https://whc.unesco.org/en/list/1113,2008.0,25.0230555556,117.6858333333,skipped; bvvvhp,,,,,,,,,"(iii) to bear a unique or at least exceptional testimony to a cultural tradition or to a civilization which is living or which has disappeared; | (iv) to be an outstanding example of a type of building, architectural or technological ensemble or landscape which illustrates (a) significant stage(s) in human history; | (v) to be an outstanding example of a traditional human settlement, land-use, or sea-use which is representative of a culture (or cultures), or human interaction with the environment especially when it has become vulnerable under the impact of irreversible change;",3,,,,,,,,,,,,,,,,,,,,,,,,,,,,,,,,,,,,,,,,,,,,,,,,,,,,,,,,,,,,,,,,,,No,,bvvvhp,bvvvhp,Tier 4: Exceptional Stone Fortress / Cathedral / Mosque (3-v Very Very High),
1240,Stari Grad Plain,Croatia,https://whc.unesco.org/en/list/1240,2008.0,43.1816666667,16.6386111111,skipped,,,,,,,,,"(ii) to exhibit an important interchange of human values, over a span of time or within a cultural area of the world, on developments in architecture or technology, monumental arts, town-planning or landscape design; | (iii) to bear a unique or at least exceptional testimony to a cultural tradition or to a civilization which is living or which has disappeared; | (v) to be an outstanding example of a traditional human settlement, land-use, or sea-use which is representative of a culture (or cultures), or human interaction with the environment especially when it has become vulnerable under the impact of irreversible change;",3,,,,,,,,,,,,,,,,,,,,,,,,,,,,,,,,,,,,,,,,,,,,,,,,,,,,,,,,,,,,,,,,,,No,,,,,
1231,Sacred Mijikenda Kaya Forests,Kenya,https://whc.unesco.org/en/list/1231,2008.0,-3.9319444444,39.5961111111,skipped;,,,,,,,,,"(iii) to bear a unique or at least exceptional testimony to a cultural tradition or to a civilization which is living or which has disappeared; | (v) to be an outstanding example of a traditional human settlement, land-use, or sea-use which is representative of a culture (or cultures), or human interaction with the environment especially when it has become vulnerable under the impact of irreversible change; | (vi) to be directly or tangibly associated with events or living traditions, with ideas, or with beliefs, with artistic and literary works of outstanding universal significance;",3,,,,,,,,,,,,,,,,,,,,,,,,,,,,,,,,,,,,,,,,,,,,,,,,,,,,,,,,,,,,,,,,,,,,,,,
1280,Chief Roi Mata’s Domain,Vanuatu,https://whc.unesco.org/en/list/1280,2008.0,-17.6280694444,168.1777194444,skipped; ,,,,,,,,,"(iii) to bear a unique or at least exceptional testimony to a cultural tradition or to a civilization which is living or which has disappeared; | (v) to be an outstanding example of a traditional human settlement, land-use, or sea-use which is representative of a culture (or cultures), or human interaction with the environment especially when it has become vulnerable under the impact of irreversible change; | (vi) to be directly or tangibly associated with events or living traditions, with ideas, or with beliefs, with artistic and literary works of outstanding universal significance;",3,,,,,,,,,,,,,,,,,,,,,,,,,,,,,,,,,,,,,,,,,,,,,,,,,,,,,,,,,,,,,,,,,,No,,,,,
1265,Richtersveld Cultural and Botanical Landscape,South Africa,https://whc.unesco.org/en/list/1265,2007.0,-28.6,17.2038888888,skipped;; nan,,,,,,,,,"(i) to represent a masterpiece of human creative genius; | (v) to be an outstanding example of a traditional human settlement, land-use, or sea-use which is representative of a culture (or cultures), or human interaction with the environment especially when it has become vulnerable under the impact of irreversible change;",2,,,,,,,,,,,,,,,,,,,,,,,,,,,,,,,,,,,,,,,,,,,,,,,,,,,,,,,,,,,,,,,,,,No,,,,Tier 9: Unflagged,
1246,Iwami Ginzan Silver Mine and its Cultural Landscape,Japan,https://whc.unesco.org/en/list/1246,2007.0,35.1127777777,132.435,"Mining archaeological sites, smelting/refining sites, settlements, fortresses, shrines, port towns, traditional wooden buildings.; nan",Internal (DS/OUV),,16th to 20th centuries; Edo Period (1603 to 1868).,Internal (DS/OUV),,Japan (with trade links to Korea and China).,Internal (DS/OUV),,"(ii) to exhibit an important interchange of human values, over a span of time or within a cultural area of the world, on developments in architecture or technology, monumental arts, town-planning or landscape design; | (iii) to bear a unique or at least exceptional testimony to a cultural tradition or to a civilization which is living or which has disappeared; | (v) to be an outstanding example of a traditional human settlement, land-use, or sea-use which is representative of a culture (or cultures), or human interaction with the environment especially when it has become vulnerable under the impact of irreversible change;",3,Internal (DS/OUV),,Silver ore,Internal (DS/OUV),,,,,,,,,,,,,,,,,,,,,,,,,,"Silver, Gold",Internal (DS/OUV),,Iwami Ginzan Silver Mine (cluster of mountains rising to 600m).,Internal (DS/OUV),,Japan (south-west of Honshu Island).,Internal (DS/OUV),,Local (mined on-site until resource exhaustion).,Internal (DS/OUV),,,,,"NA (Geological materials are not noted for structural use; ""traditional wooden buildings"" are used for structures).",Internal (DS/OUV),,,,,,,,,,,,,,"Careful maintenance, treatment, and repairs are noted for the traditional wooden buildings.",Internal (DS/OUV),,Excellent,,,Yes,,,,Tier 9: Unflagged,
1255,Twyfelfontein or /Ui-//aes,Namibia,https://whc.unesco.org/en/list/1255,2007.0,-20.597,14.376,skipped; bvvvhp,,,,,,,,,"(iii) to bear a unique or at least exceptional testimony to a cultural tradition or to a civilization which is living or which has disappeared; | (v) to be an outstanding example of a traditional human settlement, land-use, or sea-use which is representative of a culture (or cultures), or human interaction with the environment especially when it has become vulnerable under the impact of irreversible change;",2,,,,,,,,,,,,,,,,,,,,,,,,,,,,,,,,,,,,,,,,,,,,,,,,,,,,,,,,,,,,,,,,,,No,,,,,
1243,"Lavaux, Vineyard Terraces",Switzerland,https://whc.unesco.org/en/list/1243,2007.0,46.4919444444,6.7461111111,skipped;,,,,,,,,,"(iii) to bear a unique or at least exceptional testimony to a cultural tradition or to a civilization which is living or which has disappeared; | (iv) to be an outstanding example of a type of building, architectural or technological ensemble or landscape which illustrates (a) significant stage(s) in human history; | (v) to be an outstanding example of a traditional human settlement, land-use, or sea-use which is representative of a culture (or cultures), or human interaction with the environment especially when it has become vulnerable under the impact of irreversible change;",3,,,,,,,,,,,,,,,,,,,,,,,,,,,,,,,,,,,,,,,,,,,,,,,,,,,,,,,,,,,,,,,,,,No,,,,,
1189,"Harar Jugol, the Fortified Historic Town",Ethiopia,https://whc.unesco.org/en/list/1189,2006.0,9.3088888888,42.1377777777,skipped; nan,,,,,,,,,"(ii) to exhibit an important interchange of human values, over a span of time or within a cultural area of the world, on developments in architecture or technology, monumental arts, town-planning or landscape design; | (iii) to bear a unique or at least exceptional testimony to a cultural tradition or to a civilization which is living or which has disappeared; | (iv) to be an outstanding example of a type of building, architectural or technological ensemble or landscape which illustrates (a) significant stage(s) in human history; | (v) to be an outstanding example of a traditional human settlement, land-use, or sea-use which is representative of a culture (or cultures), or human interaction with the environment especially when it has become vulnerable under the impact of irreversible change;",4,,,,,,,,,,,,,,,,,,,,,,,,,,,,,,,,,,,,,,,,,,,,,,,,,,,,,,,,,,,,,,,,,,,,,,Tier 9: Unflagged,
1207,<i>Aflaj</i> Irrigation Systems of Oman,Oman,https://whc.unesco.org/en/list/1207,2006.0,22.9988888889,57.5360555555,skipped; bvvvvhp,,,,,,,,,"(v) to be an outstanding example of a traditional human settlement, land-use, or sea-use which is representative of a culture (or cultures), or human interaction with the environment especially when it has become vulnerable under the impact of irreversible change;",1,,,,,,,,,,,,,,,,,,,,,,,,,,,,,,,,,,,,,,,,,,,,,,,,,,,,,,,,,,,,,,,,,,No,,bvvvvhp,bvvvvhp,Tier 3: Monumental Megalithic / Sanctuary Architecture (4-v Very Very Very High),
1209,Agave Landscape and Ancient Industrial Facilities of Tequila,Mexico,https://whc.unesco.org/en/list/1209,2006.0,20.8630555555,-103.7786111111,skipped,,,,,,,,,"(ii) to exhibit an important interchange of human values, over a span of time or within a cultural area of the world, on developments in architecture or technology, monumental arts, town-planning or landscape design; | (iv) to be an outstanding example of a type of building, architectural or technological ensemble or landscape which illustrates (a) significant stage(s) in human history; | (v) to be an outstanding example of a traditional human settlement, land-use, or sea-use which is representative of a culture (or cultures), or human interaction with the environment especially when it has become vulnerable under the impact of irreversible change; | (vi) to be directly or tangibly associated with events or living traditions, with ideas, or with beliefs, with artistic and literary works of outstanding universal significance;",4,,,,,,,,,,,,,,,,,,,,,,,,,,,,,,,,,,,,,,,,,,,,,,,,,,,,,,,,,,,,,,,,,,No,,,,,
1107,Incense Route - Desert Cities in the Negev,Israel,https://whc.unesco.org/en/list/1107,2005.0,30.5738888889,35.0091666667,skipped; bvvhp,,,,,,,,,"(iii) to bear a unique or at least exceptional testimony to a cultural tradition or to a civilization which is living or which has disappeared; | (v) to be an outstanding example of a traditional human settlement, land-use, or sea-use which is representative of a culture (or cultures), or human interaction with the environment especially when it has become vulnerable under the impact of irreversible change;",2,,,skipped; bvvhp,,,,,,,,,,,,,,,,,,,,,,,,,,,,,,,,,,,,,,,,,,,,,,,,,,,,,,,,,,,,,,,No,,bvvhp,bvvhp,Tier 5: Major Ashlar Masonry / Imperial Ruins (2-v Very High),
1135,Capital Cities and Tombs of the Ancient Koguryo Kingdom,China,https://whc.unesco.org/en/list/1135,2004.0,41.15694444,126.1872222,skipped; nan,,,,,,,,,"(i) to represent a masterpiece of human creative genius; | (ii) to exhibit an important interchange of human values, over a span of time or within a cultural area of the world, on developments in architecture or technology, monumental arts, town-planning or landscape design; | (iii) to bear a unique or at least exceptional testimony to a cultural tradition or to a civilization which is living or which has disappeared; | (iv) to be an outstanding example of a type of building, architectural or technological ensemble or landscape which illustrates (a) significant stage(s) in human history; | (v) to be an outstanding example of a traditional human settlement, land-use, or sea-use which is representative of a culture (or cultures), or human interaction with the environment especially when it has become vulnerable under the impact of irreversible change;",5,,,,,,,,,,,,,,,,,,,,,,,,,,,,,,,,,,,,,,,,,,,,,,,,,,,,,,,,,,,,,,,,,,No,,,,Tier 9: Unflagged,
1101,Champaner-Pavagadh Archaeological Park,India,https://whc.unesco.org/en/list/1101,2004.0,22.48333333,73.53333333,skipped; bvvvvvhp,,,,,,,,,"(iii) to bear a unique or at least exceptional testimony to a cultural tradition or to a civilization which is living or which has disappeared; | (iv) to be an outstanding example of a type of building, architectural or technological ensemble or landscape which illustrates (a) significant stage(s) in human history; | (v) to be an outstanding example of a traditional human settlement, land-use, or sea-use which is representative of a culture (or cultures), or human interaction with the environment especially when it has become vulnerable under the impact of irreversible change; | (vi) to be directly or tangibly associated with events or living traditions, with ideas, or with beliefs, with artistic and literary works of outstanding universal significance;",4,,,,,,,,,,,,,,,,,,,,,,,,,,,,,,,,,,,,,,,,,,,,,,,,,,,,,,,,,,,,,,,,,,No,,bvvvvvhp,bvvvvvhp,Tier 2: Massive Cliff Rock Art / Bedrock Substrate (5-v Extremely High),
1208,Bam and its Cultural Landscape,Iran (Islamic Republic of),https://whc.unesco.org/en/list/1208,2004.0,29.11683,58.3666666667,skipped; bvvvvhp,,,,,,,,,"(ii) to exhibit an important interchange of human values, over a span of time or within a cultural area of the world, on developments in architecture or technology, monumental arts, town-planning or landscape design; | (iii) to bear a unique or at least exceptional testimony to a cultural tradition or to a civilization which is living or which has disappeared; | (iv) to be an outstanding example of a type of building, architectural or technological ensemble or landscape which illustrates (a) significant stage(s) in human history; | (v) to be an outstanding example of a traditional human settlement, land-use, or sea-use which is representative of a culture (or cultures), or human interaction with the environment especially when it has become vulnerable under the impact of irreversible change;",4,,,,,,,,,,,,,,,,,,,,,,,,,,,,,,,,,,,,,,,,,,,,,,,,,,,,,,,,,,,,,,,,,,No,,bvvvvhp,bvvvvhp,Tier 3: Monumental Megalithic / Sanctuary Architecture (4-v Very Very Very High),
1140,"Koutammakou, the Land of the Batammariba","Benin,Togo",https://whc.unesco.org/en/list/1140,2004.0,10.1480833333,1.1002222222,skipped; bp,,,,,,,,,"(v) to be an outstanding example of a traditional human settlement, land-use, or sea-use which is representative of a culture (or cultures), or human interaction with the environment especially when it has become vulnerable under the impact of irreversible change; | (vi) to be directly or tangibly associated with events or living traditions, with ideas, or with beliefs, with artistic and literary works of outstanding universal significance;",2,,,,,,,,,,,,,,,,,,,,,,,,,,,,,,,,,,,,,,,,,,,,,,,,,,,,,,,,,,,,,,,,,,No,,bp,bp,Tier 8: Moderate Probability Stone Fabric (Possible),
1143,Vegaøyan – The Vega Archipelago,Norway,https://whc.unesco.org/en/list/1143,2004.0,65.61667,11.75,skipped; bhp,,,,,,,,,"(v) to be an outstanding example of a traditional human settlement, land-use, or sea-use which is representative of a culture (or cultures), or human interaction with the environment especially when it has become vulnerable under the impact of irreversible change;",1,,,,,,,,,,,,,,,,,,,,,,,,,,,,,,,,,,,,,,,,,,,,,,,,,,,,,,,,,,,,,,,,,,No,,bhp,bhp,Tier 7: High Probability Local Stone / Masonry (High Potential),
1117,Landscape of the Pico Island Vineyard Culture,Portugal,https://whc.unesco.org/en/list/1117,2004.0,38.51344444,-28.54116667,"Linear walls, rectangular plots (currais), manor houses, conventional houses, wine cellars, warehouses, churches, pathways, wells, ports, ramps; nan",Internal (DS/OUV),,15th century (reached peak in the 19th century),Internal (DS/OUV),,First settlers (15th century) / Generations of farmers (Specific civilization name NA),Internal (DS/OUV),,"(iii) to bear a unique or at least exceptional testimony to a cultural tradition or to a civilization which is living or which has disappeared; | (v) to be an outstanding example of a traditional human settlement, land-use, or sea-use which is representative of a culture (or cultures), or human interaction with the environment especially when it has become vulnerable under the impact of irreversible change;",2,Internal (DS/OUV),,"Basalt, Lava",Internal (DS/OUV),,Igneous Rock,Internal (DS/OUV),,,,,,,,,,,,,,,,,Black,Internal (DS/OUV),,"Irregular, weatherworn",Internal (DS/OUV),,,,,,,,,,,Local,Internal (DS/OUV),,,,,Construction of protective walls for plots (currais) against wind and salt spray; buildings,Internal (DS/OUV),,,,,Stone-walled / linear walls (Specific masonry technique name NA),Internal (DS/OUV),,,,,Threat noted: Importing of stone for re-building that is not consistent with local materials,Internal (DS/OUV),,"Maintenance and recovery of landscape, reconstructing ruins, removing invasive plants",Internal (DS/OUV),,Good,Internal (DS/OUV),,Yes,,,,Tier 9: Unflagged,
1160,Madriu-Perafita-Claror Valley,Andorra,https://whc.unesco.org/en/list/1160,2004.0,42.49472222,1.595555556,skipped,,,,,,,,,"(v) to be an outstanding example of a traditional human settlement, land-use, or sea-use which is representative of a culture (or cultures), or human interaction with the environment especially when it has become vulnerable under the impact of irreversible change;",1,,,,,,,,,,,,,,,,,,,,,,,,,,,,,,,,,,,,,,,,,,,,,,,,,,,,,,,,,,,,,,,,,,No,,,,,
306,Matobo Hills,Zimbabwe,https://whc.unesco.org/en/list/306,2003.0,-20.5,28.5,"Building, Indigenous, Monument, Plan, Structure, Traditional; nan",Internal (DS/OUV),,"Early Stone Age, Stone Age, Iron Age (up to 500,000 years of occupation)",Internal (DS/OUV),,"Foraging/Hunter-gatherer societies (Stone Age), Agricultural societies (Iron Age)",Internal (DS/OUV),,"(iii) to bear a unique or at least exceptional testimony to a cultural tradition or to a civilization which is living or which has disappeared; | (v) to be an outstanding example of a traditional human settlement, land-use, or sea-use which is representative of a culture (or cultures), or human interaction with the environment especially when it has become vulnerable under the impact of irreversible change; | (vi) to be directly or tangibly associated with events or living traditions, with ideas, or with beliefs, with artistic and literary works of outstanding universal significance;",3,Internal (DS/OUV),,Granite,Internal (DS/OUV),,Igneous Rock,,,"Granite batholiths, granite shield landforms",Internal (DS/OUV),,,,,,,,,,,,,,,,,Granitic / Massive rock landforms,Internal (DS/OUV),,,,,,,,,,,Local (natural rock formations and shelters in situ),Internal (DS/OUV),,,,,"Natural rock shelters, rock batholiths, shrines, terraces, walls",Internal (DS/OUV),,Rock art / Rock paintings on granite cave surfaces,Internal (DS/OUV),,Wooden palisade demarcating shrines; drystone/indigenous alignment (traditional human interaction rather than formal dressed masonry),Internal (DS/OUV),,"Natural weathering, soil erosion, and light visitor impact",Internal (DS/OUV),,,,,Linseed oil experimental application (1920s at Pomongwe Cave),Internal (DS/OUV),,Moderate,,,Yes,,,,Tier 9: Unflagged,
925,Rock Shelters of Bhimbetka,India,https://whc.unesco.org/en/list/925,2003.0,22.92777778,77.58333333,OUV Absent; bvvvhp,,,,,,,,,"(iii) to bear a unique or at least exceptional testimony to a cultural tradition or to a civilization which is living or which has disappeared; | (v) to be an outstanding example of a traditional human settlement, land-use, or sea-use which is representative of a culture (or cultures), or human interaction with the environment especially when it has become vulnerable under the impact of irreversible change;",2,,,,,,,,,,,,,,,,,,,,,,,,,,,,,,,,,,,,,,,,,,,,,,,,,,,,,,,,,,,,,,,,,,No,,,bvvvhp,Tier 4: Exceptional Stone Fortress / Cathedral / Mosque (3-v Very Very High),
1099,Mapungubwe Cultural Landscape,South Africa,https://whc.unesco.org/en/list/1099,2003.0,-22.1925,29.23889,"Palace sites, capital sites, satellite settlements; nan",Internal (DS/OUV),,AD 900–1300 (abandoned 14th century AD),Internal (DS/OUV),,,,,"(ii) to exhibit an important interchange of human values, over a span of time or within a cultural area of the world, on developments in architecture or technology, monumental arts, town-planning or landscape design; | (iii) to bear a unique or at least exceptional testimony to a cultural tradition or to a civilization which is living or which has disappeared; | (iv) to be an outstanding example of a type of building, architectural or technological ensemble or landscape which illustrates (a) significant stage(s) in human history; | (v) to be an outstanding example of a traditional human settlement, land-use, or sea-use which is representative of a culture (or cultures), or human interaction with the environment especially when it has become vulnerable under the impact of irreversible change;",4,,,coal,,,Sedimentary Rock,,,,,,,,,,,,,,,Geo-morphological formations of Limpopo/Shashe confluence,Internal (DS/OUV),,,,,,,,"Coal, Diamond, Gold",Internal (DS/OUV),,,,,,,,,,,,,,Remains of palace sites and capital settlements,Internal (DS/OUV),,"Gold, ivory, Chinese porcelain, Persian glass beads (Artifacts/Trade items)",Internal (DS/OUV),,,,,"Climatic forces, erosion of old excavations",Internal (DS/OUV),,,,,,,,Excellent,,,Yes,,,,Tier 9: Unflagged,
1116,Quebrada de Humahuaca,Argentina,https://whc.unesco.org/en/list/1116,2003.0,-23.19986111,-65.34886111,skipped; bvvvhp,,,,,,,,,"(ii) to exhibit an important interchange of human values, over a span of time or within a cultural area of the world, on developments in architecture or technology, monumental arts, town-planning or landscape design; | (iv) to be an outstanding example of a type of building, architectural or technological ensemble or landscape which illustrates (a) significant stage(s) in human history; | (v) to be an outstanding example of a traditional human settlement, land-use, or sea-use which is representative of a culture (or cultures), or human interaction with the environment especially when it has become vulnerable under the impact of irreversible change;",3,,,,,,,,,,,,,,,,,,,,,,,,,,,,,,,,,,,,,,,,,,,,,,,,,,,,,,,,,,,,,,,,,,No,,bvvvhp,bvvvhp,Tier 4: Exceptional Stone Fortress / Cathedral / Mosque (3-v Very Very High),
1066,Upper Middle Rhine Valley,Germany,https://whc.unesco.org/en/list/1066,2002.0,50.17361111,7.694166667,"Building, Monument, Plan, Structure, Traditional; Castle, Fort, Fortress, Gate, Terrace; nan",Internal (DS/OUV),,"Over 2,000 years (fortresses/castles erected over ~1,000 years)",Internal (DS/OUV),,Western European / Roman & Medieval Germanic settlements,Internal (DS/OUV),,"(ii) to exhibit an important interchange of human values, over a span of time or within a cultural area of the world, on developments in architecture or technology, monumental arts, town-planning or landscape design; | (iv) to be an outstanding example of a type of building, architectural or technological ensemble or landscape which illustrates (a) significant stage(s) in human history; | (v) to be an outstanding example of a traditional human settlement, land-use, or sea-use which is representative of a culture (or cultures), or human interaction with the environment especially when it has become vulnerable under the impact of irreversible change;",3,Internal (DS/OUV),,"Slate, Sandstone",Internal (DS/OUV),,Metamorphic Rock,Internal (DS/OUV),,Clay-slates,Internal (DS/OUV),,,,,"Clay-slates, hard sandstone, slate",Internal (DS/OUV),,,,,Rhenish Slate Mountains,Internal (DS/OUV),,,,,,,,,,,,,,,,,Local (River cut through regional Rhenish Slate formations),Internal (DS/OUV),,,,,"Castles, fortresses, town walls, vineyard terracing, building construction",Internal (DS/OUV),,,,,"Terracing, hillside fortification masonry",Internal (DS/OUV),,,,,,,,19th-century Romantic movement restorations/reconstructions,Internal (DS/OUV),,Good,,,No,,,,Tier 9: Unflagged,
1063,Tokaj Wine Region Historic Cultural Landscape,Hungary,https://whc.unesco.org/en/list/1063,2002.0,48.15,21.35,"Wine Cellars (vaulted & excavated), Terraces, Built Stone Walls, Hedges, Historic Villages/Towns, Churches; nan",Internal (DS/OUV),,"Since 1110 (e.g., Cellar of King Kalman in Tarcal); Documented history from 1561",Internal (DS/OUV),,"Hungarian / Viticultural Tradition (survived over 1,000 years)",Internal (DS/OUV),,"(iii) to bear a unique or at least exceptional testimony to a cultural tradition or to a civilization which is living or which has disappeared; | (v) to be an outstanding example of a traditional human settlement, land-use, or sea-use which is representative of a culture (or cultures), or human interaction with the environment especially when it has become vulnerable under the impact of irreversible change;",2,Internal (DS/OUV),,Volcanic Rock,Internal (DS/OUV),,Sedimentary Rock,Internal (DS/OUV),,,,,,,,"Volcanic Rocks (volcanic slopes, volcanic rocks into which cellars are carved)",Internal (DS/OUV),,,,,Zemplén Mountains foothills,Internal (DS/OUV),,,,,,,,,,,NA (Mines/quarries mentioned generally under threats),Internal (DS/OUV),,Hungary,Internal (DS/OUV),,Local (excavated directly into local volcanic rocks),Internal (DS/OUV),,,,,"Wine cellar excavation/vaulting, terraces, built stone walls, base structures",Internal (DS/OUV),,,,,"Built stone walls, hand-carved underground cellars, vaulted and excavated cellars",Internal (DS/OUV),,"Disappearance of wetlands, impact of mines/quarries, climate change threats",Internal (DS/OUV),,,,,Restoration in conformity with the Venice Charter over the past half-century,Internal (DS/OUV),,Excellent,Internal (DS/OUV),,Yes,,,,Tier 9: Unflagged,
1024,Late Baroque Towns of the Val di Noto (South-Eastern Sicily),Italy,https://whc.unesco.org/en/list/1024,2002.0,36.89319444,15.06891667,skipped; bvvvhp,,,,,,,,,"(i) to represent a masterpiece of human creative genius; | (ii) to exhibit an important interchange of human values, over a span of time or within a cultural area of the world, on developments in architecture or technology, monumental arts, town-planning or landscape design; | (iv) to be an outstanding example of a type of building, architectural or technological ensemble or landscape which illustrates (a) significant stage(s) in human history; | (v) to be an outstanding example of a traditional human settlement, land-use, or sea-use which is representative of a culture (or cultures), or human interaction with the environment especially when it has become vulnerable under the impact of irreversible change;",4,,,,,,,,,,,,,,,,,,,,,,,,,,,,,,,,,,,,,,,,,,,,,,,,,,,,,,,,,,,,,,,,,,No,,bvvvhp,bvvvhp,Tier 4: Exceptional Stone Fortress / Cathedral / Mosque (3-v Very Very High),
1042,Old City of Acre,Israel,https://whc.unesco.org/en/list/1042,2001.0,32.9216666667,35.0688888889,skipped; bvhp,,,,,,,,,"(ii) to exhibit an important interchange of human values, over a span of time or within a cultural area of the world, on developments in architecture or technology, monumental arts, town-planning or landscape design; | (iii) to bear a unique or at least exceptional testimony to a cultural tradition or to a civilization which is living or which has disappeared; | (v) to be an outstanding example of a traditional human settlement, land-use, or sea-use which is representative of a culture (or cultures), or human interaction with the environment especially when it has become vulnerable under the impact of irreversible change;",3,,,,,,,,,,,,,,,,,,,,,,,,,,,,,,,,,,,,,,,,,,,,,,,,,,,,,,,,,,,,,,,,,,No,,bvhp,bvhp,Tier 6: High Probability Ashlar / Urban Core (1-v Very High),
1046,Alto Douro Wine Region,Portugal,https://whc.unesco.org/en/list/1046,2001.0,41.10166667,-7.798888889,skipped;; nan,,,,,,,,,"(iii) to bear a unique or at least exceptional testimony to a cultural tradition or to a civilization which is living or which has disappeared; | (iv) to be an outstanding example of a type of building, architectural or technological ensemble or landscape which illustrates (a) significant stage(s) in human history; | (v) to be an outstanding example of a traditional human settlement, land-use, or sea-use which is representative of a culture (or cultures), or human interaction with the environment especially when it has become vulnerable under the impact of irreversible change;",3,,,,,,,,,,,,,,,,,,,,,,,,,,,,,,,,,,,,,,,,,,,,,,,,,,,,,,,,,,,,,,,,,,No,,,,Tier 9: Unflagged,
772,Fertö / Neusiedlersee Cultural Landscape,"Austria,Hungary",https://whc.unesco.org/en/list/772,2001.0,47.71927778,16.72272222,"Rural architecture, 18th- and 19th-century palaces, vernacular architecture, domestic buildings, fortifications, settlements, urban architecture; nan",Internal (DS/OUV),,"16th century (refortification), 17th–19th centuries (domestic buildings and palaces), 12th–13th centuries (village networks), medieval times",Internal (DS/OUV),,"Hallstatt culture (Early Iron Age), Roman, Medieval Hungarian/European, Tatar, Turkish",Internal (DS/OUV),,"(v) to be an outstanding example of a traditional human settlement, land-use, or sea-use which is representative of a culture (or cultures), or human interaction with the environment especially when it has become vulnerable under the impact of irreversible change;",1,Internal (DS/OUV),,Limestone,Internal (DS/OUV),,Sedimentary Rock,Internal (DS/OUV),,,,,Leitha limestone,Internal (DS/OUV),,Limestone,Internal (DS/OUV),,,,,,,,,,,,,,,,,Quarried near the lake,Internal (DS/OUV),,Austria / Hungary (Local region near Fertö/Neusiedlersee),Internal (DS/OUV),,Local,Internal (DS/OUV),,"Local settlements, Sopron, and Vienna",Internal (DS/OUV),,"Building stone for settlements, palaces, domestic buildings, fortifications, and walls",Internal (DS/OUV),,,,,Traditional building / vernacular construction,Internal (DS/OUV),,,,,,,,Erection and adaptation of domestic buildings; protection of historic areas,Internal (DS/OUV),,,,,Yes,,,,Tier 9: Unflagged,
1027,Mining Area of the Great Copper Mountain in Falun,Sweden,https://whc.unesco.org/en/list/1027,2001.0,60.60472,15.63083,skipped: no geological material detected; nan,,,,,,,,,"(ii) to exhibit an important interchange of human values, over a span of time or within a cultural area of the world, on developments in architecture or technology, monumental arts, town-planning or landscape design; | (iii) to bear a unique or at least exceptional testimony to a cultural tradition or to a civilization which is living or which has disappeared; | (v) to be an outstanding example of a traditional human settlement, land-use, or sea-use which is representative of a culture (or cultures), or human interaction with the environment especially when it has become vulnerable under the impact of irreversible change;",3,,,,,,,,,,,,,,,,,,,,,,,,,,,,,,,,,,,,,,,,,,,,,,,,,,,,,,,,,,,,,,,,,,No,,,,Tier 9: Unflagged,
973,Bardejov Town Conservation Reserve,Slovakia,https://whc.unesco.org/en/list/973,2000.0,49.2927777778,21.2755555556,skipped; nan,,,,,,,,,"(i) to represent a masterpiece of human creative genius; | (iii) to bear a unique or at least exceptional testimony to a cultural tradition or to a civilization which is living or which has disappeared; | (v) to be an outstanding example of a traditional human settlement, land-use, or sea-use which is representative of a culture (or cultures), or human interaction with the environment especially when it has become vulnerable under the impact of irreversible change;",3,,,,,,,,,,,,,,,,,,,,,,,,,,,,,,,,,,,,,,,,,,,,,,,,,,,,,,,,,,,,,,,,,,No,,,,Tier 9: Unflagged,
1002,Ancient Villages in Southern Anhui – Xidi and Hongcun,China,https://whc.unesco.org/en/list/1002,2000.0,29.90444444,117.9875,skipped; bvhp,,,,,,,,,"(iii) to bear a unique or at least exceptional testimony to a cultural tradition or to a civilization which is living or which has disappeared; | (iv) to be an outstanding example of a type of building, architectural or technological ensemble or landscape which illustrates (a) significant stage(s) in human history; | (v) to be an outstanding example of a traditional human settlement, land-use, or sea-use which is representative of a culture (or cultures), or human interaction with the environment especially when it has become vulnerable under the impact of irreversible change;",3,,,,,,,,,,,,,,,,,,,,,,,,,,,,,,,,,,,,,,,,,,,,,,,,,,,,,,,,,,,,,,,,,,No,,bvhp,bvhp,Tier 6: High Probability Ashlar / Urban Core (1-v Very High),
930,Palmeral of Elche,Spain,https://whc.unesco.org/en/list/930,2000.0,38.26666667,-0.716666667,skipped; nan,,,,,,,,,"(ii) to exhibit an important interchange of human values, over a span of time or within a cultural area of the world, on developments in architecture or technology, monumental arts, town-planning or landscape design; | (v) to be an outstanding example of a traditional human settlement, land-use, or sea-use which is representative of a culture (or cultures), or human interaction with the environment especially when it has become vulnerable under the impact of irreversible change;",2,,,,,,,,,,,,,,,,,,,,,,,,,,,,,,,,,,,,,,,,,,,,,,,,,,,,,,,,,,,,,,,,,,No,,,,Tier 9: Unflagged,
968,Agricultural Landscape of Southern Öland,Sweden,https://whc.unesco.org/en/list/968,2000.0,56.325,16.48333,"Agrarian landscape, villages, stone walls; nan",Internal (DS/OUV),,"~5,000 years (Prehistoric, Iron Age, Medieval, 18th/19th centuries)",Internal (DS/OUV),,Öland farmers / Agrarian settlement,Internal (DS/OUV),,"(iv) to be an outstanding example of a type of building, architectural or technological ensemble or landscape which illustrates (a) significant stage(s) in human history; | (v) to be an outstanding example of a traditional human settlement, land-use, or sea-use which is representative of a culture (or cultures), or human interaction with the environment especially when it has become vulnerable under the impact of irreversible change;",2,Internal (DS/OUV),,Limestone,Internal (DS/OUV),,Sedimentary Rock,,,,,,,,,Limestone (bedrock/plateau),Internal (DS/OUV),,,,,,,,,,,,,,,,,,,,,,,Local (Derived from local limestone bedrock),Internal (DS/OUV),,,,,,,,,,,,,,,,,,,,,,,Excellent,,,Yes,,,,Tier 9: Unflagged,
994,Curonian Spit,"Lithuania,Russian Federation",https://whc.unesco.org/en/list/994,2000.0,55.27458,20.96239,skipped; bp,,,,,,,,,"(v) to be an outstanding example of a traditional human settlement, land-use, or sea-use which is representative of a culture (or cultures), or human interaction with the environment especially when it has become vulnerable under the impact of irreversible change;",1,,,,,,,,,,,,,,,,,,,,,,,,,,,,,,,,,,,,,,,,,,,,,,,,,,,,,,,,,,,,,,,,,,No,,bp,bp,Tier 8: Moderate Probability Stone Fabric (Possible),
989,Archaeological Site of Atapuerca,Spain,https://whc.unesco.org/en/list/989,2000.0,42.3497222222,-3.5152777778,Skipped; bvvvhp,Internal (DS/OUV),,"Earliest human communities in Europe, Prehistoric Times (Paleolithic, Neolithic, Bronze Age, Iron Age) to the Middle Ages.",Internal (DS/OUV),,,,,"(iii) to bear a unique or at least exceptional testimony to a cultural tradition or to a civilization which is living or which has disappeared; | (v) to be an outstanding example of a traditional human settlement, land-use, or sea-use which is representative of a culture (or cultures), or human interaction with the environment especially when it has become vulnerable under the impact of irreversible change;",2,,,,,,,,,,,,,,,,,,,,,,,,,,,,,,,,,,,,,,,,,,,,,,,,,,,,,,,,,,,,,,,,,,No,,,,,
863,Historic Centre of Santa Ana de los Ríos de Cuenca,Ecuador,https://whc.unesco.org/en/list/863,1999.0,-2.897447,-79.004382,skipped; promising; nan,,,,,,,,,"(ii) to exhibit an important interchange of human values, over a span of time or within a cultural area of the world, on developments in architecture or technology, monumental arts, town-planning or landscape design; | (iv) to be an outstanding example of a type of building, architectural or technological ensemble or landscape which illustrates (a) significant stage(s) in human history; | (v) to be an outstanding example of a traditional human settlement, land-use, or sea-use which is representative of a culture (or cultures), or human interaction with the environment especially when it has become vulnerable under the impact of irreversible change;",3,,,,,,,,,,,,,,,,,,,,,,,,,,,,,,,,,,,,,,,,,,,,,,,,,,,,,,,,,,,,,,,,,,No,,,,Tier 9: Unflagged,
902,Historic Centre of Sighişoara,Romania,https://whc.unesco.org/en/list/902,1999.0,46.21777778,24.79222222,OUV Absent; nan,,,,,,,,,"(iii) to bear a unique or at least exceptional testimony to a cultural tradition or to a civilization which is living or which has disappeared; | (v) to be an outstanding example of a traditional human settlement, land-use, or sea-use which is representative of a culture (or cultures), or human interaction with the environment especially when it has become vulnerable under the impact of irreversible change;",2,,,,,,,,,,,,,,,,,,,,,,,,,,,,,,,,,,,,,,,,,,,,,,,,,,,,,,,,,,,,,,,,,,No,,,,Tier 9: Unflagged,
474,Hortobágy National Park - the <i>Puszta</i>,Hungary,https://whc.unesco.org/en/list/474,1999.0,47.59458,21.15678,skipped; nan,,,,,,,,,"(iv) to be an outstanding example of a type of building, architectural or technological ensemble or landscape which illustrates (a) significant stage(s) in human history; | (v) to be an outstanding example of a traditional human settlement, land-use, or sea-use which is representative of a culture (or cultures), or human interaction with the environment especially when it has become vulnerable under the impact of irreversible change;",2,,,,,,,,,,,,,,,,,,,,,,,,,,,,,,,,,,,,,,,,,,,,,,,,,,,,,,,,,,,,,,,,,,No,,,,Tier 9: Unflagged,
948,Hoi An Ancient Town,Viet Nam,https://whc.unesco.org/en/list/948,1999.0,15.88333333,108.3333333,skipped; but possible; nan,,,,,,,,,"(ii) to exhibit an important interchange of human values, over a span of time or within a cultural area of the world, on developments in architecture or technology, monumental arts, town-planning or landscape design; | (v) to be an outstanding example of a traditional human settlement, land-use, or sea-use which is representative of a culture (or cultures), or human interaction with the environment especially when it has become vulnerable under the impact of irreversible change;",2,,,,,,,,,,,,,,,,,,,,,,,,,,,,,,,,,,,,,,,,,,,,,,,,,,,,,,,,,,,,,,,,,,No,,,,Tier 9: Unflagged,
929,San Cristóbal de La Laguna,Spain,https://whc.unesco.org/en/list/929,1999.0,28.47788889,-16.31177778,skipped; bp,,,,,,,,,"(i) to represent a masterpiece of human creative genius; | (ii) to exhibit an important interchange of human values, over a span of time or within a cultural area of the world, on developments in architecture or technology, monumental arts, town-planning or landscape design; | (v) to be an outstanding example of a traditional human settlement, land-use, or sea-use which is representative of a culture (or cultures), or human interaction with the environment especially when it has become vulnerable under the impact of irreversible change;",3,,,,,,,,,,,,,,,,,,,,,,,,,,,,,,,,,,,,,,,,,,,,,,,,,,,,,,,,,,,,,,,,,,No,,bp,bp,Tier 8: Moderate Probability Stone Fabric (Possible),
938,Sukur Cultural Landscape,Nigeria,https://whc.unesco.org/en/list/938,1999.0,10.74056,13.57194,skipped; images absent; nan,,,,,,,,,"(iii) to bear a unique or at least exceptional testimony to a cultural tradition or to a civilization which is living or which has disappeared; | (v) to be an outstanding example of a traditional human settlement, land-use, or sea-use which is representative of a culture (or cultures), or human interaction with the environment especially when it has become vulnerable under the impact of irreversible change; | (vi) to be directly or tangibly associated with events or living traditions, with ideas, or with beliefs, with artistic and literary works of outstanding universal significance;",3,,,,,,,,,,,,,,,,,,,,,,,,,,,,,,,,,,,,,,,,,,,,,,,,,,,,,,,,,,,,,,,,,,No,,,,Tier 9: Unflagged,
865,L'viv – the Ensemble of the Historic Centre,Ukraine,https://whc.unesco.org/en/list/865,1998.0,49.84163,24.03198,skipped; but promising; nan,,,,,,,,,"(ii) to exhibit an important interchange of human values, over a span of time or within a cultural area of the world, on developments in architecture or technology, monumental arts, town-planning or landscape design; | (v) to be an outstanding example of a traditional human settlement, land-use, or sea-use which is representative of a culture (or cultures), or human interaction with the environment especially when it has become vulnerable under the impact of irreversible change;",2,,,,,,,,,,,,,,,,,,,,,,,,,,,,,,,,,,,,,,,,,,,,,,,,,,,,,,,,,,,,,,,,,,No,,,,Tier 9: Unflagged,
821,Historic Centre of São Luís,Brazil,https://whc.unesco.org/en/list/821,1997.0,-2.530054,-44.303369,skipped; nan,,,,,,,,,"(iii) to bear a unique or at least exceptional testimony to a cultural tradition or to a civilization which is living or which has disappeared; | (iv) to be an outstanding example of a type of building, architectural or technological ensemble or landscape which illustrates (a) significant stage(s) in human history; | (v) to be an outstanding example of a traditional human settlement, land-use, or sea-use which is representative of a culture (or cultures), or human interaction with the environment especially when it has become vulnerable under the impact of irreversible change;",3,,,,,,,,,,,,,,,,,,,,,,,,,,,,,,,,,,,,,,,,,,,,,,,,,,,,,,,,,,,,,,,,,,,,,,Tier 9: Unflagged,
811,Old Town of Lijiang,China,https://whc.unesco.org/en/list/811,1997.0,26.86667,100.23333,skipped; nan,,,,,,,,,"(ii) to exhibit an important interchange of human values, over a span of time or within a cultural area of the world, on developments in architecture or technology, monumental arts, town-planning or landscape design; | (iv) to be an outstanding example of a type of building, architectural or technological ensemble or landscape which illustrates (a) significant stage(s) in human history; | (v) to be an outstanding example of a traditional human settlement, land-use, or sea-use which is representative of a culture (or cultures), or human interaction with the environment especially when it has become vulnerable under the impact of irreversible change;",3,,,,,,,,,,,,,,,,,,,,,,,,,,,,,,,,,,,,,,,,,,,,,,,,,,,,,,,,,,,,,,,,,,,,,,Tier 9: Unflagged,
829,"Archaeological Areas of Pompei, Herculaneum and Torre Annunziata",Italy,https://whc.unesco.org/en/list/829,1997.0,40.75,14.48333333,"Residential, Commercial, and Public Urban Architecture (Atrium Houses, Suburban Villas, Forum, Baths, Theatres, Amphitheatre, Palaestra, Thermopolia/Shops); nan",Internal (DS/OUV),,Early Roman Empire / 3rd century BC to 1st century AD (79 AD Eruption),Internal (DS/OUV),,Ancient Roman Civilization,Internal (DS/OUV),,"(iii) to bear a unique or at least exceptional testimony to a cultural tradition or to a civilization which is living or which has disappeared; | (iv) to be an outstanding example of a type of building, architectural or technological ensemble or landscape which illustrates (a) significant stage(s) in human history; | (v) to be an outstanding example of a traditional human settlement, land-use, or sea-use which is representative of a culture (or cultures), or human interaction with the environment especially when it has become vulnerable under the impact of irreversible change;",3,Internal (DS/OUV),,"Volcanic Ash, Lapilli",Internal (DS/OUV),,Igneous Rock,Internal (DS/OUV),,,,,,,,Volcanic Ash Deposit and Pyroclastic Lapilli,Internal (DS/OUV),,,,,,,,,,,Pyroclastic / Fragmental,Internal (DS/OUV),,,,,,,,,,,Local (Volcanic eruptive deposits originating from Mount Vesuvius),Internal (DS/OUV),,,,,"Enclosure and load-bearing walls, colonnades, paving, and urban infrastructure",Internal (DS/OUV),,"Wall paintings, frescos, illusionistic architectural motifs, and mosaic floors",Internal (DS/OUV),,,,,"Active environmental decay, collapse risks from water/exposure, and historical thermal carbonization during the eruption",Internal (DS/OUV),,,,,"Modern consolidation, progressive introduction of enduring techniques/materials, 1950s open-air museum restoration (Amedeo Maiuri), and structural stabilization under the ""Grande Progetto Pompei"" (2012)",Internal (DS/OUV),,Good,Internal (DS/OUV),,Yes,,,,Tier 9: Unflagged,
823,Residences of the Royal House of Savoy,Italy,https://whc.unesco.org/en/list/823,1997.0,45.07253,7.68572,skipped; nan,,,,,,,,,"(i) to represent a masterpiece of human creative genius; | (ii) to exhibit an important interchange of human values, over a span of time or within a cultural area of the world, on developments in architecture or technology, monumental arts, town-planning or landscape design; | (iv) to be an outstanding example of a type of building, architectural or technological ensemble or landscape which illustrates (a) significant stage(s) in human history; | (v) to be an outstanding example of a traditional human settlement, land-use, or sea-use which is representative of a culture (or cultures), or human interaction with the environment especially when it has become vulnerable under the impact of irreversible change;",4,,,,,,,,,,,,,,,,,,,,,,,,,,,,,,,,,,,,,,,,,,,,,,,,,,,,,,,,,,,,,,,,,,,,,,Tier 9: Unflagged,
841,"San Pedro de la Roca Castle, Santiago de Cuba",Cuba,https://whc.unesco.org/en/list/841,1997.0,19.968446,-75.870441,skipped; but promisisng; nan,,,,,,,,,"(iv) to be an outstanding example of a type of building, architectural or technological ensemble or landscape which illustrates (a) significant stage(s) in human history; | (v) to be an outstanding example of a traditional human settlement, land-use, or sea-use which is representative of a culture (or cultures), or human interaction with the environment especially when it has become vulnerable under the impact of irreversible change;",2,,,,,,,,,,,,,,,,,,,,,,,,,,,,,,,,,,,,,,,,,,,,,,,,,,,,,,,,,,,,,,,,,,No,,,,Tier 9: Unflagged,
826,"Portovenere, Cinque Terre, and the Islands (Palmaria, Tino and Tinetto)",Italy,https://whc.unesco.org/en/list/826,1997.0,44.10694,9.72917,"Layout, disposition of small towns, terraces, compact settlements, medieval castles, religious buildings, fortified centre, drystone walls, tiny stone huts, Doria Castle; nan",Internal (DS/OUV),,"12th century (terraces), Later Middle Ages (main 5 villages), Roman period (Portovenere archaeological remains)",Internal (DS/OUV),,"Roman, Medieval / Traditional Ligurian Community",Internal (DS/OUV),,"(ii) to exhibit an important interchange of human values, over a span of time or within a cultural area of the world, on developments in architecture or technology, monumental arts, town-planning or landscape design; | (iv) to be an outstanding example of a type of building, architectural or technological ensemble or landscape which illustrates (a) significant stage(s) in human history; | (v) to be an outstanding example of a traditional human settlement, land-use, or sea-use which is representative of a culture (or cultures), or human interaction with the environment especially when it has become vulnerable under the impact of irreversible change;",3,Internal (DS/OUV),,"Sandstone, Limestone",Internal (DS/OUV),,Sedimentary Rock,Internal (DS/OUV),,Pebbles,Internal (DS/OUV),,,,,"Sandstone rough blocks, pebbles",Internal (DS/OUV),,,,,,,,,,,Rough (rough blocks),Internal (DS/OUV),,,,,,,,,,,"Local (pebbles removed from the ground, settlements erected directly on the rock)",Internal (DS/OUV),,,,,"Drystone terraced walls, house construction, roofing, tiny stone huts, castle, fortified walls",Internal (DS/OUV),,,,,Carefully constructed drystone walls of rough blocks bonded with pebbles removed from the ground; traditional craftsmanship,Internal (DS/OUV),,Abandoned terraces vulnerable to landslides; damage suffered from floods and natural disasters,Internal (DS/OUV),,,,,"Urgent reconstruction of drystone walls; recovery/reclamation of terraced landscape; systematic restoration campaigns for protected monuments (churches of St Peter, St Venerius, Doria Castle)",Internal (DS/OUV),,Moderate,Internal (DS/OUV),,,,,,Tier 9: Unflagged,
819,"Historic Area of Willemstad, Inner City and Harbour, Curaçao",Netherlands (Kingdom of the),https://whc.unesco.org/en/list/819,1997.0,12.10194,-68.90222,skipped; nan,,,,,,,,,"(ii) to exhibit an important interchange of human values, over a span of time or within a cultural area of the world, on developments in architecture or technology, monumental arts, town-planning or landscape design; | (iv) to be an outstanding example of a type of building, architectural or technological ensemble or landscape which illustrates (a) significant stage(s) in human history; | (v) to be an outstanding example of a traditional human settlement, land-use, or sea-use which is representative of a culture (or cultures), or human interaction with the environment especially when it has become vulnerable under the impact of irreversible change;",3,,,,,,,,,,,,,,,,,,,,,,,,,,,,,,,,,,,,,,,,,,,,,,,,,,,,,,,,,,,,,,,,,,No,,,,Tier 9: Unflagged,
837,Medina of Tétouan (formerly known as Titawin),Morocco,https://whc.unesco.org/en/list/837,1997.0,35.57083,-5.36667,skipped; nan,,,,,,,,,"(ii) to exhibit an important interchange of human values, over a span of time or within a cultural area of the world, on developments in architecture or technology, monumental arts, town-planning or landscape design; | (iv) to be an outstanding example of a type of building, architectural or technological ensemble or landscape which illustrates (a) significant stage(s) in human history; | (v) to be an outstanding example of a traditional human settlement, land-use, or sea-use which is representative of a culture (or cultures), or human interaction with the environment especially when it has become vulnerable under the impact of irreversible change;",3,,,,,,,,,,,,,,,,,,,,,,,,,,,,,,,,,,,,,,,,,,,,,,,,,,,,,,,,,,,,,,,,,,No,,,,Tier 9: Unflagged,
803,Las Médulas,Spain,https://whc.unesco.org/en/list/803,1997.0,42.46939,-6.77075,"Indigenous, Vernacular, Monument; nan",Internal (DS/OUV),,1st century AD to early 3rd century AD (Roman Imperial period),Internal (DS/OUV),,Roman Imperial,Internal (DS/OUV),,"(i) to represent a masterpiece of human creative genius; | (ii) to exhibit an important interchange of human values, over a span of time or within a cultural area of the world, on developments in architecture or technology, monumental arts, town-planning or landscape design; | (iii) to bear a unique or at least exceptional testimony to a cultural tradition or to a civilization which is living or which has disappeared; | (v) to be an outstanding example of a traditional human settlement, land-use, or sea-use which is representative of a culture (or cultures), or human interaction with the environment especially when it has become vulnerable under the impact of irreversible change;",4,Internal (DS/OUV),,Conglomerate (Auriferous conglomerate),Internal (DS/OUV),,Sedimentary Rock,,,,,,,,,Auriferous / Friable conglomerate,Internal (DS/OUV),,,,,Sterile strata / Auriferous conglomerate layers,Internal (DS/OUV),,,,,Friable,Internal (DS/OUV),,Gold (auriferous deposits),Internal (DS/OUV),,In-situ mining site (Las Médulas main pit / La Frisga pit),Internal (DS/OUV),,Spain,Internal (DS/OUV),,Local,Internal (DS/OUV),,,,,"Foundation, Hydraulic canals / gravity canals, dams, galleries, conduits",Internal (DS/OUV),,,,,"Cut/carved gravity canals, hydraulic mining (ruina montium)",Internal (DS/OUV),,,,,,,,Short sections of water channels cleared; site conserved organically as a natural/historic monument,Internal (DS/OUV),,Excellent,,,Yes,,,,Tier 9: Unflagged,
830,Costiera Amalfitana,Italy,https://whc.unesco.org/en/list/830,1997.0,40.6333333333,14.6027777778,skipped; bp,,,,,,,,,"(ii) to exhibit an important interchange of human values, over a span of time or within a cultural area of the world, on developments in architecture or technology, monumental arts, town-planning or landscape design; | (iv) to be an outstanding example of a type of building, architectural or technological ensemble or landscape which illustrates (a) significant stage(s) in human history; | (v) to be an outstanding example of a traditional human settlement, land-use, or sea-use which is representative of a culture (or cultures), or human interaction with the environment especially when it has become vulnerable under the impact of irreversible change;",3,,,,,,,,,,,,,,,,,,,,,,,,,,,,,,,,,,,,,,,,,,,,,,,,,,,,,,,,,,,,,,,,,,No,,bp,bp,Tier 8: Moderate Probability Stone Fabric (Possible),
813,Classical Gardens of Suzhou,China,https://whc.unesco.org/en/list/813,1997.0,31.31666667,120.45,skipped;; nan,,,,,,,,,"(i) to represent a masterpiece of human creative genius; | (ii) to exhibit an important interchange of human values, over a span of time or within a cultural area of the world, on developments in architecture or technology, monumental arts, town-planning or landscape design; | (iii) to bear a unique or at least exceptional testimony to a cultural tradition or to a civilization which is living or which has disappeared; | (iv) to be an outstanding example of a type of building, architectural or technological ensemble or landscape which illustrates (a) significant stage(s) in human history; | (v) to be an outstanding example of a traditional human settlement, land-use, or sea-use which is representative of a culture (or cultures), or human interaction with the environment especially when it has become vulnerable under the impact of irreversible change;",5,,,,,,,,,,,,,,,,,,,,,,,,,,,,,,,,,,,,,,,,,,,,,,,,,,,,,,,,,,,,,,,,,,No,,,,Tier 9: Unflagged,
787,The <I>Trulli</I> of Alberobello,Italy,https://whc.unesco.org/en/list/787,1996.0,40.7825,17.23694,Traditional vernacular dry-stone dwellings/huts (trulli) with corbelled conical roofs; historic urban landscape; nan,Internal (DS/OUV),,"Prehistoric building technique; existing structures date as early as mid-14th century, expanding significantly in 1620 until the late 18th century",Internal (DS/OUV),,Mediterranean / Italian (Puglia / Itria Valley agricultural community),Internal (DS/OUV),,"(iii) to bear a unique or at least exceptional testimony to a cultural tradition or to a civilization which is living or which has disappeared; | (iv) to be an outstanding example of a type of building, architectural or technological ensemble or landscape which illustrates (a) significant stage(s) in human history; | (v) to be an outstanding example of a traditional human settlement, land-use, or sea-use which is representative of a culture (or cultures), or human interaction with the environment especially when it has become vulnerable under the impact of irreversible change;",3,Internal (DS/OUV),,Limestone,Internal (DS/OUV),,Sedimentary Rock,,,,,,Chianche or Chiancarelle (corbelled limestone slabs used for roofs),Internal (DS/OUV),,"Roughly worked limestone boulders, limestone bedrock, and corbelled limestone slabs (chianche)",Internal (DS/OUV),,,,,,,,White / Whitewashed (lime whitewash),Internal (DS/OUV),,,,,,,,Excavated on-site (sub-floor cisterns) and collected from neighbouring fields and nearby rock outcrops,Internal (DS/OUV),,Italy,Internal (DS/OUV),,Local,Internal (DS/OUV),,On-site to immediate neighbouring fields / local region,Internal (DS/OUV),,Dry-stone double-skinned walls built directly onto limestone bedrock with a rubble core; corbelled conical double-skinned roofs (chianche slabs),Internal (DS/OUV),,Decorative pinnacles terminating the conical roofs; mythological/religious symbols drawn in white ash,Internal (DS/OUV),,Dry-wall / dry-stone construction (mortarless / without cement or mortar); corbelled stone roof construction,Internal (DS/OUV),,,,,,,,Lime whitewash (traditional material); conservative restoration regulated by local Recovery Plans and the Handbook of Trulli Restoration,,,Moderate,,,Yes,,,,Tier 9: Unflagged,
762,"Church Town of Gammelstad, Luleå",Sweden,https://whc.unesco.org/en/list/762,1996.0,65.64611,22.02861,skipped; nan,,,,,,,,,"(ii) to exhibit an important interchange of human values, over a span of time or within a cultural area of the world, on developments in architecture or technology, monumental arts, town-planning or landscape design; | (iv) to be an outstanding example of a type of building, architectural or technological ensemble or landscape which illustrates (a) significant stage(s) in human history; | (v) to be an outstanding example of a traditional human settlement, land-use, or sea-use which is representative of a culture (or cultures), or human interaction with the environment especially when it has become vulnerable under the impact of irreversible change;",3,,,,,,,,,,,,,,,,,,,,,,,,,,,,,,,,,,,,,,,,,,,,,,,,,,,,,,,,,,,,,,,,,,No,,,,Tier 9: Unflagged,
759,Dutch Water Defence Lines,Netherlands (Kingdom of the),https://whc.unesco.org/en/list/759,1996.0,52.555,4.7913888889,skipped; but possible; nan,,,,,,,,,"(ii) to exhibit an important interchange of human values, over a span of time or within a cultural area of the world, on developments in architecture or technology, monumental arts, town-planning or landscape design; | (iv) to be an outstanding example of a type of building, architectural or technological ensemble or landscape which illustrates (a) significant stage(s) in human history; | (v) to be an outstanding example of a traditional human settlement, land-use, or sea-use which is representative of a culture (or cultures), or human interaction with the environment especially when it has become vulnerable under the impact of irreversible change;",3,,,,,,,,,,,,,,,,,,,,,,,,,,,,,,,,,,,,,,,,,,,,,,,,,,,,,,,,,,,,,,,,,,No,,,,Tier 9: Unflagged,
750,"Ancient <I>Ksour</I> of Ouadane, Chinguetti, Tichitt and Oualata",Mauritania,https://whc.unesco.org/en/list/750,1996.0,20.92889,-11.62361,skipped; bvhp,,,,,,,,,"(iii) to bear a unique or at least exceptional testimony to a cultural tradition or to a civilization which is living or which has disappeared; | (iv) to be an outstanding example of a type of building, architectural or technological ensemble or landscape which illustrates (a) significant stage(s) in human history; | (v) to be an outstanding example of a traditional human settlement, land-use, or sea-use which is representative of a culture (or cultures), or human interaction with the environment especially when it has become vulnerable under the impact of irreversible change;",3,,,,,,,,,,,,,,,,,,,,,,,,,,,,,,,,,,,,,,,,,,,,,,,,,,,,,,,,,,,,,,,,,,No,,bvhp,bvhp,Tier 6: High Probability Ashlar / Urban Core (1-v Very High),
781,Historic Walled Town of Cuenca,Spain,https://whc.unesco.org/en/list/781,1996.0,40.07662,-2.13174,skipped; bvvvhp,,,,,,,,,"(ii) to exhibit an important interchange of human values, over a span of time or within a cultural area of the world, on developments in architecture or technology, monumental arts, town-planning or landscape design; | (v) to be an outstanding example of a traditional human settlement, land-use, or sea-use which is representative of a culture (or cultures), or human interaction with the environment especially when it has become vulnerable under the impact of irreversible change;",2,,,,,,,,,,,,,,,,,,,,,,,,,,,,,,,,,,,,,,,,,,,,,,,,,,,,,,,,,,,,,,,,,,No,,bvvvhp,bvvvhp,Tier 4: Exceptional Stone Fortress / Cathedral / Mosque (3-v Very Very High),
709,Upper Svaneti,Georgia,https://whc.unesco.org/en/list/709,1996.0,42.914,43.009,skipped; bvvvhp,,,,,,,,,"(iv) to be an outstanding example of a type of building, architectural or technological ensemble or landscape which illustrates (a) significant stage(s) in human history; | (v) to be an outstanding example of a traditional human settlement, land-use, or sea-use which is representative of a culture (or cultures), or human interaction with the environment especially when it has become vulnerable under the impact of irreversible change;",2,,,,,,,,,,,,,,,,,,,,,,,,,,,,,,,,,,,,,,,,,,,,,,,,,,,,,,,,,,,,,,,,,,No,,bvvvhp,bvvvhp,Tier 4: Exceptional Stone Fortress / Cathedral / Mosque (3-v Very Very High),
731,Hanseatic Town of Visby,Sweden,https://whc.unesco.org/en/list/731,1995.0,57.64167,18.29583,"Walled trading town, ramparts, warehouses, merchants' dwellings, castles, cathedrals, churches, guild houses, residences, towers, gates, moats, monasteries, vernacular wooden houses, hospital, school, prison.; nan",Internal (DS/OUV),,"Viking Age (pre-12th century), 12th century, 13th century, 14th century, 18th century, and 19th century.",Internal (DS/OUV),,"Viking / Gotlandic, German (Hanseatic League), Danish, Russian.",Internal (DS/OUV),,"(iv) to be an outstanding example of a type of building, architectural or technological ensemble or landscape which illustrates (a) significant stage(s) in human history; | (v) to be an outstanding example of a traditional human settlement, land-use, or sea-use which is representative of a culture (or cultures), or human interaction with the environment especially when it has become vulnerable under the impact of irreversible change;",2,Internal (DS/OUV),,Limestone ,Internal (DS/OUV),,Sedimentary Rock,,,,,,Gotlandic Limestone,Internal (DS/OUV),,,,,,,,,,,,,,,,,,,,"Quarries extracted from the surrounding dry moats, open spaces, and adjacent limestone quarries.",Internal (DS/OUV),,Sweden (Island of Gotland),Internal (DS/OUV),,Local,Internal (DS/OUV),,Local / Short distance (Quarried directly from the defensive network/moats surrounding the site and nearby quarries).,Internal (DS/OUV),,"Town defense walls, ramparts, towers, gates, foundations, warehouses, churches, cathedrals, and street paving (large limestone slabs).",Internal (DS/OUV),,,,,Stone masonry with Gotlandic lime plaster/mortars; horizontal plank timber construction (used for vernacular houses).,Internal (DS/OUV),,"Partial collapses over the years (e.g., collapse of a section of the town wall in 2012); decay of abandoned church ruins after the Reformation (1530s).",Internal (DS/OUV),,,,,Restoration of the town wall following the 2012 collapse; ongoing traditional lime production and craftsmanship for mortar/plaster preservation.,Internal (DS/OUV),,Moderate,Internal (DS/OUV),,Yes,,,,Tier 9: Unflagged,
479,Town of Luang Prabang,Lao People's Democratic Republic,https://whc.unesco.org/en/list/479,1995.0,19.88889,102.13333,skipped; nan,,,,,,,,,"(ii) to exhibit an important interchange of human values, over a span of time or within a cultural area of the world, on developments in architecture or technology, monumental arts, town-planning or landscape design; | (iv) to be an outstanding example of a type of building, architectural or technological ensemble or landscape which illustrates (a) significant stage(s) in human history; | (v) to be an outstanding example of a traditional human settlement, land-use, or sea-use which is representative of a culture (or cultures), or human interaction with the environment especially when it has become vulnerable under the impact of irreversible change;",3,,,,,,,,,,,,,,,,,,,,,,,,,,,,,,,,,,,,,,,,,,,,,,,,,,,,,,,,,,,,,,,,,,,,,,Tier 9: Unflagged,
723,Cultural Landscape of Sintra,Portugal,https://whc.unesco.org/en/list/723,1995.0,38.78333,-9.41667,"European Romantic architecture, Gothic, Egyptian, Moorish, Renaissance, Late Gothic Manueline, Mudéjar, Neo-Gothicism, Pombaline, Romanesque, Indian-influenced, Victorian; nan",Internal (DS/OUV),,"9th century (Moorish occupation), 12th century, 14th century (1374, 1400), 15th century, 16th century (1514, 1570), 17th century, 18th century (1755, 1757), 19th century (c. 1840), 20th century",Internal (DS/OUV),,"Visigothic, Moorish (Islamic), Medieval Portuguese, European Romantic, British / Victorian",Internal (DS/OUV),,"(ii) to exhibit an important interchange of human values, over a span of time or within a cultural area of the world, on developments in architecture or technology, monumental arts, town-planning or landscape design; | (iv) to be an outstanding example of a type of building, architectural or technological ensemble or landscape which illustrates (a) significant stage(s) in human history; | (v) to be an outstanding example of a traditional human settlement, land-use, or sea-use which is representative of a culture (or cultures), or human interaction with the environment especially when it has become vulnerable under the impact of irreversible change;",3,Internal (DS/OUV),,Granite,Internal (DS/OUV),,Igneous Rock,Internal (DS/OUV),,,,,,,,Granite,Internal (DS/OUV),,,,,,,,,,,,,,,,,,,,Portugal,Internal (DS/OUV),,Local (granite mountains of the Serra de Sintra),Internal (DS/OUV),,,,,"Castle, church, cloister, facade, fortress, monastery, nave, palace, refectory, tower, defensive wall enclosing park, barbican, keep",Internal (DS/OUV),,"Facing with tiles (azulejos), fountains, watercourses, chapels, mock ruins, Manueline and Pombaline window insertions",Internal (DS/OUV),,"Stone walling, construction on rocky outcrops/crests",Internal (DS/OUV),,Damage/destruction from the 1755 earthquake (monastery and palace reduced to ruins),Internal (DS/OUV),,,,,"Rehabilitation/restoration of over 100 buildings, Monserrate Palace, Chalet da Condessa d’Edla, wall reconstruction, and structural maintenance by Parques de Sintra Monte da Lua S.A.",Internal (DS/OUV),,Excellent,Internal (DS/OUV),,Yes,,,,Tier 9: Unflagged,
742,Historic Centre of Santa Cruz de Mompox,Colombia,https://whc.unesco.org/en/list/742,1995.0,9.240492,-74.423084,skipped; nan,,,,,,,,,"(iv) to be an outstanding example of a type of building, architectural or technological ensemble or landscape which illustrates (a) significant stage(s) in human history; | (v) to be an outstanding example of a traditional human settlement, land-use, or sea-use which is representative of a culture (or cultures), or human interaction with the environment especially when it has become vulnerable under the impact of irreversible change;",2,,,,,,,,,,,,,,,,,,,,,,,,,,,,,,,,,,,,,,,,,,,,,,,,,,,,,,,,,,,,,,,,,,No,,,,Tier 9: Unflagged,
733,"Ferrara, City of the Renaissance, and its Po Delta",Italy,https://whc.unesco.org/en/list/733,1995.0,44.83777778,11.61944444,skipped; bvhp,,,,,,,,,"(ii) to exhibit an important interchange of human values, over a span of time or within a cultural area of the world, on developments in architecture or technology, monumental arts, town-planning or landscape design; | (iii) to bear a unique or at least exceptional testimony to a cultural tradition or to a civilization which is living or which has disappeared; | (iv) to be an outstanding example of a type of building, architectural or technological ensemble or landscape which illustrates (a) significant stage(s) in human history; | (v) to be an outstanding example of a traditional human settlement, land-use, or sea-use which is representative of a culture (or cultures), or human interaction with the environment especially when it has become vulnerable under the impact of irreversible change; | (vi) to be directly or tangibly associated with events or living traditions, with ideas, or with beliefs, with artistic and literary works of outstanding universal significance;",5,,,,,,,,,,,,,,,,,,,,,,,,,,,,,,,,,,,,,,,,,,,,,,,,,,,,,,,,,,,,,,,,,,No,,bvhp,bvhp,Tier 6: High Probability Ashlar / Urban Core (1-v Very High),
715,Rapa Nui National Park,Chile,https://whc.unesco.org/en/list/715,1995.0,-27.074403,-109.365683,Monumental sculpture and architecture; shrines; ahu (ceremonial platforms); moai (colossal stone statues); semi-subterranean stone-houses (elliptical floor plans); housing and productive structures.; nan,Internal (DS/OUV),,c. A.D. 300 (initial settlement); 10th to 16th century / 11th to 17th centuries (major building and sculpting period).,Internal (DS/OUV),,Rapa Nui (Polynesian origin).,Internal (DS/OUV),,"(i) to represent a masterpiece of human creative genius; | (iii) to bear a unique or at least exceptional testimony to a cultural tradition or to a civilization which is living or which has disappeared; | (v) to be an outstanding example of a traditional human settlement, land-use, or sea-use which is representative of a culture (or cultures), or human interaction with the environment especially when it has become vulnerable under the impact of irreversible change;",3,Internal (DS/OUV),,"Basalt, Lava, Tuff (yellow–brown lava tuff).",Internal (DS/OUV),,Igneous Rock,,,"Red stone (used for moai headdresses / pukao); hard basalt (used for picks/toki); beach pebbles (rounded, used for ramp paving).",Internal (DS/OUV),,toki (hard basalt picks); pukao (red stone headdresses - implied context).,Internal (DS/OUV),,,,,,,,"Volcanic lava, tuff, volcanic formations (Rano Raraku, Rano Kau volcano).",Internal (DS/OUV),,Yellow–brown (lava tuff); Red (stone headdresses).,Internal (DS/OUV),,,,,,,,Rano Raraku (and others).,Internal (DS/OUV),,Chile (Easter Island / Rapa Nui).,Internal (DS/OUV),,Local (quarried and extracted on the island).,Internal (DS/OUV),,,,,"ahu (ceremonial platform structures filled with rubble, raised rectangular platform of large worked stones); semi-subterranean stone houses; housing and productive structures.",Internal (DS/OUV),,moai statues (colossal statues representing ancestors); red stone headdresses (pukao); petroglyphs and pictographs (rock art).,Internal (DS/OUV),,Carved from tuff using hard basalt picks (toki); lowered down slopes into dug holes; raised rectangular platforms of large worked stones; re-erection/anastylosis.,Internal (DS/OUV),,Weathering effects on volcanic lava and tuff; anthropic factors; invasive vegetation affecting structural stability.,Internal (DS/OUV),,Replacement red stone headdresses (during restoration/anastylosis).,Internal (DS/OUV),,Anastylosis; re-erection of fallen moai; controlled scientific investigations for ahu restoration/reconstruction.,Internal (DS/OUV),,Excellent,,,Yes,,,,Tier 9: Unflagged,
741,Old Town Lunenburg,Canada,https://whc.unesco.org/en/list/741,1995.0,44.37611111,-64.30916667,skipped;; nan,,,,,,,,,"(iv) to be an outstanding example of a type of building, architectural or technological ensemble or landscape which illustrates (a) significant stage(s) in human history; | (v) to be an outstanding example of a traditional human settlement, land-use, or sea-use which is representative of a culture (or cultures), or human interaction with the environment especially when it has become vulnerable under the impact of irreversible change;",2,,,,,,,,,,,,,,,,,,,,,,,,,,,,,,,,,,,,,,,,,,,,,,,,,,,,,,,,,,,,,,,,,,No,,,,Tier 9: Unflagged,
734,Historic Villages of Shirakawa-go and Gokayama,Japan,https://whc.unesco.org/en/list/734,1995.0,36.4,136.8833333,skipped; nan,,,,,,,,,"(iv) to be an outstanding example of a type of building, architectural or technological ensemble or landscape which illustrates (a) significant stage(s) in human history; | (v) to be an outstanding example of a traditional human settlement, land-use, or sea-use which is representative of a culture (or cultures), or human interaction with the environment especially when it has become vulnerable under the impact of irreversible change;",2,,,,,,,,,,,,,,,,,,,,,,,,,,,,,,,,,,,,,,,,,,,,,,,,,,,,,,,,,,,,,,,,,,No,,,,Tier 9: Unflagged,
739,Schokland and Surroundings,Netherlands (Kingdom of the),https://whc.unesco.org/en/list/739,1995.0,52.63861111,5.771666667,skipped; nan,,,,,,,,,"(iii) to bear a unique or at least exceptional testimony to a cultural tradition or to a civilization which is living or which has disappeared; | (v) to be an outstanding example of a traditional human settlement, land-use, or sea-use which is representative of a culture (or cultures), or human interaction with the environment especially when it has become vulnerable under the impact of irreversible change;",2,,,,,,,,,,,,,,,,,,,,,,,,,,,,,,,,,,,,,,,,,,,,,,,,,,,,,,,,,,,,,,,,,,No,,,,Tier 9: Unflagged,
730,Crespi d'Adda,Italy,https://whc.unesco.org/en/list/730,1995.0,45.59333,9.53833,skipped; bp,,,,,,,,,"(iv) to be an outstanding example of a type of building, architectural or technological ensemble or landscape which illustrates (a) significant stage(s) in human history; | (v) to be an outstanding example of a traditional human settlement, land-use, or sea-use which is representative of a culture (or cultures), or human interaction with the environment especially when it has become vulnerable under the impact of irreversible change;",2,,,,,,,,,,,,,,,,,,,,,,,,,,,,,,,,,,,,,,,,,,,,,,,,,,,,,,,,,,,,,,,,,,No,,bp,bp,Tier 8: Moderate Probability Stone Fabric (Possible),
722,Rice Terraces of the Philippine Cordilleras,Philippines,https://whc.unesco.org/en/list/722,1995.0,16.93389,121.13667,skipped; bp,,,,,,,,,"(iii) to bear a unique or at least exceptional testimony to a cultural tradition or to a civilization which is living or which has disappeared; | (iv) to be an outstanding example of a type of building, architectural or technological ensemble or landscape which illustrates (a) significant stage(s) in human history; | (v) to be an outstanding example of a traditional human settlement, land-use, or sea-use which is representative of a culture (or cultures), or human interaction with the environment especially when it has become vulnerable under the impact of irreversible change;",3,,,,,,,,,,,,,,,,,,,,,,,,,,,,,,,,,,,,,,,,,,,,,,,,,,,,,,,,,,,,,,,,,,No,,bp,bp,Tier 8: Moderate Probability Stone Fabric (Possible),
614,City of Safranbolu,Türkiye,https://whc.unesco.org/en/list/614,1994.0,41.26,32.68972,skipped; bp,,,,,,,,,"(ii) to exhibit an important interchange of human values, over a span of time or within a cultural area of the world, on developments in architecture or technology, monumental arts, town-planning or landscape design; | (iv) to be an outstanding example of a type of building, architectural or technological ensemble or landscape which illustrates (a) significant stage(s) in human history; | (v) to be an outstanding example of a traditional human settlement, land-use, or sea-use which is representative of a culture (or cultures), or human interaction with the environment especially when it has become vulnerable under the impact of irreversible change;",3,,,,,,,,,,,,,,,,,,,,,,,,,,,,,,,,,,,,,,,,,,,,,,,,,,,,,,,,,,,,,,,,,,No,,bp,bp,Tier 8: Moderate Probability Stone Fabric (Possible),
658,Coro and its Port,Venezuela (Bolivarian Republic of),https://whc.unesco.org/en/list/658,1993.0,11.409794,-69.679228,"Earthen architecture, domestic, monumental, religious, and civil buildings; nan",Internal (DS/OUV),,Founded 1527; surviving structures primarily date from the 17th century,Internal (DS/OUV),,Spanish colonial with local indigenous and Dutch influences,Internal (DS/OUV),,"(iv) to be an outstanding example of a type of building, architectural or technological ensemble or landscape which illustrates (a) significant stage(s) in human history; | (v) to be an outstanding example of a traditional human settlement, land-use, or sea-use which is representative of a culture (or cultures), or human interaction with the environment especially when it has become vulnerable under the impact of irreversible change;",2,Internal (DS/OUV),,"Adobe (sun-dried mud brick), Bahareque (mud, timber, bamboo), Tapia (rammed earth)",Internal (DS/OUV),,,,,,,,,,,,,,,,,,,,,,,,,,,,,Venezuela (Bolivarian Republic of),Internal (DS/OUV),,Local,Internal (DS/OUV),,,,,,,,"Earthen structures / Mud-building systems (adobe, bahareque, tapia) for walls and foundations",Internal (DS/OUV),,,,,"Bahareque (mud, timber, bamboo), Adobe (sun-dried brick), Tapia (rammed earth)
",Internal (DS/OUV),,"Damage from heavy rains, climatic change, and material fragility",Internal (DS/OUV),,,,,"Emergency interventions, PLINCODE conservation plan, earthen technique restoration",Internal (DS/OUV),,Moderate,,,Yes,,,,Tier 9: Unflagged,
618,Historic Town of Banská Štiavnica and the Technical Monuments in its Vicinity,Slovakia,https://whc.unesco.org/en/list/618,1993.0,48.46111,18.9,skipped;; nan,,,,,,,,,"(iv) to be an outstanding example of a type of building, architectural or technological ensemble or landscape which illustrates (a) significant stage(s) in human history; | (v) to be an outstanding example of a traditional human settlement, land-use, or sea-use which is representative of a culture (or cultures), or human interaction with the environment especially when it has become vulnerable under the impact of irreversible change;",2,,,,,,,,,,,,,,,,,,,,,,,,,,,,,,,,,,,,,,,,,,,,,,,,,,,,,,,,,,,,,,,,,,No,,,,Tier 9: Unflagged,
664,Archaeological Ensemble of Mérida,Spain,https://whc.unesco.org/en/list/664,1993.0,38.91611,-6.33778,"Classical, Roman, Visigoth, Paleo-Christian, Muslim, Romanesque, Gothic, Baroque; nan",Internal (DS/OUV),,"Founded 25 B.C.; modified across Visigoth, Muslim, Medieval, 17th Century, and 20th Century eras",Internal (DS/OUV),,"Roman, Suebi, Visigoth, Muslim (Al-Andalus)",Internal (DS/OUV),,"(i) to represent a masterpiece of human creative genius; | (iii) to bear a unique or at least exceptional testimony to a cultural tradition or to a civilization which is living or which has disappeared; | (v) to be an outstanding example of a traditional human settlement, land-use, or sea-use which is representative of a culture (or cultures), or human interaction with the environment especially when it has become vulnerable under the impact of irreversible change;",3,Internal (DS/OUV),,Marble,Internal (DS/OUV),,Metamorphic Rock,Internal (DS/OUV),,,,,Roman Marble,,,,,,,,,,,,,,,,,,,,,,,,,,,,,,,,,"Bridges, aqueducts, amphitheatre, theatre, temples, fortress, arch, dams, sewers, walls",Internal (DS/OUV),,"Obelisk of Santa Eulalia, small temple, altars",Internal (DS/OUV),,"Anastylosis (reconstruction of stage front), consolidation",Internal (DS/OUV),,,,,,,,Anastylosis criteria used for theatre stage front; consolidation works performed; block stands and vaults of Amphitheatre restored,Internal (DS/OUV),,Excellent,,,Yes,,,,Tier 9: Unflagged,
670,The Sassi and the Park of the Rupestrian Churches of Matera,Italy,https://whc.unesco.org/en/list/670,1993.0,40.66638889,16.61027778,skipped; nan,,,,,,,,,"(iii) to bear a unique or at least exceptional testimony to a cultural tradition or to a civilization which is living or which has disappeared; | (iv) to be an outstanding example of a type of building, architectural or technological ensemble or landscape which illustrates (a) significant stage(s) in human history; | (v) to be an outstanding example of a traditional human settlement, land-use, or sea-use which is representative of a culture (or cultures), or human interaction with the environment especially when it has become vulnerable under the impact of irreversible change;",3,,,,,,,,,,,,,,,,,,,,,,,,,,,,,,,,,,,,,,,,,,,,,,,,,,,,,,,,,,,,,,,,,,No,,,,Tier 9: Unflagged,
622,Vlkolínec,Slovakia,https://whc.unesco.org/en/list/622,1993.0,49.0391666667,19.2783333333,skipped; bvhp,,,,,,,,,"(iv) to be an outstanding example of a type of building, architectural or technological ensemble or landscape which illustrates (a) significant stage(s) in human history; | (v) to be an outstanding example of a traditional human settlement, land-use, or sea-use which is representative of a culture (or cultures), or human interaction with the environment especially when it has become vulnerable under the impact of irreversible change;",2,,,,,,,,,,,,,,,,,,,,,,,,,,,,,,,,,,,,,,,,,,,,,,,,,,,,,,,,,,,,,,,,,,No,,bvhp,bvhp,Tier 6: High Probability Ashlar / Urban Core (1-v Very High),
565,Kasbah of Algiers,Algeria,https://whc.unesco.org/en/list/565,1992.0,36.78333,3.06028,skipped; nan,,,,,,,,,"(ii) to exhibit an important interchange of human values, over a span of time or within a cultural area of the world, on developments in architecture or technology, monumental arts, town-planning or landscape design; | (v) to be an outstanding example of a traditional human settlement, land-use, or sea-use which is representative of a culture (or cultures), or human interaction with the environment especially when it has become vulnerable under the impact of irreversible change;",2,,,,,,,,,,,,,,,,,,,,,,,,,,,,,,,,,,,,,,,,,,,,,,,,,,,,,,,,,,,,,,,,,,No,,,,Tier 9: Unflagged,
582,Old Rauma,Finland,https://whc.unesco.org/en/list/582,1991.0,61.12806,21.51167,skipped;; nan,,,,,,,,,"(iv) to be an outstanding example of a type of building, architectural or technological ensemble or landscape which illustrates (a) significant stage(s) in human history; | (v) to be an outstanding example of a traditional human settlement, land-use, or sea-use which is representative of a culture (or cultures), or human interaction with the environment especially when it has become vulnerable under the impact of irreversible change;",2,,,,,,,,,,,,,,,,,,,,,,,,,,,,,,,,,,,,,,,,,,,,,,,,,,,,,,,,,,,,,,,,,,No,,,,Tier 9: Unflagged,
544,Kizhi Pogost,Russian Federation,https://whc.unesco.org/en/list/544,1990.0,62.0675833333,35.2243611111,skipped; bhp,,,,,,,,,"(i) to represent a masterpiece of human creative genius; | (iv) to be an outstanding example of a type of building, architectural or technological ensemble or landscape which illustrates (a) significant stage(s) in human history; | (v) to be an outstanding example of a traditional human settlement, land-use, or sea-use which is representative of a culture (or cultures), or human interaction with the environment especially when it has become vulnerable under the impact of irreversible change;",3,,,,,,,,,,,,,,,,,,,,,,,,,,,,,,,,,,,,,,,,,,,,,,,,,,,,,,,,,,,,,,,,,,No,,bhp,bhp,Tier 7: High Probability Local Stone / Masonry (High Potential),
529,Jesuit Missions of the Chiquitos,Bolivia (Plurinational State of),https://whc.unesco.org/en/list/529,1990.0,-16.0,-60.5,skipped; bhp,,,,,,,,,"(iv) to be an outstanding example of a type of building, architectural or technological ensemble or landscape which illustrates (a) significant stage(s) in human history; | (v) to be an outstanding example of a traditional human settlement, land-use, or sea-use which is representative of a culture (or cultures), or human interaction with the environment especially when it has become vulnerable under the impact of irreversible change;",2,,,,,,,,,,,,,,,,,,,,,,,,,,,,,,,,,,,,,,,,,,,,,,,,,,,,,,,,,,,,,,,,,,No,,bhp,bhp,Tier 7: High Probability Local Stone / Masonry (High Potential),
543,Itchan Kala,Uzbekistan,https://whc.unesco.org/en/list/543,1990.0,41.378088,60.360253,skipped; but very very highly posible; nan,,,,,,,,,"(iii) to bear a unique or at least exceptional testimony to a cultural tradition or to a civilization which is living or which has disappeared; | (iv) to be an outstanding example of a type of building, architectural or technological ensemble or landscape which illustrates (a) significant stage(s) in human history; | (v) to be an outstanding example of a traditional human settlement, land-use, or sea-use which is representative of a culture (or cultures), or human interaction with the environment especially when it has become vulnerable under the impact of irreversible change;",3,,,,,,,,,,,,,,,,,,,,,,,,,,,,,,,,,,,,,,,,,,,,,,,,,,,,,,,,,,,,,,,,,,No,,,,Tier 9: Unflagged,
493,Medieval City of Rhodes,Greece,https://whc.unesco.org/en/list/493,1988.0,36.44722,28.22778,skipped; but highly promising; nan,,,,,,,,,"(ii) to exhibit an important interchange of human values, over a span of time or within a cultural area of the world, on developments in architecture or technology, monumental arts, town-planning or landscape design; | (iv) to be an outstanding example of a type of building, architectural or technological ensemble or landscape which illustrates (a) significant stage(s) in human history; | (v) to be an outstanding example of a traditional human settlement, land-use, or sea-use which is representative of a culture (or cultures), or human interaction with the environment especially when it has become vulnerable under the impact of irreversible change;",3,,,,,,,,,,,,,,,,,,,,,,,,,,,,,,,,,,,,,,,,,,,,,,,,,,,,,,,,,,,,,,,,,,No,,,,Tier 9: Unflagged,
499,Kairouan,Tunisia,https://whc.unesco.org/en/list/499,1988.0,35.68167,10.10389,OUV Absent; bvhp,,,,,,,,,"(i) to represent a masterpiece of human creative genius; | (ii) to exhibit an important interchange of human values, over a span of time or within a cultural area of the world, on developments in architecture or technology, monumental arts, town-planning or landscape design; | (iii) to bear a unique or at least exceptional testimony to a cultural tradition or to a civilization which is living or which has disappeared; | (v) to be an outstanding example of a traditional human settlement, land-use, or sea-use which is representative of a culture (or cultures), or human interaction with the environment especially when it has become vulnerable under the impact of irreversible change; | (vi) to be directly or tangibly associated with events or living traditions, with ideas, or with beliefs, with artistic and literary works of outstanding universal significance;",5,,,,,,,,,,,,,,,,,,,,,,,,,,,,,,,,,,,,,,,,,,,,,,,,,,,,,,,,,,,,,,,,,,No,,,bvhp,Tier 6: High Probability Ashlar / Urban Core (1-v Very High),
498,Medina of Sousse,Tunisia,https://whc.unesco.org/en/list/498,1988.0,35.82778,10.63861,skipped; vhp; nan,,,,,,,,,"(iii) to bear a unique or at least exceptional testimony to a cultural tradition or to a civilization which is living or which has disappeared; | (iv) to be an outstanding example of a type of building, architectural or technological ensemble or landscape which illustrates (a) significant stage(s) in human history; | (v) to be an outstanding example of a traditional human settlement, land-use, or sea-use which is representative of a culture (or cultures), or human interaction with the environment especially when it has become vulnerable under the impact of irreversible change;",3,,,,,,,,,,,,,,,,,,,,,,,,,,,,,,,,,,,,,,,,,,,,,,,,,,,,,,,,,,,,,,,,,,No,,,,Tier 9: Unflagged,
119,Timbuktu,Mali,https://whc.unesco.org/en/list/119,1988.0,16.77333333,-2.999444444,skipped; bvvvhp,,,,,,,,,"(ii) to exhibit an important interchange of human values, over a span of time or within a cultural area of the world, on developments in architecture or technology, monumental arts, town-planning or landscape design; | (iv) to be an outstanding example of a type of building, architectural or technological ensemble or landscape which illustrates (a) significant stage(s) in human history; | (v) to be an outstanding example of a traditional human settlement, land-use, or sea-use which is representative of a culture (or cultures), or human interaction with the environment especially when it has become vulnerable under the impact of irreversible change;",3,,,,,,,,,,,,,,,,,,,,,,,,,,,,,,,,,,,,,,,,,,,,,,,,,,,,,,,,,,,,,,,,,,No,,bvvvhp,bvvvhp,Tier 4: Exceptional Stone Fortress / Cathedral / Mosque (3-v Very Very High),
381,Old City of Salamanca,Spain,https://whc.unesco.org/en/list/381,1988.0,40.96525,-5.6645,skipped; bvhp,,,,,,,,,"(i) to represent a masterpiece of human creative genius; | (ii) to exhibit an important interchange of human values, over a span of time or within a cultural area of the world, on developments in architecture or technology, monumental arts, town-planning or landscape design; | (v) to be an outstanding example of a traditional human settlement, land-use, or sea-use which is representative of a culture (or cultures), or human interaction with the environment especially when it has become vulnerable under the impact of irreversible change;",3,,,,,,,,,,,,,,,,,,,,,,,,,,,,,,,,,,,,,,,,,,,,,,,,,,,,,,,,,,,,,,,,,,No,,bvhp,bvhp,Tier 6: High Probability Ashlar / Urban Core (1-v Very High),
460,Trinidad and the Valley de los Ingenios,Cuba,https://whc.unesco.org/en/list/460,1988.0,21.80305556,-79.98444444,skipped; bvvvhp,,,,,,,,,"(iv) to be an outstanding example of a type of building, architectural or technological ensemble or landscape which illustrates (a) significant stage(s) in human history; | (v) to be an outstanding example of a traditional human settlement, land-use, or sea-use which is representative of a culture (or cultures), or human interaction with the environment especially when it has become vulnerable under the impact of irreversible change;",2,,,,,,,,,,,,,,,,,,,,,,,,,,,,,,,,,,,,,,,,,,,,,,,,,,,,,,,,,,,,,,,,,,No,,bvvvhp,bvvvhp,Tier 4: Exceptional Stone Fortress / Cathedral / Mosque (3-v Very Very High),
412,Historic Centre of Mexico City and Xochimilco,Mexico,https://whc.unesco.org/en/list/412,1987.0,19.41833,-99.13278,skipped; nan,,,,,,,,,"(ii) to exhibit an important interchange of human values, over a span of time or within a cultural area of the world, on developments in architecture or technology, monumental arts, town-planning or landscape design; | (iii) to bear a unique or at least exceptional testimony to a cultural tradition or to a civilization which is living or which has disappeared; | (iv) to be an outstanding example of a type of building, architectural or technological ensemble or landscape which illustrates (a) significant stage(s) in human history; | (v) to be an outstanding example of a traditional human settlement, land-use, or sea-use which is representative of a culture (or cultures), or human interaction with the environment especially when it has become vulnerable under the impact of irreversible change;",4,,,,,,,,,,,,,,,,,,,,,,,,,,,,,,,,,,,,,,,,,,,,,,,,,,,,,,,,,,,,,,,,,,,,,,Tier 9: Unflagged,
444,Ksar of Ait-Ben-Haddou,Morocco,https://whc.unesco.org/en/list/444,1987.0,31.04722,-7.12889,skipped; promising; nan,,,,,,,,,"(iv) to be an outstanding example of a type of building, architectural or technological ensemble or landscape which illustrates (a) significant stage(s) in human history; | (v) to be an outstanding example of a traditional human settlement, land-use, or sea-use which is representative of a culture (or cultures), or human interaction with the environment especially when it has become vulnerable under the impact of irreversible change;",2,,,,,,,,,,,,,,,,,,,,,,,,,,,,,,,,,,,,,,,,,,,,,,,,,,,,,,,,,,,,,,,,,,No,,,,Tier 9: Unflagged,
401,Old Village of Hollókő and its Surroundings,Hungary,https://whc.unesco.org/en/list/401,1987.0,47.99444,19.52917,skipped; bvhp,,,,,,,,,"(v) to be an outstanding example of a traditional human settlement, land-use, or sea-use which is representative of a culture (or cultures), or human interaction with the environment especially when it has become vulnerable under the impact of irreversible change;",1,,,,,,,,,,,,,,,,,,,,,,,,,,,,,,,,,,,,,,,,,,,,,,,,,,,,,,,,,,,,,,,,,,No,,bvhp,bvhp,Tier 6: High Probability Ashlar / Urban Core (1-v Very High),
394,Venice and its Lagoon,Italy,https://whc.unesco.org/en/list/394,1987.0,45.43430556,12.33894444,skipped;; nan,,,,,,,,,"(i) to represent a masterpiece of human creative genius; | (ii) to exhibit an important interchange of human values, over a span of time or within a cultural area of the world, on developments in architecture or technology, monumental arts, town-planning or landscape design; | (iii) to bear a unique or at least exceptional testimony to a cultural tradition or to a civilization which is living or which has disappeared; | (iv) to be an outstanding example of a type of building, architectural or technological ensemble or landscape which illustrates (a) significant stage(s) in human history; | (v) to be an outstanding example of a traditional human settlement, land-use, or sea-use which is representative of a culture (or cultures), or human interaction with the environment especially when it has become vulnerable under the impact of irreversible change; | (vi) to be directly or tangibly associated with events or living traditions, with ideas, or with beliefs, with artistic and literary works of outstanding universal significance;",6,,,,,,,,,,,,,,,,,,,,,,,,,,,,,,,,,,,,,,,,,,,,,,,,,,,,,,,,,,,,,,,,,,No,,,,Tier 9: Unflagged,
440,Mogao Caves,China,https://whc.unesco.org/en/list/440,1987.0,40.13333,94.81667,skipped; bvhp,,,,,,,,,"(i) to represent a masterpiece of human creative genius; | (ii) to exhibit an important interchange of human values, over a span of time or within a cultural area of the world, on developments in architecture or technology, monumental arts, town-planning or landscape design; | (iii) to bear a unique or at least exceptional testimony to a cultural tradition or to a civilization which is living or which has disappeared; | (iv) to be an outstanding example of a type of building, architectural or technological ensemble or landscape which illustrates (a) significant stage(s) in human history; | (v) to be an outstanding example of a traditional human settlement, land-use, or sea-use which is representative of a culture (or cultures), or human interaction with the environment especially when it has become vulnerable under the impact of irreversible change; | (vi) to be directly or tangibly associated with events or living traditions, with ideas, or with beliefs, with artistic and literary works of outstanding universal significance;",6,,,,,,,,,,,,,,,,,,,,,,,,,,,,,,,,,,,,,,,,,,,,,,,,,,,,,,,,,,,,,,,,,,No,,bvhp,bvhp,Tier 6: High Probability Ashlar / Urban Core (1-v Very High),
385,Old City of Sana'a,Yemen,https://whc.unesco.org/en/list/385,1986.0,15.35555556,44.20805556,"Homogeneous architectural ensemble; multi-storeyed tower-houses, minarets, mosques, hammams (baths), caravanserais, and city walls.; nan",Internal (DS/OUV),,"Houses and structures built continuously over 2,500 years; pre-11th century houses and mosques; 16th-century Ottoman additions.",Internal (DS/OUV),,"Pre-Islamic Yemenite kingdoms, Abyssinian (Christian, 525–575 AD), Islamic / Arab, and Ottoman civilizations.",Internal (DS/OUV),,"(iv) to be an outstanding example of a type of building, architectural or technological ensemble or landscape which illustrates (a) significant stage(s) in human history; | (v) to be an outstanding example of a traditional human settlement, land-use, or sea-use which is representative of a culture (or cultures), or human interaction with the environment especially when it has become vulnerable under the impact of irreversible change; | (vi) to be directly or tangibly associated with events or living traditions, with ideas, or with beliefs, with artistic and literary works of outstanding universal significance;",3,Internal (DS/OUV),,Gypsum,Internal (DS/OUV),,Sedimentary Rock,,,,,,,,,,,,,,,,,,White (gypsum); Ochre / Bistre (earth and burnt brick),Internal (DS/OUV),,,,,"Gypsum (Calcium sulfate dihydrate, $CaSO_4 \cdot 2H_2O$",Internal (DS/OUV),,,,,Yemen (implied by local materials),Internal (DS/OUV),,"Local materials (""exceptional craftsmanship in the use of local materials and techniques"")",Internal (DS/OUV),,"Nearby/Immediate local area (""bistre-colored earth of the nearby mountains"")",Internal (DS/OUV),,Stone-built ground floors supporting upper multi-storeyed tower-houses; city boundary walls.,Internal (DS/OUV),,Fired brick combined with white gypsum applied for geometric surface patterns on building facades.,Internal (DS/OUV),,Stone masonry for lower levels; rammed earth (pisé) and burnt brick for upper floors.,Internal (DS/OUV),,,,,,,,Traditional conservation practices noted; vulnerable to incorrect contemporary conservation practices and development.,Internal (DS/OUV),,Moderate,,,Yes,,,,Tier 9: Unflagged,
362,Old Town of Ghadamès,Libya,https://whc.unesco.org/en/list/362,1986.0,30.13333333,9.5,skipped;; nan,,,,,,,,,"(v) to be an outstanding example of a traditional human settlement, land-use, or sea-use which is representative of a culture (or cultures), or human interaction with the environment especially when it has become vulnerable under the impact of irreversible change;",1,,,,,,,,,,,,,,,,,,,,,,,,,,,,,,,,,,,,,,,,,,,,,,,,,,,,,,,,,,,,,,,,,,No,,,,Tier 9: Unflagged,
331,Medina of Marrakesh,Morocco,https://whc.unesco.org/en/list/331,1985.0,31.63139,-7.98667,skipped; nan,,,,,,,,,"(i) to represent a masterpiece of human creative genius; | (ii) to exhibit an important interchange of human values, over a span of time or within a cultural area of the world, on developments in architecture or technology, monumental arts, town-planning or landscape design; | (iv) to be an outstanding example of a type of building, architectural or technological ensemble or landscape which illustrates (a) significant stage(s) in human history; | (v) to be an outstanding example of a traditional human settlement, land-use, or sea-use which is representative of a culture (or cultures), or human interaction with the environment especially when it has become vulnerable under the impact of irreversible change;",4,,,,,,,,,,,,,,,,,,,,,,,,,,,,,,,,,,,,,,,,,,,,,,,,,,,,,,,,,,,,,,,,,,No,,,,Tier 9: Unflagged,
312,Monuments of Oviedo and the Kingdom of the Asturias,Spain,https://whc.unesco.org/en/list/312,1985.0,43.36262,-5.84303,skipped; promising; nan,,,,,,,,,"(i) to represent a masterpiece of human creative genius; | (ii) to exhibit an important interchange of human values, over a span of time or within a cultural area of the world, on developments in architecture or technology, monumental arts, town-planning or landscape design; | (v) to be an outstanding example of a traditional human settlement, land-use, or sea-use which is representative of a culture (or cultures), or human interaction with the environment especially when it has become vulnerable under the impact of irreversible change;",3,,,,,,,,,,,,,,,,,,,,,,,,,,,,,,,,,,,,,,,,,,,,,,,,,,,,,,,,,,,,,,,,,,No,,,,Tier 9: Unflagged,
311,Old Town of Segovia and its Aqueduct,Spain,https://whc.unesco.org/en/list/311,1985.0,40.94847222,-4.11675,skipped; but promising; nan,,,,,,,,,"(i) to represent a masterpiece of human creative genius; | (iii) to bear a unique or at least exceptional testimony to a cultural tradition or to a civilization which is living or which has disappeared; | (v) to be an outstanding example of a traditional human settlement, land-use, or sea-use which is representative of a culture (or cultures), or human interaction with the environment especially when it has become vulnerable under the impact of irreversible change;",3,,,,,,,,,,,,,,,,,,,,,,,,,,,,,,,,,,,,,,,,,,,,,,,,,,,,,,,,,,,,,,,,,,No,,,,Tier 9: Unflagged,
314,"Alhambra, Generalife and Albayzín, Granada",Spain,https://whc.unesco.org/en/list/314,1984.0,37.1767777778,-3.5899166667,skipped; bvvvhp,,,,,,,,,"(i) to represent a masterpiece of human creative genius; | (iii) to bear a unique or at least exceptional testimony to a cultural tradition or to a civilization which is living or which has disappeared; | (v) to be an outstanding example of a traditional human settlement, land-use, or sea-use which is representative of a culture (or cultures), or human interaction with the environment especially when it has become vulnerable under the impact of irreversible change;",3,,,,,,,,,,,,,,,,,,,,,,,,,,,,,,,,,,,,,,,,,,,,,,,,,,,,,,,,,,,,,,,,,,No,,bvvvhp,bvvvhp,Tier 4: Exceptional Stone Fortress / Cathedral / Mosque (3-v Very Very High),
320,Works of Antoni Gaudí,Spain,https://whc.unesco.org/en/list/320,1984.0,41.41338,2.152972,skipped;; nan,,,,,,,,,"(i) to represent a masterpiece of human creative genius; | (ii) to exhibit an important interchange of human values, over a span of time or within a cultural area of the world, on developments in architecture or technology, monumental arts, town-planning or landscape design; | (v) to be an outstanding example of a traditional human settlement, land-use, or sea-use which is representative of a culture (or cultures), or human interaction with the environment especially when it has become vulnerable under the impact of irreversible change;",3,,,,,,,,,,,,,,,,,,,,,,,,,,,,,,,,,,,,,,,,,,,,,,,,,,,,,,,,,,,,,,,,,,No,,,,Tier 9: Unflagged,
192,Old Walled City of Shibam,Yemen,https://whc.unesco.org/en/list/192,1982.0,15.92694,48.62667,skipped;; nan,,,,,,,,,"(iii) to bear a unique or at least exceptional testimony to a cultural tradition or to a civilization which is living or which has disappeared; | (iv) to be an outstanding example of a type of building, architectural or technological ensemble or landscape which illustrates (a) significant stage(s) in human history; | (v) to be an outstanding example of a traditional human settlement, land-use, or sea-use which is representative of a culture (or cultures), or human interaction with the environment especially when it has become vulnerable under the impact of irreversible change;",3,,,,,,,,,,,,,,,,,,,,,,,,,,,,,,,,,,,,,,,,,,,,,,,,,,,,,,,,,,,,,,,,,,,,,,Tier 9: Unflagged,
204,Old Havana and its Fortification System,Cuba,https://whc.unesco.org/en/list/204,1982.0,23.13333333,-82.35,kipped; bvhp,,,,,,,,,"(iv) to be an outstanding example of a type of building, architectural or technological ensemble or landscape which illustrates (a) significant stage(s) in human history; | (v) to be an outstanding example of a traditional human settlement, land-use, or sea-use which is representative of a culture (or cultures), or human interaction with the environment especially when it has become vulnerable under the impact of irreversible change;",2,,,skipped,,,,,,,,,,,,,,,,,,,,,,,,,,,,,,,,,,,,,,,,,,,,,,,,,,,,,,,,,,,,,,,No,,bvhp,bvhp,Tier 6: High Probability Ashlar / Urban Core (1-v Very High),
188,M'Zab Valley,Algeria,https://whc.unesco.org/en/list/188,1982.0,32.48333,3.68333,skipped; bp,,,,,,,,,"(ii) to exhibit an important interchange of human values, over a span of time or within a cultural area of the world, on developments in architecture or technology, monumental arts, town-planning or landscape design; | (iii) to bear a unique or at least exceptional testimony to a cultural tradition or to a civilization which is living or which has disappeared; | (v) to be an outstanding example of a traditional human settlement, land-use, or sea-use which is representative of a culture (or cultures), or human interaction with the environment especially when it has become vulnerable under the impact of irreversible change;",3,,,,,,,,,,,,,,,,,,,,,,,,,,,,,,,,,,,,,,,,,,,,,,,,,,,,,,,,,,,,,,,,,,No,,bp,bp,Tier 8: Moderate Probability Stone Fabric (Possible),
202,Ancient City of Sigiriya,Sri Lanka,https://whc.unesco.org/en/list/202,1982.0,7.95,80.75,rock art; nan,,,477–495,Internal (DS/OUV),,"NA (King Kassapa I is mentioned, but no specific civilization)",Internal (DS/OUV),,"(i) to represent a masterpiece of human creative genius; | (ii) to exhibit an important interchange of human values, over a span of time or within a cultural area of the world, on developments in architecture or technology, monumental arts, town-planning or landscape design; | (iii) to bear a unique or at least exceptional testimony to a cultural tradition or to a civilization which is living or which has disappeared; | (v) to be an outstanding example of a traditional human settlement, land-use, or sea-use which is representative of a culture (or cultures), or human interaction with the environment especially when it has become vulnerable under the impact of irreversible change;",4,,,Granite,Internal (DS/OUV),,Igneous Rock,Internal (DS/OUV),," Bricks, Plaster",Internal (DS/OUV),,,,,,,,,,,,,,,,,,,,,,,,,,,,,,,,,,,Used as a foundational peak (180m high) and for a gigantic lion structure (galleries/staircases emerging from mouth).,Internal (DS/OUV),,,,,Constructed of bricks and plaster,Internal (DS/OUV),,,,,,,,,,,,,,Yes,,,,Tier 9: Unflagged,
170,Medina of Fez,Morocco,https://whc.unesco.org/en/list/170,1981.0,34.06111,-4.97778,skipped; bp,,,,,,,,,"(ii) to exhibit an important interchange of human values, over a span of time or within a cultural area of the world, on developments in architecture or technology, monumental arts, town-planning or landscape design; | (v) to be an outstanding example of a traditional human settlement, land-use, or sea-use which is representative of a culture (or cultures), or human interaction with the environment especially when it has become vulnerable under the impact of irreversible change;",2,,,,,,,,,,,,,,,,,,,,,,,,,,,,,,,,,,,,,,,,,,,,,,,,,,,,,,,,,,,,,,,,,,No,,bp,bp,Tier 8: Moderate Probability Stone Fabric (Possible),
55,Røros Mining Town and the Circumference,Norway,https://whc.unesco.org/en/list/55,1980.0,62.5738888889,11.3855555556,skipped; bhp; minig town,,,,,,,,,"(iii) to bear a unique or at least exceptional testimony to a cultural tradition or to a civilization which is living or which has disappeared; | (iv) to be an outstanding example of a type of building, architectural or technological ensemble or landscape which illustrates (a) significant stage(s) in human history; | (v) to be an outstanding example of a traditional human settlement, land-use, or sea-use which is representative of a culture (or cultures), or human interaction with the environment especially when it has become vulnerable under the impact of irreversible change;",3,,,,,,,,,,,,,,,,,,,,,,,,,,,,,,,,,,,,,,,,,,,,,,,,,,,,,,,,,,,,,,,,,,No,,bhp,bhp,Tier 7: High Probability Local Stone / Masonry (High Potential),
35,Asante Traditional Buildings,Ghana,https://whc.unesco.org/en/list/35,1980.0,6.4011111111,-1.6258333333,skipped; bvvvhp,,,,,,,,,"(v) to be an outstanding example of a traditional human settlement, land-use, or sea-use which is representative of a culture (or cultures), or human interaction with the environment especially when it has become vulnerable under the impact of irreversible change;",1,,,,,,,,,,,,,,,,,,,,,,,,,,,,,,,,,,,,,,,,,,,,,,,,,,,,,,,,,,,,,,,,,,No,,bvvvhp,bvvvhp,Tier 4: Exceptional Stone Fortress / Cathedral / Mosque (3-v Very Very High),
89,Historic Cairo,Egypt,https://whc.unesco.org/en/list/89,1979.0,30.05,31.26111,skipped; promising; nan,,,,,,,,,"(i) to represent a masterpiece of human creative genius; | (v) to be an outstanding example of a traditional human settlement, land-use, or sea-use which is representative of a culture (or cultures), or human interaction with the environment especially when it has become vulnerable under the impact of irreversible change; | (vi) to be directly or tangibly associated with events or living traditions, with ideas, or with beliefs, with artistic and literary works of outstanding universal significance;",3,,,,,,,,,,,,,,,,,,,,,,,,,,,,,,,,,,,,,,,,,,,,,,,,,,,,,,,,,,,,,,,,,,No,,,,Tier 9: Unflagged,
115,"Meidan Emam, Esfahan",Iran (Islamic Republic of),https://whc.unesco.org/en/list/115,1979.0,32.65745,51.6777777777,Skipped; nan,,,,,,,,,"(i) to represent a masterpiece of human creative genius; | (v) to be an outstanding example of a traditional human settlement, land-use, or sea-use which is representative of a culture (or cultures), or human interaction with the environment especially when it has become vulnerable under the impact of irreversible change; | (vi) to be directly or tangibly associated with events or living traditions, with ideas, or with beliefs, with artistic and literary works of outstanding universal significance;",3,,,,,,,,,,,,,,,,,,,,,,,,,,,,,,,,,,,,,,,,,,,,,,,,,,,,,,,,,,,,,,,,,,No,,,,Tier 9: Unflagged,
36,Medina of Tunis,Tunisia,https://whc.unesco.org/en/list/36,1979.0,36.81667,10.16667,"skipped, bvhp",,,,,,,,,"(ii) to exhibit an important interchange of human values, over a span of time or within a cultural area of the world, on developments in architecture or technology, monumental arts, town-planning or landscape design; | (iii) to bear a unique or at least exceptional testimony to a cultural tradition or to a civilization which is living or which has disappeared; | (v) to be an outstanding example of a traditional human settlement, land-use, or sea-use which is representative of a culture (or cultures), or human interaction with the environment especially when it has become vulnerable under the impact of irreversible change;",3,,,,,,,,,,,,,,,,,,,,,,,,,,,,,,,,,,,,,,,,,,,,,,,,,,,,,,,,,,,,,,,,,,No,,bvhp,bvhp,Tier 6: High Probability Ashlar / Urban Core (1-v Very High),
1709,Murujuga Cultural Landscape,Australia,https://whc.unesco.org/en/list/1709,,,,Non-Building Cultural Site,,,,,,,,,"(i) to represent a masterpiece of human creative genius; | (iii) to bear a unique or at least exceptional testimony to a cultural tradition or to a civilization which is living or which has disappeared; | (v) to be an outstanding example of a traditional human settlement, land-use, or sea-use which is representative of a culture (or cultures), or human interaction with the environment especially when it has become vulnerable under the impact of irreversible change;",3,,,,,,,,,,,,,,,,,,,,,,,,,,,,,,,,,,,,,,,,,,,,,,,,,,,,,,,,,,,,,,,,,,,,,,,
