Site ID,Site Name,Country,Site URL,Inscription Date,Latitude,Longitude,Architecture Type,Architecture Type_Ref,Architecture Type_Ext,Construction Period,Construction Period_Ref,Construction Period_Ext,Civilization,Civilization_Ref,Civilization_Ext,UNESCO Criteria,Number of Criteria,UNESCO Criteria_Ref,UNESCO Criteria_Ext,Mentioned Major Stone(s),Mentioned Major Stone(s)_Ref,Mentioned Major Stone(s)_Ext,Rock Class,Rock Class_Ref,Rock Class_Ext,Secondary Stone,Secondary Stone_Ref,Secondary Stone_Ext,Local Stone Name,Local Stone Name_Ref,Local Stone Name_Ext,Lithology,Lithology_Ref,Lithology_Ext,Geological Age,Geological Age_Ref,Geological Age_Ext,Formation,Formation_Ref,Formation_Ext,Colour,Colour_Ref,Colour_Ext,Texture,Texture_Ref,Texture_Ext,Minerals,Minerals_Ref,Minerals_Ext,Quarry,Quarry_Ref,Quarry_Ext,Quarry Country,Quarry Country_Ref,Quarry Country_Ext,Local vs Imported,Local vs Imported_Ref,Local vs Imported_Ext,Transport Distance,Transport Distance_Ref,Transport Distance_Ext,Structural Use,Structural Use_Ref,Structural Use_Ext,Decorative Use,Decorative Use_Ref,Decorative Use_Ext,Masonry Technique,Masonry Technique_Ref,Masonry Technique_Ext,Weathering,Weathering_Ref,Weathering_Ext,Replacement Stone,Replacement Stone_Ref,Replacement Stone_Ext,Restoration,Restoration_Ref,Restoration_Ext,Condition,Condition_Ref,Condition_Ext,UNESCO Mention,Other references,flag_extracted,Stone_Potential_Flag,Potential_Tier_Description,Index
1725,Megaliths of Carnac and of the shores of Morbihan,France,https://whc.unesco.org/en/list/1725,2025.0,47.6161111111,-3.0872222222,skipped; but very very highly possible; nan,,,,,,,,,"(i) to represent a masterpiece of human creative genius; | (iv) to be an outstanding example of a type of building, architectural or technological ensemble or landscape which illustrates (a) significant stage(s) in human history;",2,,,,,,,,,,,,,,,,,,,,,,,,,,,,,,,,,,,,,,,,,,,,,,,,,,,,,,,,,,,,,,,,,,No,,,,Tier 9: Unflagged,
1740,Petroglyphs along the Bangucheon Stream,Republic of Korea,https://whc.unesco.org/en/list/1740,2025.0,35.60845,129.1739972222,petroglyphs; nan,Internal (DS/OUV),,"5,000 BCE to the 9th century CE (Neolithic period through the Bronze Age and up to the Silla period)",Internal (DS/OUV),,Coastal inhabitants of the peninsula / East Asia (Silla period),Internal (DS/OUV),,(i) to represent a masterpiece of human creative genius; | (iii) to bear a unique or at least exceptional testimony to a cultural tradition or to a civilization which is living or which has disappeared;,2,,,,Internal (DS/OUV),,,,,,,,,,,,,,,,,,,,,,,,,,,,,,,,,,,,,,,,,,,,Rock panels used as canvases for dense concentrations of engraved images/petroglyphs,Internal (DS/OUV),,Carved and engraved using stone and metal tools,Internal (DS/OUV),,Environmental pressures (potential drying out of the Daegok-ri panel due to the Sayeon Dam),Internal (DS/OUV),,,,,Topographical transformations have been restored; active conservation projects by specialists,Internal (DS/OUV),,Excellent,,,No,,,,Tier 9: Unflagged,
1473,Brâncuși Monumental Ensemble of Târgu Jiu,Romania,https://whc.unesco.org/en/list/1473,2024.0,45.0382777778,23.2787777778,skipped; bvhp,,,,,,,,,"(i) to represent a masterpiece of human creative genius; | (ii) to exhibit an important interchange of human values, over a span of time or within a cultural area of the world, on developments in architecture or technology, monumental arts, town-planning or landscape design;",2,,,,,,,,,,,,,,,,,,,,,,,,,,,,,,,,,,,,,,,,,,,,,,,,,,,,,,,,,,,,,,,,,,No,,bvhp,bvhp,Tier 6: High Probability Ashlar / Urban Core (1-v Very High),
1670,Sacred Ensembles of the Hoysalas,India,https://whc.unesco.org/en/list/1670,2023.0,13.2124527778,75.9940722222,Temple / Temple complexes; nan,Internal (DS/OUV),,12th to 13th centuries (1117 CE onwards),Internal (DS/OUV),,Hoysala Dynasty / Kingdom,Internal (DS/OUV),,"(i) to represent a masterpiece of human creative genius; | (ii) to exhibit an important interchange of human values, over a span of time or within a cultural area of the world, on developments in architecture or technology, monumental arts, town-planning or landscape design; | (iv) to be an outstanding example of a type of building, architectural or technological ensemble or landscape which illustrates (a) significant stage(s) in human history;",3,Internal (DS/OUV),,Chloritic schist / Schist,Internal (DS/OUV),,Metamorphic Rock,Internal (DS/OUV),,,,,Soapstone,Internal (DS/OUV),,Chloritic Schist,Internal (DS/OUV),,,,,,,,,,,,,,Chlorite (inferred from chloritic schist),Internal (DS/OUV),,,,,,,,,,,,,,"Stellate sanctum, circumambulatory platform, adhisthana, walls, temples",Internal (DS/OUV),,"Sculptural gallery, multi-tiered friezes, hyper-real sculptures, stone carvings, Sala legend sculptures",Internal (DS/OUV),,"Stellate plan, horizontal friezes, fine stone carving",Internal (DS/OUV),,,,,,,,"Past alterations noted (loss of superstructures, loss of enclosure walls)",Internal (DS/OUV),,Good,Internal (DS/OUV),,Yes,,,,Tier 9: Unflagged,
1621,Deer Stone Monuments and Related Bronze Age Sites,Mongolia,https://whc.unesco.org/en/list/1621,2023.0,47.7427777778,101.2258333333,skipped; bvhp,,,,,,,,,(i) to represent a masterpiece of human creative genius; | (iii) to bear a unique or at least exceptional testimony to a cultural tradition or to a civilization which is living or which has disappeared;,2,,,,,,,,,,,,,,,,,,,,,,,,,,,,,,,,,,,,,,,,,,,,,,,,,,,,,,,,,,,,,,,,,,No,,bvhp,bvhp,Tier 6: High Probability Ashlar / Urban Core (1-v Very High),
1689,Hopewell Ceremonial Earthworks,United States of America,https://whc.unesco.org/en/list/1689,2023.0,40.0536583333,-82.4460611111,skipped; nan,,,,,,,,,(i) to represent a masterpiece of human creative genius; | (iii) to bear a unique or at least exceptional testimony to a cultural tradition or to a civilization which is living or which has disappeared;,2,,,,,,,,,,,,,,,,,,,,,,,,,,,,,,,,,,,,,,,,,,,,,,,,,,,,,,,,,,,,,,,,,,No,,,,Tier 9: Unflagged,
1570,"Kakatiya Rudreshwara (Ramappa) Temple, Telangana",India,https://whc.unesco.org/en/list/1570,2021.0,18.2591333333,79.9432055556,"Main Shiva temple in a walled temple complex with smaller temples and Mandapa structures; Kakatiyan style featuring sandbox foundations and light-weight porous ""floating bricks""; nan",Internal (DS/OUV),,Kakatiya Period (1123–1323 CE); temple construction began in 1213 CE and continued for ~40 years under rulers Rudradeva and Recharla Rudra,Internal (DS/OUV),,Kakatiya Dynasty,Internal (DS/OUV),,(i) to represent a masterpiece of human creative genius; | (iii) to bear a unique or at least exceptional testimony to a cultural tradition or to a civilization which is living or which has disappeared;,2,Internal (DS/OUV),,"Sandstone
",Internal (DS/OUV),,Sedimentary Rock,Internal (DS/OUV),,"Granite, Dolerite, Light-weight porous bricks (""floating bricks"") and sand (used in sandbox foundation)",Internal (DS/OUV),,,,,"Fine-grained, hard dolerite (chiseled to metallic polish); Sandstone; Granite",Internal (DS/OUV),,,,,,,,,,,Hard dolerite with a fine lustre / metallic finish; porous lightweight bricks,Internal (DS/OUV),,,,,,,,India,Internal (DS/OUV),,Local (Erected using five types of local materials),Internal (DS/OUV),,,,,"Sandstone: Main temple structure and walls


Granite: Columns and beams


Sand: Sandbox foundation


Porous Clay Bricks: Lightweight pyramidal Vimana (horizontally stepped tower)",Internal (DS/OUV),,"Dolerite: Carved bracket figures, sculptures, and detailed relief carvings with intact lustre",Internal (DS/OUV),,Sandbox foundation technology; mortise-and-tenon or interlocking stone joinery; anastylosis (planned/applied for Kameshwara temple),Internal (DS/OUV),,,,,Remanufactured lightweight floating bricks (reconstructed after studies to match 13th-century techniques),Internal (DS/OUV),,Well-preserved; highly intact visual and structural integrity; protected from natural disasters due to innovative earthquake-resistant construction techniques,Internal (DS/OUV),,Excellent,Internal (DS/OUV),,Yes,,,,Tier 9: Unflagged,
1625,Cordouan Lighthouse,France,https://whc.unesco.org/en/list/1625,2021.0,45.5863055556,-1.1733333333,"Renaissance, Mannerism, Neoclassicism (18th century addition), Monumental, Tower; nan",Internal (DS/OUV),,"Turn of the 16th and 17th centuries (1584), remodelled/heightened late 18th century (1788–1789)",Internal (DS/OUV),,French (Kingdom of France),Internal (DS/OUV),,"(i) to represent a masterpiece of human creative genius; | (iv) to be an outstanding example of a type of building, architectural or technological ensemble or landscape which illustrates (a) significant stage(s) in human history;",2,Internal (DS/OUV),,Limestone (dressed blocks),Internal (DS/OUV),,Sedimentary Rock,,,,,,,,,,,,,,,,,,White,Internal (DS/OUV),,,,,,,,,,,,,,,,,,,,"Monumental tower, frustoconical tower, pilasters, columns, dome, light chamber, 8 levels (67m high)",Internal (DS/OUV),,"Pilasters, columns, sculptures, modillions, gargoyles, king's apartments, chapel",Internal (DS/OUV),,"Dressed blocks, stereotomy / stereometry",Internal (DS/OUV),,"Highly exposed and hostile/aggressive maritime environment (extreme meteorological conditions, hazards, ocean exposure)",Internal (DS/OUV),,,,,Heightened/strengthened in 1788–1789; regular technical adaptations and restorations in 19th & 20th centuries (addition of annular buildings),,,Good,,,Yes,,,,Tier 9: Unflagged,
1624,Chankillo Archaeoastronomical Complex,Peru,https://whc.unesco.org/en/list/1624,2021.0,-9.5568611111,-78.2359166667,skipped; bhp,,,,,,,,,"(i) to represent a masterpiece of human creative genius; | (iv) to be an outstanding example of a type of building, architectural or technological ensemble or landscape which illustrates (a) significant stage(s) in human history;",2,,,,,,,,,,,,,,,,,,,,,,,,,,,,,,,,,,,,,,,,,,,,,,,,,,,,,,,,,,,,,,,,,,No,,bhp,bhp,Tier 7: High Probability Local Stone / Masonry (High Potential),
1594,Jodrell Bank Observatory,United Kingdom of Great Britain and Northern Ireland,https://whc.unesco.org/en/list/1594,2019.0,53.2339166667,-2.3038611111,skipped;; nan,,,,,,,,,"(i) to represent a masterpiece of human creative genius; | (ii) to exhibit an important interchange of human values, over a span of time or within a cultural area of the world, on developments in architecture or technology, monumental arts, town-planning or landscape design; | (iv) to be an outstanding example of a type of building, architectural or technological ensemble or landscape which illustrates (a) significant stage(s) in human history; | (vi) to be directly or tangibly associated with events or living traditions, with ideas, or with beliefs, with artistic and literary works of outstanding universal significance;",4,,,,,,,,,,,,,,,,,,,,,,,,,,,,,,,,,,,,,,,,,,,,,,,,,,,,,,,,,,,,,,,,,,No,,,,Tier 9: Unflagged,
1470,Naumburg Cathedral,Germany,https://whc.unesco.org/en/list/1470,2018.0,51.1548055556,11.804,skipped; nan,,,,,,,,,"(i) to represent a masterpiece of human creative genius; | (ii) to exhibit an important interchange of human values, over a span of time or within a cultural area of the world, on developments in architecture or technology, monumental arts, town-planning or landscape design;",2,,,,,,,,,,,,,,,,,,,,,,,,,,,,,,,,,,,,,,,,,,,,,,,,,,,,,,,,,,,,,,,,,,No,,,,Tier 9: Unflagged,
1572,Göbekli Tepe,Türkiye,https://whc.unesco.org/en/list/1572,2018.0,37.2232419444,38.9223638889,OUV Absent; nan,,,,,,,,,"(i) to represent a masterpiece of human creative genius; | (ii) to exhibit an important interchange of human values, over a span of time or within a cultural area of the world, on developments in architecture or technology, monumental arts, town-planning or landscape design; | (iv) to be an outstanding example of a type of building, architectural or technological ensemble or landscape which illustrates (a) significant stage(s) in human history;",3,,,,,,,,,,,,,,,,,,,,,,,,,,,,,,,,,,,,,,,,,,,,,,,,,,,,,,,,,,,,,,,,,,No,,,,Tier 9: Unflagged,
1539,Tarnowskie Góry Lead-Silver-Zinc Mine and its Underground Water Management System,Poland,https://whc.unesco.org/en/list/1539,2017.0,50.4426972222,18.8512277778,"Underground mine adits, shafts, galleries, surface mining relics, waste heaps, and 19th-century steam water pumping station; nan",Internal (DS/OUV),,Mid-sixteenth to late-nineteenth century,Internal (DS/OUV),,Central European / Silesian Industrial,Internal (DS/OUV),,"(i) to represent a masterpiece of human creative genius; | (ii) to exhibit an important interchange of human values, over a span of time or within a cultural area of the world, on developments in architecture or technology, monumental arts, town-planning or landscape design; | (iv) to be an outstanding example of a type of building, architectural or technological ensemble or landscape which illustrates (a) significant stage(s) in human history;",3,,,Not mentioned; but metallic zinc ore mention expected,,,,,,,,,,,,,,,,,,European metalliferous deposits ,Internal (DS/OUV),,,,,,,,"Lead, Silver, Zinc (Ore minerals mentioned; rock minerals NA)",Internal (DS/OUV),,,,,,,,,,,,,,"Shafts, adits, drainage tunnels, galleries, pumping station",Internal (DS/OUV),,,,,,,,,,,,,,Conservation Management Plan being developed; ongoing research and documentation,Internal (DS/OUV),,Good,,,Yes,,,,Tier 9: Unflagged,
1503,Nan Madol: Ceremonial Centre of Eastern Micronesia,Micronesia (Federated States of),https://whc.unesco.org/en/list/1503,2016.0,6.8397222222,158.3308333333,"Remains of stone palaces, temples, tombs, mortuaries, domestic and residential domains, and seawalls / megalithic ceremonial centre; nan",Internal (DS/OUV),,1200–1500 CE (with ceremonial centre roots from ~1000 years ago),Internal (DS/OUV),,Saudeleur dynasty,Internal (DS/OUV),,"(i) to represent a masterpiece of human creative genius; | (iii) to bear a unique or at least exceptional testimony to a cultural tradition or to a civilization which is living or which has disappeared; | (iv) to be an outstanding example of a type of building, architectural or technological ensemble or landscape which illustrates (a) significant stage(s) in human history; | (vi) to be directly or tangibly associated with events or living traditions, with ideas, or with beliefs, with artistic and literary works of outstanding universal significance;",4,Internal (DS/OUV),,"Basalt, Columnar Basalt, Coral Boulders",Internal (DS/OUV),,Igneous Rock,Internal (DS/OUV),,Coral boulders,Internal (DS/OUV),,,,,Basalt / Columnar Basalt,Internal (DS/OUV),,,,,,,,,,,Columnar structure,Internal (DS/OUV),,,,,Quarries elsewhere on Pohnpei Island,Internal (DS/OUV),,Micronesia (Federated States of) / Pohnpei Island,Internal (DS/OUV),,Local (transported from elsewhere on the island of Pohnpei),Internal (DS/OUV),,,,,"Islet perimeter walls, megalithic structures, temples, palaces, tombs, residential domains",Internal (DS/OUV),,,,,Massive columnar basalt stones laid using a distinctive 'header-stretcher technique',Internal (DS/OUV),,"Siltation of waterways, overgrowth of vegetation, mangrove encroachment, storm surge effects, stonework collapse",Internal (DS/OUV),,,,,No reconstructions of original elements (restoration/conservation management under development),Internal (DS/OUV),,Moderate,,,Yes,,,,Tier 9: Unflagged,
1493,Pampulha Modern Ensemble,Brazil,https://whc.unesco.org/en/list/1493,2016.0,-19.8519444444,-43.9736111111,skipped;; nan,,,,,,,,,"(i) to represent a masterpiece of human creative genius; | (ii) to exhibit an important interchange of human values, over a span of time or within a cultural area of the world, on developments in architecture or technology, monumental arts, town-planning or landscape design; | (iv) to be an outstanding example of a type of building, architectural or technological ensemble or landscape which illustrates (a) significant stage(s) in human history;",3,,,,,,,,,,,,,,,,,,,,,,,,,,,,,,,,,,,,,,,,,,,,,,,,,,,,,,,,,,,,,,,,,,No,,,,Tier 9: Unflagged,
1501,Antequera Dolmens Site,Spain,https://whc.unesco.org/en/list/1501,2016.0,37.025,-4.5444444444,skipped; bvvvhp,,,,,,,,,"(i) to represent a masterpiece of human creative genius; | (iii) to bear a unique or at least exceptional testimony to a cultural tradition or to a civilization which is living or which has disappeared; | (v) to be an outstanding example of a traditional human settlement, land-use, or sea-use which is representative of a culture (or cultures), or human interaction with the environment especially when it has become vulnerable under the impact of irreversible change;",3,,,,,,,,,,,,,,,,,,,,,,,,,,,,,,,,,,,,,,,,,,,,,,,,,,,,,,,,,,,,,,,,,,No,,bvvvhp,bvvvhp,Tier 4: Exceptional Stone Fortress / Cathedral / Mosque (3-v Very Very High),
1321,"The Architectural Work of Le Corbusier, an Outstanding Contribution to the Modern Movement","Argentina,Belgium,France,Germany,India,Japan,Switzerland",https://whc.unesco.org/en/list/1321,2016.0,46.4684138889,6.8293361111,skipped;; nan,,,,,,,,,"(i) to represent a masterpiece of human creative genius; | (ii) to exhibit an important interchange of human values, over a span of time or within a cultural area of the world, on developments in architecture or technology, monumental arts, town-planning or landscape design; | (vi) to be directly or tangibly associated with events or living traditions, with ideas, or with beliefs, with artistic and literary works of outstanding universal significance;",3,,,,,,,,,,,,,,,,,,,,,,,,,,,,,,,,,,,,,,,,,,,,,,,,,,,,,,,,,,,,,,,,,,No,,,,Tier 9: Unflagged,
1463,Aqueduct of Padre Tembleque Hydraulic System,Mexico,https://whc.unesco.org/en/list/1463,2015.0,19.8352777778,-98.6625666667,"Hydraulic system, arcaded aqueduct bridges, canals, distribution tanks, cisterns/reservoirs, springs; nan",Internal (DS/OUV),,1555–1572 (16th Century),Internal (DS/OUV),,Spanish Franciscan / Mesoamerican (Mestizo),Internal (DS/OUV),,"(i) to represent a masterpiece of human creative genius; | (ii) to exhibit an important interchange of human values, over a span of time or within a cultural area of the world, on developments in architecture or technology, monumental arts, town-planning or landscape design; | (iv) to be an outstanding example of a type of building, architectural or technological ensemble or landscape which illustrates (a) significant stage(s) in human history;",3,Internal (DS/OUV),,"Adobe (earthen adobe brick formwork), Stone (enclosed in stone)",Internal (DS/OUV),,,,,,,,,,,,,,,,,,,,,,,,,,,,,,,,,,,Local ( adaptation of local methods of adobe construction and regional materials),Internal (DS/OUV),,Maximum system extent of 48.22 km,Internal (DS/OUV),,Supporting structures / formwork using earthen adobes; arcaded aqueduct bridges; main and secondary canals,Internal (DS/OUV),,Glyphs illustrating symbols and cosmology incorporated in arcade structures,Internal (DS/OUV),,Roman masonry aqueduct tradition combined with Mesoamerican adobe construction and collective labor techniques,Internal (DS/OUV),,,,,,,,Ongoing repairs and maintenance undertaken by local communities using traditional construction techniques and materials,Internal (DS/OUV),,Excellent,Internal (DS/OUV),,Yes,,,,Tier 9: Unflagged,
1485,The Forth Bridge,United Kingdom of Great Britain and Northern Ireland,https://whc.unesco.org/en/list/1485,2015.0,56.0011111111,-3.3888888889,Railway Bridge / Multi-span Cantilever Trussed Bridge; nan,Internal (DS/OUV),,Built between 1882 and 1890 (Opened in 1890),Internal (DS/OUV),,Modern Industrial / Victorian Engineering,Internal (DS/OUV),,"(i) to represent a masterpiece of human creative genius; | (iv) to be an outstanding example of a type of building, architectural or technological ensemble or landscape which illustrates (a) significant stage(s) in human history;",2,Internal (DS/OUV),,Granite,Internal (DS/OUV),,Igneous Rock,Internal (DS/OUV),,,,,,,,,,,,,,,,,,,,,,,,,,,,,,,,,,,,,,Pier Foundations / Substructure (supporting steel double-cantilever towers),Internal (DS/OUV),,,,,Foundation / Pier Masonry,Internal (DS/OUV),,,,,,,,Over ten years of restoration/maintenance work (including a new paint system by Network Rail),Internal (DS/OUV),,Excellent,,,Yes,,,,Tier 9: Unflagged,
1455,Susa,Iran (Islamic Republic of),https://whc.unesco.org/en/list/1455,2015.0,32.1894444444,48.2561111111,skipped; but highly possible; nan,,,,,,,,,"(i) to represent a masterpiece of human creative genius; | (ii) to exhibit an important interchange of human values, over a span of time or within a cultural area of the world, on developments in architecture or technology, monumental arts, town-planning or landscape design; | (iii) to bear a unique or at least exceptional testimony to a cultural tradition or to a civilization which is living or which has disappeared; | (iv) to be an outstanding example of a type of building, architectural or technological ensemble or landscape which illustrates (a) significant stage(s) in human history;",4,,,,,,,,,,,,,,,,,,,,,,,,,,,,,,,,,,,,,,,,,,,,,,,,,,,,,,,,,,,,,,,,,,No,,,,Tier 9: Unflagged,
1472,Rock Art in the Hail Region of Saudi Arabia,Saudi Arabia,https://whc.unesco.org/en/list/1472,2015.0,28.0105555556,40.9130555556,Rock Art / Petroglyphs on natural rock face and rocky escarpment,Internal (DS/OUV),,"Almost 10,000 years of human history (mid-Holocene)",Internal (DS/OUV),,Ancestors of present-day Arabs / Past societies,Internal (DS/OUV),,(i) to represent a masterpiece of human creative genius; | (iii) to bear a unique or at least exceptional testimony to a cultural tradition or to a civilization which is living or which has disappeared;,2,Internal (DS/OUV),,"NA (Only generic terms like ""rock face"", ""rocky escarpment"", and ""stone hammers"" are used)",Internal (DS/OUV),,,,,,,,,,,,,,,,,,,,,,,,,,,,,,,,,,,,,,,,,,,,Petroglyphs and inscriptions covering the rock face,Internal (DS/OUV),,Created using a range of techniques with simple stone hammers,Internal (DS/OUV),,,,,,,,,,,Good,,,Yes,,,,,
1452,Bursa and Cumalıkızık: the Birth of the Ottoman Empire,Türkiye,https://whc.unesco.org/en/list/1452,2014.0,40.1847305556,29.0623361111,OUV Absent; nan,,,,,,,,,"(i) to represent a masterpiece of human creative genius; | (ii) to exhibit an important interchange of human values, over a span of time or within a cultural area of the world, on developments in architecture or technology, monumental arts, town-planning or landscape design; | (iv) to be an outstanding example of a type of building, architectural or technological ensemble or landscape which illustrates (a) significant stage(s) in human history; | (vi) to be directly or tangibly associated with events or living traditions, with ideas, or with beliefs, with artistic and literary works of outstanding universal significance;",4,,,,,,,,,,,,,,,,,,,,,,,,,,,,,,,,,,,,,,,,,,,,,,,,,,,,,,,,,,,,,,,,,,No,,,,Tier 9: Unflagged,
1457,Pergamon and its Multi-Layered Cultural Landscape,Türkiye,https://whc.unesco.org/en/list/1457,2014.0,39.1258333333,27.18,OUV Absent; bvhp,,,,,,,,,"(i) to represent a masterpiece of human creative genius; | (ii) to exhibit an important interchange of human values, over a span of time or within a cultural area of the world, on developments in architecture or technology, monumental arts, town-planning or landscape design; | (iii) to bear a unique or at least exceptional testimony to a cultural tradition or to a civilization which is living or which has disappeared; | (iv) to be an outstanding example of a type of building, architectural or technological ensemble or landscape which illustrates (a) significant stage(s) in human history; | (vi) to be directly or tangibly associated with events or living traditions, with ideas, or with beliefs, with artistic and literary works of outstanding universal significance;",5,,,,,,,,,,,,,,,,,,,,,,,,,,,,,,,,,,,,,,,,,,,,,,,,,,,,,,,,,,,,,,,,,,No,,,bvhp,Tier 6: High Probability Ashlar / Urban Core (1-v Very High),
1443,The Grand Canal,China,https://whc.unesco.org/en/list/1443,2014.0,34.6938888889,112.4683333333,skipped; nan,,,,,,,,,"(i) to represent a masterpiece of human creative genius; | (iii) to bear a unique or at least exceptional testimony to a cultural tradition or to a civilization which is living or which has disappeared; | (iv) to be an outstanding example of a type of building, architectural or technological ensemble or landscape which illustrates (a) significant stage(s) in human history; | (vi) to be directly or tangibly associated with events or living traditions, with ideas, or with beliefs, with artistic and literary works of outstanding universal significance;",4,,,,,,,,,,,,,,,,,,,,,,,,,,,,,,,,,,,,,,,,,,,,,,,,,,,,,,,,,,,,,,,,,,No,,,,Tier 9: Unflagged,
922,"Rani-ki-Vav (the Queen’s Stepwell) at Patan, Gujarat",India,https://whc.unesco.org/en/list/922,2014.0,23.8588888889,72.1016666667,skipped; bvvvvhp,,,,,,,,,"(i) to represent a masterpiece of human creative genius; | (iv) to be an outstanding example of a type of building, architectural or technological ensemble or landscape which illustrates (a) significant stage(s) in human history;",2,,,,,,,,,,,,,,,,,,,,,,,,,,,,,,,,,,,,,,,,,,,,,,,,,,,,,,,,,,,,,,,,,,No,,bvvvvhp,bvvvvhp,Tier 3: Monumental Megalithic / Sanctuary Architecture (4-v Very Very Very High),
1426,"Decorated Cave of Pont d’Arc, known as Grotte Chauvet-Pont d’Arc, Ardèche",France,https://whc.unesco.org/en/list/1426,2014.0,44.3875,4.4161111111,"Monument, Design, Plan, Cave/Subterranean Space; nan",Internal (DS/OUV),,"Aurignacian period (30,000–32,000 BP / Palaeolithic)",Internal (DS/OUV),,Aurignacian people (Early Upper Palaeolithic),Internal (DS/OUV),,(i) to represent a masterpiece of human creative genius; | (iii) to bear a unique or at least exceptional testimony to a cultural tradition or to a civilization which is living or which has disappeared;,2,Internal (DS/OUV),,Limestone,Internal (DS/OUV),,Sedimentary Rock,Internal (DS/OUV),,,,,,,,Limestone,Internal (DS/OUV),,,,,,,,,,,,,,,,,,,,France,,,Local (In-situ natural cave formed within the local limestone plateau),Internal (DS/OUV),,,,,"Natural cavern walls, floor, and limestone plateau structure housing the drawings",Internal (DS/OUV),,"Rock art, drawings, and engravings on cave walls",Internal (DS/OUV),,,,,"Rockfall (~20,000 years BP sealed the cave); humidity/air composition variations identified as key threats",Internal (DS/OUV),,,,,Non-intervention policy inside the original cave; stainless steel bridging installed to prevent floor damage; full facsimile reconstruction created offsite (Espace de Restitution),Internal (DS/OUV),,Excellent,,,Yes,,,,Tier 9: Unflagged,
1492,"Palestine: Land of Olives and Vines – Cultural Landscape of Southern Jerusalem, Battir",State of Palestine,https://whc.unesco.org/en/list/1492,2014.0,31.7163888889,35.1588888889,skipped; bvvvhp,,,,,,,,,"(i) to represent a masterpiece of human creative genius; | (v) to be an outstanding example of a traditional human settlement, land-use, or sea-use which is representative of a culture (or cultures), or human interaction with the environment especially when it has become vulnerable under the impact of irreversible change;",2,,,,,,,,,,,,,,,,,,,,,,,,,,,,,,,,,,,,,,,,,,,,,,,,,,,,,,,,,,,,,,,,,,No,,,,,
1379,Margravial Opera House Bayreuth,Germany,https://whc.unesco.org/en/list/1379,2012.0,49.9443931107,11.5784979437,Baroque theatre architecture / Court opera house; nan,Internal (DS/OUV),,1745–1750,Internal (DS/OUV),,18th-century European / Princely Court (Margravine Wilhelmine of Brandenburg-Bayreuth),Internal (DS/OUV),,"(i) to represent a masterpiece of human creative genius; | (iv) to be an outstanding example of a type of building, architectural or technological ensemble or landscape which illustrates (a) significant stage(s) in human history;",2,Internal (DS/OUV),,Sandstone,Internal (DS/OUV),,Sedimentary Rock,Internal (DS/OUV),,,,,,,,,,,,,,,,,,,,,,,,,,,,,Germany (Inferable from site location),,,,,,,,,Sandstone façade (designed by Joseph Saint Pierre),Internal (DS/OUV),,,,,,,,,,,,,,Overall conservation and restoration plan approved by State Party; restoration program concluded,,,Good,,,Yes,,,,Tier 9: Unflagged,
1433,"Birthplace of Jesus: Church of the Nativity and the Pilgrimage Route, Bethlehem",State of Palestine,https://whc.unesco.org/en/list/1433,2012.0,31.7043527778,35.2075,Early Christian Basilica & Pilgrimage Route Ensemble; nan,Internal (DS/OUV),,4th–6th centuries AD (First completed AD 339; replaced/reconstructed mid-6th century AD),Internal (DS/OUV),,Roman Empire / Byzantine / Crusader,Internal (DS/OUV),,"(i) to represent a masterpiece of human creative genius; | (v) to be an outstanding example of a traditional human settlement, land-use, or sea-use which is representative of a culture (or cultures), or human interaction with the environment especially when it has become vulnerable under the impact of irreversible change; | (vi) to be directly or tangibly associated with events or living traditions, with ideas, or with beliefs, with artistic and literary works of outstanding universal significance;",3,Internal (DS/OUV),,Limestone (Yellow Limestone),Internal (DS/OUV),,Sedimentary Rock,Internal (DS/OUV),,,,,,,,,,,,,,,,,yellow,Internal (DS/OUV),,,,,,,,,,,,,,,,,,,,"Basilica walls, columns, and surrounding buildings along Star Street",Internal (DS/OUV),,"Floor Mosaics, Icon Painting on columns",Internal (DS/OUV),,Traditional urban fabric / masonry,Internal (DS/OUV),,Polluted environment negatively affecting stone façades,Internal (DS/OUV),,,,,Technical plan for roof restoration; ongoing urban conservation,Internal (DS/OUV),,Moderate,,,Yes,,,,Tier 9: Unflagged,
1398,Gonbad-e Qābus,Iran (Islamic Republic of),https://whc.unesco.org/en/list/1398,2012.0,37.2580277778,55.169,skipped; bhp,,,,,,,,,"(i) to represent a masterpiece of human creative genius; | (ii) to exhibit an important interchange of human values, over a span of time or within a cultural area of the world, on developments in architecture or technology, monumental arts, town-planning or landscape design; | (iii) to bear a unique or at least exceptional testimony to a cultural tradition or to a civilization which is living or which has disappeared; | (iv) to be an outstanding example of a type of building, architectural or technological ensemble or landscape which illustrates (a) significant stage(s) in human history;",4,,,,,,,,,,,,,,,,,,,,,,,,,,,,,,,,,,,,,,,,,,,,,,,,,,,,,,,,,,,,,,,,,,No,,bhp,bhp,Tier 7: High Probability Local Stone / Masonry (High Potential),
1366,Selimiye Mosque and its Social Complex,Türkiye,https://whc.unesco.org/en/list/1366,2011.0,41.6777777778,26.5594444444,OUV Absent; bvvvhp,Internal (DS/OUV),,16th Century (built between 1568 and 1575),Internal (DS/OUV),,Ottoman,Internal (DS/OUV),,"(i) to represent a masterpiece of human creative genius; | (iv) to be an outstanding example of a type of building, architectural or technological ensemble or landscape which illustrates (a) significant stage(s) in human history;",2,Internal (DS/OUV),,,,,,,,,,,,,,,,,,,,,,,,,,,,,,,,,,,,,,,,,,,,"Dome, four minarets, madrasas, covered market, clock house, library, courtyard",,,Iznik ceramic tiles,Internal (DS/OUV),,,,,,,,,,,,,,,,,No,,,bvvvhp,Tier 4: Exceptional Stone Fortress / Cathedral / Mosque (3-v Very Very High),
1372,The Persian Garden,Iran (Islamic Republic of),https://whc.unesco.org/en/list/1372,2011.0,30.1666666667,53.1666666667,skipped; bp,,,,,,,,,"(i) to represent a masterpiece of human creative genius; | (ii) to exhibit an important interchange of human values, over a span of time or within a cultural area of the world, on developments in architecture or technology, monumental arts, town-planning or landscape design; | (iii) to bear a unique or at least exceptional testimony to a cultural tradition or to a civilization which is living or which has disappeared; | (iv) to be an outstanding example of a type of building, architectural or technological ensemble or landscape which illustrates (a) significant stage(s) in human history; | (vi) to be directly or tangibly associated with events or living traditions, with ideas, or with beliefs, with artistic and literary works of outstanding universal significance;",5,,,,,,,,,,,,,,,,,,,,,,,,,,,,,,,,,,,,,,,,,,,,,,,,,,,,,,,,,,,,,,,,,,No,,bp,bp,Tier 8: Moderate Probability Stone Fabric (Possible),
1349,Seventeenth-Century Canal Ring Area of Amsterdam inside the Singelgracht,Netherlands (Kingdom of the),https://whc.unesco.org/en/list/1349,2010.0,52.365,4.8877777778,skipped; nan,,,,,,,,,"(i) to represent a masterpiece of human creative genius; | (ii) to exhibit an important interchange of human values, over a span of time or within a cultural area of the world, on developments in architecture or technology, monumental arts, town-planning or landscape design; | (iv) to be an outstanding example of a type of building, architectural or technological ensemble or landscape which illustrates (a) significant stage(s) in human history;",3,,,,,,,,,,,,,,,,,,,,,,,,,,,,,,,,,,,,,,,,,,,,,,,,,,,,,,,,,,,,,,,,,,No,,,,Tier 9: Unflagged,
1345,Sheikh Safi al-din Khānegāh and Shrine Ensemble in Ardabil,Iran (Islamic Republic of),https://whc.unesco.org/en/list/1345,2010.0,38.2486111111,48.2913888889,skipped; bhp,,,,,,,,,"(i) to represent a masterpiece of human creative genius; | (ii) to exhibit an important interchange of human values, over a span of time or within a cultural area of the world, on developments in architecture or technology, monumental arts, town-planning or landscape design; | (iv) to be an outstanding example of a type of building, architectural or technological ensemble or landscape which illustrates (a) significant stage(s) in human history;",3,,,,,,,,,,,,,,,,,,,,,,,,,,,,,,,,,,,,,,,,,,,,,,,,,,,,,,,,,,,,,,,,,,No,,bhp,bhp,Tier 7: High Probability Local Stone / Masonry (High Potential),
1303,Pontcysyllte Aqueduct and Canal,United Kingdom of Great Britain and Northern Ireland,https://whc.unesco.org/en/list/1303,2009.0,52.9702777778,-3.0877777778,skipped; nan,,,,,,,,,"(i) to represent a masterpiece of human creative genius; | (ii) to exhibit an important interchange of human values, over a span of time or within a cultural area of the world, on developments in architecture or technology, monumental arts, town-planning or landscape design; | (iv) to be an outstanding example of a type of building, architectural or technological ensemble or landscape which illustrates (a) significant stage(s) in human history;",3,,,,,,,,,,,,,,,,,,,,,,,,,,,,,,,,,,,,,,,,,,,,,,,,,,,,,,,,,,,,,,,,,,No,,,,Tier 9: Unflagged,
1298,Stoclet House,Belgium,https://whc.unesco.org/en/list/1298,2009.0,50.835,4.4161111111,skipped; bp,,,,,,,,,"(i) to represent a masterpiece of human creative genius; | (ii) to exhibit an important interchange of human values, over a span of time or within a cultural area of the world, on developments in architecture or technology, monumental arts, town-planning or landscape design;",2,,,,,,,,,,,,,,,,,,,,,,,,,,,,,,,,,,,,,,,,,,,,,,,,,,,,,,,,,,,,,,,,,,No,,bp,bp,Tier 8: Moderate Probability Stone Fabric (Possible),
1315,Shushtar Historical Hydraulic System,Iran (Islamic Republic of),https://whc.unesco.org/en/list/1315,2009.0,32.0186111111,48.8358333333,skipped; bvvvhp,,,,,,,,,"(i) to represent a masterpiece of human creative genius; | (ii) to exhibit an important interchange of human values, over a span of time or within a cultural area of the world, on developments in architecture or technology, monumental arts, town-planning or landscape design; | (v) to be an outstanding example of a traditional human settlement, land-use, or sea-use which is representative of a culture (or cultures), or human interaction with the environment especially when it has become vulnerable under the impact of irreversible change;",3,,,,,,,,,,,,,,,,,,,,,,,,,,,,,,,,,,,,,,,,,,,,,,,,,,,,,,,,,,,,,,,,,,No,,bvvvhp,bvvvhp,Tier 4: Exceptional Stone Fortress / Cathedral / Mosque (3-v Very Very High),
1283,Fortifications of Vauban,France,https://whc.unesco.org/en/list/1283,2008.0,47.2361111111,6.0269444444,skipped; bvvhp,,,,,,,,,"(i) to represent a masterpiece of human creative genius; | (ii) to exhibit an important interchange of human values, over a span of time or within a cultural area of the world, on developments in architecture or technology, monumental arts, town-planning or landscape design; | (iv) to be an outstanding example of a type of building, architectural or technological ensemble or landscape which illustrates (a) significant stage(s) in human history;",3,,,,,,,,,,,,,,,,,,,,,,,,,,,,,,,,,,,,,,,,,,,,,,,,,,,,,,,,,,,,,,,,,,No,,bvvhp,bvvhp,Tier 5: Major Ashlar Masonry / Imperial Ruins (2-v Very High),
1224,Temple of Preah Vihear,Cambodia,https://whc.unesco.org/en/list/1224,2008.0,14.3883333333,104.6838888889,skipped; bvvvhp,,,,,,,,,(i) to represent a masterpiece of human creative genius;,1,,,,,,,,,,,,,,,,,,,,,,,,,,,,,,,,,,,,,,,,,,,,,,,,,,,,,,,,,,,,,,,,,,No,,bvvvhp,bvvvhp,Tier 4: Exceptional Stone Fortress / Cathedral / Mosque (3-v Very Very High),
1221,Rideau Canal,Canada,https://whc.unesco.org/en/list/1221,2007.0,44.9943861111,-75.765125,skipped; bp,,,,,,,,,"(i) to represent a masterpiece of human creative genius; | (iv) to be an outstanding example of a type of building, architectural or technological ensemble or landscape which illustrates (a) significant stage(s) in human history;",2,,,,,,,,,,,,,,,,,,,,,,,,,,,,,,,,,,,,,,,,,,,,,,,,,,,,,,,,,,,,,,,,,,No,,bp,bp,Tier 8: Moderate Probability Stone Fabric (Possible),
1250,Central University City Campus of the <i>Universidad Nacional Autónoma de México</i> (UNAM),Mexico,https://whc.unesco.org/en/list/1250,2007.0,19.3322222222,-99.1880555555,skipped; nan,,,,,,,,,"(i) to represent a masterpiece of human creative genius; | (ii) to exhibit an important interchange of human values, over a span of time or within a cultural area of the world, on developments in architecture or technology, monumental arts, town-planning or landscape design; | (iv) to be an outstanding example of a type of building, architectural or technological ensemble or landscape which illustrates (a) significant stage(s) in human history;",3,,,,,,,,,,,,,,,,,,,,,,,,,,,,,,,,,,,,,,,,,,,,,,,,,,,,,,,,,,,,,,,,,,No,,,,Tier 9: Unflagged,
166,Sydney Opera House,Australia,https://whc.unesco.org/en/list/166,2007.0,-33.8566666667,151.2152777777,skipped; bp,,,,,,,,,(i) to represent a masterpiece of human creative genius;,1,,,,,,,,,,,,,,,,,,,,,,,,,,,,,,,,,,,,,,,,,,,,,,,,,,,,,,,,,,,,,,,,,,No,,bp,bp,Tier 8: Moderate Probability Stone Fabric (Possible),
1265,Richtersveld Cultural and Botanical Landscape,South Africa,https://whc.unesco.org/en/list/1265,2007.0,-28.6,17.2038888888,skipped;; nan,,,,,,,,,"(i) to represent a masterpiece of human creative genius; | (v) to be an outstanding example of a traditional human settlement, land-use, or sea-use which is representative of a culture (or cultures), or human interaction with the environment especially when it has become vulnerable under the impact of irreversible change;",2,,,,,,,,,,,,,,,,,,,,,,,,,,,,,,,,,,,,,,,,,,,,,,,,,,,,,,,,,,,,,,,,,,No,,,,Tier 9: Unflagged,
1217,Vizcaya Bridge,Spain,https://whc.unesco.org/en/list/1217,2006.0,43.323175,-3.0168333333,skipped; nan,,,,,,,,,"(i) to represent a masterpiece of human creative genius; | (ii) to exhibit an important interchange of human values, over a span of time or within a cultural area of the world, on developments in architecture or technology, monumental arts, town-planning or landscape design;",2,,,,,,,,,,,,,,,,,,,,,,,,,,,,,,,,,,,,,,,,,,,,,,,,,,,,,,,,,,,,,,,,,,,,,,Tier 9: Unflagged,
1165,Centennial Hall in Wrocław,Poland,https://whc.unesco.org/en/list/1165,2006.0,51.1069472222,17.0770138888,skipped; nan,,,,,,,,,"(i) to represent a masterpiece of human creative genius; | (ii) to exhibit an important interchange of human values, over a span of time or within a cultural area of the world, on developments in architecture or technology, monumental arts, town-planning or landscape design; | (iv) to be an outstanding example of a type of building, architectural or technological ensemble or landscape which illustrates (a) significant stage(s) in human history;",3,,,,,,,,,,,,,,,,,,,,,,,,,,,,,,,,,,,,,,,,,,,,,,,,,,,,,,,,,,,,,,,,,,,,,,Tier 9: Unflagged,
1226,Stone Circles of Senegambia,"Gambia,Senegal",https://whc.unesco.org/en/list/1226,2006.0,13.6911111111,-15.5225,"Building, Construction, Monument, Monumental, Plan, Traditional (Pillar); nan",Internal (DS/OUV),,3rd century BC to 16th century AD (burials dating between 1st and 2nd millennia AD / 927–1305 AD),Internal (DS/OUV),,"Prosperous, highly organized, and lasting West African society",Internal (DS/OUV),,(i) to represent a masterpiece of human creative genius; | (iii) to bear a unique or at least exceptional testimony to a cultural tradition or to a civilization which is living or which has disappeared;,2,Internal (DS/OUV),,Laterite,Internal (DS/OUV),,Sedimentary Rock,,,,,,,,,"Laterite pillars / monoliths (cylindrical or polygonal, finely carved)",Internal (DS/OUV),,,,,,,,,,,"Finely carved, cylindrical or polygonal pillars",Internal (DS/OUV),,,,,Quarry located ~1 km east of Sine Ngayene (sources of around 150 stones traced),Internal (DS/OUV),,Senegal,Internal (DS/OUV),,Local (extracted from nearby quarries),Internal (DS/OUV),,~1 km (from nearby quarries),Internal (DS/OUV),,"Standing monoliths, pillars, circles, bifid/lyre frontal stones",Internal (DS/OUV),,Individual stones finely carved; ornamentation/cross-pieces,Internal (DS/OUV),,"Extracted using iron tools, skilfully shaped into cylindrical or polygonal pillars",Internal (DS/OUV),,Minimal disturbances; minimal human or natural interventions noted,Internal (DS/OUV),,,,,Excavated sites subsequently back-filled; minimal disturbance,Internal (DS/OUV),,Excellent,,,Yes,,,,Tier 9: Unflagged,
1093,Um er-Rasas (Kastrom Mefa'a),Jordan,https://whc.unesco.org/en/list/1093,2004.0,31.50167,35.92056,"Roman military camp, fortified town, churches, stylized towers; nan",Internal (DS/OUV),,"End of 3rd to 9th centuries AD (Roman, Byzantine, and Early Muslim/Umayyad periods)",Internal (DS/OUV),,"Roman, Byzantine, Umayyad / Early Muslim",Internal (DS/OUV),,"(i) to represent a masterpiece of human creative genius; | (iv) to be an outstanding example of a type of building, architectural or technological ensemble or landscape which illustrates (a) significant stage(s) in human history; | (vi) to be directly or tangibly associated with events or living traditions, with ideas, or with beliefs, with artistic and literary works of outstanding universal significance;",3,Internal (DS/OUV),,Limestone (Geological material is explicitly mentioned),Internal (DS/OUV),,Sedimentary Rock,Internal (DS/OUV),,,,,,,,,,,,,,,,,,,,,,,,,,Local quarries associated with northern group of ruins (Geological source area mentioned),Internal (DS/OUV),,Jordan,Internal (DS/OUV),,Local,Internal (DS/OUV),,,,,"Fortified Roman walls, towers, churches, courtyard walls, columns",Internal (DS/OUV),,"Geometric, town-map, and animal mosaic floors; painted plaster on limestone",Internal (DS/OUV),,"Stone tower construction, coursed stone masonry",Internal (DS/OUV),,"General weathering processes, seismic structural collapse, poor drainage vulnerability",Internal (DS/OUV),,,,,"Structural consolidation, backfilling, protective shelters over St Stephen's Church and Church of the Lions",Internal (DS/OUV),,Poor,,,Yes,,,,Tier 9: Unflagged,
1106,Pasargadae,Iran (Islamic Republic of),https://whc.unesco.org/en/list/1106,2004.0,30.19383,53.16729,"Capital, Palaces, Gardens, Gatehouse, Audience Hall, Residential Palace, Mausoleum/Tomb, Fortified Platform (Tall-e Takht), Citadel; nan",Internal (DS/OUV),,6th century BC,Internal (DS/OUV),,Persian / Achaemenid (First Persian) Empire,Internal (DS/OUV),,"(i) to represent a masterpiece of human creative genius; | (ii) to exhibit an important interchange of human values, over a span of time or within a cultural area of the world, on developments in architecture or technology, monumental arts, town-planning or landscape design; | (iii) to bear a unique or at least exceptional testimony to a cultural tradition or to a civilization which is living or which has disappeared; | (iv) to be an outstanding example of a type of building, architectural or technological ensemble or landscape which illustrates (a) significant stage(s) in human history;",4,Internal (DS/OUV),,Limestone ,Internal (DS/OUV),,Sedimentary Rock,,,Mud-brick (mentioned for Tall-e Takht defenses),Internal (DS/OUV),,,,,Compact limestone,Internal (DS/OUV),,,,,,,,,,,,,,,,,,,,,,,"Local (Morgab plain setting mentioned, though quarry origin is not specified) / NA",Internal (DS/OUV),,,,,"Tomb (compact limestone tomb holding Cyrus the Great’s gilded sarcophagus), Fortified Platform (Tall-e Takht), Waterways/Pathways (Four Gardens)",Internal (DS/OUV),,"Refined details, slender verticality",Internal (DS/OUV),,Mud-brick construction (citadel/fortified platform); Refined stone architecture,Internal (DS/OUV),,"Erosion (physical, chemical, environmental), violent winds, burning sun, flooding",Internal (DS/OUV),,,,,Recent restoration utilizing traditional technology and materials in harmony with the ensemble; poor condition of mud-brick due to 1960s excavations,Internal (DS/OUV),,Good,,,Yes,,,,Tier 9: Unflagged,
1097,Ensemble of the Novodevichy Convent,Russian Federation,https://whc.unesco.org/en/list/1097,2004.0,55.72611111,37.55508333,skipped; but promising; nan,,,,,,,,,"(i) to represent a masterpiece of human creative genius; | (iv) to be an outstanding example of a type of building, architectural or technological ensemble or landscape which illustrates (a) significant stage(s) in human history; | (vi) to be directly or tangibly associated with events or living traditions, with ideas, or with beliefs, with artistic and literary works of outstanding universal significance;",3,,,,,,,,,,,,,,,,,,,,,,,,,,,,,,,,,,,,,,,,,,,,,,,,,,,,,,,,,,,,,,,,,,No,,,,Tier 9: Unflagged,
1135,Capital Cities and Tombs of the Ancient Koguryo Kingdom,China,https://whc.unesco.org/en/list/1135,2004.0,41.15694444,126.1872222,skipped; nan,,,,,,,,,"(i) to represent a masterpiece of human creative genius; | (ii) to exhibit an important interchange of human values, over a span of time or within a cultural area of the world, on developments in architecture or technology, monumental arts, town-planning or landscape design; | (iii) to bear a unique or at least exceptional testimony to a cultural tradition or to a civilization which is living or which has disappeared; | (iv) to be an outstanding example of a type of building, architectural or technological ensemble or landscape which illustrates (a) significant stage(s) in human history; | (v) to be an outstanding example of a traditional human settlement, land-use, or sea-use which is representative of a culture (or cultures), or human interaction with the environment especially when it has become vulnerable under the impact of irreversible change;",5,,,,,,,,,,,,,,,,,,,,,,,,,,,,,,,,,,,,,,,,,,,,,,,,,,,,,,,,,,,,,,,,,,No,,,,Tier 9: Unflagged,
1091,Complex of Koguryo Tombs,Democratic People's Republic of Korea,https://whc.unesco.org/en/list/1091,2004.0,38.86305556,125.415,skipped; bvvvhp,,,,,,,,,"(i) to represent a masterpiece of human creative genius; | (ii) to exhibit an important interchange of human values, over a span of time or within a cultural area of the world, on developments in architecture or technology, monumental arts, town-planning or landscape design; | (iii) to bear a unique or at least exceptional testimony to a cultural tradition or to a civilization which is living or which has disappeared; | (iv) to be an outstanding example of a type of building, architectural or technological ensemble or landscape which illustrates (a) significant stage(s) in human history;",4,,,,,,,,,,,,,,,,,,,,,,,,,,,,,,,,,,,,,,,,,,,,,,,,,,,,,,,,,,,,,,,,,,No,,bvvvhp,bvvvhp,Tier 4: Exceptional Stone Fortress / Cathedral / Mosque (3-v Very Very High),
1136,Luis Barragán House and Studio,Mexico,https://whc.unesco.org/en/list/1136,2004.0,19.4111978833,-99.1923533395,skipped;; nan,,,,,,,,,"(i) to represent a masterpiece of human creative genius; | (ii) to exhibit an important interchange of human values, over a span of time or within a cultural area of the world, on developments in architecture or technology, monumental arts, town-planning or landscape design;",2,,,,,,,,,,,,,,,,,,,,,,,,,,,,,,,,,,,,,,,,,,,,,,,,,,,,,,,,,,,,,,,,,,No,,,,Tier 9: Unflagged,
1158,Etruscan Necropolises of Cerveteri and Tarquinia,Italy,https://whc.unesco.org/en/list/1158,2004.0,42.00683333,12.10188889,skipped; bvvvhp,,,,,,,,,"(i) to represent a masterpiece of human creative genius; | (iii) to bear a unique or at least exceptional testimony to a cultural tradition or to a civilization which is living or which has disappeared; | (iv) to be an outstanding example of a type of building, architectural or technological ensemble or landscape which illustrates (a) significant stage(s) in human history;",3,,,,,,,,,,,,,,,,,,,,,,,,,,,,,,,,,,,,,,,,,,,,,,,,,,,,,,,,,,,,,,,,,,No,,bvvvhp,bvvvhp,Tier 4: Exceptional Stone Fortress / Cathedral / Mosque (3-v Very Very High),
1127,Muskauer Park / Park Mużakowski,"Germany,Poland",https://whc.unesco.org/en/list/1127,2004.0,51.547653,14.729389,skipped; bp,,,,,,,,,"(i) to represent a masterpiece of human creative genius; | (iv) to be an outstanding example of a type of building, architectural or technological ensemble or landscape which illustrates (a) significant stage(s) in human history;",2,,,,,,,,,,,,,,,,,,,,,,,,,,,,,,,,,,,,,,,,,,,,,,,,,,,,,,,,,,,,,,,,,,No,,bp,bp,Tier 8: Moderate Probability Stone Fabric (Possible),
1103,Mausoleum of Khoja Ahmed Yasawi,Kazakhstan,https://whc.unesco.org/en/list/1103,2003.0,43.2976944444,68.2710555556,Multifunctional structure of the khanaqa type (combines a mausoleum and a mosque); nan,Internal (DS/OUV),,1389–1405 (Timurid period),Internal (DS/OUV),,Timurid Empire / Central Asian Islamic Civilization,Internal (DS/OUV),,"(i) to represent a masterpiece of human creative genius; | (iii) to bear a unique or at least exceptional testimony to a cultural tradition or to a civilization which is living or which has disappeared; | (iv) to be an outstanding example of a type of building, architectural or technological ensemble or landscape which illustrates (a) significant stage(s) in human history;",3,Internal (DS/OUV),,,Internal (DS/OUV),,,,,Alabaster (muqarnas stalactites); Gypsum plaster,Internal (DS/OUV),,,,,Gypsum / Alabaster (Hydrous calcium sulfate),,,,,,,,,White/Off-white (Alabaster/Gypsum plaster); Green (glazed tiles),Internal (DS/OUV),,Fine-grained (Alabaster/Gypsum),Internal (DS/OUV),,"Gypsum, Carbonates, nitrates, sulfates, chlorides (in salt efflorescence)",External,https://vestnik.kazgasa.kz/frontend/web/uploads/personal-documents/1694774149_nhRmhd.pdf,,,,,,,Local clay for fired bricks; Persian master craft influence for decorative techniques,Internal (DS/OUV),,,Internal (DS/OUV),,"Vaults, domes (conic-spherical dome), walls, arches, drums",Internal (DS/OUV),,"Alabaster stalactites (muqarnas) in dome intrados, glazed tile facing, inscriptions (Kufic and Suls)",Internal (DS/OUV),,Fired brick masonry with plaster carving and glazed tile revetments,Internal (DS/OUV),,"Deterioration from rising damp, salt efflorescence (nitrates, chlorides, sulfates, carbonates), and high water table",Internal (DS/OUV),,,,,"Rebuilding of northern citadel wall in 1970s; ongoing conservation projects under ""Kazrestavratziya""",Internal (DS/OUV),,Moderate,Internal (DS/OUV),,No,"1: Sainova, G. А., Аubakirov, N. P., Аkbasova, А. D., Yuldashbek, D. H., & Sunakbaeva, D. K. (2023). The Influence of Salt Deposits on the Preservation of the Historical and Architectural Monument of the Mausoleum of Khoja Ahmed Yasawi.

2: Valentinovna, M. A. Islamic architecture of Iran in the era of Timur and Timurids: specificity of the artistic image.",,,Tier 9: Unflagged,
1073,Gebel Barkal and the Sites of the Napatan Region,Sudan,https://whc.unesco.org/en/list/1073,2003.0,18.537,31.8280277778,"Tombs (with and without pyramids), temples, burial mounds/funerary chambers, living complexes, and palaces; nan",Internal (DS/OUV),,Napatan (900 to 270 BC) and Meroitic (270 BC to 350 AD) cultures; New Kingdom origins (ca. 1500 BC) up to 6th Century AD,Internal (DS/OUV),,Kushite civilization (Second Kingdom of Kush / Napato-Meroitic),Internal (DS/OUV),,"(i) to represent a masterpiece of human creative genius; | (ii) to exhibit an important interchange of human values, over a span of time or within a cultural area of the world, on developments in architecture or technology, monumental arts, town-planning or landscape design; | (iii) to bear a unique or at least exceptional testimony to a cultural tradition or to a civilization which is living or which has disappeared; | (iv) to be an outstanding example of a type of building, architectural or technological ensemble or landscape which illustrates (a) significant stage(s) in human history; | (vi) to be directly or tangibly associated with events or living traditions, with ideas, or with beliefs, with artistic and literary works of outstanding universal significance;",5,Internal (DS/OUV),,Sandstone,Internal (DS/OUV),,Sedimentary Rock,,,,,,,,,sandstone,,,,,,,,,,,,,,,,,,,,,Sudan,Internal (DS/OUV),,Local (rock-cut features and sacred flat-topped mountain),Internal (DS/OUV),,,,,"Flat-topped mountain rock, steep-angled pyramids, corbel vaults of tombs, wall structures, rock-cut burial chambers",Internal (DS/OUV),,"Reliefs, wall inscriptions, old script writings, and painted scenes on walls",Internal (DS/OUV),,"Corbel vaults, rock-cut chambers",Internal (DS/OUV),,Affected by the action of nature and man,Internal (DS/OUV),,,,,Limited inadequate restoration interventions of the last century,Internal (DS/OUV),,Excellent,,,Yes,,,,Tier 9: Unflagged,
1077,Takht-e Soleyman,Iran (Islamic Republic of),https://whc.unesco.org/en/list/1077,2003.0,36.60388889,47.235,skipped; but promised; nan,,,,,,,,,"(i) to represent a masterpiece of human creative genius; | (ii) to exhibit an important interchange of human values, over a span of time or within a cultural area of the world, on developments in architecture or technology, monumental arts, town-planning or landscape design; | (iii) to bear a unique or at least exceptional testimony to a cultural tradition or to a civilization which is living or which has disappeared; | (iv) to be an outstanding example of a type of building, architectural or technological ensemble or landscape which illustrates (a) significant stage(s) in human history; | (vi) to be directly or tangibly associated with events or living traditions, with ideas, or with beliefs, with artistic and literary works of outstanding universal significance;",5,,,,,,,,,,,,,,,,,,,,,,,,,,,,,,,,,,,,,,,,,,,,,,,,,,,,,,,,,,,,,,,,,,No,,,,Tier 9: Unflagged,
208,Cultural Landscape and Archaeological Remains of the Bamiyan Valley,Afghanistan,https://whc.unesco.org/en/list/208,2003.0,34.84694,67.82525,skipped; bvvvhp,,,,,,,,,"(i) to represent a masterpiece of human creative genius; | (ii) to exhibit an important interchange of human values, over a span of time or within a cultural area of the world, on developments in architecture or technology, monumental arts, town-planning or landscape design; | (iii) to bear a unique or at least exceptional testimony to a cultural tradition or to a civilization which is living or which has disappeared; | (iv) to be an outstanding example of a type of building, architectural or technological ensemble or landscape which illustrates (a) significant stage(s) in human history; | (vi) to be directly or tangibly associated with events or living traditions, with ideas, or with beliefs, with artistic and literary works of outstanding universal significance;",5,,,,,,,,,,,,,,,,,,,,,,,,,,,,,,,,,,,,,,,,,,,,,,,,,,,,,,,,,,,,,,,,,,No,,bvvvhp,bvvvhp,Tier 4: Exceptional Stone Fortress / Cathedral / Mosque (3-v Very Very High),
1056,Mahabodhi Temple Complex at Bodh Gaya,India,https://whc.unesco.org/en/list/1056,2002.0,24.69528,84.99389,"Classical style of Indian temple architecture (featuring a 50m curvilinear shikhara/tower, chaitya niches, stupas, and shrines); nan",Internal (DS/OUV),,3rd century B.C.,Internal (DS/OUV),,Mauryan Period & Late Gupta Period (Indian Buddhist),Internal (DS/OUV),,"(i) to represent a masterpiece of human creative genius; | (ii) to exhibit an important interchange of human values, over a span of time or within a cultural area of the world, on developments in architecture or technology, monumental arts, town-planning or landscape design; | (iii) to bear a unique or at least exceptional testimony to a cultural tradition or to a civilization which is living or which has disappeared; | (iv) to be an outstanding example of a type of building, architectural or technological ensemble or landscape which illustrates (a) significant stage(s) in human history; | (vi) to be directly or tangibly associated with events or living traditions, with ideas, or with beliefs, with artistic and literary works of outstanding universal significance;",5,Internal (DS/OUV),,Sandstone ,Internal (DS/OUV),,Sedimentary Rock,,,Black stone,Internal (DS/OUV),,,,,"Sandstone, Black ston",Internal (DS/OUV),,,,,,,,Black (for footprint stone / Padas); NA for sandstone colour,Internal (DS/OUV),,Polished (for Vajrasana),Internal (DS/OUV),,,,,,,,,Internal (DS/OUV),,,,,,,,"Sandstone: Pillars of the balustrade, Vajrasana (Diamond Throne) platform.


Black Stone: Footprint slab (Padas).


(Bricks form the main body, walls, and tower)",Internal (DS/OUV),,"Sculpted human faces, animals, decorative honeysuckle and geese motifs, chaitya niches, carved Buddha footprints",Internal (DS/OUV),,Late Gupta period brick masonry; stone carving for balustrades and relics,Internal (DS/OUV),,,,,,,,Suffered long abandonment (13th–18th century A.D.); extensively restored in the 19th century A.D. and further conserved in the late 20th century under guidance of the Archaeological Survey of India (ASI),Internal (DS/OUV),,Excellent,Internal (DS/OUV),,Yes,"ICOMOS Advisory Body Evaluation;
 Bodhgaya Temple Management Committee (BTMC), Archaeological Survey of India (ASI)",,,Tier 9: Unflagged,
954,Saint Catherine Area,Egypt,https://whc.unesco.org/en/list/954,2002.0,28.55623,33.97543,skipped; bvvvvhp,,,,,,,,,"(i) to represent a masterpiece of human creative genius; | (iii) to bear a unique or at least exceptional testimony to a cultural tradition or to a civilization which is living or which has disappeared; | (iv) to be an outstanding example of a type of building, architectural or technological ensemble or landscape which illustrates (a) significant stage(s) in human history; | (vi) to be directly or tangibly associated with events or living traditions, with ideas, or with beliefs, with artistic and literary works of outstanding universal significance;",4,,,,,,,,,,,,,,,,,,,,,,,,,,,,,,,,,,,,,,,,,,,,,,,,,,,,,,,,,,,,,,,,,,No,,bvvvvhp,bvvvvhp,Tier 3: Monumental Megalithic / Sanctuary Architecture (4-v Very Very Very High),
1024,Late Baroque Towns of the Val di Noto (South-Eastern Sicily),Italy,https://whc.unesco.org/en/list/1024,2002.0,36.89319444,15.06891667,skipped; bvvvhp,,,,,,,,,"(i) to represent a masterpiece of human creative genius; | (ii) to exhibit an important interchange of human values, over a span of time or within a cultural area of the world, on developments in architecture or technology, monumental arts, town-planning or landscape design; | (iv) to be an outstanding example of a type of building, architectural or technological ensemble or landscape which illustrates (a) significant stage(s) in human history; | (v) to be an outstanding example of a traditional human settlement, land-use, or sea-use which is representative of a culture (or cultures), or human interaction with the environment especially when it has become vulnerable under the impact of irreversible change;",4,,,,,,,,,,,,,,,,,,,,,,,,,,,,,,,,,,,,,,,,,,,,,,,,,,,,,,,,,,,,,,,,,,No,,bvvvhp,bvvvhp,Tier 4: Exceptional Stone Fortress / Cathedral / Mosque (3-v Very Very High),
1025,"Villa d'Este, Tivoli",Italy,https://whc.unesco.org/en/list/1025,2001.0,41.96391667,12.79625,"Palace and water garden (Grottoes, fountains, ornamental basins); nan",Internal (DS/OUV),,16th Century (Laid out in 1550s; works began around 1560),Internal (DS/OUV),,Italian Renaissance / Mannerist / Baroque elements,Internal (DS/OUV),,"(i) to represent a masterpiece of human creative genius; | (ii) to exhibit an important interchange of human values, over a span of time or within a cultural area of the world, on developments in architecture or technology, monumental arts, town-planning or landscape design; | (iii) to bear a unique or at least exceptional testimony to a cultural tradition or to a civilization which is living or which has disappeared; | (iv) to be an outstanding example of a type of building, architectural or technological ensemble or landscape which illustrates (a) significant stage(s) in human history; | (vi) to be directly or tangibly associated with events or living traditions, with ideas, or with beliefs, with artistic and literary works of outstanding universal significance;",5,Internal (DS/OUV),,,,,,,,Volcanic Tuff / Stucco (Jet noted in automated classification),Internal (DS/OUV),,,,,,,,,,,,,,,,,,,,,,,,,,,,,,,,,,,"Main body of the palace, stair ramps, retaining walls, terrace foundations",Internal (DS/OUV),,"Fountains (e.g., Fontana del Bicchierone), grottoes, balustrades, ornamental basins",Internal (DS/OUV),,,,,Rapid deterioration of decorations/fountains due to micro-climatic conditions and continuous water contact,Internal (DS/OUV),,,,,Methodical mural and fountain restorations per the Venice Charter,Internal (DS/OUV),,Excellent,,,No,"- UNESCO Dossier & OUV Statement


- ISPRA Travertines of Central Italy


- Centroni, A. (2008). Villa d'Este a Tivoli: quattro secoli di storia e restauri",,,Tier 9: Unflagged,
603,Samarkand – Crossroad of Cultures,Uzbekistan,https://whc.unesco.org/en/list/603,2001.0,39.66861,67.0,skipped; nan,,,,,,,,,"(i) to represent a masterpiece of human creative genius; | (ii) to exhibit an important interchange of human values, over a span of time or within a cultural area of the world, on developments in architecture or technology, monumental arts, town-planning or landscape design; | (iv) to be an outstanding example of a type of building, architectural or technological ensemble or landscape which illustrates (a) significant stage(s) in human history;",3,,,,,,,,,,,,,,,,,,,,,,,,,,,,,,,,,,,,,,,,,,,,,,,,,,,,,,,,,,,,,,,,,,,,,,Tier 9: Unflagged,
1022,Tombs of Buganda Kings at Kasubi,Uganda,https://whc.unesco.org/en/list/1022,2001.0,0.348611111,32.55138889,skipped; bp,,,,,,,,,"(i) to represent a masterpiece of human creative genius; | (iii) to bear a unique or at least exceptional testimony to a cultural tradition or to a civilization which is living or which has disappeared; | (iv) to be an outstanding example of a type of building, architectural or technological ensemble or landscape which illustrates (a) significant stage(s) in human history; | (vi) to be directly or tangibly associated with events or living traditions, with ideas, or with beliefs, with artistic and literary works of outstanding universal significance;",4,,,,,,,,,,,,,,,,,,,,,,,,,,,,,,,,,,,,,,,,,,,,,,,,,,,,,,,,,,,,,,,,,,No,,bp,bp,Tier 8: Moderate Probability Stone Fabric (Possible),
1039,Yungang Grottoes,China,https://whc.unesco.org/en/list/1039,2001.0,40.10972,113.12222,skipped; bvvvvvhp,,,,,,,,,"(i) to represent a masterpiece of human creative genius; | (ii) to exhibit an important interchange of human values, over a span of time or within a cultural area of the world, on developments in architecture or technology, monumental arts, town-planning or landscape design; | (iii) to bear a unique or at least exceptional testimony to a cultural tradition or to a civilization which is living or which has disappeared; | (iv) to be an outstanding example of a type of building, architectural or technological ensemble or landscape which illustrates (a) significant stage(s) in human history;",4,,,,,,,,,,,,,,,,,,,,,,,,,,,,,,,,,,,,,,,,,,,,,,,,,,,,,,,,,,,,,,,,,,No,,bvvvvvhp,bvvvvvhp,Tier 2: Massive Cliff Rock Art / Bedrock Substrate (5-v Extremely High),
1021,Tsodilo,Botswana,https://whc.unesco.org/en/list/1021,2001.0,-18.75,21.73333333,"Monument, Plan, Traditional; Rock Art; cave paintings; nan",Internal (DS/OUV),,"Over 100,000 years (spanning from the Stone Age to the 19th century)",,,Hambukushu and San communities,Internal (DS/OUV),,"(i) to represent a masterpiece of human creative genius; | (iii) to bear a unique or at least exceptional testimony to a cultural tradition or to a civilization which is living or which has disappeared; | (vi) to be directly or tangibly associated with events or living traditions, with ideas, or with beliefs, with artistic and literary works of outstanding universal significance;",3,Internal (DS/OUV),,quartzite,,,Metamorphic Rock,,,,,,,,,,,,,,,Massive quartzite rock formations rising from ancient sand dunes,Internal (DS/OUV),,,,,,,,,,,,,,,,,Local (Natural outcrops of the Kalahari Desert),Internal (DS/OUV),,,,,Natural rock shelters and caves providing habitation/shelter,Internal (DS/OUV),,"Canvas/substrate for over 4,500 rock paintings",Internal (DS/OUV),,,,,High degree of resistance to erosion due to quartzitic rock,Internal (DS/OUV),,,,,Limited to preventive strategies without altering the art and its substrate,Internal (DS/OUV),,Excellent,,,Yes,,,,Tier 9: Unflagged,
1016,Historical Centre of the City of Arequipa,Peru,https://whc.unesco.org/en/list/1016,2000.0,-16.398353,-71.536777,"Colonial, Andean Baroque (Mestizo Baroque), Rococo, Neoclassical, Vernacular (Casonas), Historicist; nan",Internal (DS/OUV),,16th to 20th Century A.D.,Internal (DS/OUV),,"Spanish Colonial, European integrated with Native / Indigenous (Pre-Hispanic / Inca influence)",Internal (DS/OUV),,"(i) to represent a masterpiece of human creative genius; | (iv) to be an outstanding example of a type of building, architectural or technological ensemble or landscape which illustrates (a) significant stage(s) in human history;",2,Internal (DS/OUV),,Sillar (Volcanic Stone / Volcanic Rock),Internal (DS/OUV),,Igneous Rock,External,"Bustamante, R., Vazquez, P., & Prendes, N. (2021). Properties of the Ignimbrites in the Architecture of the Historical Center of Arequipa, Peru. Applied Sciences, 11(22), 10571. https://doi.org/10.3390/app112210571

",Andesite (Lava rock / River boulders),Internal (DS/OUV),,Sillar (specifically Sillar de Arequipa),Internal (DS/OUV),,Dacitic to Rhyolitic Non-welded / Indurated Ignimbrite (Vitric Tuff / Pyroclastic Flow Deposit),External,"Bustamante, R., Vazquez, P., & Prendes, N. (2021). Properties of the Ignimbrites in the Architecture of the Historical Center of Arequipa, Peru. Applied Sciences, 11(22), 10571. https://doi.org/10.3390/app112210571
",,,,na,,,Predominantly White (also Pink/Reddish hues),Internal (DS/OUV),,,,,,,,"Canteras de Añashuayco (Añashuayco Ravine / Paccha Quarry), Airport Quarry",External,"1: https://idus.us.es/bitstreams/f94e9778-fdc8-489b-9d19-a0bab25d1fd7/download
 
2: https://meetingorganizer.copernicus.org/EGU21/EGU21-8355.html",Peru,Internal (DS/OUV),,Local (Extracted from nearby volcanic quarries surrounding the city),Internal (DS/OUV),,,,,"Robust load-bearing walls, foundations, semi-circular arches, porticos, thick vaults, pillars, bridges (Puente Real / Puente Grau)",Internal (DS/OUV),,"Intricate Baroque facade relief carvings, carved corbels, protruding pediments, cornices, decorative doorways, window flanking pillars",Internal (DS/OUV),,"Ashlar masonry (Sillar blocks, voussoirs, paving tiles cut to sizes such as 40x40x20 cubic cm), intricate hand carving by native masons",Internal (DS/OUV),,"Damage due to seismic activity (earthquakes), low-intensity volcanic activity, ENSO/flooding, high atmospheric pollution from vehicle emissions, and erosion",Internal (DS/OUV),,,,,Rebuilding and adaptive reuse following major earthquakes; ~20% of declared casonas/monuments are fully restored,Internal (DS/OUV),,Moderate,Internal (DS/OUV),,Yes,Advisory Body Evaluation (ICOMOS 2000); Peruvian National Law Nº 28296; Municipal Ordinance Nº 13-99; Peer-reviewed geological and architectural studies on Arequipa ignimbrites,,,Tier 9: Unflagged,
1005,Major Town Houses of the Architect Victor Horta (Brussels),Belgium,https://whc.unesco.org/en/list/1005,2000.0,50.82806,4.36223,skipped; nan,,,,,,,,,"(i) to represent a masterpiece of human creative genius; | (ii) to exhibit an important interchange of human values, over a span of time or within a cultural area of the world, on developments in architecture or technology, monumental arts, town-planning or landscape design; | (iv) to be an outstanding example of a type of building, architectural or technological ensemble or landscape which illustrates (a) significant stage(s) in human history;",3,,,,,,,,,,,,,,,,,,,,,,,,,,,,,,,,,,,,,,,,,,,,,,,,,,,,,,,,,,,,,,,,,,,,,,Tier 9: Unflagged,
990,"Assisi, the Basilica of San Francesco and Other Franciscan Sites",Italy,https://whc.unesco.org/en/list/990,2000.0,43.06616667,12.62244444,"Umbrian hill town, medieval city, basilicas, sanctuaries, fort, hermitage sites; nan",Internal (DS/OUV),,"Ancient Roman origins, 13th century (medieval) through late 15th–18th centuries",Internal (DS/OUV),,"Umbrian-Roman, Medieval, Renaissance",Internal (DS/OUV),,"(i) to represent a masterpiece of human creative genius; | (ii) to exhibit an important interchange of human values, over a span of time or within a cultural area of the world, on developments in architecture or technology, monumental arts, town-planning or landscape design; | (iii) to bear a unique or at least exceptional testimony to a cultural tradition or to a civilization which is living or which has disappeared; | (iv) to be an outstanding example of a type of building, architectural or technological ensemble or landscape which illustrates (a) significant stage(s) in human history; | (vi) to be directly or tangibly associated with events or living traditions, with ideas, or with beliefs, with artistic and literary works of outstanding universal significance;",5,Internal (DS/OUV),,Limestone,Internal (DS/OUV),,Sedimentary Rock,,,,,,Assisi type of stone,Internal (DS/OUV),,,,,,,,,,,,,,,,,,,,Mount Subasio slopes (local hill context),Internal (DS/OUV),,Italy,,,Local,,,,,,"Walls, foundations, vaults, basilicas, fort (Rocca Maggiore), sanctuaries",,,,,,Stone construction / terraced Roman town foundation,Internal (DS/OUV),,,,,,,,Restoration works carried out following earthquake damage (e.g. collapse of parts of the vaults in the Basilica of San Francesco),,,Excellent,,,Yes,,,,Tier 9: Unflagged,
982,Ensemble of the Ferapontov Monastery,Russian Federation,https://whc.unesco.org/en/list/982,2000.0,59.95,38.56666667,skipped; promising; nan,,,,,,,,,"(i) to represent a masterpiece of human creative genius; | (iv) to be an outstanding example of a type of building, architectural or technological ensemble or landscape which illustrates (a) significant stage(s) in human history;",2,,,,,,,,,,,,,,,,,,,,,,,,,,,,,,,,,,,,,,,,,,,,,,,,,,,,,,,,,,,,,,,,,,No,,,,Tier 9: Unflagged,
963,The Cathedral of St James in Šibenik,Croatia,https://whc.unesco.org/en/list/963,2000.0,43.73629,15.89038,skipped; promising; nan,,,,,,,,,"(i) to represent a masterpiece of human creative genius; | (ii) to exhibit an important interchange of human values, over a span of time or within a cultural area of the world, on developments in architecture or technology, monumental arts, town-planning or landscape design; | (iv) to be an outstanding example of a type of building, architectural or technological ensemble or landscape which illustrates (a) significant stage(s) in human history;",3,,,,,,,,,,,,,,,,,,,,,,,,,,,,,,,,,,,,,,,,,,,,,,,,,,,,,,,,,,,,,,,,,,No,,,,Tier 9: Unflagged,
859,Holy Trinity Column in Olomouc,Czechia,https://whc.unesco.org/en/list/859,2000.0,49.5939361111,17.2504583333,skipped; promised; nan,,,,,,,,,"(i) to represent a masterpiece of human creative genius; | (iv) to be an outstanding example of a type of building, architectural or technological ensemble or landscape which illustrates (a) significant stage(s) in human history;",2,,,,,,,,,,,,,,,,,,,,,,,,,,,,,,,,,,,,,,,,,,,,,,,,,,,,,,,,,,,,,,,,,,No,,,,Tier 9: Unflagged,
933,The Loire Valley between Sully-sur-Loire and Chalonnes,France,https://whc.unesco.org/en/list/933,2000.0,47.39889,0.70278,"Châteaux, Benedictine abbeys, medieval fortresses, country houses, troglodyte dwellings, bridges, dyke systems, ogival and Romanesque churches; nan",Internal (DS/OUV),,"Gallo-Roman times to 19th century (specifically Middle Ages, Renaissance, 15th–16th centuries)",Internal (DS/OUV),,"Gallo-Roman, Medieval French, Renaissance Western European",Internal (DS/OUV),,"(i) to represent a masterpiece of human creative genius; | (ii) to exhibit an important interchange of human values, over a span of time or within a cultural area of the world, on developments in architecture or technology, monumental arts, town-planning or landscape design; | (iv) to be an outstanding example of a type of building, architectural or technological ensemble or landscape which illustrates (a) significant stage(s) in human history;",3,Internal (DS/OUV),,Tufa and Slate,Internal (DS/OUV),,Sedimentary Rock,,,,,,Tufa (Tuffeau),Internal (DS/OUV),,,,,,,,,,,,,,,,,,,,Troglodyte sites (extracted local troglodyte cavities/quarries),Internal (DS/OUV),,France,Internal (DS/OUV),,Local,,,,,,"Building walls of châteaux, fortresses, abbeys, urban dwellings, ports, dyke systems",Internal (DS/OUV),,Architectural embellishments and Renaissance country house features,Internal (DS/OUV),,"Stonework (dykes/ports), troglodyte excavation, dressed stone masonry",Internal (DS/OUV),,,,,,,,"Regular maintenance, ongoing conservation works under Heritage Code",Internal (DS/OUV),,Excellent,,,Yes,,,,Tier 9: Unflagged,
1006,Neolithic Flint Mines at Spiennes (Mons),Belgium,https://whc.unesco.org/en/list/1006,2000.0,50.4201134823,3.9822689106,"Building, Monument, Plan, Structure; nan",,,Neolithic (from the last third of the 5th millennium until the first half of the 3rd millennium),Internal (DS/OUV),,Michelsberg culture,Internal (DS/OUV),,"(i) to represent a masterpiece of human creative genius; | (iii) to bear a unique or at least exceptional testimony to a cultural tradition or to a civilization which is living or which has disappeared; | (iv) to be an outstanding example of a type of building, architectural or technological ensemble or landscape which illustrates (a) significant stage(s) in human history;",3,Internal (DS/OUV),,"Chalk, Flint",Internal (DS/OUV),,Sedimentary Rock,,,,,,Flint,Internal (DS/OUV),,Flint nodules within chalk plateaux,Internal (DS/OUV),,Neolithic / Cretaceous chalk formations,Internal (DS/OUV),,Chalk plateaux to the south-east of the city of Mons,Internal (DS/OUV),,,,,,,,,,,Neolithic Flint Mines at Spiennes (Petit Spiennes / Camp à Cayaux),Internal (DS/OUV),,Belgium,Internal (DS/OUV),,Local,Internal (DS/OUV),,,,,"Production of tools, long blades, and axes to fell trees; underground galleries and vertical shafts",Internal (DS/OUV),,,,,"'Striking' technique (freeing from below with support of a central chalk wall, shoring up, and lowering)",Internal (DS/OUV),,,,,,,,Modern installations for comfort and security,Internal (DS/OUV),,Excellent,,,Yes,,,,Tier 9: Unflagged,
973,Bardejov Town Conservation Reserve,Slovakia,https://whc.unesco.org/en/list/973,2000.0,49.2927777778,21.2755555556,skipped; nan,,,,,,,,,"(i) to represent a masterpiece of human creative genius; | (iii) to bear a unique or at least exceptional testimony to a cultural tradition or to a civilization which is living or which has disappeared; | (v) to be an outstanding example of a traditional human settlement, land-use, or sea-use which is representative of a culture (or cultures), or human interaction with the environment especially when it has become vulnerable under the impact of irreversible change;",3,,,,,,,,,,,,,,,,,,,,,,,,,,,,,,,,,,,,,,,,,,,,,,,,,,,,,,,,,,,,,,,,,,No,,,,Tier 9: Unflagged,
1003,Longmen Grottoes,China,https://whc.unesco.org/en/list/1003,2000.0,34.46666667,112.4666667,"Layout, Plan, Tang Dynasty, Traditional; nan",Internal (DS/OUV),,Late 5th century to mid-8th century (Late Northern Wei & Tang Dynasties),Internal (DS/OUV),,Late Northern Wei Dynasty and Tang Dynasty,Internal (DS/OUV),,"(i) to represent a masterpiece of human creative genius; | (ii) to exhibit an important interchange of human values, over a span of time or within a cultural area of the world, on developments in architecture or technology, monumental arts, town-planning or landscape design; | (iii) to bear a unique or at least exceptional testimony to a cultural tradition or to a civilization which is living or which has disappeared;",3,Internal (DS/OUV),,Limestone,Internal (DS/OUV),,Sedimentary Rock,,,,,,,,,,,,,,,,,,,,,,,,,,,,,,,,,Local (Carved directly into steep limestone cliffs on-site),Internal (DS/OUV),,,,,"Rock-cut caves, niches, and stupas carved into steep cliffs",Internal (DS/OUV),,"Relief carvings, stone statues, steles, and inscriptions",Internal (DS/OUV),,Stone carving / Rock-cut architecture,Internal (DS/OUV),,,,,,,,"Environmental monitoring, conservation materials, and deterioration control measures under ""The Conservation Plan of the Longmen Grottoes""",Internal (DS/OUV),,Good,,,Yes,,,,Tier 9: Unflagged,
1004,Imperial Tombs of the Ming and Qing Dynasties,China,https://whc.unesco.org/en/list/1004,2000.0,41.70722222,124.7938889,skipped;; nan,,,,,,,,,"(i) to represent a masterpiece of human creative genius; | (ii) to exhibit an important interchange of human values, over a span of time or within a cultural area of the world, on developments in architecture or technology, monumental arts, town-planning or landscape design; | (iii) to bear a unique or at least exceptional testimony to a cultural tradition or to a civilization which is living or which has disappeared; | (iv) to be an outstanding example of a type of building, architectural or technological ensemble or landscape which illustrates (a) significant stage(s) in human history; | (vi) to be directly or tangibly associated with events or living traditions, with ideas, or with beliefs, with artistic and literary works of outstanding universal significance;",5,,,,,,,,,,,,,,,,,,,,,,,,,,,,,,,,,,,,,,,,,,,,,,,,,,,,,,,,,,,,,,,,,,No,,,,Tier 9: Unflagged,
965,Rietveld Schröderhuis (Rietveld Schröder House),Netherlands (Kingdom of the),https://whc.unesco.org/en/list/965,2000.0,52.0853333333,5.1475555556,skipped;; nan,,,,,,,,,"(i) to represent a masterpiece of human creative genius; | (ii) to exhibit an important interchange of human values, over a span of time or within a cultural area of the world, on developments in architecture or technology, monumental arts, town-planning or landscape design;",2,,,,,,,,,,,,,,,,,,,,,,,,,,,,,,,,,,,,,,,,,,,,,,,,,,,,,,,,,,,,,,,,,,No,,,,Tier 9: Unflagged,
986,Ciudad Universitaria de Caracas,Venezuela (Bolivarian Republic of),https://whc.unesco.org/en/list/986,2000.0,10.49073,-66.89068,skipped;; nan,,,,,,,,,"(i) to represent a masterpiece of human creative genius; | (iv) to be an outstanding example of a type of building, architectural or technological ensemble or landscape which illustrates (a) significant stage(s) in human history;",2,,,,,,,,,,,,,,,,,,,,,,,,,,,,,,,,,,,,,,,,,,,,,,,,,,,,,,,,,,,,,,,,,,No,,,,Tier 9: Unflagged,
907,Villa Adriana (Tivoli),Italy,https://whc.unesco.org/en/list/907,1999.0,41.94416667,12.77197222,Imperial Roman Classical Architecture; nan,Internal (DS/OUV),,"2nd century A.D. (117 – 138 A.D., reign of Emperor Hadrian)",Internal (DS/OUV),,Ancient Roman / Early Roman Empire,Internal (DS/OUV),,"(i) to represent a masterpiece of human creative genius; | (ii) to exhibit an important interchange of human values, over a span of time or within a cultural area of the world, on developments in architecture or technology, monumental arts, town-planning or landscape design; | (iii) to bear a unique or at least exceptional testimony to a cultural tradition or to a civilization which is living or which has disappeared;",3,Internal (DS/OUV),,"Cipollino Marble (Marmor Carystium), Granite, Marble, Travertine (Lapis Tiburtinus), Tufa",Internal (DS/OUV),,Metamorphic Rock,,,"Pavonazzetto, Porfido Rosso (Red Porphyry), Proconnesian Marble",,,,,,,,,,,,,,,Greenish-white with dark green bands (Cipollino); Grey/Pink/Red (Granite); Light beige to cream (Travertine),Internal (DS/OUV),,,,,,,,Euboea/Carystos quarries (Cipollino); Aswan quarries (Egyptian Granite); Tivoli / Barco quarries (Travertine & Tufa),Internal (DS/OUV),,"Italy (Local Travertine/Tufa), Greece (Cipollino Marble), Egypt (Granite)",Internal (DS/OUV),,Both: Travertine and Tufa are Local; Cipollino Marble and Egyptian Granite are Imported,Internal (DS/OUV),,,,,"Structural piers, load-bearing walls, foundations, and vaults (Tufa and Travertine); load-bearing columns (Travertine & Granite)",Internal (DS/OUV),,"Peristyle column shafts (Cipollino marble and Egyptian granite), floor pavements (opus sectile), wall revetments, porticos, and decorative statues",Internal (DS/OUV),,"Opus reticulatum, opus mixtum, opus testaceum (brick-faced concrete core), and opus quadratum (travertine ashlar block masonry)",Internal (DS/OUV),,"Atmospheric weathering, carbonate dissolution, biological growth, and material degradation from past exposure/neglect",Internal (DS/OUV),,,,,"Partial anastylosis, continuous consolidation, and structural preservation carried out under the Restoration Charter and the Italian Codice dei beni culturali e del Paesaggio",Internal (DS/OUV),,Good,Internal (DS/OUV),,Yes,"• ICOMOS Advisory Body Evaluation - Villa Adriana (Tivoli)


• Scientific studies on Roman building stone provenance published via the Italian Journal of Geosciences.",,,Tier 9: Unflagged,
899,Droogmakerij de Beemster (Beemster Polder),Netherlands (Kingdom of the),https://whc.unesco.org/en/list/899,1999.0,52.54888889,4.911111111,skipped; nan,,,,,,,,,"(i) to represent a masterpiece of human creative genius; | (ii) to exhibit an important interchange of human values, over a span of time or within a cultural area of the world, on developments in architecture or technology, monumental arts, town-planning or landscape design; | (iv) to be an outstanding example of a type of building, architectural or technological ensemble or landscape which illustrates (a) significant stage(s) in human history;",3,,,,,,,,,,,,,,,,,,,,,,,,,,,,,,,,,,,,,,,,,,,,,,,,,,,,,,,,,,,,,,,,,,No,,,,Tier 9: Unflagged,
913,Shrines and Temples of Nikko,Japan,https://whc.unesco.org/en/list/913,1999.0,36.7475,139.6105556,skipped; nan,,,,,,,,,"(i) to represent a masterpiece of human creative genius; | (iv) to be an outstanding example of a type of building, architectural or technological ensemble or landscape which illustrates (a) significant stage(s) in human history; | (vi) to be directly or tangibly associated with events or living traditions, with ideas, or with beliefs, with artistic and literary works of outstanding universal significance;",3,,,,,,,,,,,,,,,,,,,,,,,,,,,,,,,,,,,,,,,,,,,,,,,,,,,,,,,,,,,,,,,,,,No,,,,Tier 9: Unflagged,
929,San Cristóbal de La Laguna,Spain,https://whc.unesco.org/en/list/929,1999.0,28.47788889,-16.31177778,skipped; bp,,,,,,,,,"(i) to represent a masterpiece of human creative genius; | (ii) to exhibit an important interchange of human values, over a span of time or within a cultural area of the world, on developments in architecture or technology, monumental arts, town-planning or landscape design; | (v) to be an outstanding example of a traditional human settlement, land-use, or sea-use which is representative of a culture (or cultures), or human interaction with the environment especially when it has become vulnerable under the impact of irreversible change;",3,,,,,,,,,,,,,,,,,,,,,,,,,,,,,,,,,,,,,,,,,,,,,,,,,,,,,,,,,,,,,,,,,,No,,bp,bp,Tier 8: Moderate Probability Stone Fabric (Possible),
514,Heart of Neolithic Orkney,United Kingdom of Great Britain and Northern Ireland,https://whc.unesco.org/en/list/514,1999.0,58.99605556,-3.188666667,skipped; bvvvvhp,,,,,,,,,"(i) to represent a masterpiece of human creative genius; | (ii) to exhibit an important interchange of human values, over a span of time or within a cultural area of the world, on developments in architecture or technology, monumental arts, town-planning or landscape design; | (iii) to bear a unique or at least exceptional testimony to a cultural tradition or to a civilization which is living or which has disappeared; | (iv) to be an outstanding example of a type of building, architectural or technological ensemble or landscape which illustrates (a) significant stage(s) in human history;",4,,,,,,,,,,,,,,,,,,,,,,,,,,,,,,,,,,,,,,,,,,,,,,,,,,,,,,,,,,,,,,,,,,No,,bvvvvhp,bvvvvhp,Tier 3: Monumental Megalithic / Sanctuary Architecture (4-v Very Very Very High),
941,Archaeological Sites of Mycenae and Tiryns,Greece,https://whc.unesco.org/en/list/941,1999.0,37.73333333,22.75,skipped; bvvvhp,,,,,,,,,"(i) to represent a masterpiece of human creative genius; | (ii) to exhibit an important interchange of human values, over a span of time or within a cultural area of the world, on developments in architecture or technology, monumental arts, town-planning or landscape design; | (iii) to bear a unique or at least exceptional testimony to a cultural tradition or to a civilization which is living or which has disappeared; | (iv) to be an outstanding example of a type of building, architectural or technological ensemble or landscape which illustrates (a) significant stage(s) in human history; | (vi) to be directly or tangibly associated with events or living traditions, with ideas, or with beliefs, with artistic and literary works of outstanding universal significance;",5,,,,,,,,,,,,,,,,,,,,,,,,,,,,,,,,,,,,,,,,,,,,,,,,,,,,,,,,,,,,,,,,,,No,,bvvvhp,bvvvhp,Tier 4: Exceptional Stone Fortress / Cathedral / Mosque (3-v Very Very High),
912,Dazu Rock Carvings,China,https://whc.unesco.org/en/list/912,1999.0,29.70111,105.705,skipped; bvvvvhp,,,,,,,,,"(i) to represent a masterpiece of human creative genius; | (ii) to exhibit an important interchange of human values, over a span of time or within a cultural area of the world, on developments in architecture or technology, monumental arts, town-planning or landscape design; | (iii) to bear a unique or at least exceptional testimony to a cultural tradition or to a civilization which is living or which has disappeared;",3,,,,,,,,,,,,,,,,,,,,,,,,,,,,,,,,,,,,,,,,,,,,,,,,,,,,,,,,,,,,,,,,,,No,,bvvvvhp,bvvvvhp,Tier 3: Monumental Megalithic / Sanctuary Architecture (4-v Very Very Very High),
867,Ir.D.F. Woudagemaal (D.F. Wouda Steam Pumping Station),Netherlands (Kingdom of the),https://whc.unesco.org/en/list/867,1998.0,52.84583,5.67889,skipped; nan,,,,,,,,,"(i) to represent a masterpiece of human creative genius; | (ii) to exhibit an important interchange of human values, over a span of time or within a cultural area of the world, on developments in architecture or technology, monumental arts, town-planning or landscape design; | (iv) to be an outstanding example of a type of building, architectural or technological ensemble or landscape which illustrates (a) significant stage(s) in human history;",3,,,,,,,,,,,,,,,,,,,,,,,,,,,,,,,,,,,,,,,,,,,,,,,,,,,,,,,,,,,,,,,,,,,,,,Tier 9: Unflagged,
880,"Summer Palace, an Imperial Garden in Beijing",China,https://whc.unesco.org/en/list/880,1998.0,39.91055556,116.1411111,skipped; nan,,,,,,,,,"(i) to represent a masterpiece of human creative genius; | (ii) to exhibit an important interchange of human values, over a span of time or within a cultural area of the world, on developments in architecture or technology, monumental arts, town-planning or landscape design; | (iii) to bear a unique or at least exceptional testimony to a cultural tradition or to a civilization which is living or which has disappeared;",3,,,,,,,,,,,,,,,,,,,,,,,,,,,,,,,,,,,,,,,,,,,,,,,,,,,,,,,,,,,,,,,,,,No,,,,Tier 9: Unflagged,
881,Temple of Heaven: an Imperial Sacrificial Altar in Beijing,China,https://whc.unesco.org/en/list/881,1998.0,39.84555556,116.4447222,skipped; bp,,,,,,,,,"(i) to represent a masterpiece of human creative genius; | (ii) to exhibit an important interchange of human values, over a span of time or within a cultural area of the world, on developments in architecture or technology, monumental arts, town-planning or landscape design; | (iii) to bear a unique or at least exceptional testimony to a cultural tradition or to a civilization which is living or which has disappeared;",3,,,,,,,,,,,,,,,,,,,,,,,,,,,,,,,,,,,,,,,,,,,,,,,,,,,,,,,,,,,,,,,,,,No,,bp,bp,Tier 8: Moderate Probability Stone Fabric (Possible),
866,Prehistoric Rock Art Sites in the Côa Valley and Siega Verde,"Portugal,Spain",https://whc.unesco.org/en/list/866,1998.0,40.6975,-6.6611111111,Open-air rock art ensemble,Internal (DS/OUV),,"Upper Palaeolithic to final Magdalenian/Epipalaeolithic (22,000 – 8,000 BCE)",Internal (DS/OUV),,Prehistoric / Palaeolithic,Internal (DS/OUV),,(i) to represent a masterpiece of human creative genius; | (iii) to bear a unique or at least exceptional testimony to a cultural tradition or to a civilization which is living or which has disappeared;,2,Internal (DS/OUV),,"Rock (specifically described as ""rocky cliffs"" and ""rock surfaces"")",Internal (DS/OUV),,,,,,,,,,,,,,,,,,,,,,,,,,,,,,,,"Portugal, Spain (In-situ location)",Internal (DS/OUV),,Local / In-situ,Internal (DS/OUV),,,,,Natural rock surfaces used as panels/canvas,Internal (DS/OUV),,Carved and engraved with thousands of animal figures,Internal (DS/OUV),,Rock engraving and carving,Internal (DS/OUV),,Fluvial erosion (noted as the process that originally carved the cliffs),Internal (DS/OUV),,,,,,,,Good,,,Yes,,,,,
827,"Cathedral, Torre Civica and Piazza Grande, Modena",Italy,https://whc.unesco.org/en/list/827,1997.0,44.64624,10.92568,"Cathedral, Bell Tower (""Ghirlandina""), Civic Square; nan",Internal (DS/OUV),,1099 – 1319 AD,Internal (DS/OUV),,1099 – 1319 AD,Internal (DS/OUV),,"(i) to represent a masterpiece of human creative genius; | (ii) to exhibit an important interchange of human values, over a span of time or within a cultural area of the world, on developments in architecture or technology, monumental arts, town-planning or landscape design; | (iii) to bear a unique or at least exceptional testimony to a cultural tradition or to a civilization which is living or which has disappeared; | (iv) to be an outstanding example of a type of building, architectural or technological ensemble or landscape which illustrates (a) significant stage(s) in human history;",4,Internal (DS/OUV),,,,,,,,,,,,,,,,,,,,,,,,,,,,,,,,Reused ancient Roman architectural remains (Mutina ruins),Internal (DS/OUV),,Italy,Internal (DS/OUV),,Local reuse (spolia from ancient Roman sites in Modena),Internal (DS/OUV),,,,,,,,"Relief sculptures (Wiligelmo), exterior wall reliefs, internal capitals, metopes",Internal (DS/OUV),,Ashlar stone cladding over brick/masonry core; Roman stone reuse,Internal (DS/OUV),,"Stone deterioration, environmental pollution, micro-cracks from seismic shaking",Internal (DS/OUV),,Replacement of eight original metopes with copies (originals moved to museum),Internal (DS/OUV),,"Post-WWII conservative restoration, 1950s crypt restoration, 1970s–1980s stone deterioration repairs, post-1996 and 2012 seismic interventions",Internal (DS/OUV),,Excellent,Internal (DS/OUV),,No,UNESCO Dossier & ICOMOS Document Links,,,Tier 9: Unflagged,
549,"18th-Century Royal Palace at Caserta with the Park, the Aqueduct of Vanvitelli, and the San Leucio Complex",Italy,https://whc.unesco.org/en/list/549,1997.0,41.07333,14.32639,skipped; nan,,,,,,,,,"(i) to represent a masterpiece of human creative genius; | (ii) to exhibit an important interchange of human values, over a span of time or within a cultural area of the world, on developments in architecture or technology, monumental arts, town-planning or landscape design; | (iii) to bear a unique or at least exceptional testimony to a cultural tradition or to a civilization which is living or which has disappeared; | (iv) to be an outstanding example of a type of building, architectural or technological ensemble or landscape which illustrates (a) significant stage(s) in human history;",4,,,,,,,,,,,,,,,,,,,,,,,,,,,,,,,,,,,,,,,,,,,,,,,,,,,,,,,,,,,,,,,,,,,,,,Tier 9: Unflagged,
804,"Palau de la Música Catalana and Hospital de Sant Pau, Barcelona",Spain,https://whc.unesco.org/en/list/804,1997.0,41.38778,2.175,skipped; promising; nan,,,,,,,,,"(i) to represent a masterpiece of human creative genius; | (ii) to exhibit an important interchange of human values, over a span of time or within a cultural area of the world, on developments in architecture or technology, monumental arts, town-planning or landscape design; | (iv) to be an outstanding example of a type of building, architectural or technological ensemble or landscape which illustrates (a) significant stage(s) in human history;",3,,,,,,,,,,,,,,,,,,,,,,,,,,,,,,,,,,,,,,,,,,,,,,,,,,,,,,,,,,,,,,,,,,,,,,Tier 9: Unflagged,
818,Mill Network at Kinderdijk-Elshout,Netherlands (Kingdom of the),https://whc.unesco.org/en/list/818,1997.0,51.8825,4.649444444,skipped; nan,,,,,,,,,"(i) to represent a masterpiece of human creative genius; | (ii) to exhibit an important interchange of human values, over a span of time or within a cultural area of the world, on developments in architecture or technology, monumental arts, town-planning or landscape design; | (iv) to be an outstanding example of a type of building, architectural or technological ensemble or landscape which illustrates (a) significant stage(s) in human history;",3,,,,,,,,,,,,,,,,,,,,,,,,,,,,,,,,,,,,,,,,,,,,,,,,,,,,,,,,,,,,,,,,,,No,,,,Tier 9: Unflagged,
832,Villa Romana del Casale,Italy,https://whc.unesco.org/en/list/832,1997.0,37.36611,14.33417,OUV Absent; nan,,,,,,,,,"(i) to represent a masterpiece of human creative genius; | (ii) to exhibit an important interchange of human values, over a span of time or within a cultural area of the world, on developments in architecture or technology, monumental arts, town-planning or landscape design; | (iii) to bear a unique or at least exceptional testimony to a cultural tradition or to a civilization which is living or which has disappeared;",3,,,,,,,,,,,,,,,,,,,,,,,,,,,,,,,,,,,,,,,,,,,,,,,,,,,,,,,,,,,,,,,,,,No,,,,Tier 9: Unflagged,
795,Maritime Greenwich,United Kingdom of Great Britain and Northern Ireland,https://whc.unesco.org/en/list/795,1997.0,51.4811666667,-0.0037777778,"Ensemble of Baroque, Palladian, and Classical buildings, including a Royal Palace, Naval College, Chapel, Observatory, and Royal Park.; nan",Internal (DS/OUV),,"17th and 18th centuries (e.g., St Alphege’s church rebuilt 1712–14; Royal Observatory founded 1675).",Internal (DS/OUV),,British / European (Royal Kingdom of Great Britain).,Internal (DS/OUV),,"(i) to represent a masterpiece of human creative genius; | (ii) to exhibit an important interchange of human values, over a span of time or within a cultural area of the world, on developments in architecture or technology, monumental arts, town-planning or landscape design; | (iv) to be an outstanding example of a type of building, architectural or technological ensemble or landscape which illustrates (a) significant stage(s) in human history; | (vi) to be directly or tangibly associated with events or living traditions, with ideas, or with beliefs, with artistic and literary works of outstanding universal significance;",4,Internal (DS/OUV),,Slate,Internal (DS/OUV),,Metamorphic Rock,Internal (DS/OUV),,,,,,,,,,,,,,,,,,,,,,,,,,,,,,,,,,,,,,Roofing material (slate roofs on town terraces).,Internal (DS/OUV),,Stucco finishes (stuccoed terraces).,Internal (DS/OUV),,Stuccoed masonry and slated roofing.,Internal (DS/OUV),,,,,,,,"Ongoing detailed landscape maintenance, urban pattern restoration, and coordinated building conservation plans.",,,Good,,,Yes,,,,Tier 9: Unflagged,
823,Residences of the Royal House of Savoy,Italy,https://whc.unesco.org/en/list/823,1997.0,45.07253,7.68572,skipped; nan,,,,,,,,,"(i) to represent a masterpiece of human creative genius; | (ii) to exhibit an important interchange of human values, over a span of time or within a cultural area of the world, on developments in architecture or technology, monumental arts, town-planning or landscape design; | (iv) to be an outstanding example of a type of building, architectural or technological ensemble or landscape which illustrates (a) significant stage(s) in human history; | (v) to be an outstanding example of a traditional human settlement, land-use, or sea-use which is representative of a culture (or cultures), or human interaction with the environment especially when it has become vulnerable under the impact of irreversible change;",4,,,,,,,,,,,,,,,,,,,,,,,,,,,,,,,,,,,,,,,,,,,,,,,,,,,,,,,,,,,,,,,,,,,,,,Tier 9: Unflagged,
852,Historic Centre of Riga,Latvia,https://whc.unesco.org/en/list/852,1997.0,56.95417,24.11667,skipped; but promissed; nan,,,,,,,,,"(i) to represent a masterpiece of human creative genius; | (ii) to exhibit an important interchange of human values, over a span of time or within a cultural area of the world, on developments in architecture or technology, monumental arts, town-planning or landscape design;",2,,,,,,,,,,,,,,,,,,,,,,,,,,,,,,,,,,,,,,,,,,,,,,,,,,,,,,,,,,,,,,,,,,No,,,,Tier 9: Unflagged,
833,Su Nuraxi di Barumini,Italy,https://whc.unesco.org/en/list/833,1997.0,39.70583333,8.991388889,skipped; but very highly promised; nan,,,,,,,,,"(i) to represent a masterpiece of human creative genius; | (iii) to bear a unique or at least exceptional testimony to a cultural tradition or to a civilization which is living or which has disappeared; | (iv) to be an outstanding example of a type of building, architectural or technological ensemble or landscape which illustrates (a) significant stage(s) in human history;",3,,,,,,,,,,,,,,,,,,,,,,,,,,,,,,,,,,,,,,,,,,,,,,,,,,,,,,,,,,,,,,,,,,No,,,,Tier 9: Unflagged,
815,"Hospicio Cabañas, Guadalajara",Mexico,https://whc.unesco.org/en/list/815,1997.0,20.676888,-103.337798,skipped; promising; nan,,,,,,,,,"(i) to represent a masterpiece of human creative genius; | (ii) to exhibit an important interchange of human values, over a span of time or within a cultural area of the world, on developments in architecture or technology, monumental arts, town-planning or landscape design; | (iii) to bear a unique or at least exceptional testimony to a cultural tradition or to a civilization which is living or which has disappeared; | (iv) to be an outstanding example of a type of building, architectural or technological ensemble or landscape which illustrates (a) significant stage(s) in human history;",4,,,,,,,,,,,,,,,,,,,,,,,,,,,,,,,,,,,,,,,,,,,,,,,,,,,,,,,,,,,,,,,,,,No,,,,Tier 9: Unflagged,
803,Las Médulas,Spain,https://whc.unesco.org/en/list/803,1997.0,42.46939,-6.77075,"Indigenous, Vernacular, Monument; nan",Internal (DS/OUV),,1st century AD to early 3rd century AD (Roman Imperial period),Internal (DS/OUV),,Roman Imperial,Internal (DS/OUV),,"(i) to represent a masterpiece of human creative genius; | (ii) to exhibit an important interchange of human values, over a span of time or within a cultural area of the world, on developments in architecture or technology, monumental arts, town-planning or landscape design; | (iii) to bear a unique or at least exceptional testimony to a cultural tradition or to a civilization which is living or which has disappeared; | (v) to be an outstanding example of a traditional human settlement, land-use, or sea-use which is representative of a culture (or cultures), or human interaction with the environment especially when it has become vulnerable under the impact of irreversible change;",4,Internal (DS/OUV),,Conglomerate (Auriferous conglomerate),Internal (DS/OUV),,Sedimentary Rock,,,,,,,,,Auriferous / Friable conglomerate,Internal (DS/OUV),,,,,Sterile strata / Auriferous conglomerate layers,Internal (DS/OUV),,,,,Friable,Internal (DS/OUV),,Gold (auriferous deposits),Internal (DS/OUV),,In-situ mining site (Las Médulas main pit / La Frisga pit),Internal (DS/OUV),,Spain,Internal (DS/OUV),,Local,Internal (DS/OUV),,,,,"Foundation, Hydraulic canals / gravity canals, dams, galleries, conduits",Internal (DS/OUV),,,,,"Cut/carved gravity canals, hydraulic mining (ruina montium)",Internal (DS/OUV),,,,,,,,Short sections of water channels cleared; site conserved organically as a natural/historic monument,Internal (DS/OUV),,Excellent,,,Yes,,,,Tier 9: Unflagged,
813,Classical Gardens of Suzhou,China,https://whc.unesco.org/en/list/813,1997.0,31.31666667,120.45,skipped;; nan,,,,,,,,,"(i) to represent a masterpiece of human creative genius; | (ii) to exhibit an important interchange of human values, over a span of time or within a cultural area of the world, on developments in architecture or technology, monumental arts, town-planning or landscape design; | (iii) to bear a unique or at least exceptional testimony to a cultural tradition or to a civilization which is living or which has disappeared; | (iv) to be an outstanding example of a type of building, architectural or technological ensemble or landscape which illustrates (a) significant stage(s) in human history; | (v) to be an outstanding example of a traditional human settlement, land-use, or sea-use which is representative of a culture (or cultures), or human interaction with the environment especially when it has become vulnerable under the impact of irreversible change;",5,,,,,,,,,,,,,,,,,,,,,,,,,,,,,,,,,,,,,,,,,,,,,,,,,,,,,,,,,,,,,,,,,,No,,,,Tier 9: Unflagged,
831,Archaeological Area of Agrigento,Italy,https://whc.unesco.org/en/list/831,1997.0,37.28972222,13.59333333,skipped; bvvvvhp,,,,,,,,,"(i) to represent a masterpiece of human creative genius; | (ii) to exhibit an important interchange of human values, over a span of time or within a cultural area of the world, on developments in architecture or technology, monumental arts, town-planning or landscape design; | (iii) to bear a unique or at least exceptional testimony to a cultural tradition or to a civilization which is living or which has disappeared; | (iv) to be an outstanding example of a type of building, architectural or technological ensemble or landscape which illustrates (a) significant stage(s) in human history;",4,,,,,,,,,,,,,,,,,,,,,,,,,,,,,,,,,,,,,,,,,,,,,,,,,,,,,,,,,,,,,,,,,,No,,bvvvvhp,bvvvvhp,Tier 3: Monumental Megalithic / Sanctuary Architecture (4-v Very Very Very High),
788,Early Christian Monuments of Ravenna,Italy,https://whc.unesco.org/en/list/788,1996.0,44.42041667,12.19625,Early Christian / Byzantine Monuments; nan,Internal (DS/OUV),,5th – 6th Century AD,Internal (DS/OUV),,Late Roman / Early Christian / Byzantine,Internal (DS/OUV),,"(i) to represent a masterpiece of human creative genius; | (ii) to exhibit an important interchange of human values, over a span of time or within a cultural area of the world, on developments in architecture or technology, monumental arts, town-planning or landscape design; | (iii) to bear a unique or at least exceptional testimony to a cultural tradition or to a civilization which is living or which has disappeared; | (iv) to be an outstanding example of a type of building, architectural or technological ensemble or landscape which illustrates (a) significant stage(s) in human history;",4,Internal (DS/OUV),,"Istrian Stone (Pietra d'Istria), Marble",Internal (DS/OUV),,Sedimentary Rock,Internal (DS/OUV),,"Proconnesian Marble, Greek Marbles, Porphyry",Internal (DS/OUV),,Pietra d'Istria,Internal (DS/OUV),,Microcrystalline Limestone (Istrian Stone); Crystalline Marble; Igneous Porphyry,Internal (DS/OUV),,Cretaceous (for Istrian Limestone),,,,,,"White/Pale Grey (Istrian Stone), Polychrome (Marble), Deep Red/Purple (Porphyry)",Internal (DS/OUV),,"Fine-grained / Compact (Istrian Stone), Crystalline (Marble)",Internal (DS/OUV),,Calcite (Limestone / Marble),Internal (DS/OUV),,Istria Quarries (Coastal Istrian Peninsula),Internal (DS/OUV),,Croatia / Slovenia (Historic Istrian Region),Internal (DS/OUV),,Imported,Internal (DS/OUV),,~400 km (maritime across/around the Adriatic Sea),Internal (DS/OUV),,"Heavy ashlar wall masonry (opus quadratum), load-bearing piers, monolithic cupola roof dome (Mausoleum of Theodoric)",Internal (DS/OUV),,"Interior column capitals, wall revetments, sarcophagi / burial tub",Internal (DS/OUV),,"Opus quadratum (dressed stone blocks without mortar for the Mausoleum of Theodoric), fine brickwork for basilicas",Internal (DS/OUV),,,,,,,,,,,Good,,,Yes,,,,Tier 9: Unflagged,
789,Historic Centre of the City of Pienza,Italy,https://whc.unesco.org/en/list/789,1996.0,43.07694444,11.67861111,"Italian Renaissance, Late Gothic (interior of Cathedral); nan",Internal (DS/OUV),,Late 15th Century (began in 1459 under Pope Pius II),Internal (DS/OUV),,Italian Renaissance / Western Christian,Internal (DS/OUV),,"(i) to represent a masterpiece of human creative genius; | (ii) to exhibit an important interchange of human values, over a span of time or within a cultural area of the world, on developments in architecture or technology, monumental arts, town-planning or landscape design; | (iv) to be an outstanding example of a type of building, architectural or technological ensemble or landscape which illustrates (a) significant stage(s) in human history;",3,Internal (DS/OUV),,Travertine,,,Sedimentary Rock,,,,,,,,,,,,,,,,,,,,,,,, NA,,,,,,,,,,,,,,,"Load-bearing walls, columns, bell tower foundation, framing",Internal (DS/OUV),,"Herringbone square paving, facade details, capitals, mouldings",Internal (DS/OUV),,"Ashlar masonry, carved stone framing, herringbone paving",Internal (DS/OUV),,,,,,,,Programs ongoing since early 20th century in accordance with Restoration Charters,Internal (DS/OUV),,Good,Internal (DS/OUV),,Yes,https://www.mdpi.com/2571-9408/7/1/17,,,Tier 9: Unflagged,
292,Cologne Cathedral,Germany,https://whc.unesco.org/en/list/292,1996.0,50.94111111,6.957222222,"Gothic, High Gothic, Romanesque; nan",Internal (DS/OUV),,"Begun in 1248, completed in 1880 (with western section/nave/transept begun in 1330)",Internal (DS/OUV),,European Christianity,Internal (DS/OUV),,"(i) to represent a masterpiece of human creative genius; | (ii) to exhibit an important interchange of human values, over a span of time or within a cultural area of the world, on developments in architecture or technology, monumental arts, town-planning or landscape design; | (iv) to be an outstanding example of a type of building, architectural or technological ensemble or landscape which illustrates (a) significant stage(s) in human history;",3,Internal (DS/OUV),,Limestone,Internal (DS/OUV),,Sedimentary Rock,,,,,,,,,,,,,,,,,,Black (referring to the high altar limestone slab),Internal (DS/OUV),,,,,,,,,,,,,,,,,,,,High altar slab (monolithic slab),Internal (DS/OUV),,Liturgical appointments / High altar slab,Internal (DS/OUV),,Medieval forms and techniques,Internal (DS/OUV),,,,,,,,"Maintenance, conservation, and restoration in the medieval tradition by Cathedral Workshop",,,Good,,,Yes,,,,Tier 9: Unflagged,
782,La Lonja de la Seda de Valencia,Spain,https://whc.unesco.org/en/list/782,1996.0,39.47441667,-0.378444444,Flamboyant Gothic / Late Gothic; nan,Internal (DS/OUV),,1482–1533 (Built from 1483; 15th and 16th centuries),Internal (DS/OUV),,Iberian Peninsula / Valencia City,Internal (DS/OUV),,"(i) to represent a masterpiece of human creative genius; | (iv) to be an outstanding example of a type of building, architectural or technological ensemble or landscape which illustrates (a) significant stage(s) in human history;",2,Internal (DS/OUV),,Marble,Internal (DS/OUV),,Metamorphic Rock,,,,,,Alcublas marble,Internal (DS/OUV),,,,,,,,,,,Different colours (in floor paving),Internal (DS/OUV),,,,,,,,Alcublas,Internal (DS/OUV),,Spain,Internal (DS/OUV),,Local / Regional,Internal (DS/OUV),,,,,"Twisted columns, helical pillars, cross vaults, walls, tower, all in freestone",Internal (DS/OUV),,"Paved floor (Alcublas marble), grotesque gargoyles, carved decoration, richly decorated sills and lintels, portrait medallions",Internal (DS/OUV),,Freestone ashlar / helical masonry,Internal (DS/OUV),,,,,,,,Stucco decoration added in 1832; repair of roofs in 1891–1920; raising of the tower with crenelations reproducing original style; recent meticulous restoration,Internal (DS/OUV),,Good,,,Yes,,,,Tier 9: Unflagged,
791,Pre-Hispanic Town of Uxmal,Mexico,https://whc.unesco.org/en/list/791,1996.0,20.36166667,-89.77027778,skipped; highly promising; nan,,,,,,,,,"(i) to represent a masterpiece of human creative genius; | (ii) to exhibit an important interchange of human values, over a span of time or within a cultural area of the world, on developments in architecture or technology, monumental arts, town-planning or landscape design; | (iii) to bear a unique or at least exceptional testimony to a cultural tradition or to a civilization which is living or which has disappeared;",3,,,,,,,,,,,,,,,,,,,,,,,,,,,,,,,,,,,,,,,,,,,,,,,,,,,,,,,,,,,,,,,,,,No,,,,Tier 9: Unflagged,
786,Palace and Gardens of Schönbrunn,Austria,https://whc.unesco.org/en/list/786,1996.0,48.18666667,16.31333333,skipped;; nan,,,,,,,,,"(i) to represent a masterpiece of human creative genius; | (iv) to be an outstanding example of a type of building, architectural or technological ensemble or landscape which illustrates (a) significant stage(s) in human history;",2,,,,,,,,,,,,,,,,,,,,,,,,,,,,,,,,,,,,,,,,,,,,,,,,,,,,,,,,,,,,,,,,,,No,,,,Tier 9: Unflagged,
770,Canal du Midi,France,https://whc.unesco.org/en/list/770,1996.0,43.61138889,1.416388889,skipped;; nan,,,,,,,,,"(i) to represent a masterpiece of human creative genius; | (ii) to exhibit an important interchange of human values, over a span of time or within a cultural area of the world, on developments in architecture or technology, monumental arts, town-planning or landscape design; | (iv) to be an outstanding example of a type of building, architectural or technological ensemble or landscape which illustrates (a) significant stage(s) in human history; | (vi) to be directly or tangibly associated with events or living traditions, with ideas, or with beliefs, with artistic and literary works of outstanding universal significance;",4,,,,,,,,,,,,,,,,,,,,,,,,,,,,,,,,,,,,,,,,,,,,,,,,,,,,,,,,,,,,,,,,,,No,,,,Tier 9: Unflagged,
776,Itsukushima Shinto Shrine,Japan,https://whc.unesco.org/en/list/776,1996.0,34.29441667,132.3246389,skipped;; nan,,,,,,,,,"(i) to represent a masterpiece of human creative genius; | (ii) to exhibit an important interchange of human values, over a span of time or within a cultural area of the world, on developments in architecture or technology, monumental arts, town-planning or landscape design; | (iv) to be an outstanding example of a type of building, architectural or technological ensemble or landscape which illustrates (a) significant stage(s) in human history; | (vi) to be directly or tangibly associated with events or living traditions, with ideas, or with beliefs, with artistic and literary works of outstanding universal significance;",4,,,,,,,,,,,,,,,,,,,,,,,,,,,,,,,,,,,,,,,,,,,,,,,,,,,,,,,,,,,,,,,,,,No,,,,Tier 9: Unflagged,
398,Castel del Monte,Italy,https://whc.unesco.org/en/list/398,1996.0,41.08480556,16.27094444,"Medieval military architecture (a blend of classical antiquity, Islamic Orient, and north European Cistercian Gothic).; nan",Internal (DS/OUV),,Completed in 1240 (13th century).,Internal (DS/OUV),,Holy Roman Empire / Germanic Emperor (Emperor Frederick II of Hohenstaufen).,Internal (DS/OUV),,"(i) to represent a masterpiece of human creative genius; | (ii) to exhibit an important interchange of human values, over a span of time or within a cultural area of the world, on developments in architecture or technology, monumental arts, town-planning or landscape design; | (iii) to bear a unique or at least exceptional testimony to a cultural tradition or to a civilization which is living or which has disappeared;",3,Internal (DS/OUV),,"Limestone, Marble.",Internal (DS/OUV),,Sedimentary Rock,Internal (DS/OUV),,Mosaic interior decorative elements (materials decayed/removed).,Internal (DS/OUV),,,,,"Limestone (exterior blocks), Marble (interior elements).",Internal (DS/OUV),,,,,,,,,,,,,,,,,,,,,,,,,,,,,"Exterior block construction (limestone), octagonal towers, walls, octagonal plan.",Internal (DS/OUV),,"Interior decorative elements, floorings/walls (marble and mosaic).",Internal (DS/OUV),,Exterior limestone block masonry construction.,Internal (DS/OUV),,Degradation and removal/decay of interior marble and mosaic decorations.,Internal (DS/OUV),,,,,Good quality conservation work consistent with Italian standards carried out since 1878.,Internal (DS/OUV),,Good,,,Yes,,,,Tier 9: Unflagged,
780,Archaeological Site of Aigai (modern name Vergina),Greece,https://whc.unesco.org/en/list/780,1996.0,40.47139,22.31833,skipped; bvvvhp,,,,,,,,,(i) to represent a masterpiece of human creative genius; | (iii) to bear a unique or at least exceptional testimony to a cultural tradition or to a civilization which is living or which has disappeared;,2,,,,,,,,,,,,,,,,,,,,,,,,,,,,,,,,,,,,,,,,,,,,,,,,,,,,,,,,,,,,,,,,,,No,,bvvvhp,bvvvhp,Tier 4: Exceptional Stone Fortress / Cathedral / Mosque (3-v Very Very High),
763,Lednice-Valtice Cultural Landscape,Czechia,https://whc.unesco.org/en/list/763,1996.0,48.77583,16.775,skipped; bp,,,,,,,,,"(i) to represent a masterpiece of human creative genius; | (ii) to exhibit an important interchange of human values, over a span of time or within a cultural area of the world, on developments in architecture or technology, monumental arts, town-planning or landscape design; | (iv) to be an outstanding example of a type of building, architectural or technological ensemble or landscape which illustrates (a) significant stage(s) in human history;",3,,,,,,,,,,,,,,,,,,,,,,,,,,,,,,,,,,,,,,,,,,,,,,,,,,,,,,,,,,,,,,,,,,No,,bp,bp,Tier 8: Moderate Probability Stone Fabric (Possible),
228,"Historic Centre of Avignon: Papal Palace, Episcopal Ensemble and Avignon Bridge",France,https://whc.unesco.org/en/list/228,1995.0,43.95277778,4.806111111,"Gothic, Romanesque, Baroque; nan",Internal (DS/OUV),,12th to 14th/15th Century (1150–1377 AD),Internal (DS/OUV),,Medieval Christian Europe / Avignon Papacy,Internal (DS/OUV),,"(i) to represent a masterpiece of human creative genius; | (ii) to exhibit an important interchange of human values, over a span of time or within a cultural area of the world, on developments in architecture or technology, monumental arts, town-planning or landscape design; | (iv) to be an outstanding example of a type of building, architectural or technological ensemble or landscape which illustrates (a) significant stage(s) in human history;",3,Internal (DS/OUV),,,,,,,,,,,,,,,,,,,,,,,,,,,,,,,,,,,,,,,,,,,,"Heavy vaults, flying buttresses, arches, piers, towers (Trouillas Tower), ramparts",Internal (DS/OUV),,"Frescoes (Simone Martini, Matteo Giovanetti), carved Gothic chapels, monumental portals",Internal (DS/OUV),,,Internal (DS/OUV),,,,,,,,"20th-century restoration campaigns, fresco stabilization, structural wall rebuilding",Internal (DS/OUV),,Good,Internal (DS/OUV),,No,,,,Tier 9: Unflagged,
736,Seokguram Grotto and Bulguksa Temple,Republic of Korea,https://whc.unesco.org/en/list/736,1995.0,35.791498,129.349029,Buddhist Religious Architectural Complex / Artificial Stone Grotto & Wooden Temple on Stone Terraces; nan,Internal (DS/OUV),,8th Century (Built circa 751–774 CE),Internal (DS/OUV),,Silla Kingdom (Silla Dynasty),Internal (DS/OUV),,"(i) to represent a masterpiece of human creative genius; | (iv) to be an outstanding example of a type of building, architectural or technological ensemble or landscape which illustrates (a) significant stage(s) in human history;",2,Internal (DS/OUV),,"Granite, White Granite",,,,Internal (DS/OUV),,,,,,,,,,,,,,,,,"Light gray to off-white (""White Granite"")",Internal (DS/OUV),,Equigranular to porphyritic masonry blocks and reliefs,Internal (DS/OUV),,,,,Mount Toham (Mount Tohamsan) quarries,Internal (DS/OUV),,Republic of Korea,Internal (DS/OUV),,Local (sourced directly from Mount Tohamsan),Internal (DS/OUV),,Short distance / Local site extraction (< 5 km),External,Inferred from Mount Toham location,"Artificial domed grotto, stone foundations, raised terraces, steps, and pagodas (Seokgatap and Dabotap)",Internal (DS/OUV),,"Monumental Buddha statue, high and low relief carvings (devas, bodhisattvas, disciples, guardians)",Internal (DS/OUV),,Dry-laid fine granite masonry; innovative dome construction using over 360 stone slabs and locking stones,Internal (DS/OUV),,"Moisture and condensation, mold/mildew/moss growth, acid rain, salty fogs, and atmospheric weathering",Internal (DS/OUV),,Concrete (used during 1913–1915 and 1960s restorations for protective outer domes),Internal (DS/OUV),,1913–1915 dismantle & concrete dome construction; 1960s dual concrete dome addition; wooden antechamber & glass barrier installation,Internal (DS/OUV),,Moderate,Internal (DS/OUV),,Yes,Official UNESCO World Heritage Dossier #736; ICOMOS Advisory Body Evaluation Document,,,Tier 9: Unflagged,
717,Historic Centre of Siena,Italy,https://whc.unesco.org/en/list/717,1995.0,43.31861111,11.33166667,skipped; nan,,,,,,,,,"(i) to represent a masterpiece of human creative genius; | (ii) to exhibit an important interchange of human values, over a span of time or within a cultural area of the world, on developments in architecture or technology, monumental arts, town-planning or landscape design; | (iv) to be an outstanding example of a type of building, architectural or technological ensemble or landscape which illustrates (a) significant stage(s) in human history;",3,,,,,,,,,,,,,,,,,,,,,,,,,,,,,,,,,,,,,,,,,,,,,,,,,,,,,,,,,,,,,,,,,,,,,,Tier 9: Unflagged,
715,Rapa Nui National Park,Chile,https://whc.unesco.org/en/list/715,1995.0,-27.074403,-109.365683,Monumental sculpture and architecture; shrines; ahu (ceremonial platforms); moai (colossal stone statues); semi-subterranean stone-houses (elliptical floor plans); housing and productive structures.; nan,Internal (DS/OUV),,c. A.D. 300 (initial settlement); 10th to 16th century / 11th to 17th centuries (major building and sculpting period).,Internal (DS/OUV),,Rapa Nui (Polynesian origin).,Internal (DS/OUV),,"(i) to represent a masterpiece of human creative genius; | (iii) to bear a unique or at least exceptional testimony to a cultural tradition or to a civilization which is living or which has disappeared; | (v) to be an outstanding example of a traditional human settlement, land-use, or sea-use which is representative of a culture (or cultures), or human interaction with the environment especially when it has become vulnerable under the impact of irreversible change;",3,Internal (DS/OUV),,"Basalt, Lava, Tuff (yellow–brown lava tuff).",Internal (DS/OUV),,Igneous Rock,,,"Red stone (used for moai headdresses / pukao); hard basalt (used for picks/toki); beach pebbles (rounded, used for ramp paving).",Internal (DS/OUV),,toki (hard basalt picks); pukao (red stone headdresses - implied context).,Internal (DS/OUV),,,,,,,,"Volcanic lava, tuff, volcanic formations (Rano Raraku, Rano Kau volcano).",Internal (DS/OUV),,Yellow–brown (lava tuff); Red (stone headdresses).,Internal (DS/OUV),,,,,,,,Rano Raraku (and others).,Internal (DS/OUV),,Chile (Easter Island / Rapa Nui).,Internal (DS/OUV),,Local (quarried and extracted on the island).,Internal (DS/OUV),,,,,"ahu (ceremonial platform structures filled with rubble, raised rectangular platform of large worked stones); semi-subterranean stone houses; housing and productive structures.",Internal (DS/OUV),,moai statues (colossal statues representing ancestors); red stone headdresses (pukao); petroglyphs and pictographs (rock art).,Internal (DS/OUV),,Carved from tuff using hard basalt picks (toki); lowered down slopes into dug holes; raised rectangular platforms of large worked stones; re-erection/anastylosis.,Internal (DS/OUV),,Weathering effects on volcanic lava and tuff; anthropic factors; invasive vegetation affecting structural stability.,Internal (DS/OUV),,Replacement red stone headdresses (during restoration/anastylosis).,Internal (DS/OUV),,Anastylosis; re-erection of fallen moai; controlled scientific investigations for ahu restoration/reconstruction.,Internal (DS/OUV),,Excellent,,,Yes,,,,Tier 9: Unflagged,
704,Temple and Cemetery of Confucius and the Kong Family Mansion in Qufu,China,https://whc.unesco.org/en/list/704,1994.0,35.613215,116.994561,Skipped; bvhp,Internal (DS/OUV),,"478 BC to Jin, Ming, and Qing Dynasties",Internal (DS/OUV),,Ancient Chinese / Imperial China (Confucian Culture),Internal (DS/OUV),,"(i) to represent a masterpiece of human creative genius; | (iv) to be an outstanding example of a type of building, architectural or technological ensemble or landscape which illustrates (a) significant stage(s) in human history; | (vi) to be directly or tangibly associated with events or living traditions, with ideas, or with beliefs, with artistic and literary works of outstanding universal significance;",3,Internal (DS/OUV),,,Internal (DS/OUV),,Sedimentary Rock,Internal (DS/OUV),,,,,,,,,,,,,,,,,,,,"Fine-grained, Carved / Relief",Internal (DS/OUV),,,,,,,,,,,,,,,,,"Dragon-wrapped columns, balusters, pillars, gate foundations",Internal (DS/OUV),,"Han stone reliefs, stone dragon carvings, stelae, memorial stone tablets",Internal (DS/OUV),,"High-relief carving, openwork carving, dressed stone ashlar",Internal (DS/OUV),,,,,,,,,,,Excellent,,,No,,,,Tier 9: Unflagged,
707,"Historic Ensemble of the Potala Palace, Lhasa",China,https://whc.unesco.org/en/list/707,1994.0,29.65792,91.11717,skipped; nan,,,,,,,,,"(i) to represent a masterpiece of human creative genius; | (iv) to be an outstanding example of a type of building, architectural or technological ensemble or landscape which illustrates (a) significant stage(s) in human history; | (vi) to be directly or tangibly associated with events or living traditions, with ideas, or with beliefs, with artistic and literary works of outstanding universal significance;",3,,,,,,,,,,,,,,,,,,,,,,,,,,,,,,,,,,,,,,,,,,,,,,,,,,,,,,,,,,,,,,,,,,,,,,Tier 9: Unflagged,
712,City of Vicenza and the Palladian Villas of the Veneto,Italy,https://whc.unesco.org/en/list/712,1994.0,45.54916667,11.54944444,skipped; but promising; nan,,,,,,,,,"(i) to represent a masterpiece of human creative genius; | (ii) to exhibit an important interchange of human values, over a span of time or within a cultural area of the world, on developments in architecture or technology, monumental arts, town-planning or landscape design;",2,,,,,,,,,,,,,,,,,,,,,,,,,,,,,,,,,,,,,,,,,,,,,,,,,,,,,,,,,,,,,,,,,,No,,,,Tier 9: Unflagged,
557,Rock Carvings in Tanum,Sweden,https://whc.unesco.org/en/list/557,1994.0,58.70111,11.34111,"Building, Design, Monument, Plan; nan",Internal (DS/OUV),,Bronze Age (c. 1700 BC – 500 BC),Internal (DS/OUV),,Nordic Bronze Age Europe,Internal (DS/OUV),,"(i) to represent a masterpiece of human creative genius; | (iii) to bear a unique or at least exceptional testimony to a cultural tradition or to a civilization which is living or which has disappeared; | (iv) to be an outstanding example of a type of building, architectural or technological ensemble or landscape which illustrates (a) significant stage(s) in human history;",3,Internal (DS/OUV),,Granite,Internal (DS/OUV),,Igneous Rock,Internal (DS/OUV),,,,,,,,Granitic Bedrock,Internal (DS/OUV),,"Pre-Quaternary / Scraped ~14,000 years ago during last glacial phase",Internal (DS/OUV),,Scandinavian Ice Sheet glaciated rock faces,Internal (DS/OUV),,,,,"Gently curved, exposed rock faces",Internal (DS/OUV),,,,,,,,Sweden,Internal (DS/OUV),,Local (Bedrock canvas),Internal (DS/OUV),,,,,"Natural Rock Panel / Bedrock ""Canvas""",Internal (DS/OUV),,"Rock Carvings / Petroglyphs (depicting humans, animals, weapons, boats)",Internal (DS/OUV),,Executed by pecking and grinding using stone hammers and points,Internal (DS/OUV),,Degradation due to granitic environment / environmental exposure,Internal (DS/OUV),,,,,Painted with non-destructive paint by trained specialists for clarity,Internal (DS/OUV),,Moderate,,,Yes,,,,Tier 9: Unflagged,
705,Ancient Building Complex in the Wudang Mountains,China,https://whc.unesco.org/en/list/705,1994.0,32.46667,111.0,skipped; bp,,,,,,,,,"(i) to represent a masterpiece of human creative genius; | (ii) to exhibit an important interchange of human values, over a span of time or within a cultural area of the world, on developments in architecture or technology, monumental arts, town-planning or landscape design; | (vi) to be directly or tangibly associated with events or living traditions, with ideas, or with beliefs, with artistic and literary works of outstanding universal significance;",3,,,,,,,,,,,,,,,,,,,,,,,,,,,,,,,,,,,,,,,,,,,,,,,,,,,,,,,,,,,,,,,,,,No,,bp,bp,Tier 8: Moderate Probability Stone Fabric (Possible),
700,Lines and Geoglyphs of Nasca and Palpa,Peru,https://whc.unesco.org/en/list/700,1994.0,-14.72583,-75.14861,skipped;,,,,,,,,,"(i) to represent a masterpiece of human creative genius; | (iii) to bear a unique or at least exceptional testimony to a cultural tradition or to a civilization which is living or which has disappeared; | (iv) to be an outstanding example of a type of building, architectural or technological ensemble or landscape which illustrates (a) significant stage(s) in human history;",3,,,,,,,,,,,,,,,,,,,,,,,,,,,,,,,,,,,,,,,,,,,,,,,,,,,,,,,,,,,,,,,,,,No,,,,,
660,Buddhist Monuments in the Horyu-ji Area,Japan,https://whc.unesco.org/en/list/660,1993.0,34.61666667,135.7333333,Wooden architecture / Buddhist temple architecture; nan,Internal (DS/OUV),,Late 7th century or early 8th century (Rebuilding commenced after 670 fire),Internal (DS/OUV),,Japanese / Adaptation of Chinese Buddhist culture via the Korean peninsula,Internal (DS/OUV),,"(i) to represent a masterpiece of human creative genius; | (ii) to exhibit an important interchange of human values, over a span of time or within a cultural area of the world, on developments in architecture or technology, monumental arts, town-planning or landscape design; | (iv) to be an outstanding example of a type of building, architectural or technological ensemble or landscape which illustrates (a) significant stage(s) in human history; | (vi) to be directly or tangibly associated with events or living traditions, with ideas, or with beliefs, with artistic and literary works of outstanding universal significance;",4,Internal (DS/OUV),,,,,,,,,,,,,,,,,,,,,,,,,,,,,,,,,,,,,,,,,,,,,,,,,,,,,,,,,,,,,,,,,,,,,Tier 9: Unflagged,
659,Brú na Bóinne - Archaeological Ensemble of the Bend of the Boyne,Ireland,https://whc.unesco.org/en/list/659,1993.0,53.6946944444,-6.4755,skipped; but highly promising; nan,,,,,,,,,"(i) to represent a masterpiece of human creative genius; | (iii) to bear a unique or at least exceptional testimony to a cultural tradition or to a civilization which is living or which has disappeared; | (iv) to be an outstanding example of a type of building, architectural or technological ensemble or landscape which illustrates (a) significant stage(s) in human history;",3,,,,,,,,,,,,,,,,,,,,,,,,,,,,,,,,,,,,,,,,,,,,,,,,,,,,,,,,,,,,,,,,,,No,,,,Tier 9: Unflagged,
661,Himeji-jo,Japan,https://whc.unesco.org/en/list/661,1993.0,34.83333333,134.7,skipped; but promising; nan,,,,,,,,,"(i) to represent a masterpiece of human creative genius; | (iv) to be an outstanding example of a type of building, architectural or technological ensemble or landscape which illustrates (a) significant stage(s) in human history;",2,,,,,,,,,,,,,,,,,,,,,,,,,,,,,,,,,,,,,,,,,,,,,,,,,,,,,,,,,,,,,,,,,,No,,,,Tier 9: Unflagged,
664,Archaeological Ensemble of Mérida,Spain,https://whc.unesco.org/en/list/664,1993.0,38.91611,-6.33778,"Classical, Roman, Visigoth, Paleo-Christian, Muslim, Romanesque, Gothic, Baroque; nan",Internal (DS/OUV),,"Founded 25 B.C.; modified across Visigoth, Muslim, Medieval, 17th Century, and 20th Century eras",Internal (DS/OUV),,"Roman, Suebi, Visigoth, Muslim (Al-Andalus)",Internal (DS/OUV),,"(i) to represent a masterpiece of human creative genius; | (iii) to bear a unique or at least exceptional testimony to a cultural tradition or to a civilization which is living or which has disappeared; | (v) to be an outstanding example of a traditional human settlement, land-use, or sea-use which is representative of a culture (or cultures), or human interaction with the environment especially when it has become vulnerable under the impact of irreversible change;",3,Internal (DS/OUV),,Marble,Internal (DS/OUV),,Metamorphic Rock,Internal (DS/OUV),,,,,Roman Marble,,,,,,,,,,,,,,,,,,,,,,,,,,,,,,,,,"Bridges, aqueducts, amphitheatre, theatre, temples, fortress, arch, dams, sewers, walls",Internal (DS/OUV),,"Obelisk of Santa Eulalia, small temple, altars",Internal (DS/OUV),,"Anastylosis (reconstruction of stage front), consolidation",Internal (DS/OUV),,,,,,,,Anastylosis criteria used for theatre stage front; consolidation works performed; block stands and vaults of Amphitheatre restored,Internal (DS/OUV),,Excellent,,,Yes,,,,Tier 9: Unflagged,
598,Churches of Moldavia,Romania,https://whc.unesco.org/en/list/598,1993.0,47.7783333333,25.7127777778,skipped; bhp,,,,,,,,,"(i) to represent a masterpiece of human creative genius; | (iv) to be an outstanding example of a type of building, architectural or technological ensemble or landscape which illustrates (a) significant stage(s) in human history;",2,,,,,,,,,,,,,,,,,,,,,,,,,,,,,,,,,,,,,,,,,,,,,,,,,,,,,,,,,,,,,,,,,,No,,bhp,bhp,Tier 7: High Probability Local Stone / Masonry (High Potential),
714,Rock Paintings of the Sierra de San Francisco,Mexico,https://whc.unesco.org/en/list/714,1993.0,27.626963,-113.020427,skipped; bvhp,,,,,,,,,(i) to represent a masterpiece of human creative genius; | (iii) to bear a unique or at least exceptional testimony to a cultural tradition or to a civilization which is living or which has disappeared;,2,,,,,,,,,,,,,,,,,,,,,,,,,,,,,,,,,,,,,,,,,,,,,,,,,,,,,,,,,,,,,,,,,,No,,bvhp,bvhp,Tier 6: High Probability Ashlar / Urban Core (1-v Very High),
633,White Monuments of Vladimir and Suzdal,Russian Federation,https://whc.unesco.org/en/list/633,1992.0,56.15,40.41666667,"Ecclesiastical / Religious and Public Monuments (Cathedral, Church, Monastery, Castle/Palace, Fortress/Kremlin, Golden Gate); nan",Internal (DS/OUV),,12th–13th centuries (with 16th–17th century reconstructions/additions),,,Ancient Russian Principality / North-East Rus,Internal (DS/OUV),,"(i) to represent a masterpiece of human creative genius; | (ii) to exhibit an important interchange of human values, over a span of time or within a cultural area of the world, on developments in architecture or technology, monumental arts, town-planning or landscape design; | (iv) to be an outstanding example of a type of building, architectural or technological ensemble or landscape which illustrates (a) significant stage(s) in human history;",3,Internal (DS/OUV),,White Limestone,Internal (DS/OUV),,Sedimentary Rock,,,,,,"White Stone (""white-stone architecture / structures"")",Internal (DS/OUV),,Limestone,,,,,,,,,White,Internal (DS/OUV),,Regular blocks,Internal (DS/OUV),,Lime (in white lime mortar),Internal (DS/OUV),,,,,,,,,,,,,,"Load-bearing stonework faced in regular blocks of white limestone (walls, cubic towers, naves, drums, apses)",Internal (DS/OUV),,"Carved reliefs, exterior wall reliefs, fine stone carvings (over a thousand stone carvings on King David theme)",Internal (DS/OUV),,"Stonework faced in regular blocks of white limestone, ashlar masonry style",Internal (DS/OUV),,Atmospheric and vehicle pollution affecting white stone facades,Internal (DS/OUV),,White stone (Used in traditional restoration),Internal (DS/OUV),,"Restoration using traditional techniques, old construction methods, and authentic materials (white stone, white lime, wood, metal)",Internal (DS/OUV),,Good,Internal (DS/OUV),,Yes,,,,Tier 9: Unflagged,
623,"Mines of Rammelsberg, Historic Town of Goslar and Upper Harz Water Management System",Germany,https://whc.unesco.org/en/list/623,1992.0,51.82,10.34,skipped; highly promising from title; nan,,,,,,,,,"(i) to represent a masterpiece of human creative genius; | (ii) to exhibit an important interchange of human values, over a span of time or within a cultural area of the world, on developments in architecture or technology, monumental arts, town-planning or landscape design; | (iii) to bear a unique or at least exceptional testimony to a cultural tradition or to a civilization which is living or which has disappeared; | (iv) to be an outstanding example of a type of building, architectural or technological ensemble or landscape which illustrates (a) significant stage(s) in human history;",4,,,,,,,,,,,,,,,,,,,,,,,,,,,,,,,,,,,,,,,,,,,,,,,,,,,,,,,,,,,,,,,,,,No,,,,Tier 9: Unflagged,
635,Bourges Cathedral,France,https://whc.unesco.org/en/list/635,1992.0,47.08222222,2.398333333,skipped; but promissed; nan,,,,,,,,,"(i) to represent a masterpiece of human creative genius; | (iv) to be an outstanding example of a type of building, architectural or technological ensemble or landscape which illustrates (a) significant stage(s) in human history;",2,,,,,,,,,,,,,,,,,,,,,,,,,,,,,,,,,,,,,,,,,,,,,,,,,,,,,,,,,,,,,,,,,,No,,,,Tier 9: Unflagged,
668,Angkor,Cambodia,https://whc.unesco.org/en/list/668,1992.0,13.43333333,103.8333333,skipped; bvvvvhp,,,,,,,,,"(i) to represent a masterpiece of human creative genius; | (ii) to exhibit an important interchange of human values, over a span of time or within a cultural area of the world, on developments in architecture or technology, monumental arts, town-planning or landscape design; | (iii) to bear a unique or at least exceptional testimony to a cultural tradition or to a civilization which is living or which has disappeared; | (iv) to be an outstanding example of a type of building, architectural or technological ensemble or landscape which illustrates (a) significant stage(s) in human history;",4,,,,,,,,,,,,,,,,,,,,,,,,,,,,,,,,,,,,,,,,,,,,,,,,,,,,,,,,,,,,,,,,,,No,,bvvvvhp,bvvvvhp,Tier 3: Monumental Megalithic / Sanctuary Architecture (4-v Very Very Very High),
621,Historic Centre of Telč,Czechia,https://whc.unesco.org/en/list/621,1992.0,49.1841388889,15.4539722222,skipped; bp,,,,,,,,,"(i) to represent a masterpiece of human creative genius; | (iv) to be an outstanding example of a type of building, architectural or technological ensemble or landscape which illustrates (a) significant stage(s) in human history;",2,,,,,,,,,,,,,,,,,,,,,,,,,,,,,,,,,,,,,,,,,,,,,,,,,,,,,,,,,,,,,,,,,,No,,bp,bp,Tier 8: Moderate Probability Stone Fabric (Possible),
601,"Cathedral of Notre-Dame, Former Abbey of Saint-Rémi and Palace of Tau, Reims",France,https://whc.unesco.org/en/list/601,1991.0,49.25333333,4.032777778,skipped; nan,,,,,,,,,"(i) to represent a masterpiece of human creative genius; | (ii) to exhibit an important interchange of human values, over a span of time or within a cultural area of the world, on developments in architecture or technology, monumental arts, town-planning or landscape design; | (vi) to be directly or tangibly associated with events or living traditions, with ideas, or with beliefs, with artistic and literary works of outstanding universal significance;",3,,,,,,,,,,,,,,,,,,,,,,,,,,,,,,,,,,,,,,,,,,,,,,,,,,,,,,,,,,,,,,,,,,,,,,Tier 9: Unflagged,
518,Poblet Monastery,Spain,https://whc.unesco.org/en/list/518,1991.0,41.38083,1.0825,"Cistercian abbey / Abbey, Monastery complex (includes church, cloister, fortified royal residence, chapter house, refectory, pantheon, etc.); nan",Internal (DS/OUV),,12th to 15th centuries (Church dates to the 13th century),Internal (DS/OUV),,Crown of Aragon / Kingdom of Catalonia and Aragon,Internal (DS/OUV),,"(i) to represent a masterpiece of human creative genius; | (iv) to be an outstanding example of a type of building, architectural or technological ensemble or landscape which illustrates (a) significant stage(s) in human history;",2,Internal (DS/OUV),,"Alabaster (retable of the high altar by Damià Forment, 1529)",Internal (DS/OUV),,,,,,,,,,,,,,,,,,,,,,,,,,,,,,,,,,,,,,,,,,,,High altar retable (made of alabaster),Internal (DS/OUV),,,,,,,,,,,"Retable of the high altar, church, refectory, cloister, chapter house, scriptorium, and abbot’s palace restored since 1940",Internal (DS/OUV),,Good,,,Yes,,,,Tier 9: Unflagged,
592,Borobudur Temple Compounds,Indonesia,https://whc.unesco.org/en/list/592,1991.0,-7.60778,110.20361,skipped; very highly promised; nan,,,,,,,,,"(i) to represent a masterpiece of human creative genius; | (ii) to exhibit an important interchange of human values, over a span of time or within a cultural area of the world, on developments in architecture or technology, monumental arts, town-planning or landscape design; | (vi) to be directly or tangibly associated with events or living traditions, with ideas, or with beliefs, with artistic and literary works of outstanding universal significance;",3,,,,,,,,,,,,,,,,,,,,,,,,,,,,,,,,,,,,,,,,,,,,,,,,,,,,,,,,,,,,,,,,,,No,,,,Tier 9: Unflagged,
561,Rangiri Dambulla Cave Temple,Sri Lanka,https://whc.unesco.org/en/list/561,1991.0,7.856666667,80.64916667,skipped; bvhp,,,,,,,,,"(i) to represent a masterpiece of human creative genius; | (vi) to be directly or tangibly associated with events or living traditions, with ideas, or with beliefs, with artistic and literary works of outstanding universal significance;",2,,,,,,,,,,,,,,,,,,,,,,,,,,,,,,,,,,,,,,,,,,,,,,,,,,,,,,,,,,,,,,,,,,No,,bvhp,bvhp,Tier 6: High Probability Ashlar / Urban Core (1-v Very High),
574,Historic Town of Sukhothai and Associated Historic Towns,Thailand,https://whc.unesco.org/en/list/574,1991.0,17.00722,99.78972,skipped; bvhp,,,,,,,,,(i) to represent a masterpiece of human creative genius; | (iii) to bear a unique or at least exceptional testimony to a cultural tradition or to a civilization which is living or which has disappeared;,2,,,,,,,,,,,,,,,,,,,,,,,,,,,,,,,,,,,,,,,,,,,,,,,,,,,,,,,,,,,,,,,,,,No,,bvhp,bvhp,Tier 6: High Probability Ashlar / Urban Core (1-v Very High),
600,"Paris, Banks of the Seine",France,https://whc.unesco.org/en/list/600,1991.0,48.8655,2.3211388889,skipped;; nan,,,,,,,,,"(i) to represent a masterpiece of human creative genius; | (ii) to exhibit an important interchange of human values, over a span of time or within a cultural area of the world, on developments in architecture or technology, monumental arts, town-planning or landscape design; | (iv) to be an outstanding example of a type of building, architectural or technological ensemble or landscape which illustrates (a) significant stage(s) in human history;",3,,,,,,,,,,,,,,,,,,,,,,,,,,,,,,,,,,,,,,,,,,,,,,,,,,,,,,,,,,,,,,,,,,No,,,,Tier 9: Unflagged,
642,Prambanan Temple Compounds,Indonesia,https://whc.unesco.org/en/list/642,1991.0,-7.75222,110.49167,skipped; bvvvhp,,,,,,,,,"(i) to represent a masterpiece of human creative genius; | (iv) to be an outstanding example of a type of building, architectural or technological ensemble or landscape which illustrates (a) significant stage(s) in human history;",2,,,,,,,,,,,,,,,,,,,,,,,,,,,,,,,,,,,,,,,,,,,,,,,,,,,,,,,,,,,,,,,,,,No,,bvvvhp,bvvvhp,Tier 4: Exceptional Stone Fortress / Cathedral / Mosque (3-v Very Very High),
537,"Monasteries of Daphni, Hosios Loukas and Nea Moni of Chios",Greece,https://whc.unesco.org/en/list/537,1990.0,38.3952777778,22.7466666667,"Middle Byzantine religious architecture (cross-in-square plan with octagonal central space under a dome, squinches, Katholikon); nan",Internal (DS/OUV),,Middle Byzantine period (11th and 12th centuries),Internal (DS/OUV),,Byzantine / Middle Byzantine,Internal (DS/OUV),,"(i) to represent a masterpiece of human creative genius; | (iv) to be an outstanding example of a type of building, architectural or technological ensemble or landscape which illustrates (a) significant stage(s) in human history;",2,Internal (DS/OUV),,Marble,Internal (DS/OUV),,Metamorphic Rock,,,Stone (courses of stone enclosed by bricks),Internal (DS/OUV),,,,,,,,,,,,,,,,,,,,,,,,,,,,,,,,,,,Masonry walls (courses of stone enclosed by bricks),Internal (DS/OUV),,"Marble works, marble revetment, pavements, architectural sculptures",Internal (DS/OUV),,Cloisonné / courses of stone enclosed by bricks,Internal (DS/OUV),,,,,,,,"Restoration of masonry, dome, and marble revetments/mosaics following earthquake damage (1881 earthquake at Nea Moni, 1999 earthquake at Daphni); early 20th-century Byzantinist interventions at Hosios Loukas",Internal (DS/OUV),,Good,,,Yes,,,,Tier 9: Unflagged,
545,"Kremlin and Red Square, Moscow",Russian Federation,https://whc.unesco.org/en/list/545,1990.0,55.7540277778,37.6204166667,skipped; bp,,,,,,,,,"(i) to represent a masterpiece of human creative genius; | (ii) to exhibit an important interchange of human values, over a span of time or within a cultural area of the world, on developments in architecture or technology, monumental arts, town-planning or landscape design; | (iv) to be an outstanding example of a type of building, architectural or technological ensemble or landscape which illustrates (a) significant stage(s) in human history; | (vi) to be directly or tangibly associated with events or living traditions, with ideas, or with beliefs, with artistic and literary works of outstanding universal significance;",4,,,,,,,,,,,,,,,,,,,,,,,,,,,,,,,,,,,,,,,,,,,,,,,,,,,,,,,,,,,,,,,,,,No,,bp,bp,Tier 8: Moderate Probability Stone Fabric (Possible),
540,Historic Centre of Saint Petersburg and Related Groups of Monuments,Russian Federation,https://whc.unesco.org/en/list/540,1990.0,59.95,30.31833,"Baroque, Pure Neoclassical, Architectural; nan",Internal (DS/OUV),,18th Century (Begun in 1703 under Peter the Great; continuous major development through the 18th and 19th centuries),Internal (DS/OUV),,Russian / Russian-European,Internal (DS/OUV),,"(i) to represent a masterpiece of human creative genius; | (ii) to exhibit an important interchange of human values, over a span of time or within a cultural area of the world, on developments in architecture or technology, monumental arts, town-planning or landscape design; | (iv) to be an outstanding example of a type of building, architectural or technological ensemble or landscape which illustrates (a) significant stage(s) in human history; | (vi) to be directly or tangibly associated with events or living traditions, with ideas, or with beliefs, with artistic and literary works of outstanding universal significance;",4,Internal (DS/OUV),,Marble,Internal (DS/OUV),,Metamorphic Rock,Internal (DS/OUV),,Peat (Mentioned in geological/terrain context as peat bogs),,,,,,"Marble, Peat",Internal (DS/OUV),,,,,,,,,,,,,,,,,,,,,,,,,,,,,"Architectural styles in stone and marble for capital structures, fortresses, bases, palaces",Internal (DS/OUV),,"Palaces (Winter Palace, Marble Palace), convents, imperial residences, monuments",Internal (DS/OUV),,Built using authentic techniques and historical restoration materials,Internal (DS/OUV),,"Impacts of traffic, air pollution, and relative humidity",Internal (DS/OUV),,,,,High quality of restoration and reconstruction efforts accomplished on the basis of historical documents using authentic techniques and materials,Internal (DS/OUV),,Excellent,,,Yes,,,,Tier 9: Unflagged,
527,"Kyiv: Saint-Sophia Cathedral and Related Monastic Buildings, Kyiv-Pechersk Lavra",Ukraine,https://whc.unesco.org/en/list/527,1990.0,50.45258,30.51686,skipped; nan,,,,,,,,,"(i) to represent a masterpiece of human creative genius; | (ii) to exhibit an important interchange of human values, over a span of time or within a cultural area of the world, on developments in architecture or technology, monumental arts, town-planning or landscape design; | (iii) to bear a unique or at least exceptional testimony to a cultural tradition or to a civilization which is living or which has disappeared; | (iv) to be an outstanding example of a type of building, architectural or technological ensemble or landscape which illustrates (a) significant stage(s) in human history;",4,,,,,,,,,,,,,,,,,,,,,,,,,,,,,,,,,,,,,,,,,,,,,,,,,,,,,,,,,,,,,,,,,,,,,,Tier 9: Unflagged,
550,Historic Centre of San Gimignano,Italy,https://whc.unesco.org/en/list/550,1990.0,43.46806,11.04167,skipped; promising; nan,,,,,,,,,"(i) to represent a masterpiece of human creative genius; | (iii) to bear a unique or at least exceptional testimony to a cultural tradition or to a civilization which is living or which has disappeared; | (iv) to be an outstanding example of a type of building, architectural or technological ensemble or landscape which illustrates (a) significant stage(s) in human history;",3,,,,,,,,,,,,,,,,,,,,,,,,,,,,,,,,,,,,,,,,,,,,,,,,,,,,,,,,,,,,,,,,,,,,,,Tier 9: Unflagged,
532,Palaces and Parks of Potsdam and Berlin,Germany,https://whc.unesco.org/en/list/532,1990.0,52.4,13.03333333,skiiped; but ptomising; nan,,,,,,,,,"(i) to represent a masterpiece of human creative genius; | (ii) to exhibit an important interchange of human values, over a span of time or within a cultural area of the world, on developments in architecture or technology, monumental arts, town-planning or landscape design; | (iv) to be an outstanding example of a type of building, architectural or technological ensemble or landscape which illustrates (a) significant stage(s) in human history;",3,,,,,,,,,,,,,,,,,,,,,,,,,,,,,,,,,,,,,,,,,,,,,,,,,,,,,,,,,,,,,,,,,,No,,,,Tier 9: Unflagged,
544,Kizhi Pogost,Russian Federation,https://whc.unesco.org/en/list/544,1990.0,62.0675833333,35.2243611111,skipped; bhp,,,,,,,,,"(i) to represent a masterpiece of human creative genius; | (iv) to be an outstanding example of a type of building, architectural or technological ensemble or landscape which illustrates (a) significant stage(s) in human history; | (v) to be an outstanding example of a traditional human settlement, land-use, or sea-use which is representative of a culture (or cultures), or human interaction with the environment especially when it has become vulnerable under the impact of irreversible change;",3,,,,,,,,,,,,,,,,,,,,,,,,,,,,,,,,,,,,,,,,,,,,,,,,,,,,,,,,,,,,,,,,,,No,,bhp,bhp,Tier 7: High Probability Local Stone / Masonry (High Potential),
524,Buddhist Monuments at Sanchi,India,https://whc.unesco.org/en/list/524,1989.0,23.47944,77.73972,skipped; No stone mentioned!; nan,,,,,,,,,"(i) to represent a masterpiece of human creative genius; | (ii) to exhibit an important interchange of human values, over a span of time or within a cultural area of the world, on developments in architecture or technology, monumental arts, town-planning or landscape design; | (iii) to bear a unique or at least exceptional testimony to a cultural tradition or to a civilization which is living or which has disappeared; | (iv) to be an outstanding example of a type of building, architectural or technological ensemble or landscape which illustrates (a) significant stage(s) in human history; | (vi) to be directly or tangibly associated with events or living traditions, with ideas, or with beliefs, with artistic and literary works of outstanding universal significance;",5,,,,,,,,,,,,,,,,,,,,,,,,,,,,,,,,,,,,,,,,,,,,,,,,,,,,,,,,,,,,,,,,,,,,,,Tier 9: Unflagged,
505,Monastery of Alcobaça,Portugal,https://whc.unesco.org/en/list/505,1989.0,39.55,-8.97667,skipped but highlt promising; nan,,,,,,,,,"(i) to represent a masterpiece of human creative genius; | (iv) to be an outstanding example of a type of building, architectural or technological ensemble or landscape which illustrates (a) significant stage(s) in human history;",2,,,,,,,,,,,,,,,,,,,,,,,,,,,,,,,,,,,,,,,,,,,,,,,,,,,,,,,,,,,,,,,,,,No,,,,Tier 9: Unflagged,
517,Archaeological Site of Olympia,Greece,https://whc.unesco.org/en/list/517,1989.0,37.64,21.634,skipped; bvvhp,,,,,,,,,"(i) to represent a masterpiece of human creative genius; | (ii) to exhibit an important interchange of human values, over a span of time or within a cultural area of the world, on developments in architecture or technology, monumental arts, town-planning or landscape design; | (iii) to bear a unique or at least exceptional testimony to a cultural tradition or to a civilization which is living or which has disappeared; | (iv) to be an outstanding example of a type of building, architectural or technological ensemble or landscape which illustrates (a) significant stage(s) in human history; | (vi) to be directly or tangibly associated with events or living traditions, with ideas, or with beliefs, with artistic and literary works of outstanding universal significance;",5,,,,,,,,,,,,,,,,,,,,,,,,,,,,,,,,,,,,,,,,,,,,,,,,,,,,,,,,,,,,,,,,,,No,,bvvhp,bvvhp,Tier 5: Major Ashlar Masonry / Imperial Ruins (2-v Very High),
456,Paleochristian and Byzantine Monuments of Thessalonika,Greece,https://whc.unesco.org/en/list/456,1988.0,40.63833,22.965,skipped; nan,,,,,,,,,"(i) to represent a masterpiece of human creative genius; | (ii) to exhibit an important interchange of human values, over a span of time or within a cultural area of the world, on developments in architecture or technology, monumental arts, town-planning or landscape design; | (iv) to be an outstanding example of a type of building, architectural or technological ensemble or landscape which illustrates (a) significant stage(s) in human history;",3,,,,,,,,,,,,,,,,,,,,,,,,,,,,,,,,,,,,,,,,,,,,,,,,,,,,,,,,,,,,,,,,,,,,,,Tier 9: Unflagged,
496,"Canterbury Cathedral, St Augustine's Abbey, and St Martin's Church",United Kingdom of Great Britain and Northern Ireland,https://whc.unesco.org/en/list/496,1988.0,51.28,1.083333333,"skipped; BP
",,,,,,,,,"(i) to represent a masterpiece of human creative genius; | (ii) to exhibit an important interchange of human values, over a span of time or within a cultural area of the world, on developments in architecture or technology, monumental arts, town-planning or landscape design; | (vi) to be directly or tangibly associated with events or living traditions, with ideas, or with beliefs, with artistic and literary works of outstanding universal significance;",3,,,,,,,,,,,,,,,,,,,,,,,,,,,,,,,,,,,,,,,,,,,,,,,,,,,,,,,,,,,,,,,,,,No,,bp,bp,Tier 8: Moderate Probability Stone Fabric (Possible),
482,Historic Town of Guanajuato and Adjacent Mines,Mexico,https://whc.unesco.org/en/list/482,1988.0,21.01694,-101.25556,skipped; bvhp,,,,,,,,,"(i) to represent a masterpiece of human creative genius; | (ii) to exhibit an important interchange of human values, over a span of time or within a cultural area of the world, on developments in architecture or technology, monumental arts, town-planning or landscape design; | (iv) to be an outstanding example of a type of building, architectural or technological ensemble or landscape which illustrates (a) significant stage(s) in human history; | (vi) to be directly or tangibly associated with events or living traditions, with ideas, or with beliefs, with artistic and literary works of outstanding universal significance;",4,,,,,,,,,,,,,,,,,,,,,,,,,,,,,,,,,,,,,,,,,,,,,,,,,,,,,,,,,,,,,,,,,,No,,bvhp,bvhp,Tier 6: High Probability Ashlar / Urban Core (1-v Very High),
499,Kairouan,Tunisia,https://whc.unesco.org/en/list/499,1988.0,35.68167,10.10389,OUV Absent; bvhp,,,,,,,,,"(i) to represent a masterpiece of human creative genius; | (ii) to exhibit an important interchange of human values, over a span of time or within a cultural area of the world, on developments in architecture or technology, monumental arts, town-planning or landscape design; | (iii) to bear a unique or at least exceptional testimony to a cultural tradition or to a civilization which is living or which has disappeared; | (v) to be an outstanding example of a traditional human settlement, land-use, or sea-use which is representative of a culture (or cultures), or human interaction with the environment especially when it has become vulnerable under the impact of irreversible change; | (vi) to be directly or tangibly associated with events or living traditions, with ideas, or with beliefs, with artistic and literary works of outstanding universal significance;",5,,,,,,,,,,,,,,,,,,,,,,,,,,,,,,,,,,,,,,,,,,,,,,,,,,,,,,,,,,,,,,,,,,No,,,bvhp,Tier 6: High Probability Ashlar / Urban Core (1-v Very High),
491,Sanctuary of Asklepios at Epidaurus,Greece,https://whc.unesco.org/en/list/491,1988.0,37.6,23.0805555556,skipped; bvhp,,,,,,,,,"(i) to represent a masterpiece of human creative genius; | (ii) to exhibit an important interchange of human values, over a span of time or within a cultural area of the world, on developments in architecture or technology, monumental arts, town-planning or landscape design; | (iii) to bear a unique or at least exceptional testimony to a cultural tradition or to a civilization which is living or which has disappeared; | (iv) to be an outstanding example of a type of building, architectural or technological ensemble or landscape which illustrates (a) significant stage(s) in human history; | (vi) to be directly or tangibly associated with events or living traditions, with ideas, or with beliefs, with artistic and literary works of outstanding universal significance;",5,,,,,,,,,,,,,,,,,,,,,,,,,,,,,,,,,,,,,,,,,,,,,,,,,,,,,,,,,,,,,,,,,,No,,bvhp,bvhp,Tier 6: High Probability Ashlar / Urban Core (1-v Very High),
483,Pre-Hispanic City of Chichen-Itza,Mexico,https://whc.unesco.org/en/list/483,1988.0,20.682739,-88.568654,skipped; bvvvhp,,,,,,,,,"(i) to represent a masterpiece of human creative genius; | (ii) to exhibit an important interchange of human values, over a span of time or within a cultural area of the world, on developments in architecture or technology, monumental arts, town-planning or landscape design; | (iii) to bear a unique or at least exceptional testimony to a cultural tradition or to a civilization which is living or which has disappeared;",3,,,,,,,,,,,,,,,,,,,,,,,,,,,,,,,,,,,,,,,,,,,,,,,,,,,,,,,,,,,,,,,,,,No,,bvvvhp,bvvvhp,Tier 4: Exceptional Stone Fortress / Cathedral / Mosque (3-v Very Very High),
381,Old City of Salamanca,Spain,https://whc.unesco.org/en/list/381,1988.0,40.96525,-5.6645,skipped; bvhp,,,,,,,,,"(i) to represent a masterpiece of human creative genius; | (ii) to exhibit an important interchange of human values, over a span of time or within a cultural area of the world, on developments in architecture or technology, monumental arts, town-planning or landscape design; | (v) to be an outstanding example of a traditional human settlement, land-use, or sea-use which is representative of a culture (or cultures), or human interaction with the environment especially when it has become vulnerable under the impact of irreversible change;",3,,,,,,,,,,,,,,,,,,,,,,,,,,,,,,,,,,,,,,,,,,,,,,,,,,,,,,,,,,,,,,,,,,No,,bvhp,bvhp,Tier 6: High Probability Ashlar / Urban Core (1-v Very High),
395,"Piazza del Duomo, Pisa",Italy,https://whc.unesco.org/en/list/395,1987.0,43.72305556,10.39638889,"Religious Ensemble / Pisan Romanesque Architecture (Cathedral, Baptistery, Campanile/Leaning Tower, Campo Santo); nan",Internal (DS/OUV),,11th–14th Century (begun in 1064),Internal (DS/OUV),,Medieval Italian / Maritime Republic of Pisa,Internal (DS/OUV),,"(i) to represent a masterpiece of human creative genius; | (ii) to exhibit an important interchange of human values, over a span of time or within a cultural area of the world, on developments in architecture or technology, monumental arts, town-planning or landscape design; | (iv) to be an outstanding example of a type of building, architectural or technological ensemble or landscape which illustrates (a) significant stage(s) in human history; | (vi) to be directly or tangibly associated with events or living traditions, with ideas, or with beliefs, with artistic and literary works of outstanding universal significance;",4,Internal (DS/OUV),,Marble (General Mention); Carrara Marble,Internal (DS/OUV),,Metamorphic Rock,,,,,,,,,,,,,,,,,,,,,"White/Light Grey (Marble),",Internal (DS/OUV),,,,,"Carrara Quarries (Apuan Alps), San Giuliano Terme (Monti Pisani), Giglio Island Quarries",External,"Fratini, F., Rescic, S., Cuzman, O. A., & Pierattini, P. (2022). The Alteration of Giglio Island Granite: Relevance to the Conservation of Monumental Architecture. Applied Sciences, 12(9), 4588. https://doi.org/10.3390/app12094588

",Italy,Internal (DS/OUV),,Mixed (Local from Monti Pisani ~10 km; Regional from Carrara ~60 km & Giglio ~150 km),External,"Fratini, F., Rescic, S., Cuzman, O. A., & Pierattini, P. (2022). The Alteration of Giglio Island Granite: Relevance to the Conservation of Monumental Architecture. Applied Sciences, 12(9), 4588. https://doi.org/10.3390/app12094588
",~10 km (San Giuliano) to ~150 km (Giglio Island via sea/river),External,"Fratini, F., Rescic, S., Cuzman, O. A., & Pierattini, P. (2022). The Alteration of Giglio Island Granite: Relevance to the Conservation of Monumental Architecture. Applied Sciences, 12(9), 4588. https://doi.org/10.3390/app12094588
","Foundation ashlar, structural load-bearing walls, exterior arcades, columns",Internal (DS/OUV),,"Polychrome facade cladding, carved pulpits, loggias, relief panels, arches",Internal (DS/OUV),,,,,,,,,,,"Geotechnical soil extraction & counterweighting (tower stabilization), marble surface cleaning, consolidation",Internal (DS/OUV),,Good,Internal (DS/OUV),,Yes,"Fratini, F., Rescic, S., Cuzman, O. A., & Pierattini, P. (2022). The Alteration of Giglio Island Granite: Relevance to the Conservation of Monumental Architecture. Applied Sciences, 12(9), 4588. https://doi.org/10.3390/app12094588
",,,Tier 9: Unflagged,
442,Monticello and the University of Virginia in Charlottesville,United States of America,https://whc.unesco.org/en/list/442,1987.0,38.03277778,-78.50388889,Neoclassical / Classical Antiquity; nan,Internal (DS/OUV),,Monticello: 1769–1809; Academical Village: 1817–1828,Internal (DS/OUV),,Early American Republic / United States,Internal (DS/OUV),,"(i) to represent a masterpiece of human creative genius; | (iv) to be an outstanding example of a type of building, architectural or technological ensemble or landscape which illustrates (a) significant stage(s) in human history; | (vi) to be directly or tangibly associated with events or living traditions, with ideas, or with beliefs, with artistic and literary works of outstanding universal significance;",3,Internal (DS/OUV),,,,,,,,,,,,,,,,,,,,,,,,,,,,,,,,,,,,,,,,,,,,"Doric columns, porticos, dome, floor supports (steel beams added)",Internal (DS/OUV),,"Cornices, friezes, classical orders, interior décor",Internal (DS/OUV),,,,,,,,,,,Steel beam floor insertion (mid-20th century); Rotunda interior reconstruction in 1970s following 1895 fire,,,Excellent,Internal (DS/OUV),,No,ICOMOS Advisory Body Evaluation Document,,,Tier 9: Unflagged,
426,Palace of Westminster and Westminster Abbey including Saint Margaret’s Church,United Kingdom of Great Britain and Northern Ireland,https://whc.unesco.org/en/list/426,1987.0,51.499,-0.127,skipped; nan,,,,,,,,,"(i) to represent a masterpiece of human creative genius; | (ii) to exhibit an important interchange of human values, over a span of time or within a cultural area of the world, on developments in architecture or technology, monumental arts, town-planning or landscape design; | (iv) to be an outstanding example of a type of building, architectural or technological ensemble or landscape which illustrates (a) significant stage(s) in human history;",3,,,,,,,,,,,,,,,,,,,,,,,,,,,,,,,,,,,,,,,,,,,,,,,,,,,,,,,,,,,,,,,,,,,,,,Tier 9: Unflagged,
404,"Acropolis, Athens",Greece,https://whc.unesco.org/en/list/404,1987.0,37.97087,23.72618,"Classical Greek / Sanctuary & Monumental Complex (Parthenon, Erechtheion, Propylaea, Temple of Athena Nike); nan",Internal (DS/OUV),,5th Century BC (with earliest fortifications dating to 13th Century BC),Internal (DS/OUV),,Ancient Greek / Classical Athenian (Mycenaean origin),Internal (DS/OUV),,"(i) to represent a masterpiece of human creative genius; | (ii) to exhibit an important interchange of human values, over a span of time or within a cultural area of the world, on developments in architecture or technology, monumental arts, town-planning or landscape design; | (iii) to bear a unique or at least exceptional testimony to a cultural tradition or to a civilization which is living or which has disappeared; | (iv) to be an outstanding example of a type of building, architectural or technological ensemble or landscape which illustrates (a) significant stage(s) in human history; | (vi) to be directly or tangibly associated with events or living traditions, with ideas, or with beliefs, with artistic and literary works of outstanding universal significance;",5,Internal (DS/OUV),,White Marble,Internal (DS/OUV),,Metamorphic Rock,Internal (DS/OUV),,,,,,,,,,,,,,,,,White,Internal (DS/OUV),,,,,,,,Mt. Penteli (Pentelikon),Internal (DS/OUV),,Greece,Internal (DS/OUV),,Pentelic Marble / Penteli Marble,,,,,,"Temples, Propylaea, Fortification Walls, Foundations, Altars",Internal (DS/OUV),,Sculptural and Architectural elements,Internal (DS/OUV),,Ancient classical masonry/building techniques,Internal (DS/OUV),,Eroded architectural elements,Internal (DS/OUV),,White marble quarried from Mt. Penteli,Internal (DS/OUV),,Integrated intervention program ongoing since 1975 following the principles of the Venice Charter,Internal (DS/OUV),,Excellent,,,Yes,,,,Tier 9: Unflagged,
415,Historic Centre of Oaxaca and Archaeological Site of Monte Albán,Mexico,https://whc.unesco.org/en/list/415,1987.0,17.061579,-96.725885,skipped; nan,,,,,,,,,"(i) to represent a masterpiece of human creative genius; | (ii) to exhibit an important interchange of human values, over a span of time or within a cultural area of the world, on developments in architecture or technology, monumental arts, town-planning or landscape design; | (iii) to bear a unique or at least exceptional testimony to a cultural tradition or to a civilization which is living or which has disappeared; | (iv) to be an outstanding example of a type of building, architectural or technological ensemble or landscape which illustrates (a) significant stage(s) in human history;",4,,,,,,,,,,,,,,,,,,,,,,,,,,,,,,,,,,,,,,,,,,,,,,,,,,,,,,,,,,,,,,,,,,,,,,Tier 9: Unflagged,
428,City of Bath,United Kingdom of Great Britain and Northern Ireland,https://whc.unesco.org/en/list/428,1987.0,51.3813055556,-2.3590555556,"Neoclassical, Palladian, Georgian, Renaissance; nan",Internal (DS/OUV),,"Roman (1st century AD), Middle Ages, 18th century (Georgian)",Internal (DS/OUV),,"Roman, British/Georgian",Internal (DS/OUV),,"(i) to represent a masterpiece of human creative genius; | (ii) to exhibit an important interchange of human values, over a span of time or within a cultural area of the world, on developments in architecture or technology, monumental arts, town-planning or landscape design; | (iv) to be an outstanding example of a type of building, architectural or technological ensemble or landscape which illustrates (a) significant stage(s) in human history;",3,,,"Oolitic limestone, Limestone",Internal (DS/OUV),,Sedimentary Rock,Internal (DS/OUV),,,,,Bath Oolitic limestone / Bath Stone,Internal (DS/OUV),,Oolitic limestone,Internal (DS/OUV),,,,,,,,,,,Oolitic,Internal (DS/OUV),,,,,Ralph Allen's Quarries (Combe Down),Internal (DS/OUV),,United Kingdom,Internal (DS/OUV),,Local,Internal (DS/OUV),,,,,"Crescents, terraces, squares, abbey, public buildings, thermal baths, temples",Internal (DS/OUV),,"Neoclassical facades, Palladian architectural elements",Internal (DS/OUV),,,,,,,,,,,Program of restoration in the late 20th century,Internal (DS/OUV),,Excellent,,,Yes,,,,Tier 9: Unflagged,
383,"Cathedral, Alcázar and Archivo de Indias in Seville",Spain,https://whc.unesco.org/en/list/383,1987.0,37.38384,-5.99155,skipped; but promissing; nan,,,,,,,,,"(i) to represent a masterpiece of human creative genius; | (ii) to exhibit an important interchange of human values, over a span of time or within a cultural area of the world, on developments in architecture or technology, monumental arts, town-planning or landscape design; | (iii) to bear a unique or at least exceptional testimony to a cultural tradition or to a civilization which is living or which has disappeared; | (vi) to be directly or tangibly associated with events or living traditions, with ideas, or with beliefs, with artistic and literary works of outstanding universal significance;",4,,,,,,,,,,,,,,,,,,,,,,,,,,,,,,,,,,,,,,,,,,,,,,,,,,,,,,,,,,,,,,,,,,,,,,Tier 9: Unflagged,
414,Pre-Hispanic City of Teotihuacan,Mexico,https://whc.unesco.org/en/list/414,1987.0,19.69167,-98.84167,skipped; but highly promising; nan,,,,,,,,,"(i) to represent a masterpiece of human creative genius; | (ii) to exhibit an important interchange of human values, over a span of time or within a cultural area of the world, on developments in architecture or technology, monumental arts, town-planning or landscape design; | (iii) to bear a unique or at least exceptional testimony to a cultural tradition or to a civilization which is living or which has disappeared; | (iv) to be an outstanding example of a type of building, architectural or technological ensemble or landscape which illustrates (a) significant stage(s) in human history; | (vi) to be directly or tangibly associated with events or living traditions, with ideas, or with beliefs, with artistic and literary works of outstanding universal significance;",5,,,,,,,,,,,,,,,,,,,,,,,,,,,,,,,,,,,,,,,,,,,,,,,,,,,,,,,,,,,,,,,,,,No,,,,Tier 9: Unflagged,
411,Pre-Hispanic City and National Park of Palenque,Mexico,https://whc.unesco.org/en/list/411,1987.0,17.48333,-92.05,skipped; but promising; nan,,,,,,,,,"(i) to represent a masterpiece of human creative genius; | (ii) to exhibit an important interchange of human values, over a span of time or within a cultural area of the world, on developments in architecture or technology, monumental arts, town-planning or landscape design; | (iii) to bear a unique or at least exceptional testimony to a cultural tradition or to a civilization which is living or which has disappeared; | (iv) to be an outstanding example of a type of building, architectural or technological ensemble or landscape which illustrates (a) significant stage(s) in human history;",4,,,,,,,,,,,,,,,,,,,,,,,,,,,,,,,,,,,,,,,,,,,,,,,,,,,,,,,,,,,,,,,,,,No,,,,Tier 9: Unflagged,
438,The Great Wall,China,https://whc.unesco.org/en/list/438,1987.0,40.41667,116.08333,skipped; bp,,,,,,,,,"(i) to represent a masterpiece of human creative genius; | (ii) to exhibit an important interchange of human values, over a span of time or within a cultural area of the world, on developments in architecture or technology, monumental arts, town-planning or landscape design; | (iii) to bear a unique or at least exceptional testimony to a cultural tradition or to a civilization which is living or which has disappeared; | (iv) to be an outstanding example of a type of building, architectural or technological ensemble or landscape which illustrates (a) significant stage(s) in human history; | (vi) to be directly or tangibly associated with events or living traditions, with ideas, or with beliefs, with artistic and literary works of outstanding universal significance;",5,,,,,,,,,,,,,,,,,,,,,,,,,,,,,,,,,,,,,,,,,,,,,,,,,,,,,,,,,,,,,,,,,,No,,bp,bp,Tier 8: Moderate Probability Stone Fabric (Possible),
439,Imperial Palaces of the Ming and Qing Dynasties in Beijing and Shenyang,China,https://whc.unesco.org/en/list/439,1987.0,41.79416667,123.4469444,skipped;; nan,,,,,,,,,"(i) to represent a masterpiece of human creative genius; | (ii) to exhibit an important interchange of human values, over a span of time or within a cultural area of the world, on developments in architecture or technology, monumental arts, town-planning or landscape design; | (iii) to bear a unique or at least exceptional testimony to a cultural tradition or to a civilization which is living or which has disappeared; | (iv) to be an outstanding example of a type of building, architectural or technological ensemble or landscape which illustrates (a) significant stage(s) in human history;",4,,,,,,,,,,,,,,,,,,,,,,,,,,,,,,,,,,,,,,,,,,,,,,,,,,,,,,,,,,,,,,,,,,No,,,,Tier 9: Unflagged,
441,Mausoleum of the First Qin Emperor,China,https://whc.unesco.org/en/list/441,1987.0,34.381311,109.259951,skipped; but very highly possible; nan,,,,,,,,,"(i) to represent a masterpiece of human creative genius; | (iii) to bear a unique or at least exceptional testimony to a cultural tradition or to a civilization which is living or which has disappeared; | (iv) to be an outstanding example of a type of building, architectural or technological ensemble or landscape which illustrates (a) significant stage(s) in human history; | (vi) to be directly or tangibly associated with events or living traditions, with ideas, or with beliefs, with artistic and literary works of outstanding universal significance;",4,,,,,,,,,,,,,,,,,,,,,,,,,,,,,,,,,,,,,,,,,,,,,,,,,,,,,,,,,,,,,,,,,,No,,,,Tier 9: Unflagged,
394,Venice and its Lagoon,Italy,https://whc.unesco.org/en/list/394,1987.0,45.43430556,12.33894444,skipped;; nan,,,,,,,,,"(i) to represent a masterpiece of human creative genius; | (ii) to exhibit an important interchange of human values, over a span of time or within a cultural area of the world, on developments in architecture or technology, monumental arts, town-planning or landscape design; | (iii) to bear a unique or at least exceptional testimony to a cultural tradition or to a civilization which is living or which has disappeared; | (iv) to be an outstanding example of a type of building, architectural or technological ensemble or landscape which illustrates (a) significant stage(s) in human history; | (v) to be an outstanding example of a traditional human settlement, land-use, or sea-use which is representative of a culture (or cultures), or human interaction with the environment especially when it has become vulnerable under the impact of irreversible change; | (vi) to be directly or tangibly associated with events or living traditions, with ideas, or with beliefs, with artistic and literary works of outstanding universal significance;",6,,,,,,,,,,,,,,,,,,,,,,,,,,,,,,,,,,,,,,,,,,,,,,,,,,,,,,,,,,,,,,,,,,No,,,,Tier 9: Unflagged,
440,Mogao Caves,China,https://whc.unesco.org/en/list/440,1987.0,40.13333,94.81667,skipped; bvhp,,,,,,,,,"(i) to represent a masterpiece of human creative genius; | (ii) to exhibit an important interchange of human values, over a span of time or within a cultural area of the world, on developments in architecture or technology, monumental arts, town-planning or landscape design; | (iii) to bear a unique or at least exceptional testimony to a cultural tradition or to a civilization which is living or which has disappeared; | (iv) to be an outstanding example of a type of building, architectural or technological ensemble or landscape which illustrates (a) significant stage(s) in human history; | (v) to be an outstanding example of a traditional human settlement, land-use, or sea-use which is representative of a culture (or cultures), or human interaction with the environment especially when it has become vulnerable under the impact of irreversible change; | (vi) to be directly or tangibly associated with events or living traditions, with ideas, or with beliefs, with artistic and literary works of outstanding universal significance;",6,,,,,,,,,,,,,,,,,,,,,,,,,,,,,,,,,,,,,,,,,,,,,,,,,,,,,,,,,,,,,,,,,,No,,bvhp,bvhp,Tier 6: High Probability Ashlar / Urban Core (1-v Very High),
393,Archaeological Site of Delphi,Greece,https://whc.unesco.org/en/list/393,1987.0,38.48149,22.49617,skipped; bvhp,,,,,,,,,"(i) to represent a masterpiece of human creative genius; | (ii) to exhibit an important interchange of human values, over a span of time or within a cultural area of the world, on developments in architecture or technology, monumental arts, town-planning or landscape design; | (iii) to bear a unique or at least exceptional testimony to a cultural tradition or to a civilization which is living or which has disappeared; | (iv) to be an outstanding example of a type of building, architectural or technological ensemble or landscape which illustrates (a) significant stage(s) in human history; | (vi) to be directly or tangibly associated with events or living traditions, with ideas, or with beliefs, with artistic and literary works of outstanding universal significance;",5,,,,,,,,,,,,,,,,,,,,,,,,,,,,,,,,,,,,,,,,,,,,,,,,,,,,,,,,,,,,,,,,,,No,,bvhp,bvhp,Tier 6: High Probability Ashlar / Urban Core (1-v Very High),
448,Nemrut Dağ,Türkiye,https://whc.unesco.org/en/list/448,1987.0,38.03661,38.76369,OUV Absent; bvvvvhp,,,,,,,,,"(i) to represent a masterpiece of human creative genius; | (iii) to bear a unique or at least exceptional testimony to a cultural tradition or to a civilization which is living or which has disappeared; | (iv) to be an outstanding example of a type of building, architectural or technological ensemble or landscape which illustrates (a) significant stage(s) in human history;",3,,,,,,,,,,,,,,,,,,,,,,,,,,,,,,,,,,,,,,,,,,,,,,,,,,,,,,,,,,,,,,,,,,No,,,bvvvvhp,Tier 3: Monumental Megalithic / Sanctuary Architecture (4-v Very Very Very High),
445,Brasilia,Brazil,https://whc.unesco.org/en/list/445,1987.0,-15.78333,-47.9,skipped; nan,,,,,,,,,"(i) to represent a masterpiece of human creative genius; | (iv) to be an outstanding example of a type of building, architectural or technological ensemble or landscape which illustrates (a) significant stage(s) in human history;",2,,,,,,,,,,,,,,,,,,,,,,,,,,,,,,,,,,,,,,,,,,,,,,,,,,,,,,,,,,,,,,,,,,No,,,,Tier 9: Unflagged,
244,Elephanta Caves,India,https://whc.unesco.org/en/list/244,1987.0,18.96667,72.93583,skipped; bvvvvvhp,,,,,,,,,(i) to represent a masterpiece of human creative genius; | (iii) to bear a unique or at least exceptional testimony to a cultural tradition or to a civilization which is living or which has disappeared;,2,,,,,,,,,,,,,,,,,,,,,,,,,,,,,,,,,,,,,,,,,,,,,,,,,,,,,,,,,,,,,,,,,,No,,bvvvvvhp,bvvvvvhp,Tier 2: Massive Cliff Rock Art / Bedrock Substrate (5-v Extremely High),
241,Group of Monuments at Hampi,India,https://whc.unesco.org/en/list/241,1986.0,15.31444,76.47167,"Dravidian Architecture (Temples, Gopurams, Mandapas) and Indo-Islamic Architecture (Secular buildings like Queen's Bath and Elephant Stables).; nan",Internal (DS/OUV),,"14th to 16th Century CE (Vijayanagara Empire, 1336–1565 CE; building activity spanning over 200 years).",Internal (DS/OUV),,Vijayanagara Empire (The last great Hindu Kingdom of South India).,Internal (DS/OUV),,"(i) to represent a masterpiece of human creative genius; | (iii) to bear a unique or at least exceptional testimony to a cultural tradition or to a civilization which is living or which has disappeared; | (iv) to be an outstanding example of a type of building, architectural or technological ensemble or landscape which illustrates (a) significant stage(s) in human history;",3,Internal (DS/OUV),,Granite,Internal (DS/OUV),,Igneous Rock,,,,,,,,,Local Granite / Closepet Granite,,,,,,,,,,,,,,,,,,,,,India,Internal (DS/OUV),,"Local (""constructed from local granite"", ""utilizing locally available material"")",Internal (DS/OUV),,,Internal (DS/OUV),,"Fortification walls, temple complexes, pillared halls (Mandapas), shrines, entrance towers (Gopurams), ceremonial pavilions, heavy roof slabs, stone chariot (granite ratha), stepped tanks (Pushkarani), bridges, and water channels.",Internal (DS/OUV),,"Intricately carved stone chariot (Vittala Temple), ornate decorated pillars, relief sculptures, carved entrance gopurams, and sculpted lintels/capitals.",Internal (DS/OUV),,"Post-and-lintel system, lantern-roofed construction, dry-stone masonry with paper joints (rubble core for fortification walls), brick-and-lime mortar superstructures (for Gopuras), and heavy granite roof slabs sealed with lime mortar waterproofing.",Internal (DS/OUV),,,,,,,,"Ongoing conservation and preservation by the Archaeological Survey of India (ASI) and Department of Archaeology and Museums (DAM), guided by the Integrated Management Plan (IMP) and Hampi World Heritage Area Management Authority (HWHAMA).",Internal (DS/OUV),,Good,,,,Official ICOMOS Evaluation & UNESCO Dossier Documents,,,Tier 9: Unflagged,
364,Great Zimbabwe National Monument,Zimbabwe,https://whc.unesco.org/en/list/364,1986.0,-20.271169952,30.9332689726,"Dry-stone monumental masonry architecture (Hill Ruins, Great Enclosure, Valley Ruins, Conical Tower, Enclosure Walls); nan",Internal (DS/OUV),,1100 to 1450 AD (11th to 15th centuries AD),Internal (DS/OUV),,Bantu / Shona civilization (Iron Age),Internal (DS/OUV),,"(i) to represent a masterpiece of human creative genius; | (iii) to bear a unique or at least exceptional testimony to a cultural tradition or to a civilization which is living or which has disappeared; | (vi) to be directly or tangibly associated with events or living traditions, with ideas, or with beliefs, with artistic and literary works of outstanding universal significance;",3,Internal (DS/OUV),,Granite,Internal (DS/OUV),,Igneous Rock,,,Soapstone / Steatite (used for upright posts and carved Zimbabwe Birds); Granitic sand and clay mixture (Daga),Internal (DS/OUV),,"Daga (traditional mixture of clay and granitic sand used for bricks, huts, and floors)",Internal (DS/OUV),,Biotite Granite / Talc-schist (Steatite),External,https://www.iccrom.org/sites/default/files/publications/2019-11/iccrom_ics04_zimbabwe_en.pdf,,,,,,,,,,,,,,,,Local granite hill outcrops and naturally exfoliated granite spalls surrounding the Great Zimbabwe site,Internal (DS/OUV),,Zimbabwe,Internal (DS/OUV),,Local (Granite obtained directly at the site; Steatite sourced regionally within Zimbabwe),Internal (DS/OUV),,,,,"Enclosure perimeter walls, Conical Tower, passageways, foundations, and lintels",Internal (DS/OUV),,"Chevron pattern, chequered wall decorations, carved upright ritual posts, and soapstone bird figurines",Internal (DS/OUV),,"Dry stone masonry without mortar, laid in regular horizontal courses using split/dressed granite blocks",Internal (DS/OUV),,"Temperature fluctuations, soil moisture variations, and invasive vegetation encroachment (Lantana camara)",Internal (DS/OUV),,,,,"Dry-stone wall collapse monitoring, vegetation control, and structural stabilization under the National Museums and Monuments of Zimbabwe (NMMZ)",Internal (DS/OUV),,Good,,,Yes,"ICOMOS Advisory Body Evaluation, ICCROM Preservation Study, MDPI Heritage & Sustainability Article",,,Tier 9: Unflagged,
389,Studenica Monastery,Serbia,https://whc.unesco.org/en/list/389,1986.0,43.4865277778,20.5316666667,Monastic complex; Raška School of eastern medieval church architecture blending Romanesque (exterior) and Byzantine (interior/frescoes) styles. Single-nave domed churches.; nan,Internal (DS/OUV),,Late 12th century (established ~1183–1196 by Stefan Nemanja); King’s Church added in 1314,Internal (DS/OUV),,Medieval Serbian State / Serbian Orthodox Church (Nemanjić Dynasty).,Internal (DS/OUV),,"(i) to represent a masterpiece of human creative genius; | (ii) to exhibit an important interchange of human values, over a span of time or within a cultural area of the world, on developments in architecture or technology, monumental arts, town-planning or landscape design; | (iv) to be an outstanding example of a type of building, architectural or technological ensemble or landscape which illustrates (a) significant stage(s) in human history; | (vi) to be directly or tangibly associated with events or living traditions, with ideas, or with beliefs, with artistic and literary works of outstanding universal significance;",4,Internal (DS/OUV),,White Marble,Internal (DS/OUV),,Metamorphic Rock,,,,,,Studenica Marble (Studenički mermer),External,"Debljović Ristić, N., Šekularac, N., Mijović, D., & Ivanović Šekularac, J. (2019). Studenica Marble: Significance, Use, Conservation. Sustainability, 11(14), 3916. https://doi.org/10.3390/su11143916",,,,,,,,,,White / Light Grey,Internal (DS/OUV),,,,,,,,Quarries located in the immediate protected surrounding zone near the monastery (along the Studenica/Radočelo mountain area),Internal (DS/OUV),,Serbia,Internal (DS/OUV),,Local,Internal (DS/OUV),,Short / Local transport (within a few kilometers of the complex),Internal (DS/OUV),,"Load-bearing exterior walls, portals, window openings (biforas/triforas), and structural masonry of the Church of the Virgin",Internal (DS/OUV),,"Sculpted relief portals, decorative capitals, cornices, and window frames",Internal (DS/OUV),,Ashlar masonry (polished white marble blocks precisely cut and fitted in Romanesque style),Internal (DS/OUV),,"Environmental pressure, surface weathering, and water accumulation/moisture near the monastery walls",Internal (DS/OUV),,Matching local marble used during conservation projects following historical research,Internal (DS/OUV),,Ongoing conservation and archaeological investigations; major restoration in the exonarthex of the Church of the Virgin using traditional materials and techniques,Internal (DS/OUV),,Good,Internal (DS/OUV),,Yes,"1. ICOMOS Advisory Body Evaluation (1986)
2. Debljović Ristić et al. (2019) Studenica Marble: Significance, Use, Conservation, Sustainability
3. Petrović et al. (2025) Geotourism Based on Geoheritage as a Basis for Sustainable Development of Golija Nature Park, Land 1 ",,,Tier 9: Unflagged,
373,"Stonehenge, Avebury and Associated Sites",United Kingdom of Great Britain and Northern Ireland,https://whc.unesco.org/en/list/373,1986.0,51.17888889,-1.825277778,"Megalithic stone circles, henges, barrows, avenues, and earthen earthworks/mounds.; nan",Internal (DS/OUV),,Circa 3700 BC – 1600 BC (Neolithic to Early Bronze Age); focal stone circle built ~2500 BC.,Internal (DS/OUV),,Prehistoric Britain (Neolithic and Bronze Age societies).,Internal (DS/OUV),,"(i) to represent a masterpiece of human creative genius; | (ii) to exhibit an important interchange of human values, over a span of time or within a cultural area of the world, on developments in architecture or technology, monumental arts, town-planning or landscape design; | (iii) to bear a unique or at least exceptional testimony to a cultural tradition or to a civilization which is living or which has disappeared;",3,Internal (DS/OUV),,"Wiltshire Sarsen Sandstone and Bluestone (dolerite, rhyolite, tuffs)",Internal (DS/OUV),,Sedimentary Rock,,,"Chalk (used in earthworks/mounds like Silbury Hill), Altar Stone (Metasandstone), Quartz veins, packing stones",Internal (DS/OUV),,"Sarsen (Silcrete), Chalk",,,,,,,,,,,,,,,,,,,,,,,,United Kingdom (England & Wales),Internal (DS/OUV),,"Sarsens: Local/Regional (~25 km).
Bluestones: Imported (~200–240 km).",External,"Nash, D. J., Ciborowski, T. J. R., Ullyott, J. S., Pearson, M. P., Darvill, T., Greaney, S., Maniatis, G., & Whitaker, K. A. (2020). Origins of the sarsen megaliths at Stonehenge. Science Advances, 6(31), eabc0133. https://doi.org/10.1126/sciadv.abc0133",~25 km for Sarsens; up to 240 km for Bluestones.,Internal (DS/OUV),,"Standing megalithic uprights, horizontal lintels, central trilithons, inner/outer concentric circles, horseshoe arrangements, packing stones.",Internal (DS/OUV),,Unique surface shaping/dressing of megalithic stones; intentional arrangement of bluestone contrast.,Internal (DS/OUV),,"Mortise-and-tenon jointing, tongue-and-groove lintel capping, dressed/shaped megaliths.",Internal (DS/OUV),,"Weathering from surface erosion, natural environmental exposure, animal burrowing, and historic visitor traffic.",Internal (DS/OUV),,,,,"Early to mid-20th-century interventions involving excavation, re-erection of fallen or buried stones to their original positions, and modern site consolidation.",,,Good,Internal (DS/OUV),,Yes,"1. Nash et al., 2020 - Science Advances


2. Parker Pearson et al., 2015 - Antiquity


3. Whitaker, 2019 - Oxford Journal of Archaeology


4. Lott, 2013 - Quarterly Journal of Engineering Geology and Hydrogeology",,,Tier 9: Unflagged,
392,Temple of Apollo Epicurius at Bassae,Greece,https://whc.unesco.org/en/list/392,1986.0,37.43498,21.89694,Columned Temple / Sanctuary; nan,Internal (DS/OUV),,Second half of the 5th century BC (420–400 BC),Internal (DS/OUV),,Ancient Greek / Classical Greek Civilization,Internal (DS/OUV),,"(i) to represent a masterpiece of human creative genius; | (ii) to exhibit an important interchange of human values, over a span of time or within a cultural area of the world, on developments in architecture or technology, monumental arts, town-planning or landscape design; | (iii) to bear a unique or at least exceptional testimony to a cultural tradition or to a civilization which is living or which has disappeared;",3,Internal (DS/OUV),,Limestone,Internal (DS/OUV),,Sedimentary Rock,,,,,,Local limestone,Internal (DS/OUV),,,,,,,,,,,Grey (Arcadian mountain limestone),Internal (DS/OUV),,,,,,,,Local quarries (surrounding Arkadian mountains),Internal (DS/OUV),,Greece,Internal (DS/OUV),,Local,Internal (DS/OUV),,,,,"Colonnade (Doric outer columns), Cella, Adyton, Columns (Ionic and Corinthian)",Internal (DS/OUV),,"Sculptured frieze, Corinthian capital",Internal (DS/OUV),,Classical Greek dry masonry (Archaic/Doric blend),Internal (DS/OUV),,"Deterioration from extreme weather, temperature variations, strong wind, water, and seismic activity",Internal (DS/OUV),,Local limestone (matching the original material used in the monument),Internal (DS/OUV),,"Systemic restoration ongoing since 2001; installation of a protective shelter, anti-seismic netting, and drainage system",Internal (DS/OUV),,Excellent,,,Yes,,,,Tier 9: Unflagged,
372,Studley Royal Park including the Ruins of Fountains Abbey,United Kingdom of Great Britain and Northern Ireland,https://whc.unesco.org/en/list/372,1986.0,54.11611111,-1.573055556,skipped; nan,,,,,,,,,"(i) to represent a masterpiece of human creative genius; | (iv) to be an outstanding example of a type of building, architectural or technological ensemble or landscape which illustrates (a) significant stage(s) in human history;",2,,,,,,,,,,,,,,,,,,,,,,,,,,,,,,,,,,,,,,,,,,,,,,,,,,,,,,,,,,,,,,,,,,,,,,Tier 9: Unflagged,
367,"Roman Monuments, Cathedral of St Peter and Church of Our Lady in Trier",Germany,https://whc.unesco.org/en/list/367,1986.0,49.75,6.633333333,"Roman, Romanesque, Gothic, High Gothic, Renaissance, Baroque; nan",Internal (DS/OUV),,,Internal (DS/OUV),,Roman / Western Roman Empire / German Christian Medieval,Internal (DS/OUV),,"(i) to represent a masterpiece of human creative genius; | (iii) to bear a unique or at least exceptional testimony to a cultural tradition or to a civilization which is living or which has disappeared; | (iv) to be an outstanding example of a type of building, architectural or technological ensemble or landscape which illustrates (a) significant stage(s) in human history; | (vi) to be directly or tangibly associated with events or living traditions, with ideas, or with beliefs, with artistic and literary works of outstanding universal significance;",4,,,Marble,Internal (DS/OUV),,Metamorphic Rock,Internal (DS/OUV),,,Internal (DS/OUV),,,,,,,,,,,,,,,,,,,,,,,,,,,,,,,,,,,"Fortified gate, city walls, basilicas, thermae/baths, bridge, column, cathedral, church structures",Internal (DS/OUV),,"Baroque marble altars, archbishops' tombs, painted ceiling",Internal (DS/OUV),,"Large stone construction (Porta Nigra), brick monumental structures (Basilica)",Internal (DS/OUV),,,,,,,,Reconstructed/restored in the 19th century; WW2 damage restored between 1946–1949 (Church of Our Lady) and 1954–1956 (Basilica),Internal (DS/OUV),,Good,,,Yes,,,,Tier 9: Unflagged,
379,Historic City of Toledo,Spain,https://whc.unesco.org/en/list/379,1986.0,39.8569444444,-4.0244444444,skipped; nan,,,,,,,,,"(i) to represent a masterpiece of human creative genius; | (ii) to exhibit an important interchange of human values, over a span of time or within a cultural area of the world, on developments in architecture or technology, monumental arts, town-planning or landscape design; | (iii) to bear a unique or at least exceptional testimony to a cultural tradition or to a civilization which is living or which has disappeared; | (iv) to be an outstanding example of a type of building, architectural or technological ensemble or landscape which illustrates (a) significant stage(s) in human history;",4,,,,,,,,,,,,,,,,,,,,,,,,,,,,,,,,,,,,,,,,,,,,,,,,,,,,,,,,,,,,,,,,,,,,,,Tier 9: Unflagged,
374,Castles and Town Walls of King Edward in Gwynedd,United Kingdom of Great Britain and Northern Ireland,https://whc.unesco.org/en/list/374,1986.0,53.13972222,-4.276944444,skipped; nan,,,,,,,,,"(i) to represent a masterpiece of human creative genius; | (iii) to bear a unique or at least exceptional testimony to a cultural tradition or to a civilization which is living or which has disappeared; | (iv) to be an outstanding example of a type of building, architectural or technological ensemble or landscape which illustrates (a) significant stage(s) in human history;",3,,,,,,,,,,,,,,,,,,,,,,,,,,,,,,,,,,,,,,,,,,,,,,,,,,,,,,,,,,,,,,,,,,No,,,,Tier 9: Unflagged,
371,Ironbridge Gorge,United Kingdom of Great Britain and Northern Ireland,https://whc.unesco.org/en/list/371,1986.0,52.62638889,-2.472777778,Skipped; nan,,,,,,,,,"(i) to represent a masterpiece of human creative genius; | (ii) to exhibit an important interchange of human values, over a span of time or within a cultural area of the world, on developments in architecture or technology, monumental arts, town-planning or landscape design; | (iv) to be an outstanding example of a type of building, architectural or technological ensemble or landscape which illustrates (a) significant stage(s) in human history; | (vi) to be directly or tangibly associated with events or living traditions, with ideas, or with beliefs, with artistic and literary works of outstanding universal significance;",4,,,,,,,,,,,,,,,,,,,,,,,,,,,,,,,,,,,,,,,,,,,,,,,,,,,,,,,,,,,,,,,,,,No,,,,Tier 9: Unflagged,
240,Khajuraho Group of Monuments,India,https://whc.unesco.org/en/list/240,1986.0,24.85222,79.92222,Nagara-style temple architecture; nan,Internal (DS/OUV),,10th and 11th centuries CE (950–1050 CE),Internal (DS/OUV),,Chandella dynasty,Internal (DS/OUV),,(i) to represent a masterpiece of human creative genius; | (iii) to bear a unique or at least exceptional testimony to a cultural tradition or to a civilization which is living or which has disappeared;,2,Internal (DS/OUV),,Sandstone,Internal (DS/OUV),,,,,,,,,,,,,,,,,,,,,,,,,,,,,,,,,,,,,,,,,"Elevated terraced platform (jagati), body (jangha), sanctum (garbhagriha), main hall (mandapa), entrance porch (ardhamandapa), vestibule (antarala), tower (shikhara), spires",Internal (DS/OUV),,"Sculpted surfaces depicting sacred/secular themes, anthropomorphic and non-anthropomorphic motifs, deities, amorous couples, dancers, and musicians",Internal (DS/OUV),,,,,Vibrations and dust particles from the nearby Khajuraho Airport identified as potential threats,Internal (DS/OUV),,,,,Managed under the Ancient Monuments and Archaeological Sites and Remains (AMASR) Act,Internal (DS/OUV),,Excellent,,,Yes,,,,Tier 9: Unflagged,
377,Hattusha: the Hittite Capital,Türkiye,https://whc.unesco.org/en/list/377,1986.0,40.01389,34.62056,skipped; bvhp,,,,,,,,,"(i) to represent a masterpiece of human creative genius; | (ii) to exhibit an important interchange of human values, over a span of time or within a cultural area of the world, on developments in architecture or technology, monumental arts, town-planning or landscape design; | (iii) to bear a unique or at least exceptional testimony to a cultural tradition or to a civilization which is living or which has disappeared; | (iv) to be an outstanding example of a type of building, architectural or technological ensemble or landscape which illustrates (a) significant stage(s) in human history;",4,,,,,,,,,,,,,,,,,,,,,,,,,,,,,,,,,,,,,,,,,,,,,,,,,,,,,,,,,,,,,,,,,,No,,bvhp,bvhp,Tier 6: High Probability Ashlar / Urban Core (1-v Very High),
366,Chan Chan Archaeological Zone,Peru,https://whc.unesco.org/en/list/366,1986.0,-8.107836,-79.074737,skipped; bvvvhp,,,,,,,,,(i) to represent a masterpiece of human creative genius; | (iii) to bear a unique or at least exceptional testimony to a cultural tradition or to a civilization which is living or which has disappeared;,2,,,,,,,,,,,,,,,,,,,,,,,,,,,,,,,,,,,,,,,,,,,,,,,,,,,,,,,,,,,,,,,,,,No,,bvvvhp,bvvvhp,Tier 4: Exceptional Stone Fortress / Cathedral / Mosque (3-v Very Very High),
344,Pont du Gard (Roman Aqueduct),France,https://whc.unesco.org/en/list/344,1985.0,43.94722222,4.535277778,Aqueduct / Aqueduct bridge; nan,Internal (DS/OUV),,Middle of the 1st century AD (shortly before the Christian era / early Imperial era),Internal (DS/OUV),,Ancient Roman,Internal (DS/OUV),,"(i) to represent a masterpiece of human creative genius; | (iii) to bear a unique or at least exceptional testimony to a cultural tradition or to a civilization which is living or which has disappeared; | (iv) to be an outstanding example of a type of building, architectural or technological ensemble or landscape which illustrates (a) significant stage(s) in human history;",3,Internal (DS/OUV),,,Internal (DS/OUV),,,,,,,,,,,,,,,,,,,,,,,,,,,,,,,,,,,,,,,,,"Three-storey aqueduct bridge (arches, piers, voussoirs, piers with protective lips) carrying a water conduit",Internal (DS/OUV),,,,,"Large stone blocks assembled on lower levels; small rubble with flagstones at upper level; dry assembly with stonecutters' and quarrymen's marks, engraved positioning codes, and juxtaposed rollers of voussoirs",Internal (DS/OUV),,"Loss of stones, disappearance of 12 arches upstream during the Middle Ages, and spoliation/cutting into piers for road usage",Internal (DS/OUV),,,,,"Repair of piers (1699–1702), construction of corbels, attachment of Pitot road bridge (1746), and continuous restoration campaigns since the end of the 17th century",Internal (DS/OUV),,Excellent,,,Yes,,,,Tier 9: Unflagged,
326,Petra,Jordan,https://whc.unesco.org/en/list/326,1985.0,30.33056,35.44333,"Architectural, Architecture, Building, Byzantine, Design, Facade, Monument, Monumental, Plan, Structure, Traditional (also Nabataean, Hellenistic, Roman, Graeco-Roman); nan",Internal (DS/OUV),,"Prehistoric times; first centuries BC to AD (Nabataean, Roman, Byzantine); Iron Age, Chalcolithic, Crusader/Medieval",Internal (DS/OUV),,"Nabataean, Roman, Byzantine, Hellenistic, Assyrian, Greek, Crusader",Internal (DS/OUV),,"(i) to represent a masterpiece of human creative genius; | (iii) to bear a unique or at least exceptional testimony to a cultural tradition or to a civilization which is living or which has disappeared; | (iv) to be an outstanding example of a type of building, architectural or technological ensemble or landscape which illustrates (a) significant stage(s) in human history;",3,Internal (DS/OUV),,"Red Sandstone, Sandstone",Internal (DS/OUV),,Sedimentary Rock,Internal (DS/OUV),,,,,,,,Sandstone,Internal (DS/OUV),,,,,,,,,,,,,,,,,,,,,,,Local (rock-cut directly into surrounding cliffs and gorges),Internal (DS/OUV),,,,,"Half-built, half-carved rock-cut structures, tombs, temples, water channels, dams, cisterns, city walls, arches",Internal (DS/OUV),,"Monumental rock-cut facades, capitals, funerary stelae",Internal (DS/OUV),,Rock-cut / Ashlar Freestanding Masonry,Internal (DS/OUV),,"Ongoing erosion due to wind and rain, exacerbated by windblown sand and natural decay of the sandstone architecture",Internal (DS/OUV),,,,,Stabilization of freestanding monuments including Qasr al Bint temple and the vaulted structure supporting the Byzantine forecourt,Internal (DS/OUV),,Moderate,,,Yes,,,,Tier 9: Unflagged,
187,St Mary's Cathedral and St Michael's Church at Hildesheim,Germany,https://whc.unesco.org/en/list/187,1985.0,52.15278,9.94389,skipped; nan,,,,,,,,,"(i) to represent a masterpiece of human creative genius; | (ii) to exhibit an important interchange of human values, over a span of time or within a cultural area of the world, on developments in architecture or technology, monumental arts, town-planning or landscape design; | (iii) to bear a unique or at least exceptional testimony to a cultural tradition or to a civilization which is living or which has disappeared;",3,,,,,,,,,,,,,,,,,,,,,,,,,,,,,,,,,,,,,,,,,,,,,,,,,,,,,,,,,,,,,,,,,,,,,,Tier 9: Unflagged,
334,Sanctuary of Bom Jesus do Congonhas,Brazil,https://whc.unesco.org/en/list/334,1985.0,-20.508201,-43.860806,"Sanctuary, Basilica, Church, Chapels, Outdoor staircase; nan",Internal (DS/OUV),,Second half of the 18th century (Church completed in 1772),Internal (DS/OUV),,Portuguese America / Latin American Baroque (Brazil),Internal (DS/OUV),,"(i) to represent a masterpiece of human creative genius; | (iv) to be an outstanding example of a type of building, architectural or technological ensemble or landscape which illustrates (a) significant stage(s) in human history;",2,Internal (DS/OUV),,Soapstone (pedra sabão),Internal (DS/OUV),,,,,,,,pedra sabão,Internal (DS/OUV),,,,,,,,,,,,,,,,,,,,,,,,,,,,,,,,,,,"Parapets of the divided staircase, statues of the 12 prophets, and general stonework",Internal (DS/OUV),,,,,,,,,,,Conservation and reclamation programs supported by IPHAN and the Monumenta Program,Internal (DS/OUV),,Good,,,Yes,,,,Tier 9: Unflagged,
347,Santiago de Compostela (Old Town),Spain,https://whc.unesco.org/en/list/347,1985.0,42.88076,-8.54468,Skipped; nan,,,,,,,,,"(i) to represent a masterpiece of human creative genius; | (ii) to exhibit an important interchange of human values, over a span of time or within a cultural area of the world, on developments in architecture or technology, monumental arts, town-planning or landscape design; | (vi) to be directly or tangibly associated with events or living traditions, with ideas, or with beliefs, with artistic and literary works of outstanding universal significance;",3,,,,,,,,,,,,,,,,,,,,,,,,,,,,,,,,,,,,,,,,,,,,,,,,,,,,,,,,,,,,,,,,,,,,,,Tier 9: Unflagged,
331,Medina of Marrakesh,Morocco,https://whc.unesco.org/en/list/331,1985.0,31.63139,-7.98667,skipped; nan,,,,,,,,,"(i) to represent a masterpiece of human creative genius; | (ii) to exhibit an important interchange of human values, over a span of time or within a cultural area of the world, on developments in architecture or technology, monumental arts, town-planning or landscape design; | (iv) to be an outstanding example of a type of building, architectural or technological ensemble or landscape which illustrates (a) significant stage(s) in human history; | (v) to be an outstanding example of a traditional human settlement, land-use, or sea-use which is representative of a culture (or cultures), or human interaction with the environment especially when it has become vulnerable under the impact of irreversible change;",4,,,,,,,,,,,,,,,,,,,,,,,,,,,,,,,,,,,,,,,,,,,,,,,,,,,,,,,,,,,,,,,,,,No,,,,Tier 9: Unflagged,
312,Monuments of Oviedo and the Kingdom of the Asturias,Spain,https://whc.unesco.org/en/list/312,1985.0,43.36262,-5.84303,skipped; promising; nan,,,,,,,,,"(i) to represent a masterpiece of human creative genius; | (ii) to exhibit an important interchange of human values, over a span of time or within a cultural area of the world, on developments in architecture or technology, monumental arts, town-planning or landscape design; | (v) to be an outstanding example of a traditional human settlement, land-use, or sea-use which is representative of a culture (or cultures), or human interaction with the environment especially when it has become vulnerable under the impact of irreversible change;",3,,,,,,,,,,,,,,,,,,,,,,,,,,,,,,,,,,,,,,,,,,,,,,,,,,,,,,,,,,,,,,,,,,No,,,,Tier 9: Unflagged,
356,Historic Areas of Istanbul,Türkiye,https://whc.unesco.org/en/list/356,1985.0,41.00847,28.97993,OUV Absent; nan,,,,,,,,,"(i) to represent a masterpiece of human creative genius; | (ii) to exhibit an important interchange of human values, over a span of time or within a cultural area of the world, on developments in architecture or technology, monumental arts, town-planning or landscape design; | (iii) to bear a unique or at least exceptional testimony to a cultural tradition or to a civilization which is living or which has disappeared; | (iv) to be an outstanding example of a type of building, architectural or technological ensemble or landscape which illustrates (a) significant stage(s) in human history;",4,,,,,,,,,,,,,,,,,,,,,,,,,,,,,,,,,,,,,,,,,,,,,,,,,,,,,,,,,,,,,,,,,,No,,,,Tier 9: Unflagged,
358,Great Mosque and Hospital of Divriği,Türkiye,https://whc.unesco.org/en/list/358,1985.0,39.371271,38.121826,skipped; but highly promissed; nan,,,,,,,,,"(i) to represent a masterpiece of human creative genius; | (iv) to be an outstanding example of a type of building, architectural or technological ensemble or landscape which illustrates (a) significant stage(s) in human history;",2,,,,,,,,,,,,,,,,,,,,,,,,,,,,,,,,,,,,,,,,,,,,,,,,,,,,,,,,,,,,,,,,,,No,,,,Tier 9: Unflagged,
311,Old Town of Segovia and its Aqueduct,Spain,https://whc.unesco.org/en/list/311,1985.0,40.94847222,-4.11675,skipped; but promising; nan,,,,,,,,,"(i) to represent a masterpiece of human creative genius; | (iii) to bear a unique or at least exceptional testimony to a cultural tradition or to a civilization which is living or which has disappeared; | (v) to be an outstanding example of a traditional human settlement, land-use, or sea-use which is representative of a culture (or cultures), or human interaction with the environment especially when it has become vulnerable under the impact of irreversible change;",3,,,,,,,,,,,,,,,,,,,,,,,,,,,,,,,,,,,,,,,,,,,,,,,,,,,,,,,,,,,,,,,,,,No,,,,Tier 9: Unflagged,
322,Ruins of the Buddhist Vihara at Paharpur,Bangladesh,https://whc.unesco.org/en/list/322,1985.0,25.03333333,88.98333333,skipped; bhp,,,,,,,,,"(i) to represent a masterpiece of human creative genius; | (ii) to exhibit an important interchange of human values, over a span of time or within a cultural area of the world, on developments in architecture or technology, monumental arts, town-planning or landscape design; | (vi) to be directly or tangibly associated with events or living traditions, with ideas, or with beliefs, with artistic and literary works of outstanding universal significance;",3,,,,,,,,,,,,,,,,,,,,,,,,,,,,,,,,,,,,,,,,,,,,,,,,,,,,,,,,,,,,,,,,,,No,,bhp,bhp,Tier 7: High Probability Local Stone / Masonry (High Potential),
327,Quseir Amra,Jordan,https://whc.unesco.org/en/list/327,1985.0,31.8018055556,36.5873055556,skipped; but highly possible; nan,,,,,,,,,"(i) to represent a masterpiece of human creative genius; | (iii) to bear a unique or at least exceptional testimony to a cultural tradition or to a civilization which is living or which has disappeared; | (iv) to be an outstanding example of a type of building, architectural or technological ensemble or landscape which illustrates (a) significant stage(s) in human history;",3,,,,,,,,,,,,,,,,,,,,,,,,,,,,,,,,,,,,,,,,,,,,,,,,,,,,,,,,,,,,,,,,,,No,,,,Tier 9: Unflagged,
359,Thracian Tomb of Sveshtari,Bulgaria,https://whc.unesco.org/en/list/359,1985.0,43.66667,26.66667,skipped; bvhp,,,,,,,,,(i) to represent a masterpiece of human creative genius; | (iii) to bear a unique or at least exceptional testimony to a cultural tradition or to a civilization which is living or which has disappeared;,2,,,,,,,,,,,,,,,,,,,,,,,,,,,,,,,,,,,,,,,,,,,,,,,,,,,,,,,,,,,,,,,,,,No,,bvhp,bvhp,Tier 6: High Probability Ashlar / Urban Core (1-v Very High),
310,Cave of Altamira and Paleolithic Cave Art of Northern Spain,Spain,https://whc.unesco.org/en/list/310,1985.0,43.38252778,-4.116166667,Cave art; nan,Internal (DS/OUV),,"Upper Palaeolithic (35,000 – 11,000 BP / BC)",Internal (DS/OUV),,Aurignacian to Magdalenian period (Homo sapiens / Upper Palaeolithic Hunter-gatherers),Internal (DS/OUV),,(i) to represent a masterpiece of human creative genius; | (iii) to bear a unique or at least exceptional testimony to a cultural tradition or to a civilization which is living or which has disappeared;,2,Internal (DS/OUV),,Flint (used as a tool),,,Igneous Rock,,,,,,,,,Karst caves / limestone cavities (implied by karst environment),Internal (DS/OUV),,Upper Palaeolithic (Quaternary),Internal (DS/OUV),,,,,,,,,,,"Iron oxides, Manganese oxides",,,Direct originating from the immediate environment,Internal (DS/OUV),,Spain,Internal (DS/OUV),,Local (materials directly originating from the immediate environment),Internal (DS/OUV),,,,,"Ceiling, Foundation, Gallery, Wall",Internal (DS/OUV),,"Rock / Cave Art (painting, engraving, carving, sculpture)",Internal (DS/OUV),,,,,"Natural causes, water run-off, external climatic influences, microbiological activities",Internal (DS/OUV),,,,,No restoration has ever been carried out on Palaeolithic works of art,Internal (DS/OUV),,Good,,,Yes,,,,Tier 9: Unflagged,
249,Group of Monuments at Mahabalipuram,India,https://whc.unesco.org/en/list/249,1984.0,12.61667,80.19167,Skipped; bvvvhp,Internal (DS/OUV),,"6th–9th centuries CE (Pallava period, primarily under King Narasimhavarman I Mamalla and Narasimhavarman II Rajasimha)",Internal (DS/OUV),,Pallava Dynasty / South Indian Classical,Internal (DS/OUV),,"(i) to represent a masterpiece of human creative genius; | (ii) to exhibit an important interchange of human values, over a span of time or within a cultural area of the world, on developments in architecture or technology, monumental arts, town-planning or landscape design; | (iii) to bear a unique or at least exceptional testimony to a cultural tradition or to a civilization which is living or which has disappeared; | (vi) to be directly or tangibly associated with events or living traditions, with ideas, or with beliefs, with artistic and literary works of outstanding universal significance;",4,Internal (DS/OUV),,,,,,,,,,,,,,,,,,,,,,,,,,,,,,,,,,,India,Internal (DS/OUV),,Local (carved in live bedrock),Internal (DS/OUV),,Minimal to none (In-situ carving or immediate local quarrying),,,,Internal (DS/OUV),,"Bas-relief panels, monolithic animal sculptures, carved pillars, and wall motifs",Internal (DS/OUV),,Direct rock-cut carving (monolithic) and dressed ashlar masonry blocks,Internal (DS/OUV),,,,,,,,Regular maintenance and conservation schedule by the Archaeological Survey of India (ASI); sand excavation around buried structures,,,Moderate,Internal (DS/OUV),,No,"• Rao et al. (2006) - Journal of Earth System Science


• Vora & Sundaresh - CSIR-NIO Study


• Sundaresh et al. - CSIR-NIO Marine Archaeology Study",,,Tier 9: Unflagged,
313,Historic Centre of Cordoba,Spain,https://whc.unesco.org/en/list/313,1984.0,37.87919444,-4.779722222,skipped; nan,,,,,,,,,"(i) to represent a masterpiece of human creative genius; | (ii) to exhibit an important interchange of human values, over a span of time or within a cultural area of the world, on developments in architecture or technology, monumental arts, town-planning or landscape design; | (iii) to bear a unique or at least exceptional testimony to a cultural tradition or to a civilization which is living or which has disappeared; | (iv) to be an outstanding example of a type of building, architectural or technological ensemble or landscape which illustrates (a) significant stage(s) in human history;",4,,,,,,,,,,,,,,,,,,,,,,,,,,,,,,,,,,,,,,,,,,,,,,,,,,,,,,,,,,,,,,,,,,,,,,Tier 9: Unflagged,
286,Vatican City,Holy See,https://whc.unesco.org/en/list/286,1984.0,41.90216,12.45736,skipped but promising; nan,,,,,,,,,"(i) to represent a masterpiece of human creative genius; | (ii) to exhibit an important interchange of human values, over a span of time or within a cultural area of the world, on developments in architecture or technology, monumental arts, town-planning or landscape design; | (iv) to be an outstanding example of a type of building, architectural or technological ensemble or landscape which illustrates (a) significant stage(s) in human history; | (vi) to be directly or tangibly associated with events or living traditions, with ideas, or with beliefs, with artistic and literary works of outstanding universal significance;",4,,,,,,,,,,,,,,,,,,,,,,,,,,,,,,,,,,,,,,,,,,,,,,,,,,,,,,,,,,,,,,,,,,No,,,,Tier 9: Unflagged,
318,"Monastery and Site of the Escurial, Madrid",Spain,https://whc.unesco.org/en/list/318,1984.0,40.5891111111,-4.14775,skipped; nan,,,,,,,,,"(i) to represent a masterpiece of human creative genius; | (ii) to exhibit an important interchange of human values, over a span of time or within a cultural area of the world, on developments in architecture or technology, monumental arts, town-planning or landscape design; | (vi) to be directly or tangibly associated with events or living traditions, with ideas, or with beliefs, with artistic and literary works of outstanding universal significance;",3,,,,,,,,,,,,,,,,,,,,,,,,,,,,,,,,,,,,,,,,,,,,,,,,,,,,,,,,,,,,,,,,,,No,,,,Tier 9: Unflagged,
307,Statue of Liberty,United States of America,https://whc.unesco.org/en/list/307,1984.0,40.68944444,-74.04472222,skipped; bp,,,,,,,,,"(i) to represent a masterpiece of human creative genius; | (vi) to be directly or tangibly associated with events or living traditions, with ideas, or with beliefs, with artistic and literary works of outstanding universal significance;",2,,,,,,,,,,,,,,,,,,,,,,,,,,,,,,,,,,,,,,,,,,,,,,,,,,,,,,,,,,,,,,,,,,No,,bp,bp,Tier 8: Moderate Probability Stone Fabric (Possible),
294,Baalbek,Lebanon,https://whc.unesco.org/en/list/294,1984.0,34.0066666667,36.2041666667,skipped; bvhp,,,,,,,,,"(i) to represent a masterpiece of human creative genius; | (iv) to be an outstanding example of a type of building, architectural or technological ensemble or landscape which illustrates (a) significant stage(s) in human history;",2,,,,,,,,,,,,,,,,,,,,,,,,,,,,,,,,,,,,,,,,,,,,,,,,,,,,,,,,,,,,,,,,,,No,,bvhp,bvhp,Tier 6: High Probability Ashlar / Urban Core (1-v Very High),
246,"Sun Temple, Konârak",India,https://whc.unesco.org/en/list/246,1984.0,19.8875,86.09472,skipped; bvhp,,,,,,,,,"(i) to represent a masterpiece of human creative genius; | (iii) to bear a unique or at least exceptional testimony to a cultural tradition or to a civilization which is living or which has disappeared; | (vi) to be directly or tangibly associated with events or living traditions, with ideas, or with beliefs, with artistic and literary works of outstanding universal significance;",3,,,,,,,,,,,,,,,,,,,,,,,,,,,,,,,,,,,,,,,,,,,,,,,,,,,,,,,,,,,,,,,,,,No,,bvhp,bvhp,Tier 6: High Probability Ashlar / Urban Core (1-v Very High),
314,"Alhambra, Generalife and Albayzín, Granada",Spain,https://whc.unesco.org/en/list/314,1984.0,37.1767777778,-3.5899166667,skipped; bvvvhp,,,,,,,,,"(i) to represent a masterpiece of human creative genius; | (iii) to bear a unique or at least exceptional testimony to a cultural tradition or to a civilization which is living or which has disappeared; | (v) to be an outstanding example of a traditional human settlement, land-use, or sea-use which is representative of a culture (or cultures), or human interaction with the environment especially when it has become vulnerable under the impact of irreversible change;",3,,,,,,,,,,,,,,,,,,,,,,,,,,,,,,,,,,,,,,,,,,,,,,,,,,,,,,,,,,,,,,,,,,No,,bvvvhp,bvvvhp,Tier 4: Exceptional Stone Fortress / Cathedral / Mosque (3-v Very Very High),
320,Works of Antoni Gaudí,Spain,https://whc.unesco.org/en/list/320,1984.0,41.41338,2.152972,skipped;; nan,,,,,,,,,"(i) to represent a masterpiece of human creative genius; | (ii) to exhibit an important interchange of human values, over a span of time or within a cultural area of the world, on developments in architecture or technology, monumental arts, town-planning or landscape design; | (v) to be an outstanding example of a traditional human settlement, land-use, or sea-use which is representative of a culture (or cultures), or human interaction with the environment especially when it has become vulnerable under the impact of irreversible change;",3,,,,,,,,,,,,,,,,,,,,,,,,,,,,,,,,,,,,,,,,,,,,,,,,,,,,,,,,,,,,,,,,,,No,,,,Tier 9: Unflagged,
252,Taj Mahal,India,https://whc.unesco.org/en/list/252,1983.0,27.17417,78.04222,Indo-Islamic sepulchral architecture; nan,Internal (DS/OUV),,1632 AD - 1653 AD (Main mausoleum completed 1648 AD),Internal (DS/OUV),,Mughal Empire,Internal (DS/OUV),,(i) to represent a masterpiece of human creative genius;,1,Internal (DS/OUV),,White Marble,Internal (DS/OUV),,Sedimentary Rock,,,Red Sandstone,Internal (DS/OUV),,Makrana Marble (Sang-e-Marmar / Pure White Calcite Marble),External,https://iugs-geoheritage.org/geoheritage_stones/makrana-marble/,Metamorphic (Granoblastic Calcitic Marble with ~98–100% Calcite); Secondary stone is Sedimentary Quartzarenite Sandstone,External,https://iugs-geoheritage.org/geoheritage_stones/makrana-marble/,Proterozoic,External,https://iugs-geoheritage.org/geoheritage_stones/makrana-marble/,"Ajmer Formation, Kumbhalgarh Group, Delhi Supergroup",External,https://www.ijraset.com/best-journal/an-appraisal-of-hydrogeological-conditions-and-fluoride-problem-in-makrana-block-of-nagaur-district-in-rajasthan-india,Pure white with greyish veins,Internal (DS/OUV),,"Fine to medium-grained, crystalline granoblastic, interlocking texture",External,https://iugs-geoheritage.org/geoheritage_stones/makrana-marble/,"Calcite (>98%), with minor quartz, muscovite, and silicate impurities in grey streaks",External,https://iugs-geoheritage.org/geoheritage_stones/makrana-marble/,"Makrana (Nagaur District, Rajasthan) for marble; Tantpur/Dholpur for red sandstone",External,https://bgm.revistas.csic.es/index.php/bgm/article/view/773/749,india,Internal (DS/OUV),,"Imported (Transported from Nagaur, Rajasthan to Agra, Uttar Pradesh)",External,https://iugs-geoheritage.org/geoheritage_stones/makrana-marble/,"~300 km to 350 km (from Makrana, Rajasthan to Agra)",External,https://www.researchgate.net/publication/330155141_Makrana_Marble_a_Popular_Heritage_Stone_Resource_from_NW_India,"Main tomb structure, minarets, platforms, domes, and wall veneering.",Internal (DS/OUV),,"Exquisite octagonal marble lattice screens, pietra dura stone intarsia inlay (using precious/semi-precious stones), floral relief motifs, and Arabic calligraphic inscriptions.",Internal (DS/OUV),,Brick-in-lime mortar core veneered with dressed stone slices.,Internal (DS/OUV),,Atmospheric pollution-induced discolouration; micro-cracking and bio-deterioration,External,https://www.researchgate.net/publication/354053657_Role_of_air_pollutant_for_deterioration_of_Taj_Mahal_by_identifying_corrosion_products_on_surface_of_metals,,,,"Traditional clay pack treatments (Fuller's earth / multani mitti) for cleaning marble yellowing; air quality monitoring; banning coal/coke usage in the 10,400 $\text{km}^2$ Taj Trapezium Zone (TTZ)",Internal (DS/OUV),,Good,Internal (DS/OUV),,Yes,"Other References	
1. ICOMOS Advisory Body Evaluation (1983)


2. Kaur et al. (2019) – Makrana Marble: A Popular Heritage Stone Resource from NW India


3. ResearchGate: Role of Air Pollutants for Deterioration of Taj Mahal


4. GIA – Gemstones in the Era of the Taj Mahal and the Mughals",,,Tier 9: Unflagged,
265,Convent of Christ in Tomar,Portugal,https://whc.unesco.org/en/list/265,1983.0,39.60472,-8.4175,skipped; but promising; nan,,,,,,,,,"(i) to represent a masterpiece of human creative genius; | (vi) to be directly or tangibly associated with events or living traditions, with ideas, or with beliefs, with artistic and literary works of outstanding universal significance;",2,,,,,,,,,,,,,,,,,,,,,,,,,,,,,,,,,,,,,,,,,,,,,,,,,,,,,,,,,,,,,,,,,,No,,,,Tier 9: Unflagged,
271,Pilgrimage Church of Wies,Germany,https://whc.unesco.org/en/list/271,1983.0,47.68127778,10.90013889,skipped; nan,,,,,,,,,(i) to represent a masterpiece of human creative genius; | (iii) to bear a unique or at least exceptional testimony to a cultural tradition or to a civilization which is living or which has disappeared;,2,,,,,,,,,,,,,,,,,,,,,,,,,,,,,,,,,,,,,,,,,,,,,,,,,,,,,,,,,,,,,,,,,,No,,,,Tier 9: Unflagged,
264,Monastery of Batalha,Portugal,https://whc.unesco.org/en/list/264,1983.0,39.65778,-8.82694,skipped; promising; nan,Internal (DS/OUV),,,,,,,,"(i) to represent a masterpiece of human creative genius; | (ii) to exhibit an important interchange of human values, over a span of time or within a cultural area of the world, on developments in architecture or technology, monumental arts, town-planning or landscape design;",2,,,,,,,,,,,,,,,,,,,,,,,,,,,,,,,,,,,,,,,,,,,,,,,,,,,,,,,,,,,,,,,,,,Yes,,,,Tier 9: Unflagged,
230,Abbey Church of Saint-Savin sur Gartempe,France,https://whc.unesco.org/en/list/230,1983.0,46.56472,0.86611,skipped;  but very highly possible; nan,,,,,,,,,(i) to represent a masterpiece of human creative genius; | (iii) to bear a unique or at least exceptional testimony to a cultural tradition or to a civilization which is living or which has disappeared;,2,,,,,,,,,,,,,,,,,,,,,,,,,,,,,,,,,,,,,,,,,,,,,,,,,,,,,,,,,,,,,,,,,,No,,,,Tier 9: Unflagged,
242,Ajanta Caves,India,https://whc.unesco.org/en/list/242,1983.0,20.553111,75.70025,skipped; bvvvhp,,,,,,,,,"(i) to represent a masterpiece of human creative genius; | (ii) to exhibit an important interchange of human values, over a span of time or within a cultural area of the world, on developments in architecture or technology, monumental arts, town-planning or landscape design; | (iii) to bear a unique or at least exceptional testimony to a cultural tradition or to a civilization which is living or which has disappeared; | (vi) to be directly or tangibly associated with events or living traditions, with ideas, or with beliefs, with artistic and literary works of outstanding universal significance;",4,,,,,,,,,,,,,,,,,,,,,,,,,,,,,,,,,,,,,,,,,,,,,,,,,,,,,,,,,,,,,,,,,,No,,bvvvhp,bvvvhp,Tier 4: Exceptional Stone Fortress / Cathedral / Mosque (3-v Very Very High),
229,"Place Stanislas, Place de la Carrière and Place d'Alliance in Nancy",France,https://whc.unesco.org/en/list/229,1983.0,48.69361111,6.183333333,skipped; bvvhp,,,,,,,,,"(i) to represent a masterpiece of human creative genius; | (iv) to be an outstanding example of a type of building, architectural or technological ensemble or landscape which illustrates (a) significant stage(s) in human history;",2,,,,,,,,,,,,,,,,,,,,,,,,,,,,,,,,,,,,,,,,,,,,,,,,,,,,,,,,,,,,,,,,,,No,,bvvhp,bvvhp,Tier 5: Major Ashlar Masonry / Imperial Ruins (2-v Very High),
243,Ellora Caves,India,https://whc.unesco.org/en/list/243,1983.0,20.02639,75.17917,"Rock-cut architecture (Viharas/Monasteries, Chaityagriha/Sanctuary, and Monolithic Temples); nan",Internal (DS/OUV),,"5th century to 12th century A.D. (Three phases: Buddhist 5th–8th c., Brahmanical 7th–10th c., Jaina 9th–12th c.)",Internal (DS/OUV),,"Ancient India (Buddhism, Brahmanism/Hinduism, and Jainism)",Internal (DS/OUV),,"(i) to represent a masterpiece of human creative genius; | (iii) to bear a unique or at least exceptional testimony to a cultural tradition or to a civilization which is living or which has disappeared; | (vi) to be directly or tangibly associated with events or living traditions, with ideas, or with beliefs, with artistic and literary works of outstanding universal significance;",3,Internal (DS/OUV),,Basalt,,,Igneous Rock,,,,,,,,,,,,,,,,,,,,,,,,,,,Direct in-situ rock excavation (Charanandri Hills / Basalt Cliff),Internal (DS/OUV),,India,Internal (DS/OUV),,Local (in-situ monolithic excavation),Internal (DS/OUV),,,,,"Excavated sanctuaries, pillared halls (mandapas), rock-cut monolithic temples, monasteries (viharas)",Internal (DS/OUV),,"Sculptured compositions, high plastic quality relief carvings, and ceiling paintings",Internal (DS/OUV),,Rock-cut monolithic excavation (dug directly into the cliff side),Internal (DS/OUV),,Seepage and cracking in the caves,Internal (DS/OUV),,,,,"Comprehensive Conservation Management Plan implementation, condition survey",Internal (DS/OUV),,Good,,,Yes,,,,Tier 9: Unflagged,
174,Historic Centre of Florence,Italy,https://whc.unesco.org/en/list/174,1982.0,43.77306,11.25611,"Renaissance, Gothic, Romanesque, Medieval, Roman; nan",Internal (DS/OUV),,13th–17th Century (with ancient Roman foundation from 59 BC),Internal (DS/OUV),,Florentine / Italian Renaissance & Etruscan/Roman,Internal (DS/OUV),,"(i) to represent a masterpiece of human creative genius; | (ii) to exhibit an important interchange of human values, over a span of time or within a cultural area of the world, on developments in architecture or technology, monumental arts, town-planning or landscape design; | (iii) to bear a unique or at least exceptional testimony to a cultural tradition or to a civilization which is living or which has disappeared; | (iv) to be an outstanding example of a type of building, architectural or technological ensemble or landscape which illustrates (a) significant stage(s) in human history; | (vi) to be directly or tangibly associated with events or living traditions, with ideas, or with beliefs, with artistic and literary works of outstanding universal significance;",5,Internal (DS/OUV),,"Pietra Forte, Pietra Serena",Internal (DS/OUV),,Sedimentary Rock,,,"Carrara Marble, Marmo di Corylo, Rosso di Cotto",Internal (DS/OUV),,"Pietra Forte, Pietra Serena",Internal (DS/OUV),,Turbiditic silicic-carbonate sandstone (Pietra Forte); Feldspathic greywacke sandstone (Pietra Serena),External,https://www.researchgate.net/publication/347198129_Pietraforte_the_Florentine_building_material_from_the_Middle_Ages_to_contemporary_architecture,Upper Cretaceous (Pietra Forte); Upper Oligocene–Lower Miocene (Pietra Serena),External,https://www.researchgate.net/publication/347198129_Pietraforte_the_Florentine_building_material_from_the_Middle_Ages_to_contemporary_architecture,Pietraforte Formation (Ligurian Domain); Macigno Formation (Tuscan Nappe),External,https://www.researchgate.net/publication/347198129_Pietraforte_the_Florentine_building_material_from_the_Middle_Ages_to_contemporary_architecture,Yellowish-brown/ochraceous (Pietra Forte); Cerulean/greyish-blue (Pietra Serena),External,https://www.researchgate.net/publication/347198129_Pietraforte_the_Florentine_building_material_from_the_Middle_Ages_to_contemporary_architecture,"Fine-to-medium grained, graded bedding",External,https://www.researchgate.net/publication/347198129_Pietraforte_the_Florentine_building_material_from_the_Middle_Ages_to_contemporary_architecture,"Quartz, Feldspars (Plagioclase), Micas, Calcite, Dolomite fragments",External,https://www.researchgate.net/publication/347198129_Pietraforte_the_Florentine_building_material_from_the_Middle_Ages_to_contemporary_architecture,"Boboli Hill Quarries, Costa San Giorgio (Pietra Forte); Fiesole & Monte Ceceri Quarries (Pietra Serena); Apuan Alps / Carrara (Marble)",External,https://www.isprambiente.gov.it/it/pubblicazioni/periodici-tecnici/memorie-descrittive-della-carta-geologica-ditalia/stones.pdf,Italy,Internal (DS/OUV),,Local (Pietra Forte & Pietra Serena); Regional Import (Carrara Marble),Internal (DS/OUV),,Local (< 5–10 km for sandstones); ~100 km (for Carrara Marble),External,https://www.isprambiente.gov.it/it/pubblicazioni/periodici-tecnici/memorie-descrittive-della-carta-geologica-ditalia/stones.pdf,"Fortified walls, palaces, bridges, structural pillars, foundations, exterior load-bearing masonry",Internal (DS/OUV),,"Interior pilasters, cornices, door/window frames, statues, facades, plasterwork, frescoes",Internal (DS/OUV),,"Rustication (ashlar), cobblestone paving, traditional Florentine stone masonry",Internal (DS/OUV),,"Exfoliation, atmospheric pollution degradation, humidity erosion, flood risk",Internal (DS/OUV),,,,,"Ongoing urban restoration, 2006 Management Plan, emergency flood risk measures",Internal (DS/OUV),,Good,Internal (DS/OUV),,Yes,"Webpage (Uploaded Document)	
1. UNESCO Official Dossier


2. Pietraforte Sandstone Research Study


3. ISPRA Geological Survey of Italian Stones",,,Tier 9: Unflagged,
203,"From the Great Saltworks of Salins-les-Bains to the Royal Saltworks of Arc-et-Senans, the Production of Open-pan Salt",France,https://whc.unesco.org/en/list/203,1982.0,46.9375,5.8763888889,skipped; promising; nan,,,,,,,,,"(i) to represent a masterpiece of human creative genius; | (ii) to exhibit an important interchange of human values, over a span of time or within a cultural area of the world, on developments in architecture or technology, monumental arts, town-planning or landscape design; | (iv) to be an outstanding example of a type of building, architectural or technological ensemble or landscape which illustrates (a) significant stage(s) in human history;",3,,,,,,,,,,,,,,,,,,,,,,,,,,,,,,,,,,,,,,,,,,,,,,,,,,,,,,,,,,,,,,,,,,No,,,,Tier 9: Unflagged,
183,Archaeological Site of Leptis Magna,Libya,https://whc.unesco.org/en/list/183,1982.0,32.63833,14.29306,"Architectural, Building, Monument, Monumental, Neo-Classical, Structure; nan",Internal (DS/OUV),,Phoenicians (7th century BCE); Roman Empire expansion; Severan emperors (3rd century CE),Internal (DS/OUV),,"Phoenician, Punic, Roman, Greek, Hellenistic",Internal (DS/OUV),,"(i) to represent a masterpiece of human creative genius; | (ii) to exhibit an important interchange of human values, over a span of time or within a cultural area of the world, on developments in architecture or technology, monumental arts, town-planning or landscape design; | (iii) to bear a unique or at least exceptional testimony to a cultural tradition or to a civilization which is living or which has disappeared;",3,Internal (DS/OUV),,Marble,Internal (DS/OUV),,,,,,,,,,,Marble,Internal (DS/OUV),,,,,,,,,,,,,,,,,,,,,,,Imported / Aegean influence (* Aegean craftsmanship noted on marble decorations *),Internal (DS/OUV),,,,,"Amphitheatre, Arch, Basilica, Bath, Capital, Gate, Pillar, Temple, Theatre",Internal (DS/OUV),,Marble decorations on pillars in the Severan Basilica and on the Arch of Severus,Internal (DS/OUV),,,,,Covered by wind-blown sand from interior (protected for 800 years); vegetal encroachment (needs monitoring),Internal (DS/OUV),,,,,"Consolidation, restoration, maintenance, and minor reconstruction carried out in the first half of the 20th century",Internal (DS/OUV),,Excellent,Internal (DS/OUV),,Yes,,,,Tier 9: Unflagged,
201,Ancient City of Polonnaruwa,Sri Lanka,https://whc.unesco.org/en/list/201,1982.0,7.915833333,81.00055556,OUV Absent; bvvvhp,,,,,,,,,"(i) to represent a masterpiece of human creative genius; | (iii) to bear a unique or at least exceptional testimony to a cultural tradition or to a civilization which is living or which has disappeared; | (vi) to be directly or tangibly associated with events or living traditions, with ideas, or with beliefs, with artistic and literary works of outstanding universal significance;",3,,,,,,,,,,,,,,,,,,,,,,,,,,,,,,,,,,,,,,,,,,,,,,,,,,,,,,,,,,,,,,,,,,No,,,bvvvhp,Tier 4: Exceptional Stone Fortress / Cathedral / Mosque (3-v Very Very High),
202,Ancient City of Sigiriya,Sri Lanka,https://whc.unesco.org/en/list/202,1982.0,7.95,80.75,rock art; nan,,,477–495,Internal (DS/OUV),,"NA (King Kassapa I is mentioned, but no specific civilization)",Internal (DS/OUV),,"(i) to represent a masterpiece of human creative genius; | (ii) to exhibit an important interchange of human values, over a span of time or within a cultural area of the world, on developments in architecture or technology, monumental arts, town-planning or landscape design; | (iii) to bear a unique or at least exceptional testimony to a cultural tradition or to a civilization which is living or which has disappeared; | (v) to be an outstanding example of a traditional human settlement, land-use, or sea-use which is representative of a culture (or cultures), or human interaction with the environment especially when it has become vulnerable under the impact of irreversible change;",4,,,Granite,Internal (DS/OUV),,Igneous Rock,Internal (DS/OUV),," Bricks, Plaster",Internal (DS/OUV),,,,,,,,,,,,,,,,,,,,,,,,,,,,,,,,,,,Used as a foundational peak (180m high) and for a gigantic lion structure (galleries/staircases emerging from mouth).,Internal (DS/OUV),,,,,Constructed of bricks and plaster,Internal (DS/OUV),,,,,,,,,,,,,,Yes,,,,Tier 9: Unflagged,
171,Fort and Shalamar Gardens in Lahore,Pakistan,https://whc.unesco.org/en/list/171,1981.0,31.59027778,74.30972222,Fortified Palace & Water Garden Enclosure Complex; nan,Internal (DS/OUV),,16th – 17th Century (Akbar 1542–1605 through Shah Jahan 1627–1658; Shalamar Gardens completed 1641–1642),Internal (DS/OUV),,Mughal Empire,Internal (DS/OUV),,"(i) to represent a masterpiece of human creative genius; | (ii) to exhibit an important interchange of human values, over a span of time or within a cultural area of the world, on developments in architecture or technology, monumental arts, town-planning or landscape design; | (iii) to bear a unique or at least exceptional testimony to a cultural tradition or to a civilization which is living or which has disappeared;",3,Internal (DS/OUV),,"Red Sandstone, White Marble",Internal (DS/OUV),,Sedimentary Rock,,,"Semi-precious stones (pietra dura / inlay), Glass mosaics, Gilt",Internal (DS/OUV),,,,,,,,,,,,,,"Red/Terracotta (Sandstone); Pure White, Milky White, Grey/Pink Streaked (Marble)",Internal (DS/OUV),,,,,,,,,,,,,,,,,,,,"Baked brick masonry core with red sandstone courses, enclosing walls, gateways, bastions, and supporting pillars/pavilions",Internal (DS/OUV),,"Luxurious marble palaces, screens, inlay of semi-precious stones (pietra dura), glass mosaics (Shish Mahal), gilt, and zoomorphic corbels",Internal (DS/OUV),,"Ashlar stone cladding over baked brick, carved stone lattice (jaali) screens, corbelled brackets, and stone inlay/pietra dura",Internal (DS/OUV),,"Deterioration of hydraulic systems, moisture-induced micro-cracking, thermo-hygric expansion/bowing in marble, atmospheric pollution decay",Internal (DS/OUV),,Traditional lime mortar and matching red sandstone/marble matching historical composition during controlled restoration,Internal (DS/OUV),,Traditional lime mortar and matching red sandstone/marble matching historical composition during controlled restoration,Internal (DS/OUV),,Moderate,,,Yes,"1. Makrana Marble: A Popular Heritage Stone Resource
2. The Art of Pietra-dura during the 17th Century Mughal Era
3. Conservation Challenges and Emerging Trends in Pakistan",,,Tier 9: Unflagged,
149,Archaeological Park and Ruins of Quirigua,Guatemala,https://whc.unesco.org/en/list/149,1981.0,15.27059,-89.04025,"Pyramids, terraces, staircases, dwellings, royal residence, administrative centre; nan",Internal (DS/OUV),,200 AD – 900 AD (Monuments carved 426 AD – 810 AD; major 8th-century remodelling),Internal (DS/OUV),,Maya (Mayan),Internal (DS/OUV),,"(i) to represent a masterpiece of human creative genius; | (ii) to exhibit an important interchange of human values, over a span of time or within a cultural area of the world, on developments in architecture or technology, monumental arts, town-planning or landscape design; | (iv) to be an outstanding example of a type of building, architectural or technological ensemble or landscape which illustrates (a) significant stage(s) in human history;",3,Internal (DS/OUV),,Sandstone,Internal (DS/OUV),,Sedimentary Rock,,,Jade (mentioned in context of trade route control),Internal (DS/OUV),,,,,,,,,,,,,,,,,,,,,,,,,,,,,,,,,,,"Pyramids, terraces, staircases, plazas",,,"Monolithic stelae, carved altars, sculpted calendars, zoomorphic & anthropomorphic sculptures",Internal (DS/OUV),,"Carved in sandstone without the use of metal tools; high relief (""School of Motagua"" style)",Internal (DS/OUV),,"Damage caused by environmental factors, flooding (1998, 2010), and proximity to Motagua River and geological fault",Internal (DS/OUV),,,,,Minimal conservation interventions; new shelter facilities and designs developed for individual monument protection,Internal (DS/OUV),,Excellent,Internal (DS/OUV),,Yes,,,,Tier 9: Unflagged,
169,Würzburg Residence with the Court Gardens and Residence Square,Germany,https://whc.unesco.org/en/list/169,1981.0,49.79278,9.93889,skipped; nan,,,,,,,,,"(i) to represent a masterpiece of human creative genius; | (iv) to be an outstanding example of a type of building, architectural or technological ensemble or landscape which illustrates (a) significant stage(s) in human history;",2,,,,,,,,,,,,,,,,,,,,,,,,,,,,,,,,,,,,,,,,,,,,,,,,,,,,,,,,,,,,,,,,,,No,,,,Tier 9: Unflagged,
162,Amiens Cathedral,France,https://whc.unesco.org/en/list/162,1981.0,49.895,2.301666667,skipped; bvvvhp,,,,,,,,,"(i) to represent a masterpiece of human creative genius; | (ii) to exhibit an important interchange of human values, over a span of time or within a cultural area of the world, on developments in architecture or technology, monumental arts, town-planning or landscape design;",2,,,,,,,,,,,,,,,,,,,,,,,,,,,,,,,,,,,,,,,,,,,,,,,,,,,,,,,,,,,,,,,,,,No,,bvvvhp,bvvvhp,Tier 4: Exceptional Stone Fortress / Cathedral / Mosque (3-v Very Very High),
91,"Historic Centre of Rome, the Properties of the Holy See in that City Enjoying Extraterritorial Rights and San Paolo Fuori le Mura","Holy See,Italy",https://whc.unesco.org/en/list/91,1980.0,41.89022222,12.49230556,Skipped; nan,,,,,,,,,"(i) to represent a masterpiece of human creative genius; | (ii) to exhibit an important interchange of human values, over a span of time or within a cultural area of the world, on developments in architecture or technology, monumental arts, town-planning or landscape design; | (iii) to bear a unique or at least exceptional testimony to a cultural tradition or to a civilization which is living or which has disappeared; | (iv) to be an outstanding example of a type of building, architectural or technological ensemble or landscape which illustrates (a) significant stage(s) in human history; | (vi) to be directly or tangibly associated with events or living traditions, with ideas, or with beliefs, with artistic and literary works of outstanding universal significance;",5,,,,,,,,,,,,,,,,,,,,,,,,,,,,,,,,,,,,,,,,,,,,,,,,,,,,,,,,,,,,,,,,,,,,,,Tier 9: Unflagged,
124,Historic Town of Ouro Preto,Brazil,https://whc.unesco.org/en/list/124,1980.0,-20.38888889,-43.50555556,"Baroque, Colonial, Vernacular, Traditional; nan",Internal (DS/OUV),,18th Century / 19th Century (founded late 17th century),Internal (DS/OUV),,Portuguese Colonial,Internal (DS/OUV),,(i) to represent a masterpiece of human creative genius; | (iii) to bear a unique or at least exceptional testimony to a cultural tradition or to a civilization which is living or which has disappeared;,2,Internal (DS/OUV),,"Gneiss, Soapstone",Internal (DS/OUV),,Metamorphic Rock,Internal (DS/OUV),,,,,,,,,,,,,,,,,,,,,,,,,,,,,Brazil,Internal (DS/OUV),,Local (Minas Gerais region),Internal (DS/OUV),,,,,"Bridges, Fountains, Public Buildings, Residences, Churches",Internal (DS/OUV),,"Stone Sculptures on Facades, Decorative Treatment",Internal (DS/OUV),,Combined use of two materials (gneiss and soapstone),Internal (DS/OUV),,,,,,,,Conservation and restoration investments,Internal (DS/OUV),,Moderate,,,Yes,,,,Tier 9: Unflagged,
12,Tiya,Ethiopia,https://whc.unesco.org/en/list/12,1980.0,8.43491,38.6121,OUV Absent; nan,,,,,,,,,"(i) to represent a masterpiece of human creative genius; | (iv) to be an outstanding example of a type of building, architectural or technological ensemble or landscape which illustrates (a) significant stage(s) in human history;",2,,,,,,,,,,,,,,,,,,,,,,,,,,,,,,,,,,,,,,,,,,,,,,,,,,,,,,,,,,,,,,,,,,No,,,,Tier 9: Unflagged,
93,Church and Dominican Convent of Santa Maria delle Grazie with “The Last Supper” by Leonardo da Vinci,Italy,https://whc.unesco.org/en/list/93,1980.0,45.466,9.171,skipped; nan,,,,,,,,,"(i) to represent a masterpiece of human creative genius; | (ii) to exhibit an important interchange of human values, over a span of time or within a cultural area of the world, on developments in architecture or technology, monumental arts, town-planning or landscape design;",2,,,,,,,,,,,,,,,,,,,,,,,,,,,,,,,,,,,,,,,,,,,,,,,,,,,,,,,,,,,,,,,,,,No,,,,Tier 9: Unflagged,
15,Aksum,Ethiopia,https://whc.unesco.org/en/list/15,1980.0,14.13019,38.71861,skipped; bvhp,,,,,,,,,"(i) to represent a masterpiece of human creative genius; | (iv) to be an outstanding example of a type of building, architectural or technological ensemble or landscape which illustrates (a) significant stage(s) in human history;",2,,,,,,,,,,,,,,,,,,,,,,,,,,,,,,,,,,,,,,,,,,,,,,,,,,,,,,,,,,,,,,,,,,No,,bvhp,bvhp,Tier 6: High Probability Ashlar / Urban Core (1-v Very High),
135,Fortifications on the Caribbean Side of Panama: Portobelo-San Lorenzo,Panama,https://whc.unesco.org/en/list/135,1980.0,9.553888889,-79.65583333,skipped; nan,,,,,,,,,"(i) to represent a masterpiece of human creative genius; | (iv) to be an outstanding example of a type of building, architectural or technological ensemble or landscape which illustrates (a) significant stage(s) in human history;",2,,,,,,,,,,,,,,,,,,,,,,,,,,,,,,,,,,,,,,,,,,,,,,,,,,,,,,,,,,,,,,,,,,No,,,,Tier 9: Unflagged,
131,City of Valletta,Malta,https://whc.unesco.org/en/list/131,1980.0,35.90056,14.51444,skipped; nan,,,,,,,,,"(i) to represent a masterpiece of human creative genius; | (vi) to be directly or tangibly associated with events or living traditions, with ideas, or with beliefs, with artistic and literary works of outstanding universal significance;",2,,,,,,,,,,,,,,,,,,,,,,,,,,,,,,,,,,,,,,,,,,,,,,,,,,,,,,,,,,,,,,,,,,No,,,,Tier 9: Unflagged,
22,Ancient City of Bosra,Syrian Arab Republic,https://whc.unesco.org/en/list/22,1980.0,32.5191666667,36.4841666667,skipped; bvhp,,,,,,,,,"(i) to represent a masterpiece of human creative genius; | (iii) to bear a unique or at least exceptional testimony to a cultural tradition or to a civilization which is living or which has disappeared; | (vi) to be directly or tangibly associated with events or living traditions, with ideas, or with beliefs, with artistic and literary works of outstanding universal significance;",3,,,,,,,,,,,,,,,,,,,,,,,,,,,,,,,,,,,,,,,,,,,,,,,,,,,,,,,,,,,,,,,,,,No,,bvhp,bvhp,Tier 6: High Probability Ashlar / Urban Core (1-v Very High),
23,Site of Palmyra,Syrian Arab Republic,https://whc.unesco.org/en/list/23,1980.0,34.5541666667,38.2666666667,skipped; but highly possible; nan,,,,,,,,,"(i) to represent a masterpiece of human creative genius; | (ii) to exhibit an important interchange of human values, over a span of time or within a cultural area of the world, on developments in architecture or technology, monumental arts, town-planning or landscape design; | (iv) to be an outstanding example of a type of building, architectural or technological ensemble or landscape which illustrates (a) significant stage(s) in human history;",3,,,,,,,,,,,,,,,,,,,,,,,,,,,,,,,,,,,,,,,,,,,,,,,,,,,,,,,,,,,,,,,,,,No,,,,Tier 9: Unflagged,
95,Old City of Dubrovnik,Croatia,https://whc.unesco.org/en/list/95,1979.0,42.6414211111,18.1088611111,OUV Absent; bvvvhp,Internal (DS/OUV),,13th century onwards (severely damaged by earthquake in 1667; damaged in 1990s by armed conflict),Internal (DS/OUV),,,,,"(i) to represent a masterpiece of human creative genius; | (iii) to bear a unique or at least exceptional testimony to a cultural tradition or to a civilization which is living or which has disappeared; | (iv) to be an outstanding example of a type of building, architectural or technological ensemble or landscape which illustrates (a) significant stage(s) in human history;",3,Internal (DS/OUV),,,Internal (DS/OUV),,,,,,,,,,,,,,,,,,,,,,,,,,,,,,,,,,,,,,,,,"Bridge, Capital, Castle, Cathedral, Church, Minaret, Monastery, Mosque, Palace, Sanctuary, Temple, Tomb, Tower",Internal (DS/OUV),,,,,,,,,,,,,,Focus of a major restoration programme co-ordinated by UNESCO,Internal (DS/OUV),,Good,External,,No,,,bvvvhp,Tier 4: Exceptional Stone Fortress / Cathedral / Mosque (3-v Very Very High),
58,Urnes Stave Church,Norway,https://whc.unesco.org/en/list/58,1979.0,61.2982594908,7.322678289,skipped; nan,,,,,,,,,"(i) to represent a masterpiece of human creative genius; | (ii) to exhibit an important interchange of human values, over a span of time or within a cultural area of the world, on developments in architecture or technology, monumental arts, town-planning or landscape design; | (iii) to bear a unique or at least exceptional testimony to a cultural tradition or to a civilization which is living or which has disappeared;",3,,,,,,,,,,,,,,,,,,,,,,,,,,,,,,,,,,,,,,,,,,,,,,,,,,,,,,,,,,,,,,,,,,,,,,Tier 9: Unflagged,
88,Nubian Monuments from Abu Simbel to Philae,Egypt,https://whc.unesco.org/en/list/88,1979.0,22.3372222222,31.6258055556,"Temples, Tombs, Sanctuary, Kiosk, Monastery, Gate, Ruins; nan",Internal (DS/OUV),,"Old Kingdom, Middle Kingdom, New Kingdom (15th century BCE) to Ptolemaic and Roman periods (2nd century CE)",Internal (DS/OUV),,Ancient Egyptian / Nubian / Greco-Roman / Coptic,Internal (DS/OUV),,"(i) to represent a masterpiece of human creative genius; | (iii) to bear a unique or at least exceptional testimony to a cultural tradition or to a civilization which is living or which has disappeared; | (vi) to be directly or tangibly associated with events or living traditions, with ideas, or with beliefs, with artistic and literary works of outstanding universal significance;",3,Internal (DS/OUV),,Granite ,Internal (DS/OUV),,Igneous Rock,,,,,,,,,Granite (Mentioned under Criterion iii & Protection requirements),Internal (DS/OUV),,,,,,,,,,,,,,,,,Stone quarries of Aswan / Granite quarries of the Cataract area,Internal (DS/OUV),,Egypt,Internal (DS/OUV),,Local (Exploited within the Aswan region),Internal (DS/OUV),,,,,"Temples carved out of solid rock escarpment (rock-cut architecture), obelisks, colossi, sanctuary walls",Internal (DS/OUV),,"Richly decorated tombs, relief sculptures/scenes",Internal (DS/OUV),,Ancient Egyptian quarrying and rock-cut techniques (disassembled and reconstructed during relocation),Internal (DS/OUV),,"Affected by wind, temperature change, rains, humidity, bird droppings, and dust",Internal (DS/OUV),,,,,"International UNESCO Campaign (1960–1980): Monuments were disassembled, moved, and reconstructed to save them from Nile flooding",Internal (DS/OUV),,Excellent,,,Yes,,,,Tier 9: Unflagged,
81,Chartres Cathedral,France,https://whc.unesco.org/en/list/81,1979.0,48.4475,1.487222222,skipped; promised; nan,,,,,,,,,"(i) to represent a masterpiece of human creative genius; | (ii) to exhibit an important interchange of human values, over a span of time or within a cultural area of the world, on developments in architecture or technology, monumental arts, town-planning or landscape design; | (iv) to be an outstanding example of a type of building, architectural or technological ensemble or landscape which illustrates (a) significant stage(s) in human history;",3,,,,,,,,,,,,,,,,,,,,,,,,,,,,,,,,,,,,,,,,,,,,,,,,,,,,,,,,,,,,,,,,,,,,,,Tier 9: Unflagged,
89,Historic Cairo,Egypt,https://whc.unesco.org/en/list/89,1979.0,30.05,31.26111,skipped; promising; nan,,,,,,,,,"(i) to represent a masterpiece of human creative genius; | (v) to be an outstanding example of a traditional human settlement, land-use, or sea-use which is representative of a culture (or cultures), or human interaction with the environment especially when it has become vulnerable under the impact of irreversible change; | (vi) to be directly or tangibly associated with events or living traditions, with ideas, or with beliefs, with artistic and literary works of outstanding universal significance;",3,,,,,,,,,,,,,,,,,,,,,,,,,,,,,,,,,,,,,,,,,,,,,,,,,,,,,,,,,,,,,,,,,,No,,,,Tier 9: Unflagged,
20,Ancient City of Damascus,Syrian Arab Republic,https://whc.unesco.org/en/list/20,1979.0,33.5108333333,36.3097222222,skipped; bur promising; nan,,,,,,,,,"(i) to represent a masterpiece of human creative genius; | (ii) to exhibit an important interchange of human values, over a span of time or within a cultural area of the world, on developments in architecture or technology, monumental arts, town-planning or landscape design; | (iii) to bear a unique or at least exceptional testimony to a cultural tradition or to a civilization which is living or which has disappeared; | (iv) to be an outstanding example of a type of building, architectural or technological ensemble or landscape which illustrates (a) significant stage(s) in human history; | (vi) to be directly or tangibly associated with events or living traditions, with ideas, or with beliefs, with artistic and literary works of outstanding universal significance;",5,,,,,,,,,,,,,,,,,,,,,,,,,,,,,,,,,,,,,,,,,,,,,,,,,,,,,,,,,,,,,,,,,,No,,,,Tier 9: Unflagged,
86,Memphis and its Necropolis – the Pyramid Fields from Giza to Dahshur,Egypt,https://whc.unesco.org/en/list/86,1979.0,29.97604,31.13041,"Rock tombs, ornate mastabas, temples, pyramids, palaces, craftsmen’s workshops, dockyards, arsenals, residential neighbourhoods; nan",Internal (DS/OUV),,"3000 BC (Old Kingdom through Middle, New, Late, and Ptolemaic Periods)",Internal (DS/OUV),,Ancient Egyptian / Pharaonic,Internal (DS/OUV),,"(i) to represent a masterpiece of human creative genius; | (iii) to bear a unique or at least exceptional testimony to a cultural tradition or to a civilization which is living or which has disappeared; | (vi) to be directly or tangibly associated with events or living traditions, with ideas, or with beliefs, with artistic and literary works of outstanding universal significance;",3,Internal (DS/OUV),,Limestone,Internal (DS/OUV),,Sedimentary Rock,,,,,,,,,,,,,,,,,,,,,,,,,,,,,,Egypt,Internal (DS/OUV),,,,,,,,"Monumental stone building, pyramids (e.g., Step Pyramid of Djoser, Great Pyramid of Khufu), step pyramids, temples, tombs",Internal (DS/OUV),,,,,"Rock-cut tombs, mastaba, pyramid constructions",Internal (DS/OUV),,"Damage from natural forces through time, causing surface detail vulnerabilities",Internal (DS/OUV),,,,,Principles of restoration applied respecting legibility and reversibility (Ministry of Antiquities projects),Internal (DS/OUV),,Good,,,Yes,,,,Tier 9: Unflagged,
115,"Meidan Emam, Esfahan",Iran (Islamic Republic of),https://whc.unesco.org/en/list/115,1979.0,32.65745,51.6777777777,Skipped; nan,,,,,,,,,"(i) to represent a masterpiece of human creative genius; | (v) to be an outstanding example of a traditional human settlement, land-use, or sea-use which is representative of a culture (or cultures), or human interaction with the environment especially when it has become vulnerable under the impact of irreversible change; | (vi) to be directly or tangibly associated with events or living traditions, with ideas, or with beliefs, with artistic and literary works of outstanding universal significance;",3,,,,,,,,,,,,,,,,,,,,,,,,,,,,,,,,,,,,,,,,,,,,,,,,,,,,,,,,,,,,,,,,,,No,,,,Tier 9: Unflagged,
84,"Vézelay, Church and Hill",France,https://whc.unesco.org/en/list/84,1979.0,47.46638889,3.748333333,skipped; but highly possible; nan,,,,,,,,,"(i) to represent a masterpiece of human creative genius; | (vi) to be directly or tangibly associated with events or living traditions, with ideas, or with beliefs, with artistic and literary works of outstanding universal significance;",2,,,,,,,,,,,,,,,,,,,,,,,,,,,,,,,,,,,,,,,,,,,,,,,,,,,,,,,,,,,,,,,,,,No,,,,Tier 9: Unflagged,
114,Persepolis,Iran (Islamic Republic of),https://whc.unesco.org/en/list/114,1979.0,29.93444,52.89028,skipped; bvvvhp,,,,,,,,,"(i) to represent a masterpiece of human creative genius; | (iii) to bear a unique or at least exceptional testimony to a cultural tradition or to a civilization which is living or which has disappeared; | (vi) to be directly or tangibly associated with events or living traditions, with ideas, or with beliefs, with artistic and literary works of outstanding universal significance;",3,,,,,,,,,,,,,,,,,,,,,,,,,,,,,,,,,,,,,,,,,,,,,,,,,,,,,,,,,,,,,,,,,,Yes,,bvvvhp,bvvvhp,Tier 4: Exceptional Stone Fortress / Cathedral / Mosque (3-v Very Very High),
80,Mont-Saint-Michel and its Bay,France,https://whc.unesco.org/en/list/80,1979.0,48.63556,-1.51056,"Gothic, Romanesque, Flamboyant Gothic (choir), Pre-Romanesque; nan",Internal (DS/OUV),,10th to 16th centuries (founding of sanctuary in 708; Benedictine abbey in 966; Romanesque/Gothic additions 11th–16th c.),Internal (DS/OUV),,Medieval Christian Civilization / French Benedictine,Internal (DS/OUV),,"(i) to represent a masterpiece of human creative genius; | (iii) to bear a unique or at least exceptional testimony to a cultural tradition or to a civilization which is living or which has disappeared; | (vi) to be directly or tangibly associated with events or living traditions, with ideas, or with beliefs, with artistic and literary works of outstanding universal significance;",3,Internal (DS/OUV),,Granite,Internal (DS/OUV),,Igneous Rock,Internal (DS/OUV),,Flat bricks (used with granite masonry in Notre-Dame-sous-terre),Internal (DS/OUV),,,,,Granitic rock summit / islet base; granite masonry,Internal (DS/OUV),,,,,,,,,,,,,,,,,,,,France,Internal (DS/OUV),,Local (rock summit / surrounding rocky islet),Internal (DS/OUV),,,,,"Foundation/crossing supported by rock summit; high load-bearing walls, ribbed vaults, double nave",Internal (DS/OUV),,Cloister with colonnettes grouped in five; airy pinnacles,Internal (DS/OUV),,Granite masonry paired with flat bricks,Internal (DS/OUV),,Siltation/silting up of the bay; vulnerability of surrounding rocks to natural phenomena/coastal dynamics,Internal (DS/OUV),,,,,Restoration of Romanesque choir (1448); 19th-century dignity restorations; Spire construction (1897); Periodic rock consolidation works,Internal (DS/OUV),,Good,,,No,,,,Tier 9: Unflagged,
87,Ancient Thebes with its Necropolis,Egypt,https://whc.unesco.org/en/list/87,1979.0,25.73333,32.6,skipped; but very highly possible; nan,,,,,,,,,"(i) to represent a masterpiece of human creative genius; | (iii) to bear a unique or at least exceptional testimony to a cultural tradition or to a civilization which is living or which has disappeared; | (vi) to be directly or tangibly associated with events or living traditions, with ideas, or with beliefs, with artistic and literary works of outstanding universal significance;",3,,,,,,,,,,,,,,,,,,,,,,,,,,,,,,,,,,,,,,,,,,,,,,,,,,,,,,,,,,,,,,,,,,No,,,,Tier 9: Unflagged,
96,Stari Ras and Sopoćani,Serbia,https://whc.unesco.org/en/list/96,1979.0,43.11889,20.42278,skipped; bvhp,,,,,,,,,(i) to represent a masterpiece of human creative genius; | (iii) to bear a unique or at least exceptional testimony to a cultural tradition or to a civilization which is living or which has disappeared;,2,,,,,,,,,,,,,,,,,,,,,,,,,,,,,,,,,,,,,,,,,,,,,,,,,,,,,,,,,,,,,,,,,,No,,bvhp,bvhp,Tier 6: High Probability Ashlar / Urban Core (1-v Very High),
125,Natural and Culturo-Historical Region of Kotor,Montenegro,https://whc.unesco.org/en/list/125,1979.0,42.48333,18.7,skipped; bvhp,,,,,,,,,"(i) to represent a masterpiece of human creative genius; | (ii) to exhibit an important interchange of human values, over a span of time or within a cultural area of the world, on developments in architecture or technology, monumental arts, town-planning or landscape design; | (iii) to bear a unique or at least exceptional testimony to a cultural tradition or to a civilization which is living or which has disappeared; | (iv) to be an outstanding example of a type of building, architectural or technological ensemble or landscape which illustrates (a) significant stage(s) in human history;",4,,,,,,,,,,,,,,,,,,,,,,,,,,,,,,,,,,,,,,,,,,,,,,,,,,,,,,,,,,,,,,,,,,No,,bvhp,bvhp,Tier 6: High Probability Ashlar / Urban Core (1-v Very High),
83,Palace and Park of Versailles,France,https://whc.unesco.org/en/list/83,1979.0,48.805,2.119444444,skipped; bhp,,,,,,,,,"(i) to represent a masterpiece of human creative genius; | (ii) to exhibit an important interchange of human values, over a span of time or within a cultural area of the world, on developments in architecture or technology, monumental arts, town-planning or landscape design; | (vi) to be directly or tangibly associated with events or living traditions, with ideas, or with beliefs, with artistic and literary works of outstanding universal significance;",3,,,,,,,,,,,,,,,,,,,,,,,,,,,,,,,,,,,,,,,,,,,,,,,,,,,,,,,,,,,,,,,,,,No,,bhp,bhp,Tier 7: High Probability Local Stone / Masonry (High Potential),
44,Thracian Tomb of Kazanlak,Bulgaria,https://whc.unesco.org/en/list/44,1979.0,42.625774,25.399172,skipped; bp,,,,,,,,,"(i) to represent a masterpiece of human creative genius; | (iii) to bear a unique or at least exceptional testimony to a cultural tradition or to a civilization which is living or which has disappeared; | (iv) to be an outstanding example of a type of building, architectural or technological ensemble or landscape which illustrates (a) significant stage(s) in human history;",3,,,,,,,,,,,,,,,,,,,,,,,,,,,,,,,,,,,,,,,,,,,,,,,,,,,,,,,,,,,,,,,,,,No,,bp,bp,Tier 8: Moderate Probability Stone Fabric (Possible),
85,Prehistoric Sites and Decorated Caves of the Vézère Valley,France,https://whc.unesco.org/en/list/85,1979.0,45.0575,1.17,skipped,,,,,,,,,(i) to represent a masterpiece of human creative genius; | (iii) to bear a unique or at least exceptional testimony to a cultural tradition or to a civilization which is living or which has disappeared;,2,,,,,,,,,,,,,,,,,,,,,,,,,,,,,,,,,,,,,,,,,,,,,,,,,,,,,,,,,,,,,,,,,,No,,,,,
43,Madara Rider,Bulgaria,https://whc.unesco.org/en/list/43,1979.0,43.277375,27.118894,skipped; bvvvvhp,,,,,,,,,(i) to represent a masterpiece of human creative genius; | (iii) to bear a unique or at least exceptional testimony to a cultural tradition or to a civilization which is living or which has disappeared;,2,,,,,,,,,,,,,,,,,,,,,,,,,,,,,,,,,,,,,,,,,,,,,,,,,,,,,,,,,,,,,,,,,,No,,,,,
3,Aachen Cathedral,Germany,https://whc.unesco.org/en/list/3,1978.0,50.7747468537,6.083919968,Palatine Chapel / Cathedral (Carolingian octagonal core with Gothic choir and additions); nan,Internal (DS/OUV),,Began c. 790–800 (c. 793–813; consecrated 805),Internal (DS/OUV),,Carolingian (Frankish) Empire / Holy Roman Empire,Internal (DS/OUV),,"(i) to represent a masterpiece of human creative genius; | (ii) to exhibit an important interchange of human values, over a span of time or within a cultural area of the world, on developments in architecture or technology, monumental arts, town-planning or landscape design; | (iv) to be an outstanding example of a type of building, architectural or technological ensemble or landscape which illustrates (a) significant stage(s) in human history; | (vi) to be directly or tangibly associated with events or living traditions, with ideas, or with beliefs, with artistic and literary works of outstanding universal significance;",4,Internal (DS/OUV),,Marble,Internal (DS/OUV),,Metamorphic Rock,,,"Local quarry stone (Sandstone/Limestone), Granite (1840s replacement columns)",,,Aachen Bluestone / Aachener Blaustein (fossiliferous limestone),,,"Fossiliferous Limestone, Marble, Sandstone",,,Na,,,,,,Greek and Italian marble tones,Internal (DS/OUV),,,,,,,,"Local quarries (Aachen area); Ancient spolia sourced from Rome, Ravenna, and Cologne (St. Gereon)",External,https://en.wikipedia.org/wiki/Aachen_Cathedral,"Germany, Italy, Greece",External,https://en.wikipedia.org/wiki/Aachen_Cathedral,"Local (immediate vicinity) to Long-distance (>1,000 km from Rome and Ravenna)",External,https://en.wikipedia.org/wiki/Aachen_Cathedral,,,,"Eight main octagonal piers, vaulted arcades, load-bearing exterior walls, octagonal drum, and dome cupola",Internal (DS/OUV),,"Antique interior marble columns/facade lining, Carolingian stone throne, Proserpine relief sarcophagus",Internal (DS/OUV),,,,,,,,,,,,,,Good,,,Yes,"ICOMOS Advisory Body Evaluation, Wikipedia: Aachen Cathedral Entry, and Wikimedia Commons Stone Archives",,,Tier 9: Unflagged,
18,"Rock-Hewn Churches, Lalibela",Ethiopia,https://whc.unesco.org/en/list/18,1978.0,12.02935,39.04042,skipped; bvhp,,,,,,,,,"(i) to represent a masterpiece of human creative genius; | (ii) to exhibit an important interchange of human values, over a span of time or within a cultural area of the world, on developments in architecture or technology, monumental arts, town-planning or landscape design; | (iii) to bear a unique or at least exceptional testimony to a cultural tradition or to a civilization which is living or which has disappeared;",3,,,,,,,,,,,,,,,,,,,,,,,,,,,,,,,,,,,,,,,,,,,,,,,,,,,,,,,,,,,,,,,,,,No,,bvhp,bvhp,Tier 6: High Probability Ashlar / Urban Core (1-v Very High),
1709,Murujuga Cultural Landscape,Australia,https://whc.unesco.org/en/list/1709,,,,Non-Building Cultural Site,,,,,,,,,"(i) to represent a masterpiece of human creative genius; | (iii) to bear a unique or at least exceptional testimony to a cultural tradition or to a civilization which is living or which has disappeared; | (v) to be an outstanding example of a traditional human settlement, land-use, or sea-use which is representative of a culture (or cultures), or human interaction with the environment especially when it has become vulnerable under the impact of irreversible change;",3,,,,,,,,,,,,,,,,,,,,,,,,,,,,,,,,,,,,,,,,,,,,,,,,,,,,,,,,,,,,,,,,,,,,,,,
