Site ID,Site Name,Country,Architecture Type,Architecture Type_Ref,Architecture Type_Ext,Construction Period,Construction Period_Ref,Construction Period_Ext,Civilization,Civilization_Ref,Civilization_Ext,UNESCO Criteria,UNESCO Criteria_Ref,UNESCO Criteria_Ext,Mentioned Major Stone(s),Exploded Major Stone,Standardized Stone Name,Rock Class,Mentioned Major Stone(s)_Ref,Mentioned Major Stone(s)_Ext,Rock Class_Ref,Rock Class_Ext,Secondary Stone,Secondary Stone_Ref,Secondary Stone_Ext,Local Stone Name,Local Stone Name_Ref,Local Stone Name_Ext,Lithology,Lithology_Ref,Lithology_Ext,Geological Age,Geological Age_Ref,Geological Age_Ext,Formation,Formation_Ref,Formation_Ext,Colour,Colour_Ref,Colour_Ext,Texture,Texture_Ref,Texture_Ext,Minerals,Minerals_Ref,Minerals_Ext,Quarry,Quarry_Ref,Quarry_Ext,Quarry Country,Quarry Country_Ref,Quarry Country_Ext,Local vs Imported,Local vs Imported_Ref,Local vs Imported_Ext,Transport Distance,Transport Distance_Ref,Transport Distance_Ext,Structural Use,Structural Use_Ref,Structural Use_Ext,Decorative Use,Decorative Use_Ref,Decorative Use_Ext,Masonry Technique,Masonry Technique_Ref,Masonry Technique_Ext,Weathering,Weathering_Ref,Weathering_Ext,Replacement Stone,Replacement Stone_Ref,Replacement Stone_Ext,Restoration,Restoration_Ref,Restoration_Ext,Condition,Condition_Ref,Condition_Ext,UNESCO Mention,Other references,flag_extracted,Stone_Potential_Flag,Potential_Tier_Description,Index
726,Historic Centre of Naples,Italy,"Greek, Roman, Byzantine, Norman, French Gothic, Tuscan/Aragonese, Renaissance, Baroque, Neoclassical; nan",Internal (DS/OUV),,9th Century B.C. (Parthenope/Palaepolis) – 18th Century A.D. (Bourbon era) & modern continuity,Internal (DS/OUV),,"Greek, Roman, Byzantine, Norman, Swabian, Angevin, Aragonese, Spanish, Bourbon",Internal (DS/OUV),,"(ii) to exhibit an important interchange of human values, over a span of time or within a cultural area of the world, on developments in architecture or technology, monumental arts, town-planning or landscape design; | (iv) to be an outstanding example of a type of building, architectural or technological ensemble or landscape which illustrates (a) significant stage(s) in human history;",Internal (DS/OUV),,"Yellow Tufa, Grey Piperno, White Marble",Grey Piperno,Grey Piperno,Igneous,Internal (DS/OUV),,,,,,,,,,,,,,,,,,,"Yellow (Tufa), Grey (Piperno), White (Marble)",Internal (DS/OUV),,,,,,,,"Naples subsoil (Fontanelle, Capodimonte, Rione Sanità, Pizzofalcone) & western Campi Flegrei (Pianura, Soccavo)",External,https://virtualexplorer.com.au/article/2010/261/urban-geology-in-the-neapolitan-area/materials.html,Italy,Internal (DS/OUV),,Local (Yellow Tufa and Piperno derived locally from subsoil/Bay area); White Marble imported/regional,Internal (DS/OUV),,,,,"Load-bearing masonry walls, foundations, city wall fortifications (e.g., Castel Nuovo, Castel dell'Ovo)",Internal (DS/OUV),,"Facades, columns, capitals, lintels, bas-reliefs, ornamental details, sculptures",Internal (DS/OUV),,,,,,,,,,,,,,Moderate,Internal (DS/OUV),,Yes,"• Journal of the Virtual Explorer: Urban Geology in the Neapolitan Area


• ResearchGate: Piperno from Campi Flegrei


• CORE: Influence of Water on Neapolitan Yellow Tuff",,,Tier 9: Unflagged,
1016,Historical Centre of the City of Arequipa,Peru,"Colonial, Andean Baroque (Mestizo Baroque), Rococo, Neoclassical, Vernacular (Casonas), Historicist; nan",Internal (DS/OUV),,16th to 20th Century A.D.,Internal (DS/OUV),,"Spanish Colonial, European integrated with Native / Indigenous (Pre-Hispanic / Inca influence)",Internal (DS/OUV),,,Internal (DS/OUV),,Sillar (Volcanic Stone / Volcanic Rock),Sillar (Volcanic Stone / Volcanic Rock),Rhyolitic Ignimbrite,Igneous,Internal (DS/OUV),,External,"Bustamante, R., Vazquez, P., & Prendes, N. (2021). Properties of the Ignimbrites in the Architecture of the Historical Center of Arequipa, Peru. Applied Sciences, 11(22), 10571. https://doi.org/10.3390/app112210571

",Andesite (Lava rock / River boulders),Internal (DS/OUV),,Sillar (specifically Sillar de Arequipa),Internal (DS/OUV),,Dacitic to Rhyolitic Non-welded / Indurated Ignimbrite (Vitric Tuff / Pyroclastic Flow Deposit),External,"Bustamante, R., Vazquez, P., & Prendes, N. (2021). Properties of the Ignimbrites in the Architecture of the Historical Center of Arequipa, Peru. Applied Sciences, 11(22), 10571. https://doi.org/10.3390/app112210571
",,,,na,,,Predominantly White (also Pink/Reddish hues),Internal (DS/OUV),,,,,,,,"Canteras de Añashuayco (Añashuayco Ravine / Paccha Quarry), Airport Quarry",External,"1: https://idus.us.es/bitstreams/f94e9778-fdc8-489b-9d19-a0bab25d1fd7/download
 
2: https://meetingorganizer.copernicus.org/EGU21/EGU21-8355.html",Peru,Internal (DS/OUV),,Local (Extracted from nearby volcanic quarries surrounding the city),Internal (DS/OUV),,,,,"Robust load-bearing walls, foundations, semi-circular arches, porticos, thick vaults, pillars, bridges (Puente Real / Puente Grau)",Internal (DS/OUV),,"Intricate Baroque facade relief carvings, carved corbels, protruding pediments, cornices, decorative doorways, window flanking pillars",Internal (DS/OUV),,"Ashlar masonry (Sillar blocks, voussoirs, paving tiles cut to sizes such as 40x40x20 cubic cm), intricate hand carving by native masons",Internal (DS/OUV),,"Damage due to seismic activity (earthquakes), low-intensity volcanic activity, ENSO/flooding, high atmospheric pollution from vehicle emissions, and erosion",Internal (DS/OUV),,,,,Rebuilding and adaptive reuse following major earthquakes; ~20% of declared casonas/monuments are fully restored,Internal (DS/OUV),,Moderate,Internal (DS/OUV),,Yes,Advisory Body Evaluation (ICOMOS 2000); Peruvian National Law Nº 28296; Municipal Ordinance Nº 13-99; Peer-reviewed geological and architectural studies on Arequipa ignimbrites,,,Tier 9: Unflagged,
907,Villa Adriana (Tivoli),Italy,Imperial Roman Classical Architecture; nan,Internal (DS/OUV),,"2nd century A.D. (117 – 138 A.D., reign of Emperor Hadrian)",Internal (DS/OUV),,Ancient Roman / Early Roman Empire,Internal (DS/OUV),,"(i) to represent a masterpiece of human creative genius; | (ii) to exhibit an important interchange of human values, over a span of time or within a cultural area of the world, on developments in architecture or technology, monumental arts, town-planning or landscape design; | (iii) to bear a unique or at least exceptional testimony to a cultural tradition or to a civilization which is living or which has disappeared;",Internal (DS/OUV),,"Cipollino Marble (Marmor Carystium), Granite, Marble, Travertine (Lapis Tiburtinus), Tufa",Granite,Granite,Igneous,Internal (DS/OUV),,,,"Pavonazzetto, Porfido Rosso (Red Porphyry), Proconnesian Marble",,,,,,,,,,,,,,,Greenish-white with dark green bands (Cipollino); Grey/Pink/Red (Granite); Light beige to cream (Travertine),Internal (DS/OUV),,,,,,,,Euboea/Carystos quarries (Cipollino); Aswan quarries (Egyptian Granite); Tivoli / Barco quarries (Travertine & Tufa),Internal (DS/OUV),,"Italy (Local Travertine/Tufa), Greece (Cipollino Marble), Egypt (Granite)",Internal (DS/OUV),,Both: Travertine and Tufa are Local; Cipollino Marble and Egyptian Granite are Imported,Internal (DS/OUV),,,,,"Structural piers, load-bearing walls, foundations, and vaults (Tufa and Travertine); load-bearing columns (Travertine & Granite)",Internal (DS/OUV),,"Peristyle column shafts (Cipollino marble and Egyptian granite), floor pavements (opus sectile), wall revetments, porticos, and decorative statues",Internal (DS/OUV),,"Opus reticulatum, opus mixtum, opus testaceum (brick-faced concrete core), and opus quadratum (travertine ashlar block masonry)",Internal (DS/OUV),,"Atmospheric weathering, carbonate dissolution, biological growth, and material degradation from past exposure/neglect",Internal (DS/OUV),,,,,"Partial anastylosis, continuous consolidation, and structural preservation carried out under the Restoration Charter and the Italian Codice dei beni culturali e del Paesaggio",Internal (DS/OUV),,Good,Internal (DS/OUV),,Yes,"• ICOMOS Advisory Body Evaluation - Villa Adriana (Tivoli)


• Scientific studies on Roman building stone provenance published via the Italian Journal of Geosciences.",,,Tier 9: Unflagged,
945,Chhatrapati Shivaji Terminus (formerly Victoria Terminus),India,Victorian Gothic Revival blended with traditional Indian architecture; nan,Internal (DS/OUV),,10 years starting in 1878 (1878–1888),Internal (DS/OUV),,19th-Century British Commonwealth / Colonial India,Internal (DS/OUV),,"(ii) to exhibit an important interchange of human values, over a span of time or within a cultural area of the world, on developments in architecture or technology, monumental arts, town-planning or landscape design; | (iv) to be an outstanding example of a type of building, architectural or technological ensemble or landscape which illustrates (a) significant stage(s) in human history;",Internal (DS/OUV),,"Yellow Malad Stone, Italian Marble, Polished Granite, White Limestone",Yellow Malad Stone,Trachyte/Basalt,Igneous,Internal (DS/OUV),,Internal (DS/OUV),,"Italian Marble, Polished Granite, White Limestone",Internal (DS/OUV),,Local Yellow Malad Stone (Yellow Basalt),Internal (DS/OUV),,"Trachytic/Basaltic tuff (Malad yellow stone), crystalline marble, fine-grained limestone",External,Maitri Dore (2014),,,,,,,"Yellow (Malad stone), White (Limestone/Marble)",Internal (DS/OUV),,,,,na,,,Malad Quarries (Mumbai); Carrara (Italy),Internal (DS/OUV),,India (Malad stone) and Italy (Marble),Internal (DS/OUV),,Mixed (Local yellow Malad stone; Imported Italian marble),Internal (DS/OUV),,Local (<25 km) for Malad stone; International long-distance sea route for Italian marble,Internal (DS/OUV),,"Octagonal ribbed masonry dome, drum, turrets, pointed arches, main entrance gates, columns, and exterior walls",Internal (DS/OUV),,"3D-stone carvings of local flora and fauna, gargoyles, allegorical grotesques, arched tympana, portrait roundels, relief busts, decorated rose windows, lion/tiger gate pillars",Internal (DS/OUV),,"Ashlar stone masonry, octagonal ribbed dome masonry, bas-relief and openwork stone carving",Internal (DS/OUV),,Atmospheric degradation from air pollution/traffic emissions and chemical weathering from coastal saline air,Internal (DS/OUV),,,,,"Phase II conservation works ongoing under the long-term management plan by the Architectural Conservation Cell (ACC, initiated 1997)",Internal (DS/OUV),,Good,Internal (DS/OUV),,Yes,"ICOMOS Advisory Body Evaluation, 
Official UNESCO Dossier, and 
Maitri Dore (2014)",,,Tier 9: Unflagged,
945,Chhatrapati Shivaji Terminus (formerly Victoria Terminus),India,Victorian Gothic Revival blended with traditional Indian architecture; nan,Internal (DS/OUV),,10 years starting in 1878 (1878–1888),Internal (DS/OUV),,19th-Century British Commonwealth / Colonial India,Internal (DS/OUV),,"(ii) to exhibit an important interchange of human values, over a span of time or within a cultural area of the world, on developments in architecture or technology, monumental arts, town-planning or landscape design; | (iv) to be an outstanding example of a type of building, architectural or technological ensemble or landscape which illustrates (a) significant stage(s) in human history;",Internal (DS/OUV),,"Yellow Malad Stone, Italian Marble, Polished Granite, White Limestone",Polished Granite,Granite,Igneous,Internal (DS/OUV),,Internal (DS/OUV),,"Italian Marble, Polished Granite, White Limestone",Internal (DS/OUV),,Local Yellow Malad Stone (Yellow Basalt),Internal (DS/OUV),,"Trachytic/Basaltic tuff (Malad yellow stone), crystalline marble, fine-grained limestone",External,Maitri Dore (2014),,,,,,,"Yellow (Malad stone), White (Limestone/Marble)",Internal (DS/OUV),,,,,na,,,Malad Quarries (Mumbai); Carrara (Italy),Internal (DS/OUV),,India (Malad stone) and Italy (Marble),Internal (DS/OUV),,Mixed (Local yellow Malad stone; Imported Italian marble),Internal (DS/OUV),,Local (<25 km) for Malad stone; International long-distance sea route for Italian marble,Internal (DS/OUV),,"Octagonal ribbed masonry dome, drum, turrets, pointed arches, main entrance gates, columns, and exterior walls",Internal (DS/OUV),,"3D-stone carvings of local flora and fauna, gargoyles, allegorical grotesques, arched tympana, portrait roundels, relief busts, decorated rose windows, lion/tiger gate pillars",Internal (DS/OUV),,"Ashlar stone masonry, octagonal ribbed dome masonry, bas-relief and openwork stone carving",Internal (DS/OUV),,Atmospheric degradation from air pollution/traffic emissions and chemical weathering from coastal saline air,Internal (DS/OUV),,,,,"Phase II conservation works ongoing under the long-term management plan by the Architectural Conservation Cell (ACC, initiated 1997)",Internal (DS/OUV),,Good,Internal (DS/OUV),,Yes,"ICOMOS Advisory Body Evaluation, 
Official UNESCO Dossier, and 
Maitri Dore (2014)",,,Tier 9: Unflagged,
241,Group of Monuments at Hampi,India,"Dravidian Architecture (Temples, Gopurams, Mandapas) and Indo-Islamic Architecture (Secular buildings like Queen's Bath and Elephant Stables).; nan",Internal (DS/OUV),,"14th to 16th Century CE (Vijayanagara Empire, 1336–1565 CE; building activity spanning over 200 years).",Internal (DS/OUV),,Vijayanagara Empire (The last great Hindu Kingdom of South India).,Internal (DS/OUV),,,Internal (DS/OUV),,Granite,Granite,Granite,Igneous,Internal (DS/OUV),,,,,,,,,,Local Granite / Closepet Granite,,,,,,,,,,,,,,,,,,,,,India,Internal (DS/OUV),,"Local (""constructed from local granite"", ""utilizing locally available material"")",Internal (DS/OUV),,,Internal (DS/OUV),,"Fortification walls, temple complexes, pillared halls (Mandapas), shrines, entrance towers (Gopurams), ceremonial pavilions, heavy roof slabs, stone chariot (granite ratha), stepped tanks (Pushkarani), bridges, and water channels.",Internal (DS/OUV),,"Intricately carved stone chariot (Vittala Temple), ornate decorated pillars, relief sculptures, carved entrance gopurams, and sculpted lintels/capitals.",Internal (DS/OUV),,"Post-and-lintel system, lantern-roofed construction, dry-stone masonry with paper joints (rubble core for fortification walls), brick-and-lime mortar superstructures (for Gopuras), and heavy granite roof slabs sealed with lime mortar waterproofing.",Internal (DS/OUV),,,,,,,,"Ongoing conservation and preservation by the Archaeological Survey of India (ASI) and Department of Archaeology and Museums (DAM), guided by the Integrated Management Plan (IMP) and Hampi World Heritage Area Management Authority (HWHAMA).",Internal (DS/OUV),,Good,,,,Official ICOMOS Evaluation & UNESCO Dossier Documents,,,Tier 9: Unflagged,
364,Great Zimbabwe National Monument,Zimbabwe,"Dry-stone monumental masonry architecture (Hill Ruins, Great Enclosure, Valley Ruins, Conical Tower, Enclosure Walls); nan",Internal (DS/OUV),,1100 to 1450 AD (11th to 15th centuries AD),Internal (DS/OUV),,Bantu / Shona civilization (Iron Age),Internal (DS/OUV),,,Internal (DS/OUV),,Granite,Granite,Granite,Igneous,Internal (DS/OUV),,,,Soapstone / Steatite (used for upright posts and carved Zimbabwe Birds); Granitic sand and clay mixture (Daga),Internal (DS/OUV),,"Daga (traditional mixture of clay and granitic sand used for bricks, huts, and floors)",Internal (DS/OUV),,Biotite Granite / Talc-schist (Steatite),External,https://www.iccrom.org/sites/default/files/publications/2019-11/iccrom_ics04_zimbabwe_en.pdf,,,,,,,,,,,,,,,,Local granite hill outcrops and naturally exfoliated granite spalls surrounding the Great Zimbabwe site,Internal (DS/OUV),,Zimbabwe,Internal (DS/OUV),,Local (Granite obtained directly at the site; Steatite sourced regionally within Zimbabwe),Internal (DS/OUV),,,,,"Enclosure perimeter walls, Conical Tower, passageways, foundations, and lintels",Internal (DS/OUV),,"Chevron pattern, chequered wall decorations, carved upright ritual posts, and soapstone bird figurines",Internal (DS/OUV),,"Dry stone masonry without mortar, laid in regular horizontal courses using split/dressed granite blocks",Internal (DS/OUV),,"Temperature fluctuations, soil moisture variations, and invasive vegetation encroachment (Lantana camara)",Internal (DS/OUV),,,,,"Dry-stone wall collapse monitoring, vegetation control, and structural stabilization under the National Museums and Monuments of Zimbabwe (NMMZ)",Internal (DS/OUV),,Good,,,Yes,"ICOMOS Advisory Body Evaluation, ICCROM Preservation Study, MDPI Heritage & Sustainability Article",,,Tier 9: Unflagged,
451,Old Town of Galle and its Fortifications,Sri Lanka,Fortified city / Urban ensemble; nan,Internal (DS/OUV),,16th to 19th centuries (Height of development: 18th century),Internal (DS/OUV),,"Portuguese, Dutch, and British Colonial (with South Asian integration)",Internal (DS/OUV),,,Internal (DS/OUV),,"Coral, Granite, and Cherts / Coral rag / Laterite",Granite,Granite,Igneous,,,,,"Brick, Lime mortar, Sandstone",Internal (DS/OUV),,"Coral rag, Kabook (Local Sri Lankan name for Laterite)",Internal (DS/OUV),,,,,,,,,,,,,,,,,,,,Local coastal reefs (Coral); Local promontory outcrops and inland quarries (Granite/Laterite),Internal (DS/OUV),,Sri Lanka,Internal (DS/OUV),,Local,Internal (DS/OUV),,Short distance / In-situ (Immediate promontory and surrounding coast),Internal (DS/OUV),,"Ramparts, Bastions, Underground drainage system, Foundation, Wall masonry",Internal (DS/OUV),,"Veranda columns, Facades, Public and administrative building elements",Internal (DS/OUV),,Ashlar and rubble core masonry using coral and granite bound with lime mortar,Internal (DS/OUV),,"Marine bio-erosion, Salt crystallization, Moisture/humidity weathering",Internal (DS/OUV),,"Locally sourced coral lime mortar, matching local granite/coral blocks",Internal (DS/OUV),,Ongoing conservation managed by the Galle Heritage Foundation and Department of Archaeology,Internal (DS/OUV),,Good,,,Yes,"ICOMOS Evaluation Report (1988); 
Antiquities Ordinance of Sri Lanka (1948, rev. 1998)",,,Tier 9: Unflagged,
373,"Stonehenge, Avebury and Associated Sites",United Kingdom of Great Britain and Northern Ireland,"Megalithic stone circles, henges, barrows, avenues, and earthen earthworks/mounds.; nan",Internal (DS/OUV),,Circa 3700 BC – 1600 BC (Neolithic to Early Bronze Age); focal stone circle built ~2500 BC.,Internal (DS/OUV),,Prehistoric Britain (Neolithic and Bronze Age societies).,Internal (DS/OUV),,,Internal (DS/OUV),,"Wiltshire Sarsen Sandstone and Bluestone (dolerite, rhyolite, tuffs)",Bluestone (dolerite,Dolerite/Rhyolite,Igneous,Internal (DS/OUV),,,,"Chalk (used in earthworks/mounds like Silbury Hill), Altar Stone (Metasandstone), Quartz veins, packing stones",Internal (DS/OUV),,"Sarsen (Silcrete), Chalk",,,,,,,,,,,,,,,,,,,,,,,,United Kingdom (England & Wales),Internal (DS/OUV),,"Sarsens: Local/Regional (~25 km).
Bluestones: Imported (~200–240 km).",External,"Nash, D. J., Ciborowski, T. J. R., Ullyott, J. S., Pearson, M. P., Darvill, T., Greaney, S., Maniatis, G., & Whitaker, K. A. (2020). Origins of the sarsen megaliths at Stonehenge. Science Advances, 6(31), eabc0133. https://doi.org/10.1126/sciadv.abc0133",~25 km for Sarsens; up to 240 km for Bluestones.,Internal (DS/OUV),,"Standing megalithic uprights, horizontal lintels, central trilithons, inner/outer concentric circles, horseshoe arrangements, packing stones.",Internal (DS/OUV),,Unique surface shaping/dressing of megalithic stones; intentional arrangement of bluestone contrast.,Internal (DS/OUV),,"Mortise-and-tenon jointing, tongue-and-groove lintel capping, dressed/shaped megaliths.",Internal (DS/OUV),,"Weathering from surface erosion, natural environmental exposure, animal burrowing, and historic visitor traffic.",Internal (DS/OUV),,,,,"Early to mid-20th-century interventions involving excavation, re-erection of fallen or buried stones to their original positions, and modern site consolidation.",,,Good,Internal (DS/OUV),,Yes,"1. Nash et al., 2020 - Science Advances


2. Parker Pearson et al., 2015 - Antiquity


3. Whitaker, 2019 - Oxford Journal of Archaeology


4. Lott, 2013 - Quarterly Journal of Engineering Geology and Hydrogeology",,,Tier 9: Unflagged,
373,"Stonehenge, Avebury and Associated Sites",United Kingdom of Great Britain and Northern Ireland,"Megalithic stone circles, henges, barrows, avenues, and earthen earthworks/mounds.; nan",Internal (DS/OUV),,Circa 3700 BC – 1600 BC (Neolithic to Early Bronze Age); focal stone circle built ~2500 BC.,Internal (DS/OUV),,Prehistoric Britain (Neolithic and Bronze Age societies).,Internal (DS/OUV),,,Internal (DS/OUV),,"Wiltshire Sarsen Sandstone and Bluestone (dolerite, rhyolite, tuffs)",rhyolite,Rhyolite,Igneous,Internal (DS/OUV),,,,"Chalk (used in earthworks/mounds like Silbury Hill), Altar Stone (Metasandstone), Quartz veins, packing stones",Internal (DS/OUV),,"Sarsen (Silcrete), Chalk",,,,,,,,,,,,,,,,,,,,,,,,United Kingdom (England & Wales),Internal (DS/OUV),,"Sarsens: Local/Regional (~25 km).
Bluestones: Imported (~200–240 km).",External,"Nash, D. J., Ciborowski, T. J. R., Ullyott, J. S., Pearson, M. P., Darvill, T., Greaney, S., Maniatis, G., & Whitaker, K. A. (2020). Origins of the sarsen megaliths at Stonehenge. Science Advances, 6(31), eabc0133. https://doi.org/10.1126/sciadv.abc0133",~25 km for Sarsens; up to 240 km for Bluestones.,Internal (DS/OUV),,"Standing megalithic uprights, horizontal lintels, central trilithons, inner/outer concentric circles, horseshoe arrangements, packing stones.",Internal (DS/OUV),,Unique surface shaping/dressing of megalithic stones; intentional arrangement of bluestone contrast.,Internal (DS/OUV),,"Mortise-and-tenon jointing, tongue-and-groove lintel capping, dressed/shaped megaliths.",Internal (DS/OUV),,"Weathering from surface erosion, natural environmental exposure, animal burrowing, and historic visitor traffic.",Internal (DS/OUV),,,,,"Early to mid-20th-century interventions involving excavation, re-erection of fallen or buried stones to their original positions, and modern site consolidation.",,,Good,Internal (DS/OUV),,Yes,"1. Nash et al., 2020 - Science Advances


2. Parker Pearson et al., 2015 - Antiquity


3. Whitaker, 2019 - Oxford Journal of Archaeology


4. Lott, 2013 - Quarterly Journal of Engineering Geology and Hydrogeology",,,Tier 9: Unflagged,
373,"Stonehenge, Avebury and Associated Sites",United Kingdom of Great Britain and Northern Ireland,"Megalithic stone circles, henges, barrows, avenues, and earthen earthworks/mounds.; nan",Internal (DS/OUV),,Circa 3700 BC – 1600 BC (Neolithic to Early Bronze Age); focal stone circle built ~2500 BC.,Internal (DS/OUV),,Prehistoric Britain (Neolithic and Bronze Age societies).,Internal (DS/OUV),,,Internal (DS/OUV),,"Wiltshire Sarsen Sandstone and Bluestone (dolerite, rhyolite, tuffs)",tuffs),Volcanic Rock,Igneous,Internal (DS/OUV),,,,"Chalk (used in earthworks/mounds like Silbury Hill), Altar Stone (Metasandstone), Quartz veins, packing stones",Internal (DS/OUV),,"Sarsen (Silcrete), Chalk",,,,,,,,,,,,,,,,,,,,,,,,United Kingdom (England & Wales),Internal (DS/OUV),,"Sarsens: Local/Regional (~25 km).
Bluestones: Imported (~200–240 km).",External,"Nash, D. J., Ciborowski, T. J. R., Ullyott, J. S., Pearson, M. P., Darvill, T., Greaney, S., Maniatis, G., & Whitaker, K. A. (2020). Origins of the sarsen megaliths at Stonehenge. Science Advances, 6(31), eabc0133. https://doi.org/10.1126/sciadv.abc0133",~25 km for Sarsens; up to 240 km for Bluestones.,Internal (DS/OUV),,"Standing megalithic uprights, horizontal lintels, central trilithons, inner/outer concentric circles, horseshoe arrangements, packing stones.",Internal (DS/OUV),,Unique surface shaping/dressing of megalithic stones; intentional arrangement of bluestone contrast.,Internal (DS/OUV),,"Mortise-and-tenon jointing, tongue-and-groove lintel capping, dressed/shaped megaliths.",Internal (DS/OUV),,"Weathering from surface erosion, natural environmental exposure, animal burrowing, and historic visitor traffic.",Internal (DS/OUV),,,,,"Early to mid-20th-century interventions involving excavation, re-erection of fallen or buried stones to their original positions, and modern site consolidation.",,,Good,Internal (DS/OUV),,Yes,"1. Nash et al., 2020 - Science Advances


2. Parker Pearson et al., 2015 - Antiquity


3. Whitaker, 2019 - Oxford Journal of Archaeology


4. Lott, 2013 - Quarterly Journal of Engineering Geology and Hydrogeology",,,Tier 9: Unflagged,
677,Baroque Churches of the Philippines,Philippines,Earthquake Baroque / Fortress Baroque (Peripheral Baroque); nan,Internal (DS/OUV),,"16th – 18th centuries (Spanish Colonial Period)
",Internal (DS/OUV),,"Spanish Colonial Philippines (fusion of Spanish/European, Chinese, and native Philippine traditions)",Internal (DS/OUV),,,Internal (DS/OUV),,"Tuff, Coralline / Coralline Limestone",Tuff,Volcanic Rock,Igneous,Internal (DS/OUV),,Internal (DS/OUV),,"Brick, Lime (mortar), Coral blocks",Internal (DS/OUV),,Adobe stone (volcanic tuff in Manila/Luzon); Coral stone / De capaza,Internal (DS/OUV),,"Volcanic Tuff, Biogenic Coralline Limestone, Clay Brick",Internal (DS/OUV),,,,,na,,,,,,"Porous, coarse-grained (coralline/tuffaceous)",,,"Calcite (limestone), Volcanic ash/feldspar/silicate minerals (tuff)",,,"Local coastal coral reefs and nearby river quarries (e.g., Meycauayan/Guadalupe tuff quarries)",External,,"Local coastal coral reefs and nearby river quarries (e.g., Meycauayan/Guadalupe tuff quarries)",Internal (DS/OUV),,Local,Internal (DS/OUV),,,,,"Load-bearing exterior walls, massive buttresses (contrafuertes), bell towers, stone barrel vaults",Internal (DS/OUV),,"High Baroque retablos (altars), volutes, pediment reliefs, carved facades, trompe-l'œil ceiling paintings",Internal (DS/OUV),,"Thick unreinforced block masonry consolidated with lime mortar
",Internal (DS/OUV),,"Environmental degradation and surface erosion due to time, tropical humidity, and salt air",,,,,,Careful governmental and tri-partite restoration using original materials to preserve integrity,,,Excellent,,,Yes,ICOMOS Advisory Body Evaluation; Presidential Decrees 260 & 375; RA 10066 (National Heritage Law),,,Tier 9: Unflagged,
736,Seokguram Grotto and Bulguksa Temple,Republic of Korea,Buddhist Religious Architectural Complex / Artificial Stone Grotto & Wooden Temple on Stone Terraces; nan,Internal (DS/OUV),,8th Century (Built circa 751–774 CE),Internal (DS/OUV),,Silla Kingdom (Silla Dynasty),Internal (DS/OUV),,,Internal (DS/OUV),,"Granite, White Granite",Granite,Granite,Igneous,,,Internal (DS/OUV),,,,,,,,,,,,,,,,,"Light gray to off-white (""White Granite"")",Internal (DS/OUV),,Equigranular to porphyritic masonry blocks and reliefs,Internal (DS/OUV),,,,,Mount Toham (Mount Tohamsan) quarries,Internal (DS/OUV),,Republic of Korea,Internal (DS/OUV),,Local (sourced directly from Mount Tohamsan),Internal (DS/OUV),,Short distance / Local site extraction (< 5 km),External,Inferred from Mount Toham location,"Artificial domed grotto, stone foundations, raised terraces, steps, and pagodas (Seokgatap and Dabotap)",Internal (DS/OUV),,"Monumental Buddha statue, high and low relief carvings (devas, bodhisattvas, disciples, guardians)",Internal (DS/OUV),,Dry-laid fine granite masonry; innovative dome construction using over 360 stone slabs and locking stones,Internal (DS/OUV),,"Moisture and condensation, mold/mildew/moss growth, acid rain, salty fogs, and atmospheric weathering",Internal (DS/OUV),,Concrete (used during 1913–1915 and 1960s restorations for protective outer domes),Internal (DS/OUV),,1913–1915 dismantle & concrete dome construction; 1960s dual concrete dome addition; wooden antechamber & glass barrier installation,Internal (DS/OUV),,Moderate,Internal (DS/OUV),,Yes,Official UNESCO World Heritage Dossier #736; ICOMOS Advisory Body Evaluation Document,,,Tier 9: Unflagged,
736,Seokguram Grotto and Bulguksa Temple,Republic of Korea,Buddhist Religious Architectural Complex / Artificial Stone Grotto & Wooden Temple on Stone Terraces; nan,Internal (DS/OUV),,8th Century (Built circa 751–774 CE),Internal (DS/OUV),,Silla Kingdom (Silla Dynasty),Internal (DS/OUV),,,Internal (DS/OUV),,"Granite, White Granite",White Granite,Granite,Igneous,,,Internal (DS/OUV),,,,,,,,,,,,,,,,,"Light gray to off-white (""White Granite"")",Internal (DS/OUV),,Equigranular to porphyritic masonry blocks and reliefs,Internal (DS/OUV),,,,,Mount Toham (Mount Tohamsan) quarries,Internal (DS/OUV),,Republic of Korea,Internal (DS/OUV),,Local (sourced directly from Mount Tohamsan),Internal (DS/OUV),,Short distance / Local site extraction (< 5 km),External,Inferred from Mount Toham location,"Artificial domed grotto, stone foundations, raised terraces, steps, and pagodas (Seokgatap and Dabotap)",Internal (DS/OUV),,"Monumental Buddha statue, high and low relief carvings (devas, bodhisattvas, disciples, guardians)",Internal (DS/OUV),,Dry-laid fine granite masonry; innovative dome construction using over 360 stone slabs and locking stones,Internal (DS/OUV),,"Moisture and condensation, mold/mildew/moss growth, acid rain, salty fogs, and atmospheric weathering",Internal (DS/OUV),,Concrete (used during 1913–1915 and 1960s restorations for protective outer domes),Internal (DS/OUV),,1913–1915 dismantle & concrete dome construction; 1960s dual concrete dome addition; wooden antechamber & glass barrier installation,Internal (DS/OUV),,Moderate,Internal (DS/OUV),,Yes,Official UNESCO World Heritage Dossier #736; ICOMOS Advisory Body Evaluation Document,,,Tier 9: Unflagged,
567,Tiwanaku: Spiritual and Political Centre of the Tiwanaku Culture,Bolivia (Plurinational State of),"Civic-ceremonial centre, Temples, Pyramids, Monoliths, Palaces, Urban ceremonial capital; nan",Internal (DS/OUV),,400 A.D. – 900 A.D. (flourished); apogee between 500 A.D. and 900 A.D.; declined 11th century to 12th century,Internal (DS/OUV),,Tiwanaku Culture / Pre-Inca Andean civilization,Internal (DS/OUV),,,Internal (DS/OUV),,"Sandstone, Red Sandstone, Andesite, Adobe (mud brick)",Andesite,Andesite,Igneous,Internal (DS/OUV),,,,,,,,,,,,,,,,,,,Red (for Red Sandstone),Internal (DS/OUV),,,,,,,,,,,,,,,,,,,,"Retaining walls (Akapana Pyramid clad in sandstone/andesite), pillars (Templete made of red sandstone), door frames/gateways (Gate of the Sun), steps, underground drainage canals",Internal (DS/OUV),,"Bas-relief frieze (Gate of the Sun depicting central deity and anthropomorphic birds), carved stone heads set into temple walls, carved monoliths",Internal (DS/OUV),,Impressive accurately carved ashlar stones; carved from single slabs (monolithic); polished stone materials,Internal (DS/OUV),,Adverse effect of climatic conditions,Internal (DS/OUV),,,,,"Systematic conservation, restoration, and physical stabilization measures required under the main plan (1999–2009)",Internal (DS/OUV),,Excellent,,,Yes,,,,Tier 9: Unflagged,
987,Roman Walls of Lugo,Spain,Roman military fortification / Late imperial defensive walls; nan,Internal (DS/OUV),,3rd and 4th centuries AD (later part of the 3rd century),Internal (DS/OUV),,Western Roman Empire / Roman,Internal (DS/OUV),,,Internal (DS/OUV),,"Slate, Granite",Granite,Granite,Igneous,Internal (DS/OUV),,Internal (DS/OUV),,Conglomerate (slate slabs & worked stone pieces from Roman buildings),Internal (DS/OUV),,,,,,,,,,,,,,,,,,,,,,,,,,,,,"Local materials (""use of local materials such as slate, granite..."")",Internal (DS/OUV),,,,,Internal and external facings (slate with some granite); core filling (conglomerate of slate slabs and worked stone pieces),Internal (DS/OUV),,,,,Interlocked with lime mortar; core filling of conglomerate of slate slabs and worked stone pieces re-used from Roman buildings,Internal (DS/OUV),,Minor pressures from relative humidity and water (noted as under control),Internal (DS/OUV),,Re-used worked stone pieces from earlier Roman buildings,Internal (DS/OUV),,"Renovation, rehabilitation, and maintenance interventions carried out under the ""Advance Integral Plan for the Conservation and Restoration of the Walls of Lugo""",Internal (DS/OUV),,Excellent,,,Yes,,,,Tier 9: Unflagged,
910,Brimstone Hill Fortress National Park,Saint Kitts and Nevis,Military architecture / Fortress / Citadel (Polygonal System); nan,Internal (DS/OUV),,"17th and 18th centuries (Evolved starting in 1690, Citadel completed end of 1700s, served until 1853)",Internal (DS/OUV),,British (built by African slave labour) / European colonial,Internal (DS/OUV),,,Internal (DS/OUV),,"Basalt, Limestone",Basalt,Basalt,Igneous,Internal (DS/OUV),,,,,,,,,,"Basalt, Limestone",,,,,,,,,,,,,,,,,,Quarries on the middle and lower slopes of the hill,Internal (DS/OUV),,Saint Kitts and Nevis (Island of St. Christopher / St. Kitts),Internal (DS/OUV),,Local,,,,,,"Dressed stone (basalt) blocks with a rubble core used for principal structures (bastions, barracks, retaining walls, Citadel)",Internal (DS/OUV),,Local limestone used as a decorative element for quoins and for facing round doorways and embrasures,Internal (DS/OUV),,Dressed stone blocks with a rubble core; traditional working techniques; mortars prepared with Portland cement mixed with lime,Internal (DS/OUV),,"Rock falls, land slippage, and heavy rainfall impact",Internal (DS/OUV),,New stone worked according to traditional techniques,Internal (DS/OUV),,"Stabilization, restoration, and reconstruction projects (e.g., discrete use of modern materials like Portland cement mixed with lime in recommended proportions, timber reconstructions)",Internal (DS/OUV),,Good,Internal (DS/OUV),,Yes,,,,Tier 9: Unflagged,
1131,Royal Exhibition Building and Carlton Gardens,Australia,"Byzantine, Romanesque, Lombardic and Italian Renaissance; nan",Internal (DS/OUV),,Designed for international exhibitions of 1880 and 1888 (constructed starting 1879),Internal (DS/OUV),,Victorian / Colonial Australia,Internal (DS/OUV),,,Internal (DS/OUV),,"Bluestone, Slate",Bluestone,Dolerite/Rhyolite,Igneous,Internal (DS/OUV),,,,,,,"Bluestone,",,,,,,,,,,,,,,,,,,,,,,,,,,,,,,,,,"Plinth, base of iron railings, slate roof, timber floors, external joinery and stonework",Internal (DS/OUV),,"Internal paintings/murals, parapet ornamentation",Internal (DS/OUV),,"Brick and timber, steel and slate construction",Internal (DS/OUV),,,,,Concrete (replaced original timber staircases early in the 20th century),Internal (DS/OUV),,"Dome, structure, external joinery and stonework, timber floors, scroll/parterre gardens, and reinstatement of missing parapet ornamentation",Internal (DS/OUV),,Excellent,Internal (DS/OUV),,,,,,Tier 9: Unflagged,
1031,Historic Centre of Guimarães and Couros Zone,Portugal,"Portuguese architecture (medieval settlement evolving into a modern town with grand houses, monastic complexes, tanneries, workers' houses); nan",Internal (DS/OUV),,"10th century CE, 12th century, 15th to 19th centuries (specifically 950–1498, 1498–1693)",Internal (DS/OUV),,Portuguese,Internal (DS/OUV),,,,,Granite,Granite,Granite,Igneous,Internal (DS/OUV),,,,,,,,,,,,,,,,,,,,,,,,,,,,,,,,,,,,,,,,Ground floor in granite with a half-timbered structure above,Internal (DS/OUV),,,,,Granite combined with a timber-framed / half-timbered structure,Internal (DS/OUV),,,,,,,,Rehabilitation strategy for the Couros Zone,Internal (DS/OUV),,Excellent,Internal (DS/OUV),,Yes,,,,Tier 9: Unflagged,
365,Khami Ruins National Monument,Zimbabwe,Complex series of platforms of dry-stone walled structures; nan,Internal (DS/OUV),,1450 – 1650,Internal (DS/OUV),,Torwa dynasty (arose from the collapse of the Great Zimbabwe Kingdom),Internal (DS/OUV),,,Internal (DS/OUV),,Granite,Granite,Granite,Igneous,Internal (DS/OUV),,,,,,,,,,Granite,Internal (DS/OUV),,,,,,,,,,,,,,,,,,,,,,,Local (Dry-stone building traditions surrounding the site area),Internal (DS/OUV),,,,,"Retaining walls/revetments, platforms, passage ways, perambulatory galleries, Chief's residence (Mambo), terraces, and a monumental granite cross",Internal (DS/OUV),,"Retaining walls/revetments, platforms, passage ways, perambulatory galleries, Chief's residence (Mambo), terraces, and a monumental granite cross",,,Dry-stone masonry / Anastylosis (for restoration),Internal (DS/OUV),,"Variations in temperature, rain-induced ground creepage (causing wall cracks, bulges, and collapses), ground water, natural erosion, encroaching vegetation",Internal (DS/OUV),,None used (restoration uses traditional methods/anastylosis with no new materials added),Internal (DS/OUV),,Anastylosis using traditional methods without adding new materials,Internal (DS/OUV),,Moderate,Internal (DS/OUV),,Yes,,,,Tier 9: Unflagged,
1011,Cathedral and Churches of Echmiatsin and the Archaeological Site of Zvartnots,Armenia,"Central-domed cross-hall type church, four-column domed basilica, three-aisled basilica, circular structure; nan",Internal (DS/OUV),,"AD 301–303 (Cathedral), AD 618 (St. Hripsime), AD 630 (St. Gayane), Middle of 7th century (Zvartnots), AD 1694 (St. Shoghakat), AD 1767 (St. Mariam Astvatsatsin)",Internal (DS/OUV),,Early Christian / Medieval Armenian,Internal (DS/OUV),,,Internal (DS/OUV),,Tuff (stone of volcanic origin),Tuff (stone of volcanic origin),Volcanic Rock,Igneous,Internal (DS/OUV),,Internal (DS/OUV),,Marble,Internal (DS/OUV),,,,,"Tuff (volcanic ash/pyroclastic rock), Marble",Internal (DS/OUV),,,,,,,,Brown (well-processed tuff at St Shoghakat),Internal (DS/OUV),,,,,,,,,,,,,,,,,,,,"Walls, dome/roofing slabs, pillars, vaults, foundations, columns",Internal (DS/OUV),,"Internal marble painting surface (main apse fresco base), rich bas-reliefs and high-reliefs",Internal (DS/OUV),,Well-processed tuff blocks,Internal (DS/OUV),,,,,Lead roofing replaced by stone slabs (2000 AD),Internal (DS/OUV),,Roof and walls renovated in 1652; monastery renovated 1866–1882; dome stone slabs added in 2000,Internal (DS/OUV),,Good,Internal (DS/OUV),,,,,,Tier 9: Unflagged,
829,"Archaeological Areas of Pompei, Herculaneum and Torre Annunziata",Italy,"Residential, Commercial, and Public Urban Architecture (Atrium Houses, Suburban Villas, Forum, Baths, Theatres, Amphitheatre, Palaestra, Thermopolia/Shops); nan",Internal (DS/OUV),,Early Roman Empire / 3rd century BC to 1st century AD (79 AD Eruption),Internal (DS/OUV),,Ancient Roman Civilization,Internal (DS/OUV),,"(iii) to bear a unique or at least exceptional testimony to a cultural tradition or to a civilization which is living or which has disappeared; | (iv) to be an outstanding example of a type of building, architectural or technological ensemble or landscape which illustrates (a) significant stage(s) in human history; | (v) to be an outstanding example of a traditional human settlement, land-use, or sea-use which is representative of a culture (or cultures), or human interaction with the environment especially when it has become vulnerable under the impact of irreversible change;",Internal (DS/OUV),,"Volcanic Ash, Lapilli",Volcanic Ash,Volcanic Rock,Igneous,Internal (DS/OUV),,Internal (DS/OUV),,,,,,,,Volcanic Ash Deposit and Pyroclastic Lapilli,Internal (DS/OUV),,,,,,,,,,,Pyroclastic / Fragmental,Internal (DS/OUV),,,,,,,,,,,Local (Volcanic eruptive deposits originating from Mount Vesuvius),Internal (DS/OUV),,,,,"Enclosure and load-bearing walls, colonnades, paving, and urban infrastructure",Internal (DS/OUV),,"Wall paintings, frescos, illusionistic architectural motifs, and mosaic floors",Internal (DS/OUV),,,,,"Active environmental decay, collapse risks from water/exposure, and historical thermal carbonization during the eruption",Internal (DS/OUV),,,,,"Modern consolidation, progressive introduction of enduring techniques/materials, 1950s open-air museum restoration (Amedeo Maiuri), and structural stabilization under the ""Grande Progetto Pompei"" (2012)",Internal (DS/OUV),,Good,Internal (DS/OUV),,Yes,,,,Tier 9: Unflagged,
829,"Archaeological Areas of Pompei, Herculaneum and Torre Annunziata",Italy,"Residential, Commercial, and Public Urban Architecture (Atrium Houses, Suburban Villas, Forum, Baths, Theatres, Amphitheatre, Palaestra, Thermopolia/Shops); nan",Internal (DS/OUV),,Early Roman Empire / 3rd century BC to 1st century AD (79 AD Eruption),Internal (DS/OUV),,Ancient Roman Civilization,Internal (DS/OUV),,"(iii) to bear a unique or at least exceptional testimony to a cultural tradition or to a civilization which is living or which has disappeared; | (iv) to be an outstanding example of a type of building, architectural or technological ensemble or landscape which illustrates (a) significant stage(s) in human history; | (v) to be an outstanding example of a traditional human settlement, land-use, or sea-use which is representative of a culture (or cultures), or human interaction with the environment especially when it has become vulnerable under the impact of irreversible change;",Internal (DS/OUV),,"Volcanic Ash, Lapilli",Lapilli,Lapilli,Igneous,Internal (DS/OUV),,Internal (DS/OUV),,,,,,,,Volcanic Ash Deposit and Pyroclastic Lapilli,Internal (DS/OUV),,,,,,,,,,,Pyroclastic / Fragmental,Internal (DS/OUV),,,,,,,,,,,Local (Volcanic eruptive deposits originating from Mount Vesuvius),Internal (DS/OUV),,,,,"Enclosure and load-bearing walls, colonnades, paving, and urban infrastructure",Internal (DS/OUV),,"Wall paintings, frescos, illusionistic architectural motifs, and mosaic floors",Internal (DS/OUV),,,,,"Active environmental decay, collapse risks from water/exposure, and historical thermal carbonization during the eruption",Internal (DS/OUV),,,,,"Modern consolidation, progressive introduction of enduring techniques/materials, 1950s open-air museum restoration (Amedeo Maiuri), and structural stabilization under the ""Grande Progetto Pompei"" (2012)",Internal (DS/OUV),,Good,Internal (DS/OUV),,Yes,,,,Tier 9: Unflagged,
129,Maya Site of Copan,Honduras,"Ruined citadel, imposing public squares, pyramids, terraces, temples, plazas, ball courts, stadium, and residential complexes; nan",Internal (DS/OUV),,"Classic Maya Period (AD 300–900); first population evidence ~1500 B.C., first Maya-Cholan immigration ~100 A.D., dynasty started 427 A.D.",Internal (DS/OUV),,Classic Maya Civilization,Internal (DS/OUV),,"(iv) to be an outstanding example of a type of building, architectural or technological ensemble or landscape which illustrates (a) significant stage(s) in human history; | (vi) to be directly or tangibly associated with events or living traditions, with ideas, or with beliefs, with artistic and literary works of outstanding universal significance;",Internal (DS/OUV),,Obsidian (Mentioned in OUV: stairway figures inlaid with obsidian),Obsidian (Mentioned in OUV: stairway figures inlaid with obsidian),Obsidian,Igneous,Internal (DS/OUV),,,,,,,,,,,,,,,,,,,Black (associated with obsidian),Internal (DS/OUV),,,,,,,,,,,,,,"Imported / Regional movement (Immigration & leaders coming from Petén / Guatemalan Highlands, but specific stone provenance is not stated)",Internal (DS/OUV),,,,,"Pyramids, terraces, temples, plazas, altars, stadium, ball courts, mounds",Internal (DS/OUV),,"Sculptured monoliths and altars; Hieroglyphic Stairway with over 1,800 glyphs; stairway sculptured with jaguar figures",Internal (DS/OUV),,"Paved expanse, level plazas, elevated masses, in situ sculpture and stonework",Internal (DS/OUV),,"River erosion, microflora growth, seismic vulnerability (earthquake damage)",Internal (DS/OUV),,Replicas used in situ for preservation while originals moved to Sculpture Museum,Internal (DS/OUV),,Restoration projects carried out following international standards since 1980,Internal (DS/OUV),,Poor,,,Yes,,,,Tier 9: Unflagged,
384,Old Town of Cáceres,Spain,"Roman, Islamic, Northern Gothic, Italian Renaissance, Fortified/Nobility architecture (fortress-houses, palace-houses); nan",Internal (DS/OUV),,"14th to 16th centuries (including 15th-century fortress-houses & 16th-century palace-houses; traces back to Roman, Arab/Almohad, & Pre-Roman times)",Internal (DS/OUV),,"Pre-Roman, Roman, Islamic / Arab (Almohades), Jewish, Medieval Christian",Internal (DS/OUV),,"(iii) to bear a unique or at least exceptional testimony to a cultural tradition or to a civilization which is living or which has disappeared; | (iv) to be an outstanding example of a type of building, architectural or technological ensemble or landscape which illustrates (a) significant stage(s) in human history;",Internal (DS/OUV),,Granite,Granite,Granite,Igneous,Internal (DS/OUV),,,,,,,,,,,,,,,,,,,,,,,,,,,,,,,Spain,Internal (DS/OUV),,Local (Inferred from nobility/masonry constructions),Internal (DS/OUV),,,,,"Defenses, Defensive walls, Towers (Torre del Bujaco, Torre Mochada, Púlpitos), Fortified houses, Palaces, Churches",Internal (DS/OUV),,,,,Granite Masonry,Internal (DS/OUV),,,,,,,,Historical refurbishment during medieval Christian times & Almohade phase; modern physical and functional rehabilitation under the Special Revitalization and Protection Plan,,,Excellent,Internal (DS/OUV),,Yes,,,,Tier 9: Unflagged,
88,Nubian Monuments from Abu Simbel to Philae,Egypt,"Temples, Tombs, Sanctuary, Kiosk, Monastery, Gate, Ruins; nan",Internal (DS/OUV),,"Old Kingdom, Middle Kingdom, New Kingdom (15th century BCE) to Ptolemaic and Roman periods (2nd century CE)",Internal (DS/OUV),,Ancient Egyptian / Nubian / Greco-Roman / Coptic,Internal (DS/OUV),,"(i) to represent a masterpiece of human creative genius; | (iii) to bear a unique or at least exceptional testimony to a cultural tradition or to a civilization which is living or which has disappeared; | (vi) to be directly or tangibly associated with events or living traditions, with ideas, or with beliefs, with artistic and literary works of outstanding universal significance;",Internal (DS/OUV),,Granite ,Granite,Granite,Igneous,Internal (DS/OUV),,,,,,,,,,Granite (Mentioned under Criterion iii & Protection requirements),Internal (DS/OUV),,,,,,,,,,,,,,,,,Stone quarries of Aswan / Granite quarries of the Cataract area,Internal (DS/OUV),,Egypt,Internal (DS/OUV),,Local (Exploited within the Aswan region),Internal (DS/OUV),,,,,"Temples carved out of solid rock escarpment (rock-cut architecture), obelisks, colossi, sanctuary walls",Internal (DS/OUV),,"Richly decorated tombs, relief sculptures/scenes",Internal (DS/OUV),,Ancient Egyptian quarrying and rock-cut techniques (disassembled and reconstructed during relocation),Internal (DS/OUV),,"Affected by wind, temperature change, rains, humidity, bird droppings, and dust",Internal (DS/OUV),,,,,"International UNESCO Campaign (1960–1980): Monuments were disassembled, moved, and reconstructed to save them from Nile flooding",Internal (DS/OUV),,Excellent,,,Yes,,,,Tier 9: Unflagged,
1485,The Forth Bridge,United Kingdom of Great Britain and Northern Ireland,Railway Bridge / Multi-span Cantilever Trussed Bridge; nan,Internal (DS/OUV),,Built between 1882 and 1890 (Opened in 1890),Internal (DS/OUV),,Modern Industrial / Victorian Engineering,Internal (DS/OUV),,"(i) to represent a masterpiece of human creative genius; | (iv) to be an outstanding example of a type of building, architectural or technological ensemble or landscape which illustrates (a) significant stage(s) in human history;",Internal (DS/OUV),,Granite,Granite,Granite,Igneous,Internal (DS/OUV),,Internal (DS/OUV),,,,,,,,,,,,,,,,,,,,,,,,,,,,,,,,,,,,,,Pier Foundations / Substructure (supporting steel double-cantilever towers),Internal (DS/OUV),,,,,Foundation / Pier Masonry,Internal (DS/OUV),,,,,,,,Over ten years of restoration/maintenance work (including a new paint system by Network Rail),Internal (DS/OUV),,Excellent,,,Yes,,,,Tier 9: Unflagged,
273,City of Cuzco,Peru,"Baroque, Plateresco, Mudejar, Churrigueresco, Pre-Hispanic/Inca, Colonial; nan",Internal (DS/OUV),,15th Century (Inca redesign/remodel) to 16th Century onwards (Colonial overlay),Internal (DS/OUV),,Ancient Inca Civilization / Tawantinsuyu Empire & Hispanic / Colonial Viceroyalty,Internal (DS/OUV),,"(iii) to bear a unique or at least exceptional testimony to a cultural tradition or to a civilization which is living or which has disappeared; | (iv) to be an outstanding example of a type of building, architectural or technological ensemble or landscape which illustrates (a) significant stage(s) in human history;",Internal (DS/OUV),,"Andesite, Granite",Andesite,Andesite,Igneous,Internal (DS/OUV),,,,,,,,,,Meticulously cut granite and andesite,Internal (DS/OUV),,,,,,,,,,,Very finely finished / Meticulously cut,Internal (DS/OUV),,,,,,,,Peru (Implied local Andean origin),Internal (DS/OUV),,Local,,,,,,"Walls, foundations, urban enclosures, temples (Temple of the Sun / Qoricancha), palaces, and churches",Internal (DS/OUV),,"Baroque/Plateresco/Mudejar ornamental facade features, religious art, and carved elements over Inca structures",Internal (DS/OUV),,"Meticulously cut, finely finished stone masonry (Inca dry-stone/polygonal ashlar technique)",Internal (DS/OUV),,Earthquake damage / seismic degradation (notably following the major 1950 earthquake),Internal (DS/OUV),,,,,Recovery and restoration programs initiated after the 1950 earthquake through 1973,Internal (DS/OUV),,Moderate,Internal (DS/OUV),,Yes,,,,Tier 9: Unflagged,
273,City of Cuzco,Peru,"Baroque, Plateresco, Mudejar, Churrigueresco, Pre-Hispanic/Inca, Colonial; nan",Internal (DS/OUV),,15th Century (Inca redesign/remodel) to 16th Century onwards (Colonial overlay),Internal (DS/OUV),,Ancient Inca Civilization / Tawantinsuyu Empire & Hispanic / Colonial Viceroyalty,Internal (DS/OUV),,"(iii) to bear a unique or at least exceptional testimony to a cultural tradition or to a civilization which is living or which has disappeared; | (iv) to be an outstanding example of a type of building, architectural or technological ensemble or landscape which illustrates (a) significant stage(s) in human history;",Internal (DS/OUV),,"Andesite, Granite",Granite,Granite,Igneous,Internal (DS/OUV),,,,,,,,,,Meticulously cut granite and andesite,Internal (DS/OUV),,,,,,,,,,,Very finely finished / Meticulously cut,Internal (DS/OUV),,,,,,,,Peru (Implied local Andean origin),Internal (DS/OUV),,Local,,,,,,"Walls, foundations, urban enclosures, temples (Temple of the Sun / Qoricancha), palaces, and churches",Internal (DS/OUV),,"Baroque/Plateresco/Mudejar ornamental facade features, religious art, and carved elements over Inca structures",Internal (DS/OUV),,"Meticulously cut, finely finished stone masonry (Inca dry-stone/polygonal ashlar technique)",Internal (DS/OUV),,Earthquake damage / seismic degradation (notably following the major 1950 earthquake),Internal (DS/OUV),,,,,Recovery and restoration programs initiated after the 1950 earthquake through 1973,Internal (DS/OUV),,Moderate,Internal (DS/OUV),,Yes,,,,Tier 9: Unflagged,
579,Bronze Age Burial Site of Sammallahdenmäki,Finland,"Burial cairns, structures, quadrangular cairn (""Church Floor""); nan",Internal (DS/OUV),,Bronze Age to Early Iron Age (1500–500 B.C.),Internal (DS/OUV),,Scandinavian / Western Bronze Age Culture,Internal (DS/OUV),,"(iii) to bear a unique or at least exceptional testimony to a cultural tradition or to a civilization which is living or which has disappeared; | (iv) to be an outstanding example of a type of building, architectural or technological ensemble or landscape which illustrates (a) significant stage(s) in human history;",Internal (DS/OUV),,Granite,Granite,Granite,Igneous,Internal (DS/OUV),,Internal (DS/OUV),,,,,,,,Granite boulders,Internal (DS/OUV),,,,,,,,,,,,,,,,,Cliff face below the crest of the ridge,Internal (DS/OUV),,Finland,Internal (DS/OUV),,Local (quarried from cliff face or collected on-site),Internal (DS/OUV),,Immediate / On-site,Internal (DS/OUV),,Construction of burial cairns and landmarks,Internal (DS/OUV),,,,,Dry stone / Unfilled stone cairns (no earth fill),Internal (DS/OUV),,,,,,,,Careful restoration carried out following scientific excavations,,,Excellent,,,Yes,,,,Tier 9: Unflagged,
723,Cultural Landscape of Sintra,Portugal,"European Romantic architecture, Gothic, Egyptian, Moorish, Renaissance, Late Gothic Manueline, Mudéjar, Neo-Gothicism, Pombaline, Romanesque, Indian-influenced, Victorian; nan",Internal (DS/OUV),,"9th century (Moorish occupation), 12th century, 14th century (1374, 1400), 15th century, 16th century (1514, 1570), 17th century, 18th century (1755, 1757), 19th century (c. 1840), 20th century",Internal (DS/OUV),,"Visigothic, Moorish (Islamic), Medieval Portuguese, European Romantic, British / Victorian",Internal (DS/OUV),,"(ii) to exhibit an important interchange of human values, over a span of time or within a cultural area of the world, on developments in architecture or technology, monumental arts, town-planning or landscape design; | (iv) to be an outstanding example of a type of building, architectural or technological ensemble or landscape which illustrates (a) significant stage(s) in human history; | (v) to be an outstanding example of a traditional human settlement, land-use, or sea-use which is representative of a culture (or cultures), or human interaction with the environment especially when it has become vulnerable under the impact of irreversible change;",Internal (DS/OUV),,Granite,Granite,Granite,Igneous,Internal (DS/OUV),,Internal (DS/OUV),,,,,,,,Granite,Internal (DS/OUV),,,,,,,,,,,,,,,,,,,,Portugal,Internal (DS/OUV),,Local (granite mountains of the Serra de Sintra),Internal (DS/OUV),,,,,"Castle, church, cloister, facade, fortress, monastery, nave, palace, refectory, tower, defensive wall enclosing park, barbican, keep",Internal (DS/OUV),,"Facing with tiles (azulejos), fountains, watercourses, chapels, mock ruins, Manueline and Pombaline window insertions",Internal (DS/OUV),,"Stone walling, construction on rocky outcrops/crests",Internal (DS/OUV),,Damage/destruction from the 1755 earthquake (monastery and palace reduced to ruins),Internal (DS/OUV),,,,,"Rehabilitation/restoration of over 100 buildings, Monserrate Palace, Chalet da Condessa d’Edla, wall reconstruction, and structural maintenance by Parques de Sintra Monte da Lua S.A.",Internal (DS/OUV),,Excellent,Internal (DS/OUV),,Yes,,,,Tier 9: Unflagged,
1503,Nan Madol: Ceremonial Centre of Eastern Micronesia,Micronesia (Federated States of),"Remains of stone palaces, temples, tombs, mortuaries, domestic and residential domains, and seawalls / megalithic ceremonial centre; nan",Internal (DS/OUV),,1200–1500 CE (with ceremonial centre roots from ~1000 years ago),Internal (DS/OUV),,Saudeleur dynasty,Internal (DS/OUV),,"(i) to represent a masterpiece of human creative genius; | (iii) to bear a unique or at least exceptional testimony to a cultural tradition or to a civilization which is living or which has disappeared; | (iv) to be an outstanding example of a type of building, architectural or technological ensemble or landscape which illustrates (a) significant stage(s) in human history; | (vi) to be directly or tangibly associated with events or living traditions, with ideas, or with beliefs, with artistic and literary works of outstanding universal significance;",Internal (DS/OUV),,"Basalt, Columnar Basalt, Coral Boulders",Basalt,Basalt,Igneous,Internal (DS/OUV),,Internal (DS/OUV),,Coral boulders,Internal (DS/OUV),,,,,Basalt / Columnar Basalt,Internal (DS/OUV),,,,,,,,,,,Columnar structure,Internal (DS/OUV),,,,,Quarries elsewhere on Pohnpei Island,Internal (DS/OUV),,Micronesia (Federated States of) / Pohnpei Island,Internal (DS/OUV),,Local (transported from elsewhere on the island of Pohnpei),Internal (DS/OUV),,,,,"Islet perimeter walls, megalithic structures, temples, palaces, tombs, residential domains",Internal (DS/OUV),,,,,Massive columnar basalt stones laid using a distinctive 'header-stretcher technique',Internal (DS/OUV),,"Siltation of waterways, overgrowth of vegetation, mangrove encroachment, storm surge effects, stonework collapse",Internal (DS/OUV),,,,,No reconstructions of original elements (restoration/conservation management under development),Internal (DS/OUV),,Moderate,,,Yes,,,,Tier 9: Unflagged,
1503,Nan Madol: Ceremonial Centre of Eastern Micronesia,Micronesia (Federated States of),"Remains of stone palaces, temples, tombs, mortuaries, domestic and residential domains, and seawalls / megalithic ceremonial centre; nan",Internal (DS/OUV),,1200–1500 CE (with ceremonial centre roots from ~1000 years ago),Internal (DS/OUV),,Saudeleur dynasty,Internal (DS/OUV),,"(i) to represent a masterpiece of human creative genius; | (iii) to bear a unique or at least exceptional testimony to a cultural tradition or to a civilization which is living or which has disappeared; | (iv) to be an outstanding example of a type of building, architectural or technological ensemble or landscape which illustrates (a) significant stage(s) in human history; | (vi) to be directly or tangibly associated with events or living traditions, with ideas, or with beliefs, with artistic and literary works of outstanding universal significance;",Internal (DS/OUV),,"Basalt, Columnar Basalt, Coral Boulders",Columnar Basalt,Basalt,Igneous,Internal (DS/OUV),,Internal (DS/OUV),,Coral boulders,Internal (DS/OUV),,,,,Basalt / Columnar Basalt,Internal (DS/OUV),,,,,,,,,,,Columnar structure,Internal (DS/OUV),,,,,Quarries elsewhere on Pohnpei Island,Internal (DS/OUV),,Micronesia (Federated States of) / Pohnpei Island,Internal (DS/OUV),,Local (transported from elsewhere on the island of Pohnpei),Internal (DS/OUV),,,,,"Islet perimeter walls, megalithic structures, temples, palaces, tombs, residential domains",Internal (DS/OUV),,,,,Massive columnar basalt stones laid using a distinctive 'header-stretcher technique',Internal (DS/OUV),,"Siltation of waterways, overgrowth of vegetation, mangrove encroachment, storm surge effects, stonework collapse",Internal (DS/OUV),,,,,No reconstructions of original elements (restoration/conservation management under development),Internal (DS/OUV),,Moderate,,,Yes,,,,Tier 9: Unflagged,
1590,Sanctuary of Bom Jesus do Monte in Braga,Portugal,"Architectural and landscape ensemble / Sacri Monti (sacred mount) featuring Baroque style buildings with whitewashed plaster façades, monumental stairway, chapels, church, fountains, and formal gardens; nan",Internal (DS/OUV),,"Architectural and landscape ensemble / Sacri Monti (sacred mount) featuring Baroque style buildings with whitewashed plaster façades, monumental stairway, chapels, church, fountains, and formal gardens",Internal (DS/OUV),,"Architectural and landscape ensemble / Sacri Monti (sacred mount) featuring Baroque style buildings with whitewashed plaster façades, monumental stairway, chapels, church, fountains, and formal gardens",Internal (DS/OUV),,"(iv) to be an outstanding example of a type of building, architectural or technological ensemble or landscape which illustrates (a) significant stage(s) in human history;",Internal (DS/OUV),,Granite,Granite,Granite,Igneous,Internal (DS/OUV),,,,,,,,,,,,,,,,,,,,,,,,,,,,,,,,,,,,,,,,"Retaining and dividing walls, stairways, steps, patio, built structures, chapels, church",Internal (DS/OUV),,"Exposed stonework framing whitewashed plaster façades, fountains, ornaments, pavements, and statues",Internal (DS/OUV),,"Sculpted granite, exposed stonework, whitewashed plaster framing",Internal (DS/OUV),,,,,,,,"Preservation and restoration of church façades and roofing, 10 chapels, exterior/interior sculptures, murals, and stairway stretches; restoration of hotel units, funicular, Casa das Estampas, Colunata de Eventos",Internal (DS/OUV),,Good,Internal (DS/OUV),,Yes,,,,Tier 9: Unflagged,
80,Mont-Saint-Michel and its Bay,France,"Gothic, Romanesque, Flamboyant Gothic (choir), Pre-Romanesque; nan",Internal (DS/OUV),,10th to 16th centuries (founding of sanctuary in 708; Benedictine abbey in 966; Romanesque/Gothic additions 11th–16th c.),Internal (DS/OUV),,Medieval Christian Civilization / French Benedictine,Internal (DS/OUV),,"(i) to represent a masterpiece of human creative genius; | (iii) to bear a unique or at least exceptional testimony to a cultural tradition or to a civilization which is living or which has disappeared; | (vi) to be directly or tangibly associated with events or living traditions, with ideas, or with beliefs, with artistic and literary works of outstanding universal significance;",Internal (DS/OUV),,Granite,Granite,Granite,Igneous,Internal (DS/OUV),,Internal (DS/OUV),,Flat bricks (used with granite masonry in Notre-Dame-sous-terre),Internal (DS/OUV),,,,,Granitic rock summit / islet base; granite masonry,Internal (DS/OUV),,,,,,,,,,,,,,,,,,,,France,Internal (DS/OUV),,Local (rock summit / surrounding rocky islet),Internal (DS/OUV),,,,,"Foundation/crossing supported by rock summit; high load-bearing walls, ribbed vaults, double nave",Internal (DS/OUV),,Cloister with colonnettes grouped in five; airy pinnacles,Internal (DS/OUV),,Granite masonry paired with flat bricks,Internal (DS/OUV),,Siltation/silting up of the bay; vulnerability of surrounding rocks to natural phenomena/coastal dynamics,Internal (DS/OUV),,,,,Restoration of Romanesque choir (1448); 19th-century dignity restorations; Spire construction (1897); Periodic rock consolidation works,Internal (DS/OUV),,Good,,,No,,,,Tier 9: Unflagged,
1111,Cultural Landscape of Honghe Hani Rice Terraces,China,"Traditional, Vernacular; nan",Internal (DS/OUV),,"Over the past 1,300 years (at least a millennium)",Internal (DS/OUV),,Hani People,Internal (DS/OUV),,"(iii) to bear a unique or at least exceptional testimony to a cultural tradition or to a civilization which is living or which has disappeared; | (v) to be an outstanding example of a traditional human settlement, land-use, or sea-use which is representative of a culture (or cultures), or human interaction with the environment especially when it has become vulnerable under the impact of irreversible change;",Internal (DS/OUV),,"Sandstone, Granite, Adobe",Granite,Granite,Igneous,Internal (DS/OUV),,Internal (DS/OUV),,Earth and Stone (mixed masonry),Internal (DS/OUV),,,,,,,,,,,Ailao Mountains / Mountainous terrain,Internal (DS/OUV),,Red (referring to red rice soil/earth); specific stone colors NA,Internal (DS/OUV),,,,,,,,,,,China,,,Local (sourced beneath and within the Ailao Mountains),Internal (DS/OUV),,,,,"Terraces, wall construction, base backdrop for water entrapment/springs, and house walls",Internal (DS/OUV),,,,,Earth and stone walls; rammed earth; adobe bricks,Internal (DS/OUV),,Landslides (due to 25% average slopes),Internal (DS/OUV),,Concrete bricks (replacing traditional adobe/stone materials),Internal (DS/OUV),,"Guidelines for Conservation, Renovation and Environmental Treatment of Traditional Hani Residences",Internal (DS/OUV),,Good,,,Yes,,,,Tier 9: Unflagged,
743,National Archeological Park of Tierradentro,Colombia,Hypogea (underground shaft and side-chamber tombs); artificial residential terraces; nan,Internal (DS/OUV),,600 AD to 900 AD (hypogea); pre-13th century AD,Internal (DS/OUV),,Tierradentro Culture (Pre-Hispanic Andean society),Internal (DS/OUV),,(iii) to bear a unique or at least exceptional testimony to a cultural tradition or to a civilization which is living or which has disappeared;,Internal (DS/OUV),,Volcanic tuff; stone of volcanic origin,Volcanic tuff,Volcanic Rock,Igneous,Internal (DS/OUV),,,,,,,,,,Volcanic Tuff,Internal (DS/OUV),,,,,,,,"Red, black, and white (pigments/paint on tuff matrix)",Internal (DS/OUV),,,,,,,,,,,,,,Local (tombs carved directly into bedrock below hilltops/ridges),Internal (DS/OUV),,,,,"Carved subterranean chambers, access stairs, central support columns, pilasters, and niches",Internal (DS/OUV),,"Anthropomorphic carvings, free-standing statues, and polychrome painted murals",Internal (DS/OUV),,Rock-cut / Hypogeum architecture (carved directly out of bedrock); wattle-and-daub (for residential structures),Internal (DS/OUV),,Alteration from high interior relative humidity and natural intrinsic fragility of the volcanic tuffs,Internal (DS/OUV),,,,,Reconstruction of structural columns and stairs in select cases; preventive conservation of paintings/carvings,Internal (DS/OUV),,Moderate,,,Yes,,,,Tier 9: Unflagged,
743,National Archeological Park of Tierradentro,Colombia,Hypogea (underground shaft and side-chamber tombs); artificial residential terraces; nan,Internal (DS/OUV),,600 AD to 900 AD (hypogea); pre-13th century AD,Internal (DS/OUV),,Tierradentro Culture (Pre-Hispanic Andean society),Internal (DS/OUV),,(iii) to bear a unique or at least exceptional testimony to a cultural tradition or to a civilization which is living or which has disappeared;,Internal (DS/OUV),,Volcanic tuff; stone of volcanic origin,stone of volcanic origin,Volcanic Rock,Igneous,Internal (DS/OUV),,,,,,,,,,Volcanic Tuff,Internal (DS/OUV),,,,,,,,"Red, black, and white (pigments/paint on tuff matrix)",Internal (DS/OUV),,,,,,,,,,,,,,Local (tombs carved directly into bedrock below hilltops/ridges),Internal (DS/OUV),,,,,"Carved subterranean chambers, access stairs, central support columns, pilasters, and niches",Internal (DS/OUV),,"Anthropomorphic carvings, free-standing statues, and polychrome painted murals",Internal (DS/OUV),,Rock-cut / Hypogeum architecture (carved directly out of bedrock); wattle-and-daub (for residential structures),Internal (DS/OUV),,Alteration from high interior relative humidity and natural intrinsic fragility of the volcanic tuffs,Internal (DS/OUV),,,,,Reconstruction of structural columns and stairs in select cases; preventive conservation of paintings/carvings,Internal (DS/OUV),,Moderate,,,Yes,,,,Tier 9: Unflagged,
715,Rapa Nui National Park,Chile,Monumental sculpture and architecture; shrines; ahu (ceremonial platforms); moai (colossal stone statues); semi-subterranean stone-houses (elliptical floor plans); housing and productive structures.; nan,Internal (DS/OUV),,c. A.D. 300 (initial settlement); 10th to 16th century / 11th to 17th centuries (major building and sculpting period).,Internal (DS/OUV),,Rapa Nui (Polynesian origin).,Internal (DS/OUV),,"(i) to represent a masterpiece of human creative genius; | (iii) to bear a unique or at least exceptional testimony to a cultural tradition or to a civilization which is living or which has disappeared; | (v) to be an outstanding example of a traditional human settlement, land-use, or sea-use which is representative of a culture (or cultures), or human interaction with the environment especially when it has become vulnerable under the impact of irreversible change;",Internal (DS/OUV),,"Basalt, Lava, Tuff (yellow–brown lava tuff).",Basalt,Basalt,Igneous,Internal (DS/OUV),,,,"Red stone (used for moai headdresses / pukao); hard basalt (used for picks/toki); beach pebbles (rounded, used for ramp paving).",Internal (DS/OUV),,toki (hard basalt picks); pukao (red stone headdresses - implied context).,Internal (DS/OUV),,,,,,,,"Volcanic lava, tuff, volcanic formations (Rano Raraku, Rano Kau volcano).",Internal (DS/OUV),,Yellow–brown (lava tuff); Red (stone headdresses).,Internal (DS/OUV),,,,,,,,Rano Raraku (and others).,Internal (DS/OUV),,Chile (Easter Island / Rapa Nui).,Internal (DS/OUV),,Local (quarried and extracted on the island).,Internal (DS/OUV),,,,,"ahu (ceremonial platform structures filled with rubble, raised rectangular platform of large worked stones); semi-subterranean stone houses; housing and productive structures.",Internal (DS/OUV),,moai statues (colossal statues representing ancestors); red stone headdresses (pukao); petroglyphs and pictographs (rock art).,Internal (DS/OUV),,Carved from tuff using hard basalt picks (toki); lowered down slopes into dug holes; raised rectangular platforms of large worked stones; re-erection/anastylosis.,Internal (DS/OUV),,Weathering effects on volcanic lava and tuff; anthropic factors; invasive vegetation affecting structural stability.,Internal (DS/OUV),,Replacement red stone headdresses (during restoration/anastylosis).,Internal (DS/OUV),,Anastylosis; re-erection of fallen moai; controlled scientific investigations for ahu restoration/reconstruction.,Internal (DS/OUV),,Excellent,,,Yes,,,,Tier 9: Unflagged,
715,Rapa Nui National Park,Chile,Monumental sculpture and architecture; shrines; ahu (ceremonial platforms); moai (colossal stone statues); semi-subterranean stone-houses (elliptical floor plans); housing and productive structures.; nan,Internal (DS/OUV),,c. A.D. 300 (initial settlement); 10th to 16th century / 11th to 17th centuries (major building and sculpting period).,Internal (DS/OUV),,Rapa Nui (Polynesian origin).,Internal (DS/OUV),,"(i) to represent a masterpiece of human creative genius; | (iii) to bear a unique or at least exceptional testimony to a cultural tradition or to a civilization which is living or which has disappeared; | (v) to be an outstanding example of a traditional human settlement, land-use, or sea-use which is representative of a culture (or cultures), or human interaction with the environment especially when it has become vulnerable under the impact of irreversible change;",Internal (DS/OUV),,"Basalt, Lava, Tuff (yellow–brown lava tuff).",Lava,Volcanic Rock,Igneous,Internal (DS/OUV),,,,"Red stone (used for moai headdresses / pukao); hard basalt (used for picks/toki); beach pebbles (rounded, used for ramp paving).",Internal (DS/OUV),,toki (hard basalt picks); pukao (red stone headdresses - implied context).,Internal (DS/OUV),,,,,,,,"Volcanic lava, tuff, volcanic formations (Rano Raraku, Rano Kau volcano).",Internal (DS/OUV),,Yellow–brown (lava tuff); Red (stone headdresses).,Internal (DS/OUV),,,,,,,,Rano Raraku (and others).,Internal (DS/OUV),,Chile (Easter Island / Rapa Nui).,Internal (DS/OUV),,Local (quarried and extracted on the island).,Internal (DS/OUV),,,,,"ahu (ceremonial platform structures filled with rubble, raised rectangular platform of large worked stones); semi-subterranean stone houses; housing and productive structures.",Internal (DS/OUV),,moai statues (colossal statues representing ancestors); red stone headdresses (pukao); petroglyphs and pictographs (rock art).,Internal (DS/OUV),,Carved from tuff using hard basalt picks (toki); lowered down slopes into dug holes; raised rectangular platforms of large worked stones; re-erection/anastylosis.,Internal (DS/OUV),,Weathering effects on volcanic lava and tuff; anthropic factors; invasive vegetation affecting structural stability.,Internal (DS/OUV),,Replacement red stone headdresses (during restoration/anastylosis).,Internal (DS/OUV),,Anastylosis; re-erection of fallen moai; controlled scientific investigations for ahu restoration/reconstruction.,Internal (DS/OUV),,Excellent,,,Yes,,,,Tier 9: Unflagged,
715,Rapa Nui National Park,Chile,Monumental sculpture and architecture; shrines; ahu (ceremonial platforms); moai (colossal stone statues); semi-subterranean stone-houses (elliptical floor plans); housing and productive structures.; nan,Internal (DS/OUV),,c. A.D. 300 (initial settlement); 10th to 16th century / 11th to 17th centuries (major building and sculpting period).,Internal (DS/OUV),,Rapa Nui (Polynesian origin).,Internal (DS/OUV),,"(i) to represent a masterpiece of human creative genius; | (iii) to bear a unique or at least exceptional testimony to a cultural tradition or to a civilization which is living or which has disappeared; | (v) to be an outstanding example of a traditional human settlement, land-use, or sea-use which is representative of a culture (or cultures), or human interaction with the environment especially when it has become vulnerable under the impact of irreversible change;",Internal (DS/OUV),,"Basalt, Lava, Tuff (yellow–brown lava tuff).",Tuff (yellow–brown lava tuff).,Volcanic Rock,Igneous,Internal (DS/OUV),,,,"Red stone (used for moai headdresses / pukao); hard basalt (used for picks/toki); beach pebbles (rounded, used for ramp paving).",Internal (DS/OUV),,toki (hard basalt picks); pukao (red stone headdresses - implied context).,Internal (DS/OUV),,,,,,,,"Volcanic lava, tuff, volcanic formations (Rano Raraku, Rano Kau volcano).",Internal (DS/OUV),,Yellow–brown (lava tuff); Red (stone headdresses).,Internal (DS/OUV),,,,,,,,Rano Raraku (and others).,Internal (DS/OUV),,Chile (Easter Island / Rapa Nui).,Internal (DS/OUV),,Local (quarried and extracted on the island).,Internal (DS/OUV),,,,,"ahu (ceremonial platform structures filled with rubble, raised rectangular platform of large worked stones); semi-subterranean stone houses; housing and productive structures.",Internal (DS/OUV),,moai statues (colossal statues representing ancestors); red stone headdresses (pukao); petroglyphs and pictographs (rock art).,Internal (DS/OUV),,Carved from tuff using hard basalt picks (toki); lowered down slopes into dug holes; raised rectangular platforms of large worked stones; re-erection/anastylosis.,Internal (DS/OUV),,Weathering effects on volcanic lava and tuff; anthropic factors; invasive vegetation affecting structural stability.,Internal (DS/OUV),,Replacement red stone headdresses (during restoration/anastylosis).,Internal (DS/OUV),,Anastylosis; re-erection of fallen moai; controlled scientific investigations for ahu restoration/reconstruction.,Internal (DS/OUV),,Excellent,,,Yes,,,,Tier 9: Unflagged,
1418,"Fujisan, sacred place and source of artistic inspiration",Japan,"Edo Period, Building, Design, Monument, Plan; nan",Internal (DS/OUV),,11th century to 19th century (Edo period); formalized pilgrimage practices from 12th/17th–18th century,Internal (DS/OUV),,Japanese (Shintoism and Ascetic Buddhism / Fuji-ko societies),Internal (DS/OUV),,"(iii) to bear a unique or at least exceptional testimony to a cultural tradition or to a civilization which is living or which has disappeared; | (vi) to be directly or tangibly associated with events or living traditions, with ideas, or with beliefs, with artistic and literary works of outstanding universal significance;",Internal (DS/OUV),,features from Lava,features from Lava,Volcanic Rock,Igneous,Internal (DS/OUV),,Internal (DS/OUV),,,,,,,,Volcanic lava / Lava flows (forming lava tree moulds and stratovolcano structure),Internal (DS/OUV),,,,,Stratovolcano (solitary conical volcano formed by eruptions and lava flows),Internal (DS/OUV),,,,,,,,,,,,,,Japan (Local volcanic products),Internal (DS/OUV),,Local,Internal (DS/OUV),,,,,"Arch, Base, Shrine, Wall, Crater Rim / Barrier structures",Internal (DS/OUV),,,,,,,,Erosion caused by visitors and water,Internal (DS/OUV),,,,,Periodic renewal of shrines (20-year or 60-year cycle); path stabilization,,,Good,,,Yes,,,,Tier 9: Unflagged,
306,Matobo Hills,Zimbabwe,"Building, Indigenous, Monument, Plan, Structure, Traditional; nan",Internal (DS/OUV),,"Early Stone Age, Stone Age, Iron Age (up to 500,000 years of occupation)",Internal (DS/OUV),,"Foraging/Hunter-gatherer societies (Stone Age), Agricultural societies (Iron Age)",Internal (DS/OUV),,"(iii) to bear a unique or at least exceptional testimony to a cultural tradition or to a civilization which is living or which has disappeared; | (v) to be an outstanding example of a traditional human settlement, land-use, or sea-use which is representative of a culture (or cultures), or human interaction with the environment especially when it has become vulnerable under the impact of irreversible change; | (vi) to be directly or tangibly associated with events or living traditions, with ideas, or with beliefs, with artistic and literary works of outstanding universal significance;",Internal (DS/OUV),,Granite,Granite,Granite,Igneous,Internal (DS/OUV),,,,"Granite batholiths, granite shield landforms",Internal (DS/OUV),,,,,,,,,,,,,,,,,Granitic / Massive rock landforms,Internal (DS/OUV),,,,,,,,,,,Local (natural rock formations and shelters in situ),Internal (DS/OUV),,,,,"Natural rock shelters, rock batholiths, shrines, terraces, walls",Internal (DS/OUV),,Rock art / Rock paintings on granite cave surfaces,Internal (DS/OUV),,Wooden palisade demarcating shrines; drystone/indigenous alignment (traditional human interaction rather than formal dressed masonry),Internal (DS/OUV),,"Natural weathering, soil erosion, and light visitor impact",Internal (DS/OUV),,,,,Linseed oil experimental application (1920s at Pomongwe Cave),Internal (DS/OUV),,Moderate,,,Yes,,,,Tier 9: Unflagged,
744,San Agustín Archaeological Park,Colombia,"Religious monuments, megalithic funerary monuments, burial mounds, terraces, funerary structures, stone statuary, and water/monument carvings in stream beds; nan",Internal (DS/OUV),,Pre-Columbian megalithic funerary architecture,Internal (DS/OUV),,"1st to 8th / 9th century AD (Regional Classic period 1–900 AD, developing since around 1000 BC)",Internal (DS/OUV),,(iii) to bear a unique or at least exceptional testimony to a cultural tradition or to a civilization which is living or which has disappeared;,Internal (DS/OUV),,"Tuff, Volcanic Rock",Tuff,Volcanic Rock,Igneous,Internal (DS/OUV),,,,,,,,,,Tuff and unspecified volcanic rock,Internal (DS/OUV),,,,,,,,,,,,,,,,,,,,Colombia,Internal (DS/OUV),,Local (carved into bedrock and local volcanic stone blocks),Internal (DS/OUV),,,,,"Stone corridors, columns, sarcophagi, funeral rooms, stream stone bed carvings",Internal (DS/OUV),,"Megalithic statuary, relief carvings, carved designs on bedrock",Internal (DS/OUV),,"Monolithic carvings, stone slabs, megalithic construction, earth and stone mounds",Internal (DS/OUV),,"Soil instability, bedrock erosion caused by rainfall and water flow (at Fuente de Lavapatas), wind erosion, biodeterioration",Internal (DS/OUV),,,,,"Preventive conservation, 16 reconstructed funerary mounds, systematic control of biodeterioration agents",Internal (DS/OUV),,Excellent,,,Yes,,,,Tier 9: Unflagged,
744,San Agustín Archaeological Park,Colombia,"Religious monuments, megalithic funerary monuments, burial mounds, terraces, funerary structures, stone statuary, and water/monument carvings in stream beds; nan",Internal (DS/OUV),,Pre-Columbian megalithic funerary architecture,Internal (DS/OUV),,"1st to 8th / 9th century AD (Regional Classic period 1–900 AD, developing since around 1000 BC)",Internal (DS/OUV),,(iii) to bear a unique or at least exceptional testimony to a cultural tradition or to a civilization which is living or which has disappeared;,Internal (DS/OUV),,"Tuff, Volcanic Rock",Volcanic Rock,Volcanic Rock,Igneous,Internal (DS/OUV),,,,,,,,,,Tuff and unspecified volcanic rock,Internal (DS/OUV),,,,,,,,,,,,,,,,,,,,Colombia,Internal (DS/OUV),,Local (carved into bedrock and local volcanic stone blocks),Internal (DS/OUV),,,,,"Stone corridors, columns, sarcophagi, funeral rooms, stream stone bed carvings",Internal (DS/OUV),,"Megalithic statuary, relief carvings, carved designs on bedrock",Internal (DS/OUV),,"Monolithic carvings, stone slabs, megalithic construction, earth and stone mounds",Internal (DS/OUV),,"Soil instability, bedrock erosion caused by rainfall and water flow (at Fuente de Lavapatas), wind erosion, biodeterioration",Internal (DS/OUV),,,,,"Preventive conservation, 16 reconstructed funerary mounds, systematic control of biodeterioration agents",Internal (DS/OUV),,Excellent,,,Yes,,,,Tier 9: Unflagged,
557,Rock Carvings in Tanum,Sweden,"Building, Design, Monument, Plan; nan",Internal (DS/OUV),,Bronze Age (c. 1700 BC – 500 BC),Internal (DS/OUV),,Nordic Bronze Age Europe,Internal (DS/OUV),,"(i) to represent a masterpiece of human creative genius; | (iii) to bear a unique or at least exceptional testimony to a cultural tradition or to a civilization which is living or which has disappeared; | (iv) to be an outstanding example of a type of building, architectural or technological ensemble or landscape which illustrates (a) significant stage(s) in human history;",Internal (DS/OUV),,Granite,Granite,Granite,Igneous,Internal (DS/OUV),,Internal (DS/OUV),,,,,,,,Granitic Bedrock,Internal (DS/OUV),,"Pre-Quaternary / Scraped ~14,000 years ago during last glacial phase",Internal (DS/OUV),,Scandinavian Ice Sheet glaciated rock faces,Internal (DS/OUV),,,,,"Gently curved, exposed rock faces",Internal (DS/OUV),,,,,,,,Sweden,Internal (DS/OUV),,Local (Bedrock canvas),Internal (DS/OUV),,,,,"Natural Rock Panel / Bedrock ""Canvas""",Internal (DS/OUV),,"Rock Carvings / Petroglyphs (depicting humans, animals, weapons, boats)",Internal (DS/OUV),,Executed by pecking and grinding using stone hammers and points,Internal (DS/OUV),,Degradation due to granitic environment / environmental exposure,Internal (DS/OUV),,,,,Painted with non-destructive paint by trained specialists for clarity,Internal (DS/OUV),,Moderate,,,Yes,,,,Tier 9: Unflagged,
558,Skogskyrkogården,Sweden,Early 20th-century landscape and architectural design adapted to a cemetery; nan,Internal (DS/OUV),,1917–1940,Internal (DS/OUV),,,Internal (DS/OUV),,"(ii) to exhibit an important interchange of human values, over a span of time or within a cultural area of the world, on developments in architecture or technology, monumental arts, town-planning or landscape design; | (iv) to be an outstanding example of a type of building, architectural or technological ensemble or landscape which illustrates (a) significant stage(s) in human history;",,,Granite ,Granite,Granite,Igneous,Internal (DS/OUV),,,,,,,,,,,,,,,,,,,,,,,,,,,,,,,,,,,,,,,,"Granite wall (4 km-long surrounding wall), granite cross",Internal (DS/OUV),,,,,,,,,,,,,,Restoration programs for living material and buildings in accordance with original design,Internal (DS/OUV),,Good,,,Yes,,,,Tier 9: Unflagged,
13,Melka Kunture and Balchit: Archaeological and Palaeontological Sites in the Highland Area of Ethiopia,Ethiopia,"Elevation, Plan; nan",Internal (DS/OUV),,"Early Hominins (Homo erectus, Homo heidelbergensis, archaic Homo sapiens)",Internal (DS/OUV),,"Early Hominins (Homo erectus, Homo heidelbergensis, archaic Homo sapiens)",Internal (DS/OUV),,"(iii) to bear a unique or at least exceptional testimony to a cultural tradition or to a civilization which is living or which has disappeared; | (iv) to be an outstanding example of a type of building, architectural or technological ensemble or landscape which illustrates (a) significant stage(s) in human history; | (v) to be an outstanding example of a traditional human settlement, land-use, or sea-use which is representative of a culture (or cultures), or human interaction with the environment especially when it has become vulnerable under the impact of irreversible change;",Internal (DS/OUV),,"Obsidian, Tuff, Volcanic Rock, Volcanic Tuff",Obsidian,Obsidian,Igneous,,,,,,,,"Volcanic Glass (Obsidian), Volcanic Tuff",Internal (DS/OUV),,"Volcanic rock, volcanic tuff, sedimentary and alluvial deposits, volcanic glass",Internal (DS/OUV),,Pleistocene (Quaternary),Internal (DS/OUV),,,,,,,,"Glassy (Obsidian), Pyroclastic / Fine-to-Coarse-grained (Tuff)",Internal (DS/OUV),,,,,Local volcanic/obsidian procurement outcrops (Balchit obsidian source),Internal (DS/OUV),,,,,Local (Procured within the Upper Awash Valley / Balchit area),Internal (DS/OUV),,,,,Stratigraphic matrix/layers burying palaified surfaces and tool assemblages,Internal (DS/OUV),,,,,"Lithic Knapping (Oldowan, Acheulean, MSA, LSA techno-complexes)",Internal (DS/OUV),,Seasonal erosion caused by overflows of the Awash River,Internal (DS/OUV),,,,,Excavated sections backfilled; display section protected under site shelter/museum,Internal (DS/OUV),,Good,,,Yes,,,,Tier 9: Unflagged,
13,Melka Kunture and Balchit: Archaeological and Palaeontological Sites in the Highland Area of Ethiopia,Ethiopia,"Elevation, Plan; nan",Internal (DS/OUV),,"Early Hominins (Homo erectus, Homo heidelbergensis, archaic Homo sapiens)",Internal (DS/OUV),,"Early Hominins (Homo erectus, Homo heidelbergensis, archaic Homo sapiens)",Internal (DS/OUV),,"(iii) to bear a unique or at least exceptional testimony to a cultural tradition or to a civilization which is living or which has disappeared; | (iv) to be an outstanding example of a type of building, architectural or technological ensemble or landscape which illustrates (a) significant stage(s) in human history; | (v) to be an outstanding example of a traditional human settlement, land-use, or sea-use which is representative of a culture (or cultures), or human interaction with the environment especially when it has become vulnerable under the impact of irreversible change;",Internal (DS/OUV),,"Obsidian, Tuff, Volcanic Rock, Volcanic Tuff",Tuff,Volcanic Rock,Igneous,,,,,,,,"Volcanic Glass (Obsidian), Volcanic Tuff",Internal (DS/OUV),,"Volcanic rock, volcanic tuff, sedimentary and alluvial deposits, volcanic glass",Internal (DS/OUV),,Pleistocene (Quaternary),Internal (DS/OUV),,,,,,,,"Glassy (Obsidian), Pyroclastic / Fine-to-Coarse-grained (Tuff)",Internal (DS/OUV),,,,,Local volcanic/obsidian procurement outcrops (Balchit obsidian source),Internal (DS/OUV),,,,,Local (Procured within the Upper Awash Valley / Balchit area),Internal (DS/OUV),,,,,Stratigraphic matrix/layers burying palaified surfaces and tool assemblages,Internal (DS/OUV),,,,,"Lithic Knapping (Oldowan, Acheulean, MSA, LSA techno-complexes)",Internal (DS/OUV),,Seasonal erosion caused by overflows of the Awash River,Internal (DS/OUV),,,,,Excavated sections backfilled; display section protected under site shelter/museum,Internal (DS/OUV),,Good,,,Yes,,,,Tier 9: Unflagged,
13,Melka Kunture and Balchit: Archaeological and Palaeontological Sites in the Highland Area of Ethiopia,Ethiopia,"Elevation, Plan; nan",Internal (DS/OUV),,"Early Hominins (Homo erectus, Homo heidelbergensis, archaic Homo sapiens)",Internal (DS/OUV),,"Early Hominins (Homo erectus, Homo heidelbergensis, archaic Homo sapiens)",Internal (DS/OUV),,"(iii) to bear a unique or at least exceptional testimony to a cultural tradition or to a civilization which is living or which has disappeared; | (iv) to be an outstanding example of a type of building, architectural or technological ensemble or landscape which illustrates (a) significant stage(s) in human history; | (v) to be an outstanding example of a traditional human settlement, land-use, or sea-use which is representative of a culture (or cultures), or human interaction with the environment especially when it has become vulnerable under the impact of irreversible change;",Internal (DS/OUV),,"Obsidian, Tuff, Volcanic Rock, Volcanic Tuff",Volcanic Rock,Volcanic Rock,Igneous,,,,,,,,"Volcanic Glass (Obsidian), Volcanic Tuff",Internal (DS/OUV),,"Volcanic rock, volcanic tuff, sedimentary and alluvial deposits, volcanic glass",Internal (DS/OUV),,Pleistocene (Quaternary),Internal (DS/OUV),,,,,,,,"Glassy (Obsidian), Pyroclastic / Fine-to-Coarse-grained (Tuff)",Internal (DS/OUV),,,,,Local volcanic/obsidian procurement outcrops (Balchit obsidian source),Internal (DS/OUV),,,,,Local (Procured within the Upper Awash Valley / Balchit area),Internal (DS/OUV),,,,,Stratigraphic matrix/layers burying palaified surfaces and tool assemblages,Internal (DS/OUV),,,,,"Lithic Knapping (Oldowan, Acheulean, MSA, LSA techno-complexes)",Internal (DS/OUV),,Seasonal erosion caused by overflows of the Awash River,Internal (DS/OUV),,,,,Excavated sections backfilled; display section protected under site shelter/museum,Internal (DS/OUV),,Good,,,Yes,,,,Tier 9: Unflagged,
13,Melka Kunture and Balchit: Archaeological and Palaeontological Sites in the Highland Area of Ethiopia,Ethiopia,"Elevation, Plan; nan",Internal (DS/OUV),,"Early Hominins (Homo erectus, Homo heidelbergensis, archaic Homo sapiens)",Internal (DS/OUV),,"Early Hominins (Homo erectus, Homo heidelbergensis, archaic Homo sapiens)",Internal (DS/OUV),,"(iii) to bear a unique or at least exceptional testimony to a cultural tradition or to a civilization which is living or which has disappeared; | (iv) to be an outstanding example of a type of building, architectural or technological ensemble or landscape which illustrates (a) significant stage(s) in human history; | (v) to be an outstanding example of a traditional human settlement, land-use, or sea-use which is representative of a culture (or cultures), or human interaction with the environment especially when it has become vulnerable under the impact of irreversible change;",Internal (DS/OUV),,"Obsidian, Tuff, Volcanic Rock, Volcanic Tuff",Volcanic Tuff,Volcanic Rock,Igneous,,,,,,,,"Volcanic Glass (Obsidian), Volcanic Tuff",Internal (DS/OUV),,"Volcanic rock, volcanic tuff, sedimentary and alluvial deposits, volcanic glass",Internal (DS/OUV),,Pleistocene (Quaternary),Internal (DS/OUV),,,,,,,,"Glassy (Obsidian), Pyroclastic / Fine-to-Coarse-grained (Tuff)",Internal (DS/OUV),,,,,Local volcanic/obsidian procurement outcrops (Balchit obsidian source),Internal (DS/OUV),,,,,Local (Procured within the Upper Awash Valley / Balchit area),Internal (DS/OUV),,,,,Stratigraphic matrix/layers burying palaified surfaces and tool assemblages,Internal (DS/OUV),,,,,"Lithic Knapping (Oldowan, Acheulean, MSA, LSA techno-complexes)",Internal (DS/OUV),,Seasonal erosion caused by overflows of the Awash River,Internal (DS/OUV),,,,,Excavated sections backfilled; display section protected under site shelter/museum,Internal (DS/OUV),,Good,,,Yes,,,,Tier 9: Unflagged,
1721,Umm Al-Jimāl,Jordan,"Rural settlement, domestic and religious architecture, Roman military buildings re-purposed; nan",Internal (DS/OUV),,5th century CE to end of 8th century CE (earliest structures date to 1st century CE),Internal (DS/OUV),,"Nabataean, Roman, Byzantine, Early Islamic, Hauranian",Internal (DS/OUV),,(iii) to bear a unique or at least exceptional testimony to a cultural tradition or to a civilization which is living or which has disappeared;,Internal (DS/OUV),,Basalt,Basalt,Basalt,Igneous,Internal (DS/OUV),,Internal (DS/OUV),,,,,,,,basalt,Internal (DS/OUV),,,,,Hauran basaltic plateau,Internal (DS/OUV),,,,,,,,,,,,,,Jordan,Internal (DS/OUV),,Local (Hauran basaltic plateau),Internal (DS/OUV),,,,,"Multi-storey houses, courtyards, churches, military buildings, town wall, reservoirs/water channels",Internal (DS/OUV),,Capitals,Internal (DS/OUV),,Hauranian building styles and designs (dry/basaltic masonry),Internal (DS/OUV),,,,,,,,"Minimal restoration; Mostly consolidation, limited anastylosis, reconstruction of House 119",Internal (DS/OUV),,Good,,,Yes,,,,Tier 9: Unflagged,
243,Ellora Caves,India,"Rock-cut architecture (Viharas/Monasteries, Chaityagriha/Sanctuary, and Monolithic Temples); nan",Internal (DS/OUV),,"5th century to 12th century A.D. (Three phases: Buddhist 5th–8th c., Brahmanical 7th–10th c., Jaina 9th–12th c.)",Internal (DS/OUV),,"Ancient India (Buddhism, Brahmanism/Hinduism, and Jainism)",Internal (DS/OUV),,"(i) to represent a masterpiece of human creative genius; | (iii) to bear a unique or at least exceptional testimony to a cultural tradition or to a civilization which is living or which has disappeared; | (vi) to be directly or tangibly associated with events or living traditions, with ideas, or with beliefs, with artistic and literary works of outstanding universal significance;",Internal (DS/OUV),,Basalt,Basalt,Basalt,Igneous,,,,,,,,,,,,,,,,,,,,,,,,,,,,,Direct in-situ rock excavation (Charanandri Hills / Basalt Cliff),Internal (DS/OUV),,India,Internal (DS/OUV),,Local (in-situ monolithic excavation),Internal (DS/OUV),,,,,"Excavated sanctuaries, pillared halls (mandapas), rock-cut monolithic temples, monasteries (viharas)",Internal (DS/OUV),,"Sculptured compositions, high plastic quality relief carvings, and ceiling paintings",Internal (DS/OUV),,Rock-cut monolithic excavation (dug directly into the cliff side),Internal (DS/OUV),,Seepage and cracking in the caves,Internal (DS/OUV),,,,,"Comprehensive Conservation Management Plan implementation, condition survey",Internal (DS/OUV),,Good,,,Yes,,,,Tier 9: Unflagged,
1063,Tokaj Wine Region Historic Cultural Landscape,Hungary,"Wine Cellars (vaulted & excavated), Terraces, Built Stone Walls, Hedges, Historic Villages/Towns, Churches; nan",Internal (DS/OUV),,"Since 1110 (e.g., Cellar of King Kalman in Tarcal); Documented history from 1561",Internal (DS/OUV),,"Hungarian / Viticultural Tradition (survived over 1,000 years)",Internal (DS/OUV),,"(iii) to bear a unique or at least exceptional testimony to a cultural tradition or to a civilization which is living or which has disappeared; | (v) to be an outstanding example of a traditional human settlement, land-use, or sea-use which is representative of a culture (or cultures), or human interaction with the environment especially when it has become vulnerable under the impact of irreversible change;",Internal (DS/OUV),,Volcanic Rock,Volcanic Rock,Volcanic Rock,Igneous,Internal (DS/OUV),,Internal (DS/OUV),,,,,,,,"Volcanic Rocks (volcanic slopes, volcanic rocks into which cellars are carved)",Internal (DS/OUV),,,,,Zemplén Mountains foothills,Internal (DS/OUV),,,,,,,,,,,NA (Mines/quarries mentioned generally under threats),Internal (DS/OUV),,Hungary,Internal (DS/OUV),,Local (excavated directly into local volcanic rocks),Internal (DS/OUV),,,,,"Wine cellar excavation/vaulting, terraces, built stone walls, base structures",Internal (DS/OUV),,,,,"Built stone walls, hand-carved underground cellars, vaulted and excavated cellars",Internal (DS/OUV),,"Disappearance of wetlands, impact of mines/quarries, climate change threats",Internal (DS/OUV),,,,,Restoration in conformity with the Venice Charter over the past half-century,Internal (DS/OUV),,Excellent,Internal (DS/OUV),,Yes,,,,Tier 9: Unflagged,
476,Chongoni Rock-Art Area,Malawi,Rock art shelters / Rock overhangs; nan,Internal (DS/OUV),,Late Stone Age to 20th century,Internal (DS/OUV),,"BaTwa hunter-gatherers, Chewa agriculturalists, Ngoni",Internal (DS/OUV),,"(iii) to bear a unique or at least exceptional testimony to a cultural tradition or to a civilization which is living or which has disappeared; | (vi) to be directly or tangibly associated with events or living traditions, with ideas, or with beliefs, with artistic and literary works of outstanding universal significance;",Internal (DS/OUV),,Granite,Granite,Granite,Igneous,Internal (DS/OUV),,,,,,,,,,,,,,,,,,,,,,,,,,,,,,,,,,,,,,,,Protective setting (Topography of rock overhangs),Internal (DS/OUV),,Surface/canvas for rock paintings,Internal (DS/OUV),,,,,"Natural weathering processes, water ingress",Internal (DS/OUV),,,,,,,,Excellent,,,Yes,,,,Tier 9: Unflagged,
202,Ancient City of Sigiriya,Sri Lanka,rock art; nan,,,477–495,Internal (DS/OUV),,"NA (King Kassapa I is mentioned, but no specific civilization)",Internal (DS/OUV),,"(i) to represent a masterpiece of human creative genius; | (ii) to exhibit an important interchange of human values, over a span of time or within a cultural area of the world, on developments in architecture or technology, monumental arts, town-planning or landscape design; | (iii) to bear a unique or at least exceptional testimony to a cultural tradition or to a civilization which is living or which has disappeared; | (v) to be an outstanding example of a traditional human settlement, land-use, or sea-use which is representative of a culture (or cultures), or human interaction with the environment especially when it has become vulnerable under the impact of irreversible change;",,,Granite,Granite,Granite,Igneous,Internal (DS/OUV),,Internal (DS/OUV),," Bricks, Plaster",Internal (DS/OUV),,,,,,,,,,,,,,,,,,,,,,,,,,,,,,,,,,,Used as a foundational peak (180m high) and for a gigantic lion structure (galleries/staircases emerging from mouth).,Internal (DS/OUV),,,,,Constructed of bricks and plaster,Internal (DS/OUV),,,,,,,,,,,,,,Yes,,,,Tier 9: Unflagged,
1117,Landscape of the Pico Island Vineyard Culture,Portugal,"Linear walls, rectangular plots (currais), manor houses, conventional houses, wine cellars, warehouses, churches, pathways, wells, ports, ramps; nan",Internal (DS/OUV),,15th century (reached peak in the 19th century),Internal (DS/OUV),,First settlers (15th century) / Generations of farmers (Specific civilization name NA),Internal (DS/OUV),,"(iii) to bear a unique or at least exceptional testimony to a cultural tradition or to a civilization which is living or which has disappeared; | (v) to be an outstanding example of a traditional human settlement, land-use, or sea-use which is representative of a culture (or cultures), or human interaction with the environment especially when it has become vulnerable under the impact of irreversible change;",Internal (DS/OUV),,"Basalt, Lava",Basalt,Basalt,Igneous,Internal (DS/OUV),,Internal (DS/OUV),,,,,,,,,,,,,,,,,Black,Internal (DS/OUV),,"Irregular, weatherworn",Internal (DS/OUV),,,,,,,,,,,Local,Internal (DS/OUV),,,,,Construction of protective walls for plots (currais) against wind and salt spray; buildings,Internal (DS/OUV),,,,,Stone-walled / linear walls (Specific masonry technique name NA),Internal (DS/OUV),,,,,Threat noted: Importing of stone for re-building that is not consistent with local materials,Internal (DS/OUV),,"Maintenance and recovery of landscape, reconstructing ruins, removing invasive plants",Internal (DS/OUV),,Good,Internal (DS/OUV),,Yes,,,,Tier 9: Unflagged,
1117,Landscape of the Pico Island Vineyard Culture,Portugal,"Linear walls, rectangular plots (currais), manor houses, conventional houses, wine cellars, warehouses, churches, pathways, wells, ports, ramps; nan",Internal (DS/OUV),,15th century (reached peak in the 19th century),Internal (DS/OUV),,First settlers (15th century) / Generations of farmers (Specific civilization name NA),Internal (DS/OUV),,"(iii) to bear a unique or at least exceptional testimony to a cultural tradition or to a civilization which is living or which has disappeared; | (v) to be an outstanding example of a traditional human settlement, land-use, or sea-use which is representative of a culture (or cultures), or human interaction with the environment especially when it has become vulnerable under the impact of irreversible change;",Internal (DS/OUV),,"Basalt, Lava",Lava,Volcanic Rock,Igneous,Internal (DS/OUV),,Internal (DS/OUV),,,,,,,,,,,,,,,,,Black,Internal (DS/OUV),,"Irregular, weatherworn",Internal (DS/OUV),,,,,,,,,,,Local,Internal (DS/OUV),,,,,Construction of protective walls for plots (currais) against wind and salt spray; buildings,Internal (DS/OUV),,,,,Stone-walled / linear walls (Specific masonry technique name NA),Internal (DS/OUV),,,,,Threat noted: Importing of stone for re-building that is not consistent with local materials,Internal (DS/OUV),,"Maintenance and recovery of landscape, reconstructing ruins, removing invasive plants",Internal (DS/OUV),,Good,Internal (DS/OUV),,Yes,,,,Tier 9: Unflagged,
1577,Budj Bim Cultural Landscape,Australia,"Aquaculture system (channels, weirs, dams, ponds, sinkholes); nan",Internal (DS/OUV),,"Over a period of at least 6,600 years",Internal (DS/OUV),,Gunditjmara Aboriginal people,Internal (DS/OUV),,"(iii) to bear a unique or at least exceptional testimony to a cultural tradition or to a civilization which is living or which has disappeared; | (v) to be an outstanding example of a traditional human settlement, land-use, or sea-use which is representative of a culture (or cultures), or human interaction with the environment especially when it has become vulnerable under the impact of irreversible change;",Internal (DS/OUV),,"Volcanic rock, Lava, Stone",Volcanic rock,Volcanic Rock,Igneous,Internal (DS/OUV),,,,,,,,,,Volcanic rock / Lava flow,Internal (DS/OUV),,,,,Budj Bim lava flows,,,,,,,,,,,,,,,Australia,Internal (DS/OUV),,"Local (""abundant local volcanic rock"")",Internal (DS/OUV),,,,,"Constructed channels, weirs, and dams for water flow management",Internal (DS/OUV),,,,,"Stone-walled facilities, stone weirs",Internal (DS/OUV),,,,,,,,Reinstatement of traditional water flows via the construction of a cultural weir in 2010,Internal (DS/OUV),,Excellent,,,Yes,,,,Tier 9: Unflagged,
1577,Budj Bim Cultural Landscape,Australia,"Aquaculture system (channels, weirs, dams, ponds, sinkholes); nan",Internal (DS/OUV),,"Over a period of at least 6,600 years",Internal (DS/OUV),,Gunditjmara Aboriginal people,Internal (DS/OUV),,"(iii) to bear a unique or at least exceptional testimony to a cultural tradition or to a civilization which is living or which has disappeared; | (v) to be an outstanding example of a traditional human settlement, land-use, or sea-use which is representative of a culture (or cultures), or human interaction with the environment especially when it has become vulnerable under the impact of irreversible change;",Internal (DS/OUV),,"Volcanic rock, Lava, Stone",Lava,Volcanic Rock,Igneous,Internal (DS/OUV),,,,,,,,,,Volcanic rock / Lava flow,Internal (DS/OUV),,,,,Budj Bim lava flows,,,,,,,,,,,,,,,Australia,Internal (DS/OUV),,"Local (""abundant local volcanic rock"")",Internal (DS/OUV),,,,,"Constructed channels, weirs, and dams for water flow management",Internal (DS/OUV),,,,,"Stone-walled facilities, stone weirs",Internal (DS/OUV),,,,,,,,Reinstatement of traditional water flows via the construction of a cultural weir in 2010,Internal (DS/OUV),,Excellent,,,Yes,,,,Tier 9: Unflagged,
