Site ID,Site Name,Country,Architecture Type,Architecture Type_Ref,Architecture Type_Ext,Construction Period,Construction Period_Ref,Construction Period_Ext,Civilization,Civilization_Ref,Civilization_Ext,UNESCO Criteria,UNESCO Criteria_Ref,UNESCO Criteria_Ext,Mentioned Major Stone(s),Exploded Major Stone,Standardized Stone Name,Rock Class,Mentioned Major Stone(s)_Ref,Mentioned Major Stone(s)_Ext,Rock Class_Ref,Rock Class_Ext,Secondary Stone,Secondary Stone_Ref,Secondary Stone_Ext,Local Stone Name,Local Stone Name_Ref,Local Stone Name_Ext,Lithology,Lithology_Ref,Lithology_Ext,Geological Age,Geological Age_Ref,Geological Age_Ext,Formation,Formation_Ref,Formation_Ext,Colour,Colour_Ref,Colour_Ext,Texture,Texture_Ref,Texture_Ext,Minerals,Minerals_Ref,Minerals_Ext,Quarry,Quarry_Ref,Quarry_Ext,Quarry Country,Quarry Country_Ref,Quarry Country_Ext,Local vs Imported,Local vs Imported_Ref,Local vs Imported_Ext,Transport Distance,Transport Distance_Ref,Transport Distance_Ext,Structural Use,Structural Use_Ref,Structural Use_Ext,Decorative Use,Decorative Use_Ref,Decorative Use_Ext,Masonry Technique,Masonry Technique_Ref,Masonry Technique_Ext,Weathering,Weathering_Ref,Weathering_Ext,Replacement Stone,Replacement Stone_Ref,Replacement Stone_Ext,Restoration,Restoration_Ref,Restoration_Ext,Condition,Condition_Ref,Condition_Ext,UNESCO Mention,Other references,flag_extracted,Stone_Potential_Flag,Potential_Tier_Description,Index
726,Historic Centre of Naples,Italy,"Greek, Roman, Byzantine, Norman, French Gothic, Tuscan/Aragonese, Renaissance, Baroque, Neoclassical; nan",Internal (DS/OUV),,9th Century B.C. (Parthenope/Palaepolis) – 18th Century A.D. (Bourbon era) & modern continuity,Internal (DS/OUV),,"Greek, Roman, Byzantine, Norman, Swabian, Angevin, Aragonese, Spanish, Bourbon",Internal (DS/OUV),,"(ii) to exhibit an important interchange of human values, over a span of time or within a cultural area of the world, on developments in architecture or technology, monumental arts, town-planning or landscape design; | (iv) to be an outstanding example of a type of building, architectural or technological ensemble or landscape which illustrates (a) significant stage(s) in human history;",Internal (DS/OUV),,"Yellow Tufa, Grey Piperno, White Marble",Yellow Tufa,Limestone,Sedimentary,Internal (DS/OUV),,,,,,,,,,,,,,,,,,,"Yellow (Tufa), Grey (Piperno), White (Marble)",Internal (DS/OUV),,,,,,,,"Naples subsoil (Fontanelle, Capodimonte, Rione Sanità, Pizzofalcone) & western Campi Flegrei (Pianura, Soccavo)",External,https://virtualexplorer.com.au/article/2010/261/urban-geology-in-the-neapolitan-area/materials.html,Italy,Internal (DS/OUV),,Local (Yellow Tufa and Piperno derived locally from subsoil/Bay area); White Marble imported/regional,Internal (DS/OUV),,,,,"Load-bearing masonry walls, foundations, city wall fortifications (e.g., Castel Nuovo, Castel dell'Ovo)",Internal (DS/OUV),,"Facades, columns, capitals, lintels, bas-reliefs, ornamental details, sculptures",Internal (DS/OUV),,,,,,,,,,,,,,Moderate,Internal (DS/OUV),,Yes,"• Journal of the Virtual Explorer: Urban Geology in the Neapolitan Area


• ResearchGate: Piperno from Campi Flegrei


• CORE: Influence of Water on Neapolitan Yellow Tuff",,,Tier 9: Unflagged,
173,Stone Town of Zanzibar,United Republic of Tanzania,"a complex fusion of Swahili, Arab, Indian, and European influences; nan",Internal (DS/OUV),,18th and 19th centuries,Internal (DS/OUV),,Swahili / Coastal East African,Internal (DS/OUV),,"(ii) to exhibit an important interchange of human values, over a span of time or within a cultural area of the world, on developments in architecture or technology, monumental arts, town-planning or landscape design; | (iii) to bear a unique or at least exceptional testimony to a cultural tradition or to a civilization which is living or which has disappeared; | (vi) to be directly or tangibly associated with events or living traditions, with ideas, or with beliefs, with artistic and literary works of outstanding universal significance;",Internal (DS/OUV),,Coralline ragstone / Coral stone,Coralline ragstone / Coral stone,Coral Stone,Sedimentary,Internal (DS/OUV),,,,Laterite,Internal (DS/OUV),,Coral rag / Nyumba za mawe material,External,"Salum, Salum & Chami, Maximilian. (2026). Reclaiming Darajani Creek: colonial sanitation, urban transformation, conservation and heritage memory in Stone Town of Zanzibar, a UNESCO World Heritage Site. Built Heritage. 10. 10.1186/s43238-026-00265-9. ",Na,,,,,,,,,,,,,,,,,,Local coastal coral reef exposures and shallow borrow pits / quarries across Unguja Island,External,"Salum, Salum & Chami, Maximilian. (2026). Reclaiming Darajani Creek: colonial sanitation, urban transformation, conservation and heritage memory in Stone Town of Zanzibar, a UNESCO World Heritage Site. Built Heritage. 10. 10.1186/s43238-026-00265-9. ",United Republic of Tanzania (Zanzibar / Unguja),Internal (DS/OUV),,Local,Internal (DS/OUV),,,,,"Primary load-bearing masonry walls for two-storey mansions, palaces, forts, and residential buildings",Internal (DS/OUV),,"Carved wooden doors, verandahs, and lime-plaster mouldings",Internal (DS/OUV),,"Coral ragstone set in thick lime mortar, encased in lime plaster and wash",Internal (DS/OUV),,"Salt aerosol attack, high atmospheric humidity, tropical moisture, and rainfall deterioration",Internal (DS/OUV),,Locally sourced coral ragstone and traditional lime mortars,Internal (DS/OUV),,Guided by the Stone Town Conservation and Development Authority (STCDA) Master Plan (1994) and Management Plan (2007) using traditional skills and materials,Internal (DS/OUV),,Moderate,,,Yes,"World Bank - Michenzani Green Corridor HIA Report

Limestone Resources of Tanzania: Geological Overview

Reclaiming Darajani Creek (Built Heritage / ResearchGate)",,,Tier 9: Unflagged,
174,Historic Centre of Florence,Italy,"Renaissance, Gothic, Romanesque, Medieval, Roman; nan",Internal (DS/OUV),,13th–17th Century (with ancient Roman foundation from 59 BC),Internal (DS/OUV),,Florentine / Italian Renaissance & Etruscan/Roman,Internal (DS/OUV),,,Internal (DS/OUV),,"Pietra Forte, Pietra Serena",Pietra Forte,Sandstone,Sedimentary,Internal (DS/OUV),,,,"Carrara Marble, Marmo di Corylo, Rosso di Cotto",Internal (DS/OUV),,"Pietra Forte, Pietra Serena",Internal (DS/OUV),,Turbiditic silicic-carbonate sandstone (Pietra Forte); Feldspathic greywacke sandstone (Pietra Serena),External,https://www.researchgate.net/publication/347198129_Pietraforte_the_Florentine_building_material_from_the_Middle_Ages_to_contemporary_architecture,Upper Cretaceous (Pietra Forte); Upper Oligocene–Lower Miocene (Pietra Serena),External,https://www.researchgate.net/publication/347198129_Pietraforte_the_Florentine_building_material_from_the_Middle_Ages_to_contemporary_architecture,Pietraforte Formation (Ligurian Domain); Macigno Formation (Tuscan Nappe),External,https://www.researchgate.net/publication/347198129_Pietraforte_the_Florentine_building_material_from_the_Middle_Ages_to_contemporary_architecture,Yellowish-brown/ochraceous (Pietra Forte); Cerulean/greyish-blue (Pietra Serena),External,https://www.researchgate.net/publication/347198129_Pietraforte_the_Florentine_building_material_from_the_Middle_Ages_to_contemporary_architecture,"Fine-to-medium grained, graded bedding",External,https://www.researchgate.net/publication/347198129_Pietraforte_the_Florentine_building_material_from_the_Middle_Ages_to_contemporary_architecture,"Quartz, Feldspars (Plagioclase), Micas, Calcite, Dolomite fragments",External,https://www.researchgate.net/publication/347198129_Pietraforte_the_Florentine_building_material_from_the_Middle_Ages_to_contemporary_architecture,"Boboli Hill Quarries, Costa San Giorgio (Pietra Forte); Fiesole & Monte Ceceri Quarries (Pietra Serena); Apuan Alps / Carrara (Marble)",External,https://www.isprambiente.gov.it/it/pubblicazioni/periodici-tecnici/memorie-descrittive-della-carta-geologica-ditalia/stones.pdf,Italy,Internal (DS/OUV),,Local (Pietra Forte & Pietra Serena); Regional Import (Carrara Marble),Internal (DS/OUV),,Local (< 5–10 km for sandstones); ~100 km (for Carrara Marble),External,https://www.isprambiente.gov.it/it/pubblicazioni/periodici-tecnici/memorie-descrittive-della-carta-geologica-ditalia/stones.pdf,"Fortified walls, palaces, bridges, structural pillars, foundations, exterior load-bearing masonry",Internal (DS/OUV),,"Interior pilasters, cornices, door/window frames, statues, facades, plasterwork, frescoes",Internal (DS/OUV),,"Rustication (ashlar), cobblestone paving, traditional Florentine stone masonry",Internal (DS/OUV),,"Exfoliation, atmospheric pollution degradation, humidity erosion, flood risk",Internal (DS/OUV),,,,,"Ongoing urban restoration, 2006 Management Plan, emergency flood risk measures",Internal (DS/OUV),,Good,Internal (DS/OUV),,Yes,"Webpage (Uploaded Document)	
1. UNESCO Official Dossier


2. Pietraforte Sandstone Research Study


3. ISPRA Geological Survey of Italian Stones",,,Tier 9: Unflagged,
174,Historic Centre of Florence,Italy,"Renaissance, Gothic, Romanesque, Medieval, Roman; nan",Internal (DS/OUV),,13th–17th Century (with ancient Roman foundation from 59 BC),Internal (DS/OUV),,Florentine / Italian Renaissance & Etruscan/Roman,Internal (DS/OUV),,,Internal (DS/OUV),,"Pietra Forte, Pietra Serena",Pietra Serena,Sandstone,Sedimentary,Internal (DS/OUV),,,,"Carrara Marble, Marmo di Corylo, Rosso di Cotto",Internal (DS/OUV),,"Pietra Forte, Pietra Serena",Internal (DS/OUV),,Turbiditic silicic-carbonate sandstone (Pietra Forte); Feldspathic greywacke sandstone (Pietra Serena),External,https://www.researchgate.net/publication/347198129_Pietraforte_the_Florentine_building_material_from_the_Middle_Ages_to_contemporary_architecture,Upper Cretaceous (Pietra Forte); Upper Oligocene–Lower Miocene (Pietra Serena),External,https://www.researchgate.net/publication/347198129_Pietraforte_the_Florentine_building_material_from_the_Middle_Ages_to_contemporary_architecture,Pietraforte Formation (Ligurian Domain); Macigno Formation (Tuscan Nappe),External,https://www.researchgate.net/publication/347198129_Pietraforte_the_Florentine_building_material_from_the_Middle_Ages_to_contemporary_architecture,Yellowish-brown/ochraceous (Pietra Forte); Cerulean/greyish-blue (Pietra Serena),External,https://www.researchgate.net/publication/347198129_Pietraforte_the_Florentine_building_material_from_the_Middle_Ages_to_contemporary_architecture,"Fine-to-medium grained, graded bedding",External,https://www.researchgate.net/publication/347198129_Pietraforte_the_Florentine_building_material_from_the_Middle_Ages_to_contemporary_architecture,"Quartz, Feldspars (Plagioclase), Micas, Calcite, Dolomite fragments",External,https://www.researchgate.net/publication/347198129_Pietraforte_the_Florentine_building_material_from_the_Middle_Ages_to_contemporary_architecture,"Boboli Hill Quarries, Costa San Giorgio (Pietra Forte); Fiesole & Monte Ceceri Quarries (Pietra Serena); Apuan Alps / Carrara (Marble)",External,https://www.isprambiente.gov.it/it/pubblicazioni/periodici-tecnici/memorie-descrittive-della-carta-geologica-ditalia/stones.pdf,Italy,Internal (DS/OUV),,Local (Pietra Forte & Pietra Serena); Regional Import (Carrara Marble),Internal (DS/OUV),,Local (< 5–10 km for sandstones); ~100 km (for Carrara Marble),External,https://www.isprambiente.gov.it/it/pubblicazioni/periodici-tecnici/memorie-descrittive-della-carta-geologica-ditalia/stones.pdf,"Fortified walls, palaces, bridges, structural pillars, foundations, exterior load-bearing masonry",Internal (DS/OUV),,"Interior pilasters, cornices, door/window frames, statues, facades, plasterwork, frescoes",Internal (DS/OUV),,"Rustication (ashlar), cobblestone paving, traditional Florentine stone masonry",Internal (DS/OUV),,"Exfoliation, atmospheric pollution degradation, humidity erosion, flood risk",Internal (DS/OUV),,,,,"Ongoing urban restoration, 2006 Management Plan, emergency flood risk measures",Internal (DS/OUV),,Good,Internal (DS/OUV),,Yes,"Webpage (Uploaded Document)	
1. UNESCO Official Dossier


2. Pietraforte Sandstone Research Study


3. ISPRA Geological Survey of Italian Stones",,,Tier 9: Unflagged,
907,Villa Adriana (Tivoli),Italy,Imperial Roman Classical Architecture; nan,Internal (DS/OUV),,"2nd century A.D. (117 – 138 A.D., reign of Emperor Hadrian)",Internal (DS/OUV),,Ancient Roman / Early Roman Empire,Internal (DS/OUV),,"(i) to represent a masterpiece of human creative genius; | (ii) to exhibit an important interchange of human values, over a span of time or within a cultural area of the world, on developments in architecture or technology, monumental arts, town-planning or landscape design; | (iii) to bear a unique or at least exceptional testimony to a cultural tradition or to a civilization which is living or which has disappeared;",Internal (DS/OUV),,"Cipollino Marble (Marmor Carystium), Granite, Marble, Travertine (Lapis Tiburtinus), Tufa",Travertine (Lapis Tiburtinus),Travertine,Sedimentary,Internal (DS/OUV),,,,"Pavonazzetto, Porfido Rosso (Red Porphyry), Proconnesian Marble",,,,,,,,,,,,,,,Greenish-white with dark green bands (Cipollino); Grey/Pink/Red (Granite); Light beige to cream (Travertine),Internal (DS/OUV),,,,,,,,Euboea/Carystos quarries (Cipollino); Aswan quarries (Egyptian Granite); Tivoli / Barco quarries (Travertine & Tufa),Internal (DS/OUV),,"Italy (Local Travertine/Tufa), Greece (Cipollino Marble), Egypt (Granite)",Internal (DS/OUV),,Both: Travertine and Tufa are Local; Cipollino Marble and Egyptian Granite are Imported,Internal (DS/OUV),,,,,"Structural piers, load-bearing walls, foundations, and vaults (Tufa and Travertine); load-bearing columns (Travertine & Granite)",Internal (DS/OUV),,"Peristyle column shafts (Cipollino marble and Egyptian granite), floor pavements (opus sectile), wall revetments, porticos, and decorative statues",Internal (DS/OUV),,"Opus reticulatum, opus mixtum, opus testaceum (brick-faced concrete core), and opus quadratum (travertine ashlar block masonry)",Internal (DS/OUV),,"Atmospheric weathering, carbonate dissolution, biological growth, and material degradation from past exposure/neglect",Internal (DS/OUV),,,,,"Partial anastylosis, continuous consolidation, and structural preservation carried out under the Restoration Charter and the Italian Codice dei beni culturali e del Paesaggio",Internal (DS/OUV),,Good,Internal (DS/OUV),,Yes,"• ICOMOS Advisory Body Evaluation - Villa Adriana (Tivoli)


• Scientific studies on Roman building stone provenance published via the Italian Journal of Geosciences.",,,Tier 9: Unflagged,
907,Villa Adriana (Tivoli),Italy,Imperial Roman Classical Architecture; nan,Internal (DS/OUV),,"2nd century A.D. (117 – 138 A.D., reign of Emperor Hadrian)",Internal (DS/OUV),,Ancient Roman / Early Roman Empire,Internal (DS/OUV),,"(i) to represent a masterpiece of human creative genius; | (ii) to exhibit an important interchange of human values, over a span of time or within a cultural area of the world, on developments in architecture or technology, monumental arts, town-planning or landscape design; | (iii) to bear a unique or at least exceptional testimony to a cultural tradition or to a civilization which is living or which has disappeared;",Internal (DS/OUV),,"Cipollino Marble (Marmor Carystium), Granite, Marble, Travertine (Lapis Tiburtinus), Tufa",Tufa,Limestone,Sedimentary,Internal (DS/OUV),,,,"Pavonazzetto, Porfido Rosso (Red Porphyry), Proconnesian Marble",,,,,,,,,,,,,,,Greenish-white with dark green bands (Cipollino); Grey/Pink/Red (Granite); Light beige to cream (Travertine),Internal (DS/OUV),,,,,,,,Euboea/Carystos quarries (Cipollino); Aswan quarries (Egyptian Granite); Tivoli / Barco quarries (Travertine & Tufa),Internal (DS/OUV),,"Italy (Local Travertine/Tufa), Greece (Cipollino Marble), Egypt (Granite)",Internal (DS/OUV),,Both: Travertine and Tufa are Local; Cipollino Marble and Egyptian Granite are Imported,Internal (DS/OUV),,,,,"Structural piers, load-bearing walls, foundations, and vaults (Tufa and Travertine); load-bearing columns (Travertine & Granite)",Internal (DS/OUV),,"Peristyle column shafts (Cipollino marble and Egyptian granite), floor pavements (opus sectile), wall revetments, porticos, and decorative statues",Internal (DS/OUV),,"Opus reticulatum, opus mixtum, opus testaceum (brick-faced concrete core), and opus quadratum (travertine ashlar block masonry)",Internal (DS/OUV),,"Atmospheric weathering, carbonate dissolution, biological growth, and material degradation from past exposure/neglect",Internal (DS/OUV),,,,,"Partial anastylosis, continuous consolidation, and structural preservation carried out under the Restoration Charter and the Italian Codice dei beni culturali e del Paesaggio",Internal (DS/OUV),,Good,Internal (DS/OUV),,Yes,"• ICOMOS Advisory Body Evaluation - Villa Adriana (Tivoli)


• Scientific studies on Roman building stone provenance published via the Italian Journal of Geosciences.",,,Tier 9: Unflagged,
1645,Dholavira: a Harappan City,India,"Fortified city, Water Reservoirs, and Cemetery; nan",Internal (DS/OUV),,"ca. 3000–1500 BCE (Bronze Age / Early, Mature, and Late Harappan phases)",Internal (DS/OUV),,Harappan Civilization (Indus Valley Civilization),Internal (DS/OUV),,"(iii) to bear a unique or at least exceptional testimony to a cultural tradition or to a civilization which is living or which has disappeared; | (iv) to be an outstanding example of a type of building, architectural or technological ensemble or landscape which illustrates (a) significant stage(s) in human history;",Internal (DS/OUV),,"Sandstone, Limestone, Agate, Carnelian, Steatite",Sandstone,Sandstone,Sedimentary,Internal (DS/OUV),,Internal (DS/OUV),,"Agate, Carnelian, Steatite, Banded Limestone",Internal (DS/OUV),,Khadir Sandstone / Calcareous Sandstone,Internal (DS/OUV),,"Calcareous Sandstone, Calcareous Mudstone, Fossiliferous Limestone",Internal (DS/OUV),,,,,Khadir Formation (Kachchh Basin),External,,"Yellowish-brown, reddish-brown, buff sandstone, white/banded limestone",Internal (DS/OUV),,,,,,,,Ancient stone quarry sites on Khadir Island (located in the buffer zone),Internal (DS/OUV),,India,Internal (DS/OUV),,"Local: Architectural Sandstone & Limestone from Khadir Island.

Imported/Traded: Raw minerals, metals, and semi-precious stones via regional trade.",Internal (DS/OUV),,Local: 1–5 km (Khadir Island for masonry stones).,,,"Fortification walls, Citadel, Castle, Bailey, Gateways, Water Reservoirs, Drains, and Mortuary structures.",Internal (DS/OUV),,"Polished stone column bases/rings, bead jewellery manufacturing (Agate, Carnelian, Steatite).",Internal (DS/OUV),,Cut/dressed stone masonry with mud-brick cores; mortise-and-tenon joints in stone pillars.,Internal (DS/OUV),,,,,,,,"Minimum intervention, in-situ consolidation, stabilization using scientific conservation principles by Archaeological Survey of India (ASI).",Internal (DS/OUV),,Good,Internal (DS/OUV),,Yes,"1. ICOMOS Evaluation Document


2. UNESCO Official Dossier Ref 1645


3. Kachchh Basin Geological Survey (Sharma et al., 2020)",,,Tier 9: Unflagged,
1645,Dholavira: a Harappan City,India,"Fortified city, Water Reservoirs, and Cemetery; nan",Internal (DS/OUV),,"ca. 3000–1500 BCE (Bronze Age / Early, Mature, and Late Harappan phases)",Internal (DS/OUV),,Harappan Civilization (Indus Valley Civilization),Internal (DS/OUV),,"(iii) to bear a unique or at least exceptional testimony to a cultural tradition or to a civilization which is living or which has disappeared; | (iv) to be an outstanding example of a type of building, architectural or technological ensemble or landscape which illustrates (a) significant stage(s) in human history;",Internal (DS/OUV),,"Sandstone, Limestone, Agate, Carnelian, Steatite",Limestone,Limestone,Sedimentary,Internal (DS/OUV),,Internal (DS/OUV),,"Agate, Carnelian, Steatite, Banded Limestone",Internal (DS/OUV),,Khadir Sandstone / Calcareous Sandstone,Internal (DS/OUV),,"Calcareous Sandstone, Calcareous Mudstone, Fossiliferous Limestone",Internal (DS/OUV),,,,,Khadir Formation (Kachchh Basin),External,,"Yellowish-brown, reddish-brown, buff sandstone, white/banded limestone",Internal (DS/OUV),,,,,,,,Ancient stone quarry sites on Khadir Island (located in the buffer zone),Internal (DS/OUV),,India,Internal (DS/OUV),,"Local: Architectural Sandstone & Limestone from Khadir Island.

Imported/Traded: Raw minerals, metals, and semi-precious stones via regional trade.",Internal (DS/OUV),,Local: 1–5 km (Khadir Island for masonry stones).,,,"Fortification walls, Citadel, Castle, Bailey, Gateways, Water Reservoirs, Drains, and Mortuary structures.",Internal (DS/OUV),,"Polished stone column bases/rings, bead jewellery manufacturing (Agate, Carnelian, Steatite).",Internal (DS/OUV),,Cut/dressed stone masonry with mud-brick cores; mortise-and-tenon joints in stone pillars.,Internal (DS/OUV),,,,,,,,"Minimum intervention, in-situ consolidation, stabilization using scientific conservation principles by Archaeological Survey of India (ASI).",Internal (DS/OUV),,Good,Internal (DS/OUV),,Yes,"1. ICOMOS Evaluation Document


2. UNESCO Official Dossier Ref 1645


3. Kachchh Basin Geological Survey (Sharma et al., 2020)",,,Tier 9: Unflagged,
945,Chhatrapati Shivaji Terminus (formerly Victoria Terminus),India,Victorian Gothic Revival blended with traditional Indian architecture; nan,Internal (DS/OUV),,10 years starting in 1878 (1878–1888),Internal (DS/OUV),,19th-Century British Commonwealth / Colonial India,Internal (DS/OUV),,"(ii) to exhibit an important interchange of human values, over a span of time or within a cultural area of the world, on developments in architecture or technology, monumental arts, town-planning or landscape design; | (iv) to be an outstanding example of a type of building, architectural or technological ensemble or landscape which illustrates (a) significant stage(s) in human history;",Internal (DS/OUV),,"Yellow Malad Stone, Italian Marble, Polished Granite, White Limestone",White Limestone,Limestone,Sedimentary,Internal (DS/OUV),,Internal (DS/OUV),,"Italian Marble, Polished Granite, White Limestone",Internal (DS/OUV),,Local Yellow Malad Stone (Yellow Basalt),Internal (DS/OUV),,"Trachytic/Basaltic tuff (Malad yellow stone), crystalline marble, fine-grained limestone",External,Maitri Dore (2014),,,,,,,"Yellow (Malad stone), White (Limestone/Marble)",Internal (DS/OUV),,,,,na,,,Malad Quarries (Mumbai); Carrara (Italy),Internal (DS/OUV),,India (Malad stone) and Italy (Marble),Internal (DS/OUV),,Mixed (Local yellow Malad stone; Imported Italian marble),Internal (DS/OUV),,Local (<25 km) for Malad stone; International long-distance sea route for Italian marble,Internal (DS/OUV),,"Octagonal ribbed masonry dome, drum, turrets, pointed arches, main entrance gates, columns, and exterior walls",Internal (DS/OUV),,"3D-stone carvings of local flora and fauna, gargoyles, allegorical grotesques, arched tympana, portrait roundels, relief busts, decorated rose windows, lion/tiger gate pillars",Internal (DS/OUV),,"Ashlar stone masonry, octagonal ribbed dome masonry, bas-relief and openwork stone carving",Internal (DS/OUV),,Atmospheric degradation from air pollution/traffic emissions and chemical weathering from coastal saline air,Internal (DS/OUV),,,,,"Phase II conservation works ongoing under the long-term management plan by the Architectural Conservation Cell (ACC, initiated 1997)",Internal (DS/OUV),,Good,Internal (DS/OUV),,Yes,"ICOMOS Advisory Body Evaluation, 
Official UNESCO Dossier, and 
Maitri Dore (2014)",,,Tier 9: Unflagged,
1056,Mahabodhi Temple Complex at Bodh Gaya,India,"Classical style of Indian temple architecture (featuring a 50m curvilinear shikhara/tower, chaitya niches, stupas, and shrines); nan",Internal (DS/OUV),,3rd century B.C.,Internal (DS/OUV),,Mauryan Period & Late Gupta Period (Indian Buddhist),Internal (DS/OUV),,,Internal (DS/OUV),,Sandstone ,Sandstone,Sandstone,Sedimentary,Internal (DS/OUV),,,,Black stone,Internal (DS/OUV),,,,,"Sandstone, Black ston",Internal (DS/OUV),,,,,,,,Black (for footprint stone / Padas); NA for sandstone colour,Internal (DS/OUV),,Polished (for Vajrasana),Internal (DS/OUV),,,,,,,,,Internal (DS/OUV),,,,,,,,"Sandstone: Pillars of the balustrade, Vajrasana (Diamond Throne) platform.


Black Stone: Footprint slab (Padas).


(Bricks form the main body, walls, and tower)",Internal (DS/OUV),,"Sculpted human faces, animals, decorative honeysuckle and geese motifs, chaitya niches, carved Buddha footprints",Internal (DS/OUV),,Late Gupta period brick masonry; stone carving for balustrades and relics,Internal (DS/OUV),,,,,,,,Suffered long abandonment (13th–18th century A.D.); extensively restored in the 19th century A.D. and further conserved in the late 20th century under guidance of the Archaeological Survey of India (ASI),Internal (DS/OUV),,Excellent,Internal (DS/OUV),,Yes,"ICOMOS Advisory Body Evaluation;
 Bodhgaya Temple Management Committee (BTMC), Archaeological Survey of India (ASI)",,,Tier 9: Unflagged,
451,Old Town of Galle and its Fortifications,Sri Lanka,Fortified city / Urban ensemble; nan,Internal (DS/OUV),,16th to 19th centuries (Height of development: 18th century),Internal (DS/OUV),,"Portuguese, Dutch, and British Colonial (with South Asian integration)",Internal (DS/OUV),,,Internal (DS/OUV),,"Coral, Granite, and Cherts / Coral rag / Laterite",Coral,Coral Stone,Sedimentary,,,,,"Brick, Lime mortar, Sandstone",Internal (DS/OUV),,"Coral rag, Kabook (Local Sri Lankan name for Laterite)",Internal (DS/OUV),,,,,,,,,,,,,,,,,,,,Local coastal reefs (Coral); Local promontory outcrops and inland quarries (Granite/Laterite),Internal (DS/OUV),,Sri Lanka,Internal (DS/OUV),,Local,Internal (DS/OUV),,Short distance / In-situ (Immediate promontory and surrounding coast),Internal (DS/OUV),,"Ramparts, Bastions, Underground drainage system, Foundation, Wall masonry",Internal (DS/OUV),,"Veranda columns, Facades, Public and administrative building elements",Internal (DS/OUV),,Ashlar and rubble core masonry using coral and granite bound with lime mortar,Internal (DS/OUV),,"Marine bio-erosion, Salt crystallization, Moisture/humidity weathering",Internal (DS/OUV),,"Locally sourced coral lime mortar, matching local granite/coral blocks",Internal (DS/OUV),,Ongoing conservation managed by the Galle Heritage Foundation and Department of Archaeology,Internal (DS/OUV),,Good,,,Yes,"ICOMOS Evaluation Report (1988); 
Antiquities Ordinance of Sri Lanka (1948, rev. 1998)",,,Tier 9: Unflagged,
451,Old Town of Galle and its Fortifications,Sri Lanka,Fortified city / Urban ensemble; nan,Internal (DS/OUV),,16th to 19th centuries (Height of development: 18th century),Internal (DS/OUV),,"Portuguese, Dutch, and British Colonial (with South Asian integration)",Internal (DS/OUV),,,Internal (DS/OUV),,"Coral, Granite, and Cherts / Coral rag / Laterite",Cherts / Coral rag / Laterite,Coral Stone,Sedimentary,,,,,"Brick, Lime mortar, Sandstone",Internal (DS/OUV),,"Coral rag, Kabook (Local Sri Lankan name for Laterite)",Internal (DS/OUV),,,,,,,,,,,,,,,,,,,,Local coastal reefs (Coral); Local promontory outcrops and inland quarries (Granite/Laterite),Internal (DS/OUV),,Sri Lanka,Internal (DS/OUV),,Local,Internal (DS/OUV),,Short distance / In-situ (Immediate promontory and surrounding coast),Internal (DS/OUV),,"Ramparts, Bastions, Underground drainage system, Foundation, Wall masonry",Internal (DS/OUV),,"Veranda columns, Facades, Public and administrative building elements",Internal (DS/OUV),,Ashlar and rubble core masonry using coral and granite bound with lime mortar,Internal (DS/OUV),,"Marine bio-erosion, Salt crystallization, Moisture/humidity weathering",Internal (DS/OUV),,"Locally sourced coral lime mortar, matching local granite/coral blocks",Internal (DS/OUV),,Ongoing conservation managed by the Galle Heritage Foundation and Department of Archaeology,Internal (DS/OUV),,Good,,,Yes,"ICOMOS Evaluation Report (1988); 
Antiquities Ordinance of Sri Lanka (1948, rev. 1998)",,,Tier 9: Unflagged,
232,"Humayun's Tomb, Delhi",India,Garden-Tomb / Dynastic Mausoleum (Mughal / Indo-Islamic Architecture); nan,Internal (DS/OUV),,1560s–1570 (1562 to 1571 CE),Internal (DS/OUV),,Mughal Empire,Internal (DS/OUV),,"(ii) to exhibit an important interchange of human values, over a span of time or within a cultural area of the world, on developments in architecture or technology, monumental arts, town-planning or landscape design; | (iv) to be an outstanding example of a type of building, architectural or technological ensemble or landscape which illustrates (a) significant stage(s) in human history;",Internal (DS/OUV),,"Red Sandstone, White Marble",Red Sandstone,Sandstone,Sedimentary,Internal (DS/OUV),,,,Black Marble (used for inlay/borders),Internal (DS/OUV),,Delhi Quartzite (used in core/structural masonry underpinning red sandstone cladding),External,Peer-Reviewed Literature / ASI Conservation Reports,,,,,,,,,,"Red, White, Black",Internal (DS/OUV),,,,,,,,,,,,Internal (DS/OUV),,,,,,,,"High terraced platform with vaulted cells, core masonry walls, double dome superstructure",Internal (DS/OUV),,"Cladding in red sandstone, white marble double-dome, black and white marble inlaid borders, stone screens (jalis), glazed ceramic tiles on chhatris",Internal (DS/OUV),,"Dressed stone masonry with ashlar cladding, tie-bars, and lime mortar joining; marble inlay (Pietra Dura precursor)",Internal (DS/OUV),,,,,Traditional red sandstone and white marble matching original quarry characteristics,Internal (DS/OUV),,"Removal of 20th-century cement/concrete layers and replacement with traditional lime mortar, lime concrete, and reset original stone paving (AKTC / ASI Project)",Internal (DS/OUV),,Good,Internal (DS/OUV),,Yes,"ICOMOS Evaluation, Aga Khan Trust for Culture (AKTC) Conservation Reports, 
Peer-Reviewed Scientific Studies (Lowry, 1986; Naik et al., 2024; Kumar, 2026)",,,Tier 9: Unflagged,
758,Millenary Benedictine Abbey of Pannonhalma and its Natural Environment,Hungary,"Monastic complex (Abbey, Basilica/Church, Cloister, Crypt, Refectory, Chapel, Millennium Monument, Library); nan",Internal (DS/OUV),,"Monastic complex (Abbey, Basilica/Church, Cloister, Crypt, Refectory, Chapel, Millennium Monument, Library)",Internal (DS/OUV),,Medieval & Early Modern European / Hungarian Christian (Benedictine Monasticism),Internal (DS/OUV),,,Internal (DS/OUV),,"Red Marble, Limestone, Brick",Limestone,Limestone,Sedimentary,Internal (DS/OUV),,,,,,,,,,,,,,,,,,,"Red / Reddish, Grey/White (Limestone)",Internal (DS/OUV),,,,,,,,Gerecse Mountains quarries (Tardos area),External,,Hungary,External,,Regional / Domestic (Carpathian Basin),External,,~50–80 km (Gerecse to Pannonhalma),External,,"Walls, foundations, piers, arches, vaults, Millennium Monument core structure",Internal (DS/OUV),,"Porta Speciosa facing, decorative small columns, sculptured cloister stones, portico columns (Ionic), tympanum relief",Internal (DS/OUV),,"Ashlar masonry, carved decorative stonework",Internal (DS/OUV),,Severe deterioration (noted specifically on the 26m dome/drum of the Millennium Monument),Internal (DS/OUV),,,,,Dome removal (1937–38); 1960s cloister excavations/restorations; Romantic style restoration (1865); 20th-century conservation phases,Internal (DS/OUV),,Good,Internal (DS/OUV),,Yes,"Archaeometriai Műhely Journal (Bernadett, 2024)",,,Tier 9: Unflagged,
171,Fort and Shalamar Gardens in Lahore,Pakistan,Fortified Palace & Water Garden Enclosure Complex; nan,Internal (DS/OUV),,16th – 17th Century (Akbar 1542–1605 through Shah Jahan 1627–1658; Shalamar Gardens completed 1641–1642),Internal (DS/OUV),,Mughal Empire,Internal (DS/OUV),,,Internal (DS/OUV),,"Red Sandstone, White Marble",Red Sandstone,Sandstone,Sedimentary,Internal (DS/OUV),,,,"Semi-precious stones (pietra dura / inlay), Glass mosaics, Gilt",Internal (DS/OUV),,,,,,,,,,,,,,"Red/Terracotta (Sandstone); Pure White, Milky White, Grey/Pink Streaked (Marble)",Internal (DS/OUV),,,,,,,,,,,,,,,,,,,,"Baked brick masonry core with red sandstone courses, enclosing walls, gateways, bastions, and supporting pillars/pavilions",Internal (DS/OUV),,"Luxurious marble palaces, screens, inlay of semi-precious stones (pietra dura), glass mosaics (Shish Mahal), gilt, and zoomorphic corbels",Internal (DS/OUV),,"Ashlar stone cladding over baked brick, carved stone lattice (jaali) screens, corbelled brackets, and stone inlay/pietra dura",Internal (DS/OUV),,"Deterioration of hydraulic systems, moisture-induced micro-cracking, thermo-hygric expansion/bowing in marble, atmospheric pollution decay",Internal (DS/OUV),,Traditional lime mortar and matching red sandstone/marble matching historical composition during controlled restoration,Internal (DS/OUV),,Traditional lime mortar and matching red sandstone/marble matching historical composition during controlled restoration,Internal (DS/OUV),,Moderate,,,Yes,"1. Makrana Marble: A Popular Heritage Stone Resource
2. The Art of Pietra-dura during the 17th Century Mughal Era
3. Conservation Challenges and Emerging Trends in Pakistan",,,Tier 9: Unflagged,
373,"Stonehenge, Avebury and Associated Sites",United Kingdom of Great Britain and Northern Ireland,"Megalithic stone circles, henges, barrows, avenues, and earthen earthworks/mounds.; nan",Internal (DS/OUV),,Circa 3700 BC – 1600 BC (Neolithic to Early Bronze Age); focal stone circle built ~2500 BC.,Internal (DS/OUV),,Prehistoric Britain (Neolithic and Bronze Age societies).,Internal (DS/OUV),,,Internal (DS/OUV),,"Wiltshire Sarsen Sandstone and Bluestone (dolerite, rhyolite, tuffs)",Wiltshire Sarsen Sandstone,Sandstone,Sedimentary,Internal (DS/OUV),,,,"Chalk (used in earthworks/mounds like Silbury Hill), Altar Stone (Metasandstone), Quartz veins, packing stones",Internal (DS/OUV),,"Sarsen (Silcrete), Chalk",,,,,,,,,,,,,,,,,,,,,,,,United Kingdom (England & Wales),Internal (DS/OUV),,"Sarsens: Local/Regional (~25 km).
Bluestones: Imported (~200–240 km).",External,"Nash, D. J., Ciborowski, T. J. R., Ullyott, J. S., Pearson, M. P., Darvill, T., Greaney, S., Maniatis, G., & Whitaker, K. A. (2020). Origins of the sarsen megaliths at Stonehenge. Science Advances, 6(31), eabc0133. https://doi.org/10.1126/sciadv.abc0133",~25 km for Sarsens; up to 240 km for Bluestones.,Internal (DS/OUV),,"Standing megalithic uprights, horizontal lintels, central trilithons, inner/outer concentric circles, horseshoe arrangements, packing stones.",Internal (DS/OUV),,Unique surface shaping/dressing of megalithic stones; intentional arrangement of bluestone contrast.,Internal (DS/OUV),,"Mortise-and-tenon jointing, tongue-and-groove lintel capping, dressed/shaped megaliths.",Internal (DS/OUV),,"Weathering from surface erosion, natural environmental exposure, animal burrowing, and historic visitor traffic.",Internal (DS/OUV),,,,,"Early to mid-20th-century interventions involving excavation, re-erection of fallen or buried stones to their original positions, and modern site consolidation.",,,Good,Internal (DS/OUV),,Yes,"1. Nash et al., 2020 - Science Advances


2. Parker Pearson et al., 2015 - Antiquity


3. Whitaker, 2019 - Oxford Journal of Archaeology


4. Lott, 2013 - Quarterly Journal of Engineering Geology and Hydrogeology",,,Tier 9: Unflagged,
677,Baroque Churches of the Philippines,Philippines,Earthquake Baroque / Fortress Baroque (Peripheral Baroque); nan,Internal (DS/OUV),,"16th – 18th centuries (Spanish Colonial Period)
",Internal (DS/OUV),,"Spanish Colonial Philippines (fusion of Spanish/European, Chinese, and native Philippine traditions)",Internal (DS/OUV),,,Internal (DS/OUV),,"Tuff, Coralline / Coralline Limestone",Coralline / Coralline Limestone,Limestone,Sedimentary,Internal (DS/OUV),,Internal (DS/OUV),,"Brick, Lime (mortar), Coral blocks",Internal (DS/OUV),,Adobe stone (volcanic tuff in Manila/Luzon); Coral stone / De capaza,Internal (DS/OUV),,"Volcanic Tuff, Biogenic Coralline Limestone, Clay Brick",Internal (DS/OUV),,,,,na,,,,,,"Porous, coarse-grained (coralline/tuffaceous)",,,"Calcite (limestone), Volcanic ash/feldspar/silicate minerals (tuff)",,,"Local coastal coral reefs and nearby river quarries (e.g., Meycauayan/Guadalupe tuff quarries)",External,,"Local coastal coral reefs and nearby river quarries (e.g., Meycauayan/Guadalupe tuff quarries)",Internal (DS/OUV),,Local,Internal (DS/OUV),,,,,"Load-bearing exterior walls, massive buttresses (contrafuertes), bell towers, stone barrel vaults",Internal (DS/OUV),,"High Baroque retablos (altars), volutes, pediment reliefs, carved facades, trompe-l'œil ceiling paintings",Internal (DS/OUV),,"Thick unreinforced block masonry consolidated with lime mortar
",Internal (DS/OUV),,"Environmental degradation and surface erosion due to time, tropical humidity, and salt air",,,,,,Careful governmental and tri-partite restoration using original materials to preserve integrity,,,Excellent,,,Yes,ICOMOS Advisory Body Evaluation; Presidential Decrees 260 & 375; RA 10066 (National Heritage Law),,,Tier 9: Unflagged,
789,Historic Centre of the City of Pienza,Italy,"Italian Renaissance, Late Gothic (interior of Cathedral); nan",Internal (DS/OUV),,Late 15th Century (began in 1459 under Pope Pius II),Internal (DS/OUV),,Italian Renaissance / Western Christian,Internal (DS/OUV),,,Internal (DS/OUV),,Travertine,Travertine,Travertine,Sedimentary,,,,,,,,,,,,,,,,,,,,,,,,,, NA,,,,,,,,,,,,,,,"Load-bearing walls, columns, bell tower foundation, framing",Internal (DS/OUV),,"Herringbone square paving, facade details, capitals, mouldings",Internal (DS/OUV),,"Ashlar masonry, carved stone framing, herringbone paving",Internal (DS/OUV),,,,,,,,Programs ongoing since early 20th century in accordance with Restoration Charters,Internal (DS/OUV),,Good,Internal (DS/OUV),,Yes,https://www.mdpi.com/2571-9408/7/1/17,,,Tier 9: Unflagged,
132,Megalithic Temples of Malta,Malta,Prehistoric monumental buildings / Megalithic temples; nan,Internal (DS/OUV),,4th millennium BC and 3rd millennium BC,Internal (DS/OUV),,indigenous Neolithic civilization,External,,,Internal (DS/OUV),,"Coralline limestone, Globigerina limestone",Coralline limestone,Limestone,Sedimentary,,,,,,,,,,,"Hard coralline limestone, Soft globigerina limestone",,,,,,,,,,,,,,,,,,,,,,,,Locally available stone,Internal (DS/OUV),,,,,"External walls, sheltered interiors, orthostats (upright stone slabs), horizontal blocks, paved courts, corbelled roofs, horizontal beams",Internal (DS/OUV),,"Decorated features, panels decorated with drilled holes, bas-relief panels depicting spiral motifs, trees, plants, and animals",Internal (DS/OUV),,Megalithic masonry; upright stone slabs (orthostats) surmounted by horizontal blocks; corbelled roofing; external walls constructed in larger blocks set alternately face out and edge out with space between inner/outer walls filled with stones and earth,Internal (DS/OUV),,"Material and structural deterioration, erosion by natural and human causes, weathering",Internal (DS/OUV),,Cement (used for capping surviving blocks during historic restoration),Internal (DS/OUV),,"Moving decorated blocks indoors; capping surviving blocks with cement; lightweight, removable protective shelters/covers implemented",Internal (DS/OUV),,Good,Internal (DS/OUV),,Yes,,,,Tier 9: Unflagged,
132,Megalithic Temples of Malta,Malta,Prehistoric monumental buildings / Megalithic temples; nan,Internal (DS/OUV),,4th millennium BC and 3rd millennium BC,Internal (DS/OUV),,indigenous Neolithic civilization,External,,,Internal (DS/OUV),,"Coralline limestone, Globigerina limestone",Globigerina limestone,Limestone,Sedimentary,,,,,,,,,,,"Hard coralline limestone, Soft globigerina limestone",,,,,,,,,,,,,,,,,,,,,,,,Locally available stone,Internal (DS/OUV),,,,,"External walls, sheltered interiors, orthostats (upright stone slabs), horizontal blocks, paved courts, corbelled roofs, horizontal beams",Internal (DS/OUV),,"Decorated features, panels decorated with drilled holes, bas-relief panels depicting spiral motifs, trees, plants, and animals",Internal (DS/OUV),,Megalithic masonry; upright stone slabs (orthostats) surmounted by horizontal blocks; corbelled roofing; external walls constructed in larger blocks set alternately face out and edge out with space between inner/outer walls filled with stones and earth,Internal (DS/OUV),,"Material and structural deterioration, erosion by natural and human causes, weathering",Internal (DS/OUV),,Cement (used for capping surviving blocks during historic restoration),Internal (DS/OUV),,"Moving decorated blocks indoors; capping surviving blocks with cement; lightweight, removable protective shelters/covers implemented",Internal (DS/OUV),,Good,Internal (DS/OUV),,Yes,,,,Tier 9: Unflagged,
633,White Monuments of Vladimir and Suzdal,Russian Federation,"Ecclesiastical / Religious and Public Monuments (Cathedral, Church, Monastery, Castle/Palace, Fortress/Kremlin, Golden Gate); nan",Internal (DS/OUV),,12th–13th centuries (with 16th–17th century reconstructions/additions),,,Ancient Russian Principality / North-East Rus,Internal (DS/OUV),,,Internal (DS/OUV),,White Limestone,White Limestone,Limestone,Sedimentary,Internal (DS/OUV),,,,,,,"White Stone (""white-stone architecture / structures"")",Internal (DS/OUV),,Limestone,,,,,,,,,White,Internal (DS/OUV),,Regular blocks,Internal (DS/OUV),,Lime (in white lime mortar),Internal (DS/OUV),,,,,,,,,,,,,,"Load-bearing stonework faced in regular blocks of white limestone (walls, cubic towers, naves, drums, apses)",Internal (DS/OUV),,"Carved reliefs, exterior wall reliefs, fine stone carvings (over a thousand stone carvings on King David theme)",Internal (DS/OUV),,"Stonework faced in regular blocks of white limestone, ashlar masonry style",Internal (DS/OUV),,Atmospheric and vehicle pollution affecting white stone facades,Internal (DS/OUV),,White stone (Used in traditional restoration),Internal (DS/OUV),,"Restoration using traditional techniques, old construction methods, and authentic materials (white stone, white lime, wood, metal)",Internal (DS/OUV),,Good,Internal (DS/OUV),,Yes,,,,Tier 9: Unflagged,
1361,"Historic Jeddah, the Gate to Makkah",Saudi Arabia,"Multi-cultural Red Sea architectural tradition, characterized by imposing Roshan tower houses and lower houses, mosques, ribat-s, suqs, and small public squares.; nan",Internal (DS/OUV),,"7th century AD / 7th century AH (established as port/gate), with major development of tower houses occurring in the late 19th century (especially post-1869 after the Suez Canal opening).",Internal (DS/OUV),,"Islamic / Arabian Red Sea cultural world (influenced by Indian Ocean trade routes and a cosmopolitan population of pilgrims and merchants from Asia, Africa, and the Middle East).",Internal (DS/OUV),,,Internal (DS/OUV),,Coral Stone,Coral Stone,Coral Stone,Sedimentary,Internal (DS/OUV),,,,,,,Coral stone / Coral,Internal (DS/OUV),,,,,,,,,,,,,,,,,,,,,,,,,,Local (Red Sea coastal coral building traditions),Internal (DS/OUV),,,,,Coral stone/coral masonry used for constructing lower houses and tower houses (combined with embedded wooden beams).,Internal (DS/OUV),,Precious woodwork / Roshan wooden screens decorating facades (no stone decorative details mentioned).,Internal (DS/OUV),,"Coral masonry construction with embedded wooden beams; isolated, outward-oriented houses with specific technical devices for internal ventilation.",Internal (DS/OUV),,"Decay and deterioration of historic structures due to humidity, heat, abandonment, and squatting by poor immigrants.",Internal (DS/OUV),,,,,"Punctual restoration, stabilization, and revitalization projects aimed at nursing buildings back to life; minor maintenance on original masonries.",Internal (DS/OUV),,Good,,,Yes,,,,Tier 9: Unflagged,
1720,The Historic Town and Archaeological Site of Gedi,Kenya,"Swahili coastal architecture (domestic, religious, civic, tombs, palace complex, grand mosque, sunken courts, city walls); nan",Internal (DS/OUV),,10th to 17th centuries (particularly 15th–17th centuries),Internal (DS/OUV),,Swahili Islamic Civilization,Internal (DS/OUV),,,Internal (DS/OUV),,Coral stone / Coral rag,Coral stone / Coral rag,Coral Stone,Sedimentary,Internal (DS/OUV),,,,,,,Coral rag,Internal (DS/OUV),,,,,,,,,,,,,,,,,,,,,,,Kenya,Internal (DS/OUV),,Local (Building stones); Imported luxury items (Porcelain/Glass),Internal (DS/OUV),,,,,"Walls, domestic structures, mosques, tombs, palace complex, wells, water sumps",Internal (DS/OUV),,Mosques and tombs embellished with carvings and inset Chinese porcelain,Internal (DS/OUV),,Coral rag/stone laid with lime mortar and earth mortar,Internal (DS/OUV),,Vulnerable; affected by vegetation and potential fire risks,Internal (DS/OUV),,,,,Traditional building materials and methods respected during maintenance,Internal (DS/OUV),,Good,,,Yes,,,,Tier 9: Unflagged,
857,"La Grand-Place, Brussels",Belgium,"Eclectic blending of Gothic, Renaissance, and Baroque styles; nan",Internal (DS/OUV),,Earliest reference 12th century; major rebuilding late 17th century (post-1695 bombardment); restorations in 19th century,Internal (DS/OUV),,Western European / Brabant (Mercantile Northern Europe),Internal (DS/OUV),,,Internal (DS/OUV),,"Euville Stone, Calcareous Sandstone, Sandstone",Euville Stone,Limestone,Sedimentary,Internal (DS/OUV),,,,Gobertange calcareous sandstone (Bruxellian),Internal (DS/OUV),,Gobertange stone / Bruxellian,Internal (DS/OUV),,"Calcareous sandstone, limestone",Internal (DS/OUV),,,,,,,,,,,,,,,,,Gobertange / Euville,Internal (DS/OUV),,Belgium (Gobertange) / France (Euville),Internal (DS/OUV),,Both (Local Gobertange sandstone & imported/regional Euville stone),Internal (DS/OUV),,,,,"Stone façades, foundations, paved square",Internal (DS/OUV),,"Sculpted ornaments, gables, pinnacles, statues",Internal (DS/OUV),,"Ashlar stone masonry, historicist restoration / reproduction",Internal (DS/OUV),,Erosion and atmospheric pollution,Internal (DS/OUV),,Gobertange calcareous sandstone and Euville stone used during 19th-century restorations,Internal (DS/OUV),,Major historicist restoration campaigns in late 19th century and ongoing regional heritage interventions,Internal (DS/OUV),,Excellent,,,Yes,,,,Tier 9: Unflagged,
857,"La Grand-Place, Brussels",Belgium,"Eclectic blending of Gothic, Renaissance, and Baroque styles; nan",Internal (DS/OUV),,Earliest reference 12th century; major rebuilding late 17th century (post-1695 bombardment); restorations in 19th century,Internal (DS/OUV),,Western European / Brabant (Mercantile Northern Europe),Internal (DS/OUV),,,Internal (DS/OUV),,"Euville Stone, Calcareous Sandstone, Sandstone",Calcareous Sandstone,Sandstone,Sedimentary,Internal (DS/OUV),,,,Gobertange calcareous sandstone (Bruxellian),Internal (DS/OUV),,Gobertange stone / Bruxellian,Internal (DS/OUV),,"Calcareous sandstone, limestone",Internal (DS/OUV),,,,,,,,,,,,,,,,,Gobertange / Euville,Internal (DS/OUV),,Belgium (Gobertange) / France (Euville),Internal (DS/OUV),,Both (Local Gobertange sandstone & imported/regional Euville stone),Internal (DS/OUV),,,,,"Stone façades, foundations, paved square",Internal (DS/OUV),,"Sculpted ornaments, gables, pinnacles, statues",Internal (DS/OUV),,"Ashlar stone masonry, historicist restoration / reproduction",Internal (DS/OUV),,Erosion and atmospheric pollution,Internal (DS/OUV),,Gobertange calcareous sandstone and Euville stone used during 19th-century restorations,Internal (DS/OUV),,Major historicist restoration campaigns in late 19th century and ongoing regional heritage interventions,Internal (DS/OUV),,Excellent,,,Yes,,,,Tier 9: Unflagged,
857,"La Grand-Place, Brussels",Belgium,"Eclectic blending of Gothic, Renaissance, and Baroque styles; nan",Internal (DS/OUV),,Earliest reference 12th century; major rebuilding late 17th century (post-1695 bombardment); restorations in 19th century,Internal (DS/OUV),,Western European / Brabant (Mercantile Northern Europe),Internal (DS/OUV),,,Internal (DS/OUV),,"Euville Stone, Calcareous Sandstone, Sandstone",Sandstone,Sandstone,Sedimentary,Internal (DS/OUV),,,,Gobertange calcareous sandstone (Bruxellian),Internal (DS/OUV),,Gobertange stone / Bruxellian,Internal (DS/OUV),,"Calcareous sandstone, limestone",Internal (DS/OUV),,,,,,,,,,,,,,,,,Gobertange / Euville,Internal (DS/OUV),,Belgium (Gobertange) / France (Euville),Internal (DS/OUV),,Both (Local Gobertange sandstone & imported/regional Euville stone),Internal (DS/OUV),,,,,"Stone façades, foundations, paved square",Internal (DS/OUV),,"Sculpted ornaments, gables, pinnacles, statues",Internal (DS/OUV),,"Ashlar stone masonry, historicist restoration / reproduction",Internal (DS/OUV),,Erosion and atmospheric pollution,Internal (DS/OUV),,Gobertange calcareous sandstone and Euville stone used during 19th-century restorations,Internal (DS/OUV),,Major historicist restoration campaigns in late 19th century and ongoing regional heritage interventions,Internal (DS/OUV),,Excellent,,,Yes,,,,Tier 9: Unflagged,
292,Cologne Cathedral,Germany,"Gothic, High Gothic, Romanesque; nan",Internal (DS/OUV),,"Begun in 1248, completed in 1880 (with western section/nave/transept begun in 1330)",Internal (DS/OUV),,European Christianity,Internal (DS/OUV),,,Internal (DS/OUV),,Limestone,Limestone,Limestone,Sedimentary,Internal (DS/OUV),,,,,,,,,,,,,,,,,,,Black (referring to the high altar limestone slab),Internal (DS/OUV),,,,,,,,,,,,,,,,,,,,High altar slab (monolithic slab),Internal (DS/OUV),,Liturgical appointments / High altar slab,Internal (DS/OUV),,Medieval forms and techniques,Internal (DS/OUV),,,,,,,,"Maintenance, conservation, and restoration in the medieval tradition by Cathedral Workshop",,,Good,,,Yes,,,,Tier 9: Unflagged,
567,Tiwanaku: Spiritual and Political Centre of the Tiwanaku Culture,Bolivia (Plurinational State of),"Civic-ceremonial centre, Temples, Pyramids, Monoliths, Palaces, Urban ceremonial capital; nan",Internal (DS/OUV),,400 A.D. – 900 A.D. (flourished); apogee between 500 A.D. and 900 A.D.; declined 11th century to 12th century,Internal (DS/OUV),,Tiwanaku Culture / Pre-Inca Andean civilization,Internal (DS/OUV),,,Internal (DS/OUV),,"Sandstone, Red Sandstone, Andesite, Adobe (mud brick)",Sandstone,Sandstone,Sedimentary,Internal (DS/OUV),,,,,,,,,,,,,,,,,,,Red (for Red Sandstone),Internal (DS/OUV),,,,,,,,,,,,,,,,,,,,"Retaining walls (Akapana Pyramid clad in sandstone/andesite), pillars (Templete made of red sandstone), door frames/gateways (Gate of the Sun), steps, underground drainage canals",Internal (DS/OUV),,"Bas-relief frieze (Gate of the Sun depicting central deity and anthropomorphic birds), carved stone heads set into temple walls, carved monoliths",Internal (DS/OUV),,Impressive accurately carved ashlar stones; carved from single slabs (monolithic); polished stone materials,Internal (DS/OUV),,Adverse effect of climatic conditions,Internal (DS/OUV),,,,,"Systematic conservation, restoration, and physical stabilization measures required under the main plan (1999–2009)",Internal (DS/OUV),,Excellent,,,Yes,,,,Tier 9: Unflagged,
567,Tiwanaku: Spiritual and Political Centre of the Tiwanaku Culture,Bolivia (Plurinational State of),"Civic-ceremonial centre, Temples, Pyramids, Monoliths, Palaces, Urban ceremonial capital; nan",Internal (DS/OUV),,400 A.D. – 900 A.D. (flourished); apogee between 500 A.D. and 900 A.D.; declined 11th century to 12th century,Internal (DS/OUV),,Tiwanaku Culture / Pre-Inca Andean civilization,Internal (DS/OUV),,,Internal (DS/OUV),,"Sandstone, Red Sandstone, Andesite, Adobe (mud brick)",Red Sandstone,Sandstone,Sedimentary,Internal (DS/OUV),,,,,,,,,,,,,,,,,,,Red (for Red Sandstone),Internal (DS/OUV),,,,,,,,,,,,,,,,,,,,"Retaining walls (Akapana Pyramid clad in sandstone/andesite), pillars (Templete made of red sandstone), door frames/gateways (Gate of the Sun), steps, underground drainage canals",Internal (DS/OUV),,"Bas-relief frieze (Gate of the Sun depicting central deity and anthropomorphic birds), carved stone heads set into temple walls, carved monoliths",Internal (DS/OUV),,Impressive accurately carved ashlar stones; carved from single slabs (monolithic); polished stone materials,Internal (DS/OUV),,Adverse effect of climatic conditions,Internal (DS/OUV),,,,,"Systematic conservation, restoration, and physical stabilization measures required under the main plan (1999–2009)",Internal (DS/OUV),,Excellent,,,Yes,,,,Tier 9: Unflagged,
400,"Budapest, including the Banks of the Danube, the Buda Castle Quarter and Andrássy Avenue",Hungary,"Eclectic, Gothic, Neo-Gothic, Renaissance, Neo-Renaissance, Baroque, Art Nouveau; nan",Internal (DS/OUV),,"Roman era (Aquincum), Medieval (13th century / 1241–1242, King Bela IV), 14th century, 18th century, 19th century (1849, 1862, 1872–1885), 20th century (1893–1896, 1960–1980)",Internal (DS/OUV),,"Roman (Aquincum), Hungarian Monarchy, Austro-Hungarian Empire, Ottoman/Turkish Occupation period",Internal (DS/OUV),,,Internal (DS/OUV),,Limestone,Limestone,Limestone,Sedimentary,Internal (DS/OUV),,,,,,,,,,,,,,,,,,,,,,,,,,,,,,,,,,,,,,,,"Castle/Spur foundations, Bridges, Embankments, Underground Railway, Fortifications (Citadel), Retaining Structures",Internal (DS/OUV),,"Decorative facade elements, Street furniture, Monuments, Architectural embellishments",Internal (DS/OUV),,,,,"Deterioration of limestone structures, Humidity affecting wooden roof structures, Metal structure corrosion, Air pollution, Climate change impacts (extreme water levels of the Danube)",Internal (DS/OUV),,,,,Partial reconstruction and restoration of the Buda Castle Quarter (1960–1980); authentic renovation of three Danube bridges; ongoing maintenance,,,Excellent,,,Yes,,,,Tier 9: Unflagged,
392,Temple of Apollo Epicurius at Bassae,Greece,Columned Temple / Sanctuary; nan,Internal (DS/OUV),,Second half of the 5th century BC (420–400 BC),Internal (DS/OUV),,Ancient Greek / Classical Greek Civilization,Internal (DS/OUV),,,Internal (DS/OUV),,Limestone,Limestone,Limestone,Sedimentary,Internal (DS/OUV),,,,,,,Local limestone,Internal (DS/OUV),,,,,,,,,,,Grey (Arcadian mountain limestone),Internal (DS/OUV),,,,,,,,Local quarries (surrounding Arkadian mountains),Internal (DS/OUV),,Greece,Internal (DS/OUV),,Local,Internal (DS/OUV),,,,,"Colonnade (Doric outer columns), Cella, Adyton, Columns (Ionic and Corinthian)",Internal (DS/OUV),,"Sculptured frieze, Corinthian capital",Internal (DS/OUV),,Classical Greek dry masonry (Archaic/Doric blend),Internal (DS/OUV),,"Deterioration from extreme weather, temperature variations, strong wind, water, and seismic activity",Internal (DS/OUV),,Local limestone (matching the original material used in the monument),Internal (DS/OUV),,"Systemic restoration ongoing since 2001; installation of a protective shelter, anti-seismic netting, and drainage system",Internal (DS/OUV),,Excellent,,,Yes,,,,Tier 9: Unflagged,
1570,"Kakatiya Rudreshwara (Ramappa) Temple, Telangana",India,"Main Shiva temple in a walled temple complex with smaller temples and Mandapa structures; Kakatiyan style featuring sandbox foundations and light-weight porous ""floating bricks""; nan",Internal (DS/OUV),,Kakatiya Period (1123–1323 CE); temple construction began in 1213 CE and continued for ~40 years under rulers Rudradeva and Recharla Rudra,Internal (DS/OUV),,Kakatiya Dynasty,Internal (DS/OUV),,(i) to represent a masterpiece of human creative genius; | (iii) to bear a unique or at least exceptional testimony to a cultural tradition or to a civilization which is living or which has disappeared;,Internal (DS/OUV),,"Sandstone
",Sandstone,Sandstone,Sedimentary,Internal (DS/OUV),,Internal (DS/OUV),,"Granite, Dolerite, Light-weight porous bricks (""floating bricks"") and sand (used in sandbox foundation)",Internal (DS/OUV),,,,,"Fine-grained, hard dolerite (chiseled to metallic polish); Sandstone; Granite",Internal (DS/OUV),,,,,,,,,,,Hard dolerite with a fine lustre / metallic finish; porous lightweight bricks,Internal (DS/OUV),,,,,,,,India,Internal (DS/OUV),,Local (Erected using five types of local materials),Internal (DS/OUV),,,,,"Sandstone: Main temple structure and walls


Granite: Columns and beams


Sand: Sandbox foundation


Porous Clay Bricks: Lightweight pyramidal Vimana (horizontally stepped tower)",Internal (DS/OUV),,"Dolerite: Carved bracket figures, sculptures, and detailed relief carvings with intact lustre",Internal (DS/OUV),,Sandbox foundation technology; mortise-and-tenon or interlocking stone joinery; anastylosis (planned/applied for Kameshwara temple),Internal (DS/OUV),,,,,Remanufactured lightweight floating bricks (reconstructed after studies to match 13th-century techniques),Internal (DS/OUV),,Well-preserved; highly intact visual and structural integrity; protected from natural disasters due to innovative earthquake-resistant construction techniques,Internal (DS/OUV),,Excellent,Internal (DS/OUV),,Yes,,,,Tier 9: Unflagged,
822,Historic Centre (Old Town) of Tallinn,Estonia,"Medieval northern European trading city, public and burgher buildings, churches, fortifications, domestic merchant architecture; nan",Internal (DS/OUV),,13th to 16th centuries (with 17th–20th century additions),Internal (DS/OUV),,"Teutonic Order, Hanseatic League",Internal (DS/OUV),,,Internal (DS/OUV),,Limestone (explicitly mentioned forming the high hill of Toompea),Limestone (explicitly mentioned forming the high hill of Toompea),Limestone,Sedimentary,Internal (DS/OUV),,,,,,,,,,,,,,,,,,,,,,,,,,,,,,,,,,Local (Upper town constructed on local limestone hill),Internal (DS/OUV),,,,,"Castle, Cathedral, Town Wall, Fortifications, Urban Foundation",,,,,,,,,Fire and war ravages (historical structural risks),Internal (DS/OUV),,,,,"Historical residential refurbishment, maintenance of wooden quarters",Internal (DS/OUV),,Excellent,,,Yes,,,,Tier 9: Unflagged,
910,Brimstone Hill Fortress National Park,Saint Kitts and Nevis,Military architecture / Fortress / Citadel (Polygonal System); nan,Internal (DS/OUV),,"17th and 18th centuries (Evolved starting in 1690, Citadel completed end of 1700s, served until 1853)",Internal (DS/OUV),,British (built by African slave labour) / European colonial,Internal (DS/OUV),,,Internal (DS/OUV),,"Basalt, Limestone",Limestone,Limestone,Sedimentary,Internal (DS/OUV),,,,,,,,,,"Basalt, Limestone",,,,,,,,,,,,,,,,,,Quarries on the middle and lower slopes of the hill,Internal (DS/OUV),,Saint Kitts and Nevis (Island of St. Christopher / St. Kitts),Internal (DS/OUV),,Local,,,,,,"Dressed stone (basalt) blocks with a rubble core used for principal structures (bastions, barracks, retaining walls, Citadel)",Internal (DS/OUV),,Local limestone used as a decorative element for quoins and for facing round doorways and embrasures,Internal (DS/OUV),,Dressed stone blocks with a rubble core; traditional working techniques; mortars prepared with Portland cement mixed with lime,Internal (DS/OUV),,"Rock falls, land slippage, and heavy rainfall impact",Internal (DS/OUV),,New stone worked according to traditional techniques,Internal (DS/OUV),,"Stabilization, restoration, and reconstruction projects (e.g., discrete use of modern materials like Portland cement mixed with lime in recommended proportions, timber reconstructions)",Internal (DS/OUV),,Good,Internal (DS/OUV),,Yes,,,,Tier 9: Unflagged,
787,The <I>Trulli</I> of Alberobello,Italy,Traditional vernacular dry-stone dwellings/huts (trulli) with corbelled conical roofs; historic urban landscape; nan,Internal (DS/OUV),,"Prehistoric building technique; existing structures date as early as mid-14th century, expanding significantly in 1620 until the late 18th century",Internal (DS/OUV),,Mediterranean / Italian (Puglia / Itria Valley agricultural community),Internal (DS/OUV),,,Internal (DS/OUV),,Limestone,Limestone,Limestone,Sedimentary,Internal (DS/OUV),,,,,,,Chianche or Chiancarelle (corbelled limestone slabs used for roofs),Internal (DS/OUV),,"Roughly worked limestone boulders, limestone bedrock, and corbelled limestone slabs (chianche)",Internal (DS/OUV),,,,,,,,White / Whitewashed (lime whitewash),Internal (DS/OUV),,,,,,,,Excavated on-site (sub-floor cisterns) and collected from neighbouring fields and nearby rock outcrops,Internal (DS/OUV),,Italy,Internal (DS/OUV),,Local,Internal (DS/OUV),,On-site to immediate neighbouring fields / local region,Internal (DS/OUV),,Dry-stone double-skinned walls built directly onto limestone bedrock with a rubble core; corbelled conical double-skinned roofs (chianche slabs),Internal (DS/OUV),,Decorative pinnacles terminating the conical roofs; mythological/religious symbols drawn in white ash,Internal (DS/OUV),,Dry-wall / dry-stone construction (mortarless / without cement or mortar); corbelled stone roof construction,Internal (DS/OUV),,,,,,,,Lime whitewash (traditional material); conservative restoration regulated by local Recovery Plans and the Handbook of Trulli Restoration,,,Moderate,,,Yes,,,,Tier 9: Unflagged,
130,Ħal Saflieni Hypogeum,Malta,Underground cemetery / subterranean 'labyrinth' / rock-cut chambers; nan,Internal (DS/OUV),,"c. 4000 B.C. to 2500 B.C. (Żebbuġ, Ġgantija and Tarxien Phases)",Internal (DS/OUV),,Maltese Prehistory (Neolithic),Internal (DS/OUV),,,Internal (DS/OUV),,"Soft globigerina limestone, coralline limestone",Soft globigerina limestone,Limestone,Sedimentary,Internal (DS/OUV),,Internal (DS/OUV),,"Chert, flint, obsidian",Internal (DS/OUV),,"Globigerina limestone, coralline limestone",Internal (DS/OUV),,,,,,,,,,,Red ochre,Internal (DS/OUV),,Soft,,,Red ochre,,,Scooped out of the brow of a hill / hewn entirely out of the natural rock,Internal (DS/OUV),,Malta,Internal (DS/OUV),,Local,Internal (DS/OUV),,,,,"Subterranean levels of chambers, corbelled masonry imitation roofs, trilithon doorway imitations",Internal (DS/OUV),,Spiral and honeycomb painted designs in red ochre,Internal (DS/OUV),,"Rock-cut excavation using chert, flint, obsidian tools and antlers; corbelled masonry",Internal (DS/OUV),,"Fluctuating temperature and relative humidity levels, water infiltration, biological infestations",Internal (DS/OUV),,,,,Acquisition and dismantling of houses directly above the site; light level and visitor number controls,Internal (DS/OUV),,Excellent,,,Yes,,,,Tier 9: Unflagged,
130,Ħal Saflieni Hypogeum,Malta,Underground cemetery / subterranean 'labyrinth' / rock-cut chambers; nan,Internal (DS/OUV),,"c. 4000 B.C. to 2500 B.C. (Żebbuġ, Ġgantija and Tarxien Phases)",Internal (DS/OUV),,Maltese Prehistory (Neolithic),Internal (DS/OUV),,,Internal (DS/OUV),,"Soft globigerina limestone, coralline limestone",coralline limestone,Limestone,Sedimentary,Internal (DS/OUV),,Internal (DS/OUV),,"Chert, flint, obsidian",Internal (DS/OUV),,"Globigerina limestone, coralline limestone",Internal (DS/OUV),,,,,,,,,,,Red ochre,Internal (DS/OUV),,Soft,,,Red ochre,,,Scooped out of the brow of a hill / hewn entirely out of the natural rock,Internal (DS/OUV),,Malta,Internal (DS/OUV),,Local,Internal (DS/OUV),,,,,"Subterranean levels of chambers, corbelled masonry imitation roofs, trilithon doorway imitations",Internal (DS/OUV),,Spiral and honeycomb painted designs in red ochre,Internal (DS/OUV),,"Rock-cut excavation using chert, flint, obsidian tools and antlers; corbelled masonry",Internal (DS/OUV),,"Fluctuating temperature and relative humidity levels, water infiltration, biological infestations",Internal (DS/OUV),,,,,Acquisition and dismantling of houses directly above the site; light level and visitor number controls,Internal (DS/OUV),,Excellent,,,Yes,,,,Tier 9: Unflagged,
990,"Assisi, the Basilica of San Francesco and Other Franciscan Sites",Italy,"Umbrian hill town, medieval city, basilicas, sanctuaries, fort, hermitage sites; nan",Internal (DS/OUV),,"Ancient Roman origins, 13th century (medieval) through late 15th–18th centuries",Internal (DS/OUV),,"Umbrian-Roman, Medieval, Renaissance",Internal (DS/OUV),,,Internal (DS/OUV),,Limestone,Limestone,Limestone,Sedimentary,Internal (DS/OUV),,,,,,,Assisi type of stone,Internal (DS/OUV),,,,,,,,,,,,,,,,,,,,Mount Subasio slopes (local hill context),Internal (DS/OUV),,Italy,,,Local,,,,,,"Walls, foundations, vaults, basilicas, fort (Rocca Maggiore), sanctuaries",,,,,,Stone construction / terraced Roman town foundation,Internal (DS/OUV),,,,,,,,Restoration works carried out following earthquake damage (e.g. collapse of parts of the vaults in the Basilica of San Francesco),,,Excellent,,,Yes,,,,Tier 9: Unflagged,
1625,Cordouan Lighthouse,France,"Renaissance, Mannerism, Neoclassicism (18th century addition), Monumental, Tower; nan",Internal (DS/OUV),,"Turn of the 16th and 17th centuries (1584), remodelled/heightened late 18th century (1788–1789)",Internal (DS/OUV),,French (Kingdom of France),Internal (DS/OUV),,,Internal (DS/OUV),,Limestone (dressed blocks),Limestone (dressed blocks),Limestone,Sedimentary,Internal (DS/OUV),,,,,,,,,,,,,,,,,,,White,Internal (DS/OUV),,,,,,,,,,,,,,,,,,,,"Monumental tower, frustoconical tower, pilasters, columns, dome, light chamber, 8 levels (67m high)",Internal (DS/OUV),,"Pilasters, columns, sculptures, modillions, gargoyles, king's apartments, chapel",Internal (DS/OUV),,"Dressed blocks, stereotomy / stereometry",Internal (DS/OUV),,"Highly exposed and hostile/aggressive maritime environment (extreme meteorological conditions, hazards, ocean exposure)",Internal (DS/OUV),,,,,Heightened/strengthened in 1788–1789; regular technical adaptations and restorations in 19th & 20th centuries (addition of annular buildings),,,Good,,,Yes,,,,Tier 9: Unflagged,
90,Abu Mena,Egypt,"Monastery, Pilgrimage Centre, Ecclesiastical Complex (Churches, Baptistery, Basilicas, Hostels/Rest Houses, Public Baths, Workshops); nan",Internal (DS/OUV),,4th to 7th centuries AD (A.D. 296 – 7th Century AD),Internal (DS/OUV),,Early Christian / Coptic,Internal (DS/OUV),,,Internal (DS/OUV),,"Limestone, Marble",Limestone,Limestone,Sedimentary,Internal (DS/OUV),,,,,,,,,,,,,,,,,,,,,,,,,,,,,,,,,,,,,,,,Ashlar masonry for main buildings / wall construction,Internal (DS/OUV),,"Columns (made of Marble), Mosaics, fine lime plaster",Internal (DS/OUV),,Ashlar masonry set in lime mortar; Mud bricks covered with fine lime plaster for simpler buildings,Internal (DS/OUV),,"Risks from heavy rains, winds, humidity, fires, and rising underground water related to agricultural irrigation",Internal (DS/OUV),,,,,Ongoing periodic maintenance and active dewatering project to lower underground water table,Internal (DS/OUV),,Moderate,Internal (DS/OUV),,Yes,,,,Tier 9: Unflagged,
1379,Margravial Opera House Bayreuth,Germany,Baroque theatre architecture / Court opera house; nan,Internal (DS/OUV),,1745–1750,Internal (DS/OUV),,18th-century European / Princely Court (Margravine Wilhelmine of Brandenburg-Bayreuth),Internal (DS/OUV),,,Internal (DS/OUV),,Sandstone,Sandstone,Sandstone,Sedimentary,Internal (DS/OUV),,Internal (DS/OUV),,,,,,,,,,,,,,,,,,,,,,,,,,,,,Germany (Inferable from site location),,,,,,,,,Sandstone façade (designed by Joseph Saint Pierre),Internal (DS/OUV),,,,,,,,,,,,,,Overall conservation and restoration plan approved by State Party; restoration program concluded,,,Good,,,Yes,,,,Tier 9: Unflagged,
810,Historic City of Trogir,Croatia,"Hellenistic orthogonal plan, Romanesque churches, Gothic and Renaissance buildings/palaces, Baroque, Byzantine, Venetian fortifications, Fortress (Camerlengo), Cathedral, Basilica, Town Hall; nan",Internal (DS/OUV),,"Hellenistic period (3rd century BC), Medieval period, 13th to 16th century (Cathedral built ~1200–late 16th century), 14th–15th century (Town Hall), Venetian period",Internal (DS/OUV),,"Greek colonists, Roman, Byzantine, Hungarian, Venetian",Internal (DS/OUV),,,Internal (DS/OUV),,Limestone,Limestone,Limestone,Sedimentary,Internal (DS/OUV),,,,,,,Local limestone,Internal (DS/OUV),,,,,,,,,,,Mellowed with a golden patina,Internal (DS/OUV),,,,,,,,,,,Croatia,Internal (DS/OUV),,Local,Internal (DS/OUV),,,,,"Walls, residential blocks, fortifications, cathedral, basilica, bell tower, foundations, town hall, palaces",Internal (DS/OUV),,"Sculpture, portals (south portal, main west portal by Master Radovan)",Internal (DS/OUV),,"Megalithic wall, Vaulting (main nave)",Internal (DS/OUV),,"Sea level rise, climate change, past heavy vehicle traffic, patina accumulation",Internal (DS/OUV),,Authentic materials (where replacement is necessary),Internal (DS/OUV),,Rejection of abrasive stone cleaning in favor of maintaining patina; authentic materials and traditional techniques employed,Internal (DS/OUV),,Good,,,Yes,,,,Tier 9: Unflagged,
326,Petra,Jordan,"Architectural, Architecture, Building, Byzantine, Design, Facade, Monument, Monumental, Plan, Structure, Traditional (also Nabataean, Hellenistic, Roman, Graeco-Roman); nan",Internal (DS/OUV),,"Prehistoric times; first centuries BC to AD (Nabataean, Roman, Byzantine); Iron Age, Chalcolithic, Crusader/Medieval",Internal (DS/OUV),,"Nabataean, Roman, Byzantine, Hellenistic, Assyrian, Greek, Crusader",Internal (DS/OUV),,,Internal (DS/OUV),,"Red Sandstone, Sandstone",Red Sandstone,Sandstone,Sedimentary,Internal (DS/OUV),,Internal (DS/OUV),,,,,,,,Sandstone,Internal (DS/OUV),,,,,,,,,,,,,,,,,,,,,,,Local (rock-cut directly into surrounding cliffs and gorges),Internal (DS/OUV),,,,,"Half-built, half-carved rock-cut structures, tombs, temples, water channels, dams, cisterns, city walls, arches",Internal (DS/OUV),,"Monumental rock-cut facades, capitals, funerary stelae",Internal (DS/OUV),,Rock-cut / Ashlar Freestanding Masonry,Internal (DS/OUV),,"Ongoing erosion due to wind and rain, exacerbated by windblown sand and natural decay of the sandstone architecture",Internal (DS/OUV),,,,,Stabilization of freestanding monuments including Qasr al Bint temple and the vaulted structure supporting the Byzantine forecourt,Internal (DS/OUV),,Moderate,,,Yes,,,,Tier 9: Unflagged,
326,Petra,Jordan,"Architectural, Architecture, Building, Byzantine, Design, Facade, Monument, Monumental, Plan, Structure, Traditional (also Nabataean, Hellenistic, Roman, Graeco-Roman); nan",Internal (DS/OUV),,"Prehistoric times; first centuries BC to AD (Nabataean, Roman, Byzantine); Iron Age, Chalcolithic, Crusader/Medieval",Internal (DS/OUV),,"Nabataean, Roman, Byzantine, Hellenistic, Assyrian, Greek, Crusader",Internal (DS/OUV),,,Internal (DS/OUV),,"Red Sandstone, Sandstone",Sandstone,Sandstone,Sedimentary,Internal (DS/OUV),,Internal (DS/OUV),,,,,,,,Sandstone,Internal (DS/OUV),,,,,,,,,,,,,,,,,,,,,,,Local (rock-cut directly into surrounding cliffs and gorges),Internal (DS/OUV),,,,,"Half-built, half-carved rock-cut structures, tombs, temples, water channels, dams, cisterns, city walls, arches",Internal (DS/OUV),,"Monumental rock-cut facades, capitals, funerary stelae",Internal (DS/OUV),,Rock-cut / Ashlar Freestanding Masonry,Internal (DS/OUV),,"Ongoing erosion due to wind and rain, exacerbated by windblown sand and natural decay of the sandstone architecture",Internal (DS/OUV),,,,,Stabilization of freestanding monuments including Qasr al Bint temple and the vaulted structure supporting the Byzantine forecourt,Internal (DS/OUV),,Moderate,,,Yes,,,,Tier 9: Unflagged,
983,"Historic Town of St George and Related Fortifications, Bermuda",United Kingdom of Great Britain and Northern Ireland,"Colonial, English military engineering, Garrison town; nan",Internal (DS/OUV),,17th to 20th century (Settlement began August 1612),Internal (DS/OUV),,English / British Colonial,Internal (DS/OUV),,,Internal (DS/OUV),,Limestone,Limestone,Limestone,Sedimentary,Internal (DS/OUV),,,,,,,Local limestone / Bermudian limestone,Internal (DS/OUV),,,,,,,,,,,White (due to whitewashing),,,,,,,,,,,,United Kingdom of Great Britain and Northern Ireland (Bermuda),Internal (DS/OUV),,Local materials / Local stone,Internal (DS/OUV),,,,,"Walls, roofs, foundations, fortification batteries, seawalls",Internal (DS/OUV),,,,,Early masonry construction / Cut soft stone blocks whitewashed for water catchment,Internal (DS/OUV),,"Storm damage, exposure to maritime environments, invasive plant species",Internal (DS/OUV),,,,,"Major restorations (Seawalls, roof, window restorations, structural repairs, graffiti removal)",Internal (DS/OUV),,Good,,,Yes,,,,Tier 9: Unflagged,
586,Rohtas Fort,Pakistan,"Muslim Military Architecture (Fortress / Garrison complex with bastions, monumental gateways, inner citadel, stepped wells, mosque, and haveli); nan",Internal (DS/OUV),,16th Century (Commenced in 1541 by Sher Shah Suri; continuous use until 1707 and reoccupied into the 18th/19th centuries),Internal (DS/OUV),,Suri Dynasty / Mughal Empire (incorporating artistic and architectural traditions from Turkey and the Indian Subcontinent),Internal (DS/OUV),,,,,Marble and Sandstone (Rock/geological material is explicitly mentioned),Sandstone (Rock/geological material is explicitly mentioned),Sandstone,Sedimentary,Internal (DS/OUV),,,,Sedimentary (Sandstone) & Metamorphic (Marble),,,,,,,,,,,,,,,,,,,,,,,,,,,,,,,,,,,,"Massive defensive fortification walls, 68 bastions, 12 monumental gateways, inner citadel walls, stepped wells (baolis), and buildings (Shahi Masjid, Haveli Man Singh)",Internal (DS/OUV),,"High- and low-relief carvings, calligraphic inscriptions in marble and sandstone",Internal (DS/OUV),,Ashlar/coursed stone masonry with plaster decoration and glazed tiles,Internal (DS/OUV),,"Fortification wall collapsed in places; threatened by rainwater flooding, choking of original drainage system, and encroachment",Internal (DS/OUV),,,,,Minimal and discreet restoration avoiding modern materials; ongoing management under the Rohtas Fort Conservation Programme (initiated 2000),Internal (DS/OUV),,Moderate,Internal (DS/OUV),,Yes,,,,Tier 9: Unflagged,
434,"Archaeological Sites of Bat, Al-Khutm and Al-Ayn",Oman,"Settlements, Necropolises (tombs), Monumental Towers, Fort, Irrigation Systems/Dams; nan",Internal (DS/OUV),,"3rd Millennium BCE (Bronze Age: Hafit Period, Early & Late Umm an-Nar periods; Iron Age; Neolithic)",Internal (DS/OUV),,Early Bronze Age / Umm an-Nar & Hafit Cultures / Ancient Magan,Internal (DS/OUV),,,,,Limestone,Limestone,Limestone,Sedimentary,Internal (DS/OUV),,,,Flint (used in Neolithic mines/workshops),Internal (DS/OUV),,,,,"Dressed limestone blocks, Mud-brick (underneath earlier structures)",Internal (DS/OUV),,,,,,,,,,,Dressed / regularly cut stone blocks,Internal (DS/OUV),,,,,Local ancient Bronze Age quarries & stone-masonry workshops,Internal (DS/OUV),,Sultanate of Oman,Internal (DS/OUV),,Local,Internal (DS/OUV),,Immediate vicinity of settlements/workshops,Internal (DS/OUV),,"Circular outer walls of towers, beehive tombs, cairn tombs, foundations, terraces",Internal (DS/OUV),,,,,"Dry-stone masonry, dressed blocks laid carefully with simple mud mortar",Internal (DS/OUV),,"Damaged slightly by action of time, natural erosion, and weathering processes",Internal (DS/OUV),,,,,Planned restoration for the monumental tower Kasr al-Rojoom,Internal (DS/OUV),,Excellent,,,Yes,,,,Tier 9: Unflagged,
233,"Qutb Minar and its Monuments, Delhi",India,"Architectural, Masonry, Monument, Mughal, Islamic, Funerary, Religious; nan",Internal (DS/OUV),,Early 13th century (1199–1503; major expansions in 1311),Internal (DS/OUV),,"Indo-Muslim / Islamic (Ghurid clans, Slave/Mamluk Dynasty, Khilji Dynasty, Mughal era influence)",Internal (DS/OUV),,,,,"Red Sandstone, Buff Sandstone",Red Sandstone,Sandstone,Sedimentary,Internal (DS/OUV),,,,,,,,,,Sandstone,Internal (DS/OUV),,,,,,,,"Red, Buff",Internal (DS/OUV),,Fluted (architectural surface/carved),,,,,,,,,,,,Reused materials from ~20 local Brahman temples,Internal (DS/OUV),,,,,"Masonry tower, arches, minarets, arcades, ceremonial gateway, tomb chamber",Internal (DS/OUV),,"Carved inscriptional bands, arabesque patterns, geometrical patterns, carved pillars, cladding",Internal (DS/OUV),,"Angular and rounded fluted masonry, ashlar masonry with carved bands",Internal (DS/OUV),,,,,,,,Periodically undertaken reversible repairs respecting original construction systems,Internal (DS/OUV),,Good,,,Yes,,,,Tier 9: Unflagged,
233,"Qutb Minar and its Monuments, Delhi",India,"Architectural, Masonry, Monument, Mughal, Islamic, Funerary, Religious; nan",Internal (DS/OUV),,Early 13th century (1199–1503; major expansions in 1311),Internal (DS/OUV),,"Indo-Muslim / Islamic (Ghurid clans, Slave/Mamluk Dynasty, Khilji Dynasty, Mughal era influence)",Internal (DS/OUV),,,,,"Red Sandstone, Buff Sandstone",Buff Sandstone,Sandstone,Sedimentary,Internal (DS/OUV),,,,,,,,,,Sandstone,Internal (DS/OUV),,,,,,,,"Red, Buff",Internal (DS/OUV),,Fluted (architectural surface/carved),,,,,,,,,,,,Reused materials from ~20 local Brahman temples,Internal (DS/OUV),,,,,"Masonry tower, arches, minarets, arcades, ceremonial gateway, tomb chamber",Internal (DS/OUV),,"Carved inscriptional bands, arabesque patterns, geometrical patterns, carved pillars, cladding",Internal (DS/OUV),,"Angular and rounded fluted masonry, ashlar masonry with carved bands",Internal (DS/OUV),,,,,,,,Periodically undertaken reversible repairs respecting original construction systems,Internal (DS/OUV),,Good,,,Yes,,,,Tier 9: Unflagged,
149,Archaeological Park and Ruins of Quirigua,Guatemala,"Pyramids, terraces, staircases, dwellings, royal residence, administrative centre; nan",Internal (DS/OUV),,200 AD – 900 AD (Monuments carved 426 AD – 810 AD; major 8th-century remodelling),Internal (DS/OUV),,Maya (Mayan),Internal (DS/OUV),,,Internal (DS/OUV),,Sandstone,Sandstone,Sandstone,Sedimentary,Internal (DS/OUV),,,,Jade (mentioned in context of trade route control),Internal (DS/OUV),,,,,,,,,,,,,,,,,,,,,,,,,,,,,,,,,,,"Pyramids, terraces, staircases, plazas",,,"Monolithic stelae, carved altars, sculpted calendars, zoomorphic & anthropomorphic sculptures",Internal (DS/OUV),,"Carved in sandstone without the use of metal tools; high relief (""School of Motagua"" style)",Internal (DS/OUV),,"Damage caused by environmental factors, flooding (1998, 2010), and proximity to Motagua River and geological fault",Internal (DS/OUV),,,,,Minimal conservation interventions; new shelter facilities and designs developed for individual monument protection,Internal (DS/OUV),,Excellent,Internal (DS/OUV),,Yes,,,,Tier 9: Unflagged,
634,"Church of the Ascension, Kolomenskoye",Russian Federation,Tent-roofed church / Orthogonal one-pillar construction; nan,Internal (DS/OUV),,Built in 1532,Internal (DS/OUV),,Russian Orthodox / Imperial Russia (16th Century),Internal (DS/OUV),,,,,Limestone / White-stone,Limestone / White-stone,Limestone,Sedimentary,Internal (DS/OUV),,,,,,,White-stone (beliy kamen),,,,,,,,,,,,White,Internal (DS/OUV),,,,,,,,,,,,,,,,,,,,"Substructure, octagonal base, stairs, ciborium (""royal pew""), and pillars/walls",Internal (DS/OUV),,"Carved capitals, portals, and floor paving",Internal (DS/OUV),,"Brickwork combined with white-stone carved features, cladding, and facing",Internal (DS/OUV),,Complete loss of original white-stone carved capitals and portals on the second tier; surface damage to brickwork,Internal (DS/OUV),,"New white-stone floors, stairs, and grounds; white limestone coatings for facades",Internal (DS/OUV),,"Major restorations occurred in the early 19th century, 1860s, early 20th century, 1980s, and 2003–2007",Internal (DS/OUV),,Excellent,Internal (DS/OUV),,Yes,,,,Tier 9: Unflagged,
277,Hatra,Iraq,"Fortified city, temples/shrines with Iwans (open halls with high barrel-vaulted roofs), temenos, inner & outer circular defensive walls, towers, strongholds, gates, and bridges.; nan",Internal (DS/OUV),,1st century BC to mid-2nd century AD; Parthian empire era (ca. 200 BC–220 AD). Inscribed on UNESCO World Heritage list in 1985.,Internal (DS/OUV),,"Parthian Empire, Aramean, Arab Kingdom, Assyro-Babylonian with Hellenistic and Roman influences.",Internal (DS/OUV),,,Internal (DS/OUV),,"Gypsum, Stone",Gypsum,Calcite/Gypsum,Sedimentary,Internal (DS/OUV),,,,"Bitumen, Mudbrick, Brick",Internal (DS/OUV),,,,,,,,,,,,,,,,,,,,,,,Stone quarries near the site.,Internal (DS/OUV),,Iraq,Internal (DS/OUV),,Local (relied for building materials on stone quarries near the site).,Internal (DS/OUV),,,,,"Inner main wall (diameter ~2 km), strongholds, towers, barrel-vaulted roofs / Iwans, rectangular temenos wall, contiguous Iwans, bridges, and wells.",Internal (DS/OUV),,"Carved stone and gypsum, pilastered portico, carved stone statues, statuettes of gods/rulers, sculptured figures, and Aramaic inscriptions.",Internal (DS/OUV),,"Mudbrick, brick, bitumen and gypsum, stone and gypsum; barrel vaults; carved stone and chiselled stone masonry.",Internal (DS/OUV),,"Severe natural weathering, erosion, neglect, looting, and localized conflict-inflicted damage (2015–2017).",Internal (DS/OUV),,Stone cut and chiselled from the same local stone quarries by specialized archaeologists and Mosul stone chisellers.,Internal (DS/OUV),,Historical conservation/restoration of walls and temenos rooms; ongoing plans for archaeological conservation of natural/conflict erosion.,Internal (DS/OUV),,Good,,,Yes,,,,Tier 9: Unflagged,
731,Hanseatic Town of Visby,Sweden,"Walled trading town, ramparts, warehouses, merchants' dwellings, castles, cathedrals, churches, guild houses, residences, towers, gates, moats, monasteries, vernacular wooden houses, hospital, school, prison.; nan",Internal (DS/OUV),,"Viking Age (pre-12th century), 12th century, 13th century, 14th century, 18th century, and 19th century.",Internal (DS/OUV),,"Viking / Gotlandic, German (Hanseatic League), Danish, Russian.",Internal (DS/OUV),,,Internal (DS/OUV),,Limestone ,Limestone,Limestone,Sedimentary,Internal (DS/OUV),,,,,,,Gotlandic Limestone,Internal (DS/OUV),,,,,,,,,,,,,,,,,,,,"Quarries extracted from the surrounding dry moats, open spaces, and adjacent limestone quarries.",Internal (DS/OUV),,Sweden (Island of Gotland),Internal (DS/OUV),,Local,Internal (DS/OUV),,Local / Short distance (Quarried directly from the defensive network/moats surrounding the site and nearby quarries).,Internal (DS/OUV),,"Town defense walls, ramparts, towers, gates, foundations, warehouses, churches, cathedrals, and street paving (large limestone slabs).",Internal (DS/OUV),,,,,Stone masonry with Gotlandic lime plaster/mortars; horizontal plank timber construction (used for vernacular houses).,Internal (DS/OUV),,"Partial collapses over the years (e.g., collapse of a section of the town wall in 2012); decay of abandoned church ruins after the Reformation (1530s).",Internal (DS/OUV),,,,,Restoration of the town wall following the 2012 collapse; ongoing traditional lime production and craftsmanship for mortar/plaster preservation.,Internal (DS/OUV),,Moderate,Internal (DS/OUV),,Yes,,,,Tier 9: Unflagged,
518,Poblet Monastery,Spain,"Cistercian abbey / Abbey, Monastery complex (includes church, cloister, fortified royal residence, chapter house, refectory, pantheon, etc.); nan",Internal (DS/OUV),,12th to 15th centuries (Church dates to the 13th century),Internal (DS/OUV),,Crown of Aragon / Kingdom of Catalonia and Aragon,Internal (DS/OUV),,,Internal (DS/OUV),,"Alabaster (retable of the high altar by Damià Forment, 1529)",Alabaster (retable of the high altar by Damià Forment,Calcite/Gypsum,Sedimentary,Internal (DS/OUV),,,,,,,,,,,,,,,,,,,,,,,,,,,,,,,,,,,,,,,,,,,High altar retable (made of alabaster),Internal (DS/OUV),,,,,,,,,,,"Retable of the high altar, church, refectory, cloister, chapter house, scriptorium, and abbot’s palace restored since 1940",Internal (DS/OUV),,Good,,,Yes,,,,Tier 9: Unflagged,
385,Old City of Sana'a,Yemen,"Homogeneous architectural ensemble; multi-storeyed tower-houses, minarets, mosques, hammams (baths), caravanserais, and city walls.; nan",Internal (DS/OUV),,"Houses and structures built continuously over 2,500 years; pre-11th century houses and mosques; 16th-century Ottoman additions.",Internal (DS/OUV),,"Pre-Islamic Yemenite kingdoms, Abyssinian (Christian, 525–575 AD), Islamic / Arab, and Ottoman civilizations.",Internal (DS/OUV),,,Internal (DS/OUV),,Gypsum,Gypsum,Calcite/Gypsum,Sedimentary,Internal (DS/OUV),,,,,,,,,,,,,,,,,,,White (gypsum); Ochre / Bistre (earth and burnt brick),Internal (DS/OUV),,,,,"Gypsum (Calcium sulfate dihydrate, $CaSO_4 \cdot 2H_2O$",Internal (DS/OUV),,,,,Yemen (implied by local materials),Internal (DS/OUV),,"Local materials (""exceptional craftsmanship in the use of local materials and techniques"")",Internal (DS/OUV),,"Nearby/Immediate local area (""bistre-colored earth of the nearby mountains"")",Internal (DS/OUV),,Stone-built ground floors supporting upper multi-storeyed tower-houses; city boundary walls.,Internal (DS/OUV),,Fired brick combined with white gypsum applied for geometric surface patterns on building facades.,Internal (DS/OUV),,Stone masonry for lower levels; rammed earth (pisé) and burnt brick for upper floors.,Internal (DS/OUV),,,,,,,,Traditional conservation practices noted; vulnerable to incorrect contemporary conservation practices and development.,Internal (DS/OUV),,Moderate,,,Yes,,,,Tier 9: Unflagged,
255,Fatehpur Sikri,India,"Mughal Architecture / Indo-Islamic Style (Palaces, Public Buildings, Mosques, Living Areas, Fortifications); nan",Internal (DS/OUV),,1571–1573 (City construction); Mosque completed in 1571–72; Tomb completed in 1580–81 / 1606; Buland Darwaza completed in 1575,Internal (DS/OUV),,Mughal Empire,Internal (DS/OUV),,"(ii) to exhibit an important interchange of human values, over a span of time or within a cultural area of the world, on developments in architecture or technology, monumental arts, town-planning or landscape design; | (iii) to bear a unique or at least exceptional testimony to a cultural tradition or to a civilization which is living or which has disappeared; | (iv) to be an outstanding example of a type of building, architectural or technological ensemble or landscape which illustrates (a) significant stage(s) in human history;",Internal (DS/OUV),,"Red Sandstone (Major), Marble (Secondary/Minor)",Red Sandstone (Major),Sandstone,Sedimentary,Internal (DS/OUV),,Internal (DS/OUV),,Marble,Internal (DS/OUV),,,,,,,,Vindhyan (Stratigraphic Group mentioned for hill ranges),Internal (DS/OUV),,,,,"Red (Sandstone), White (implied Marble)",Internal (DS/OUV),,"Perforated (Stone screens), Carved",Internal (DS/OUV),,,,,Outcrops of the Vindhyan hill ranges (Mining within 10-km radius banned),Internal (DS/OUV),,India,Internal (DS/OUV),,Local (Extracted from nearby Vindhyan outcrops),Internal (DS/OUV),,Local / Immediate vicinity (within 10-km radius),,,"Wall, Porticos, Pillars, Roofs, Gate (Buland Darwaza), Towers (Hiran Minar), Fortification",Internal (DS/OUV),,"Perforated stone screens, Sculpted decoration, Richly carved interior pillars, Azure-blue ribbed roof",Internal (DS/OUV),,"Perforated stone screens, Sculpted decoration, Richly carved interior pillars, Azure-blue ribbed roof",Internal (DS/OUV),,,,,,,,"Repairs, chemical preservation, and restoration carried out on Buland Darwaza, Jama Masjid, Shaikh Salim Chisti's Tomb, Khwabgah, Mariam's house, Jodha Bai Palace, Diwan-i-Am, etc.",Internal (DS/OUV),,Good,,,Yes,,,,Tier 9: Unflagged,
1295,"Fort Jesus, Mombasa",Kenya,Military fortification; nan,Internal (DS/OUV),,1593–1596,Internal (DS/OUV),,"Portuguese (with later Swahili, Arab, Turkish, Persian, and British occupations)",Internal (DS/OUV),,"(ii) to exhibit an important interchange of human values, over a span of time or within a cultural area of the world, on developments in architecture or technology, monumental arts, town-planning or landscape design; | (iv) to be an outstanding example of a type of building, architectural or technological ensemble or landscape which illustrates (a) significant stage(s) in human history;",Internal (DS/OUV),,"Coral Rock, Coral Stone",Coral Rock,Coral Stone,Sedimentary,Internal (DS/OUV),,Internal (DS/OUV),,,,,,,,Coral limestone / Coral rock,Internal (DS/OUV),,,,,,,,,,,,,,Lime mortar (calcium carbonate),Internal (DS/OUV),,,,,Kenya,Internal (DS/OUV),,Local (built over a spur of coral rock),Internal (DS/OUV),,,,,"Fortification walls, bastions, moat, structural foundations",Internal (DS/OUV),,,,,Traditional coral stone and lime mortar masonry,Internal (DS/OUV),,Erosion of rocks along the sea coast,Internal (DS/OUV),,Coral stone and lime mortar,Internal (DS/OUV),,Ongoing maintenance and conservation work using traditional materials,Internal (DS/OUV),,Good,,,Yes,,,,Tier 9: Unflagged,
1295,"Fort Jesus, Mombasa",Kenya,Military fortification; nan,Internal (DS/OUV),,1593–1596,Internal (DS/OUV),,"Portuguese (with later Swahili, Arab, Turkish, Persian, and British occupations)",Internal (DS/OUV),,"(ii) to exhibit an important interchange of human values, over a span of time or within a cultural area of the world, on developments in architecture or technology, monumental arts, town-planning or landscape design; | (iv) to be an outstanding example of a type of building, architectural or technological ensemble or landscape which illustrates (a) significant stage(s) in human history;",Internal (DS/OUV),,"Coral Rock, Coral Stone",Coral Stone,Coral Stone,Sedimentary,Internal (DS/OUV),,Internal (DS/OUV),,,,,,,,Coral limestone / Coral rock,Internal (DS/OUV),,,,,,,,,,,,,,Lime mortar (calcium carbonate),Internal (DS/OUV),,,,,Kenya,Internal (DS/OUV),,Local (built over a spur of coral rock),Internal (DS/OUV),,,,,"Fortification walls, bastions, moat, structural foundations",Internal (DS/OUV),,,,,Traditional coral stone and lime mortar masonry,Internal (DS/OUV),,Erosion of rocks along the sea coast,Internal (DS/OUV),,Coral stone and lime mortar,Internal (DS/OUV),,Ongoing maintenance and conservation work using traditional materials,Internal (DS/OUV),,Good,,,Yes,,,,Tier 9: Unflagged,
1093,Um er-Rasas (Kastrom Mefa'a),Jordan,"Roman military camp, fortified town, churches, stylized towers; nan",Internal (DS/OUV),,"End of 3rd to 9th centuries AD (Roman, Byzantine, and Early Muslim/Umayyad periods)",Internal (DS/OUV),,"Roman, Byzantine, Umayyad / Early Muslim",Internal (DS/OUV),,"(i) to represent a masterpiece of human creative genius; | (iv) to be an outstanding example of a type of building, architectural or technological ensemble or landscape which illustrates (a) significant stage(s) in human history; | (vi) to be directly or tangibly associated with events or living traditions, with ideas, or with beliefs, with artistic and literary works of outstanding universal significance;",Internal (DS/OUV),,Limestone (Geological material is explicitly mentioned),Limestone (Geological material is explicitly mentioned),Limestone,Sedimentary,Internal (DS/OUV),,Internal (DS/OUV),,,,,,,,,,,,,,,,,,,,,,,,,,Local quarries associated with northern group of ruins (Geological source area mentioned),Internal (DS/OUV),,Jordan,Internal (DS/OUV),,Local,Internal (DS/OUV),,,,,"Fortified Roman walls, towers, churches, courtyard walls, columns",Internal (DS/OUV),,"Geometric, town-map, and animal mosaic floors; painted plaster on limestone",Internal (DS/OUV),,"Stone tower construction, coursed stone masonry",Internal (DS/OUV),,"General weathering processes, seismic structural collapse, poor drainage vulnerability",Internal (DS/OUV),,,,,"Structural consolidation, backfilling, protective shelters over St Stephen's Church and Church of the Lions",Internal (DS/OUV),,Poor,,,Yes,,,,Tier 9: Unflagged,
428,City of Bath,United Kingdom of Great Britain and Northern Ireland,"Neoclassical, Palladian, Georgian, Renaissance; nan",Internal (DS/OUV),,"Roman (1st century AD), Middle Ages, 18th century (Georgian)",Internal (DS/OUV),,"Roman, British/Georgian",Internal (DS/OUV),,"(i) to represent a masterpiece of human creative genius; | (ii) to exhibit an important interchange of human values, over a span of time or within a cultural area of the world, on developments in architecture or technology, monumental arts, town-planning or landscape design; | (iv) to be an outstanding example of a type of building, architectural or technological ensemble or landscape which illustrates (a) significant stage(s) in human history;",,,"Oolitic limestone, Limestone",Oolitic limestone,Limestone,Sedimentary,Internal (DS/OUV),,Internal (DS/OUV),,,,,Bath Oolitic limestone / Bath Stone,Internal (DS/OUV),,Oolitic limestone,Internal (DS/OUV),,,,,,,,,,,Oolitic,Internal (DS/OUV),,,,,Ralph Allen's Quarries (Combe Down),Internal (DS/OUV),,United Kingdom,Internal (DS/OUV),,Local,Internal (DS/OUV),,,,,"Crescents, terraces, squares, abbey, public buildings, thermal baths, temples",Internal (DS/OUV),,"Neoclassical facades, Palladian architectural elements",Internal (DS/OUV),,,,,,,,,,,Program of restoration in the late 20th century,Internal (DS/OUV),,Excellent,,,Yes,,,,Tier 9: Unflagged,
428,City of Bath,United Kingdom of Great Britain and Northern Ireland,"Neoclassical, Palladian, Georgian, Renaissance; nan",Internal (DS/OUV),,"Roman (1st century AD), Middle Ages, 18th century (Georgian)",Internal (DS/OUV),,"Roman, British/Georgian",Internal (DS/OUV),,"(i) to represent a masterpiece of human creative genius; | (ii) to exhibit an important interchange of human values, over a span of time or within a cultural area of the world, on developments in architecture or technology, monumental arts, town-planning or landscape design; | (iv) to be an outstanding example of a type of building, architectural or technological ensemble or landscape which illustrates (a) significant stage(s) in human history;",,,"Oolitic limestone, Limestone",Limestone,Limestone,Sedimentary,Internal (DS/OUV),,Internal (DS/OUV),,,,,Bath Oolitic limestone / Bath Stone,Internal (DS/OUV),,Oolitic limestone,Internal (DS/OUV),,,,,,,,,,,Oolitic,Internal (DS/OUV),,,,,Ralph Allen's Quarries (Combe Down),Internal (DS/OUV),,United Kingdom,Internal (DS/OUV),,Local,Internal (DS/OUV),,,,,"Crescents, terraces, squares, abbey, public buildings, thermal baths, temples",Internal (DS/OUV),,"Neoclassical facades, Palladian architectural elements",Internal (DS/OUV),,,,,,,,,,,Program of restoration in the late 20th century,Internal (DS/OUV),,Excellent,,,Yes,,,,Tier 9: Unflagged,
1073,Gebel Barkal and the Sites of the Napatan Region,Sudan,"Tombs (with and without pyramids), temples, burial mounds/funerary chambers, living complexes, and palaces; nan",Internal (DS/OUV),,Napatan (900 to 270 BC) and Meroitic (270 BC to 350 AD) cultures; New Kingdom origins (ca. 1500 BC) up to 6th Century AD,Internal (DS/OUV),,Kushite civilization (Second Kingdom of Kush / Napato-Meroitic),Internal (DS/OUV),,"(i) to represent a masterpiece of human creative genius; | (ii) to exhibit an important interchange of human values, over a span of time or within a cultural area of the world, on developments in architecture or technology, monumental arts, town-planning or landscape design; | (iii) to bear a unique or at least exceptional testimony to a cultural tradition or to a civilization which is living or which has disappeared; | (iv) to be an outstanding example of a type of building, architectural or technological ensemble or landscape which illustrates (a) significant stage(s) in human history; | (vi) to be directly or tangibly associated with events or living traditions, with ideas, or with beliefs, with artistic and literary works of outstanding universal significance;",Internal (DS/OUV),,Sandstone,Sandstone,Sandstone,Sedimentary,Internal (DS/OUV),,,,,,,,,,sandstone,,,,,,,,,,,,,,,,,,,,,Sudan,Internal (DS/OUV),,Local (rock-cut features and sacred flat-topped mountain),Internal (DS/OUV),,,,,"Flat-topped mountain rock, steep-angled pyramids, corbel vaults of tombs, wall structures, rock-cut burial chambers",Internal (DS/OUV),,"Reliefs, wall inscriptions, old script writings, and painted scenes on walls",Internal (DS/OUV),,"Corbel vaults, rock-cut chambers",Internal (DS/OUV),,Affected by the action of nature and man,Internal (DS/OUV),,,,,Limited inadequate restoration interventions of the last century,Internal (DS/OUV),,Excellent,,,Yes,,,,Tier 9: Unflagged,
696,Kronborg Castle,Denmark,"Renaissance castle, military fortress, four-winged building with towers and spires; nan",Internal (DS/OUV),,"1574 (begun by King Frederik II), reconstructed post-1629 fire, 17th-century fortification additions",Internal (DS/OUV),,Danish / Northern European Renaissance,Internal (DS/OUV),,"(iv) to be an outstanding example of a type of building, architectural or technological ensemble or landscape which illustrates (a) significant stage(s) in human history;",,,Sandstone,Sandstone,Sandstone,Sedimentary,Internal (DS/OUV),,,,,,,,,,,,,,,,,,,,,,,,,,,,,,,,,,,,,,,,"Facades, front walls",Internal (DS/OUV),,Sandstone ornaments,Internal (DS/OUV),,Horizontal bands,Internal (DS/OUV),,"Building and ground decay as a result of lack of maintenance, climate, or fire",Internal (DS/OUV),,Replicas of sandstone ornaments,Internal (DS/OUV),,Thorough restoration in 1924–38; ongoing continual facade restoration,Internal (DS/OUV),,Good,,,Yes,,,,Tier 9: Unflagged,
144,Ruins of Kilwa Kisiwani and Ruins of Songo Mnara,United Republic of Tanzania,"Architectural, Building, Design, Layout, Monument, Plan, Structure; nan",,,9th to 19th century (peak prosperity 13th–14th century),Internal (DS/OUV),,Swahili coastal culture / Islamic East Africa,Internal (DS/OUV),,(iii) to bear a unique or at least exceptional testimony to a cultural tradition or to a civilization which is living or which has disappeared;,Internal (DS/OUV),,"Coral Stone, Coral, Carnelian",Coral Stone,Coral Stone,Sedimentary,Internal (DS/OUV),,,,,,,,,,,,,,,,,,,,,,,,,,,,,,,,,,Local (coral stone) / Imported (carnelians traded via Indian Ocean),Internal (DS/OUV),,,,,"Built of coral and lime mortar (Great Mosque, domes, vaults, Husuni Kubwa palace, Gereza fort, domestic dwellings, enclosing walls)",Internal (DS/OUV),,"Embedded Chinese porcelain in domes/vaults; carnelians, perfumes, Persian faience",Internal (DS/OUV),,Coral stone bonded with lime mortar,Internal (DS/OUV),,"Subject to invasion by vegetation, inundation by the sea, climate change impact (wave action, beach erosion)",Internal (DS/OUV),,Coral stone (used for consolidation during conservation),Internal (DS/OUV),,Limited consolidation using coral stone and appropriate materials; ongoing conservation programme,Internal (DS/OUV),,Poor,,,Yes,,,,Tier 9: Unflagged,
144,Ruins of Kilwa Kisiwani and Ruins of Songo Mnara,United Republic of Tanzania,"Architectural, Building, Design, Layout, Monument, Plan, Structure; nan",,,9th to 19th century (peak prosperity 13th–14th century),Internal (DS/OUV),,Swahili coastal culture / Islamic East Africa,Internal (DS/OUV),,(iii) to bear a unique or at least exceptional testimony to a cultural tradition or to a civilization which is living or which has disappeared;,Internal (DS/OUV),,"Coral Stone, Coral, Carnelian",Coral,Coral Stone,Sedimentary,Internal (DS/OUV),,,,,,,,,,,,,,,,,,,,,,,,,,,,,,,,,,Local (coral stone) / Imported (carnelians traded via Indian Ocean),Internal (DS/OUV),,,,,"Built of coral and lime mortar (Great Mosque, domes, vaults, Husuni Kubwa palace, Gereza fort, domestic dwellings, enclosing walls)",Internal (DS/OUV),,"Embedded Chinese porcelain in domes/vaults; carnelians, perfumes, Persian faience",Internal (DS/OUV),,Coral stone bonded with lime mortar,Internal (DS/OUV),,"Subject to invasion by vegetation, inundation by the sea, climate change impact (wave action, beach erosion)",Internal (DS/OUV),,Coral stone (used for consolidation during conservation),Internal (DS/OUV),,Limited consolidation using coral stone and appropriate materials; ongoing conservation programme,Internal (DS/OUV),,Poor,,,Yes,,,,Tier 9: Unflagged,
1087,Town Hall and Roland on the Marketplace of Bremen,Germany,"Gothic, Weser Renaissance, Baroque; nan",Internal (DS/OUV),,"1404 (Roland statue), 1405–1409 (Old Town Hall original Gothic construction), 1595–1612 / early 17th century (Weser Renaissance renovation), 1909–1913 (New Town Hall)",Internal (DS/OUV),,Holy Roman Empire / European Medieval & Renaissance,Internal (DS/OUV),,"(iii) to bear a unique or at least exceptional testimony to a cultural tradition or to a civilization which is living or which has disappeared; | (iv) to be an outstanding example of a type of building, architectural or technological ensemble or landscape which illustrates (a) significant stage(s) in human history; | (vi) to be directly or tangibly associated with events or living traditions, with ideas, or with beliefs, with artistic and literary works of outstanding universal significance;",Internal (DS/OUV),,"Sandstone, Limestone, Clinker / Tiles, Exposed Brick",Sandstone,Sandstone,Sedimentary,Internal (DS/OUV),,Internal (DS/OUV),,South-German Limestone,Internal (DS/OUV),,,,,"Sandstone, Limestone",Internal (DS/OUV),,,,,,,,Exposed brick with alternating dark and light layers,Internal (DS/OUV),,,,,,,,,,,Germany (South-German region mentioned for limestone),Internal (DS/OUV),,Imported (South-German limestone),,,,,,"Stone statues (Emperor, prince electors, Roland), stone columns/pillars (wine cellar, arcade), windows, details",Internal (DS/OUV),,Elaborate sculptural decoration in sandstone on the façade; sculptured polychrome doorway frames,Internal (DS/OUV),,"Exposed brickwork with alternating dark and light layers, round arches with Tuscan columns in the medieval arcade, clinker-tiled elevations",Internal (DS/OUV),,Facades of the New Town Hall show effects of exposure to weather,Internal (DS/OUV),,Statues of the south and west façades replaced with copies (1959–1963); Roland head replaced with a copy (1983–1984),Internal (DS/OUV),,"Exterior restoration (2001–2006, 1964–1968); re-pointing joints; consolidating stone parts on façades; repairs in 1938, 1959, 1969, and 1983–1984",Internal (DS/OUV),,Good,Internal (DS/OUV),,Yes,,,,Tier 9: Unflagged,
1087,Town Hall and Roland on the Marketplace of Bremen,Germany,"Gothic, Weser Renaissance, Baroque; nan",Internal (DS/OUV),,"1404 (Roland statue), 1405–1409 (Old Town Hall original Gothic construction), 1595–1612 / early 17th century (Weser Renaissance renovation), 1909–1913 (New Town Hall)",Internal (DS/OUV),,Holy Roman Empire / European Medieval & Renaissance,Internal (DS/OUV),,"(iii) to bear a unique or at least exceptional testimony to a cultural tradition or to a civilization which is living or which has disappeared; | (iv) to be an outstanding example of a type of building, architectural or technological ensemble or landscape which illustrates (a) significant stage(s) in human history; | (vi) to be directly or tangibly associated with events or living traditions, with ideas, or with beliefs, with artistic and literary works of outstanding universal significance;",Internal (DS/OUV),,"Sandstone, Limestone, Clinker / Tiles, Exposed Brick",Limestone,Limestone,Sedimentary,Internal (DS/OUV),,Internal (DS/OUV),,South-German Limestone,Internal (DS/OUV),,,,,"Sandstone, Limestone",Internal (DS/OUV),,,,,,,,Exposed brick with alternating dark and light layers,Internal (DS/OUV),,,,,,,,,,,Germany (South-German region mentioned for limestone),Internal (DS/OUV),,Imported (South-German limestone),,,,,,"Stone statues (Emperor, prince electors, Roland), stone columns/pillars (wine cellar, arcade), windows, details",Internal (DS/OUV),,Elaborate sculptural decoration in sandstone on the façade; sculptured polychrome doorway frames,Internal (DS/OUV),,"Exposed brickwork with alternating dark and light layers, round arches with Tuscan columns in the medieval arcade, clinker-tiled elevations",Internal (DS/OUV),,Facades of the New Town Hall show effects of exposure to weather,Internal (DS/OUV),,Statues of the south and west façades replaced with copies (1959–1963); Roland head replaced with a copy (1983–1984),Internal (DS/OUV),,"Exterior restoration (2001–2006, 1964–1968); re-pointing joints; consolidating stone parts on façades; repairs in 1938, 1959, 1969, and 1983–1984",Internal (DS/OUV),,Good,Internal (DS/OUV),,Yes,,,,Tier 9: Unflagged,
323,Royal Palaces of Abomey,Benin,"Cob-wall fortified palace ensemble with courtyards (outer, inner, private), portals, and traditional structures (Djexo, Adoxo); nan",Internal (DS/OUV),,1625 to 1900,Internal (DS/OUV),,Kingdom of Dahomey / Aja-Fon culture,Internal (DS/OUV),,"(iii) to bear a unique or at least exceptional testimony to a cultural tradition or to a civilization which is living or which has disappeared; | (iv) to be an outstanding example of a type of building, architectural or technological ensemble or landscape which illustrates (a) significant stage(s) in human history;",Internal (DS/OUV),,Laterite,Laterite,Laterite,Sedimentary,Internal (DS/OUV),,Internal (DS/OUV),,,,,,,,,,,,,,,,,"Red / Earth tone (implied by laterite clay/cob, but explicit geological color profile is NA)",Internal (DS/OUV),,,,,,,,,,,,,,,,,,,,"Enclosure walls, sacred structures (Djexo, Adoxo tombs), and palaces",Internal (DS/OUV),,Polychrome bas-reliefs,Internal (DS/OUV),,"Cob-wall construction (bâtiment en bauge) using laterite earth, water, wood, and straw",Internal (DS/OUV),,Precariousness of earth/traditional building materials under natural phenomena,Internal (DS/OUV),,"Traditional materials (laterite, wood, straw) used during rehabilitation",Internal (DS/OUV),,Over half of the 184 identified components restored in accordance with accepted conservation standards; monitored via risk management and conservation plans,Internal (DS/OUV),,Moderate,Internal (DS/OUV),,Yes,,,,Tier 9: Unflagged,
1106,Pasargadae,Iran (Islamic Republic of),"Capital, Palaces, Gardens, Gatehouse, Audience Hall, Residential Palace, Mausoleum/Tomb, Fortified Platform (Tall-e Takht), Citadel; nan",Internal (DS/OUV),,6th century BC,Internal (DS/OUV),,Persian / Achaemenid (First Persian) Empire,Internal (DS/OUV),,"(i) to represent a masterpiece of human creative genius; | (ii) to exhibit an important interchange of human values, over a span of time or within a cultural area of the world, on developments in architecture or technology, monumental arts, town-planning or landscape design; | (iii) to bear a unique or at least exceptional testimony to a cultural tradition or to a civilization which is living or which has disappeared; | (iv) to be an outstanding example of a type of building, architectural or technological ensemble or landscape which illustrates (a) significant stage(s) in human history;",Internal (DS/OUV),,Limestone ,Limestone,Limestone,Sedimentary,Internal (DS/OUV),,,,Mud-brick (mentioned for Tall-e Takht defenses),Internal (DS/OUV),,,,,Compact limestone,Internal (DS/OUV),,,,,,,,,,,,,,,,,,,,,,,"Local (Morgab plain setting mentioned, though quarry origin is not specified) / NA",Internal (DS/OUV),,,,,"Tomb (compact limestone tomb holding Cyrus the Great’s gilded sarcophagus), Fortified Platform (Tall-e Takht), Waterways/Pathways (Four Gardens)",Internal (DS/OUV),,"Refined details, slender verticality",Internal (DS/OUV),,Mud-brick construction (citadel/fortified platform); Refined stone architecture,Internal (DS/OUV),,"Erosion (physical, chemical, environmental), violent winds, burning sun, flooding",Internal (DS/OUV),,,,,Recent restoration utilizing traditional technology and materials in harmony with the ensemble; poor condition of mud-brick due to 1960s excavations,Internal (DS/OUV),,Good,,,Yes,,,,Tier 9: Unflagged,
1532,"Temple Zone of Sambor Prei Kuk, Archaeological Site of Ancient Ishanapura",Cambodia,Pre-Angkorian / Chenla Period Khmer Architecture (including octagonal temples reflecting flying octagonal palaces / Vimana Trivishtapa); nan,Internal (DS/OUV),,Late 6th and early 7th centuries AD (with repairs/modifications from 7th to 11th century),Internal (DS/OUV),,Chenla Empire / Kingdom,Internal (DS/OUV),,"(ii) to exhibit an important interchange of human values, over a span of time or within a cultural area of the world, on developments in architecture or technology, monumental arts, town-planning or landscape design; | (iii) to bear a unique or at least exceptional testimony to a cultural tradition or to a civilization which is living or which has disappeared; | (vi) to be directly or tangibly associated with events or living traditions, with ideas, or with beliefs, with artistic and literary works of outstanding universal significance;",Internal (DS/OUV),,"Sandstone, Fired Brick, Laterite",Sandstone,Sandstone,Sedimentary,Internal (DS/OUV),,,,,,,,,,,,,,,,,,,,,,,,,,,,,,,,,,,,,,,,"Fired brick and/or laterite for enclosure walls, central towers, and surrounding structures",Internal (DS/OUV),,"Sandstone used for decorative details (lintels, pediments, colonnades, and sculptures)",Internal (DS/OUV),,Brick construction with sandstone detailing and sympathetic brickwork restoration using traditional techniques,Internal (DS/OUV),,"Degradation caused by ravages of time, vagaries of climate, forest encroachment, decay, and recent historical conflict/war zone",Internal (DS/OUV),,Sympathetic restoration to damaged brickwork using old/traditional bricks,Internal (DS/OUV),,"Reversible, minor reconstruction focused on ensuring structural stability without hypothetical reconstruction",Internal (DS/OUV),,Poor,Internal (DS/OUV),,Yes,,,,Tier 9: Unflagged,
1532,"Temple Zone of Sambor Prei Kuk, Archaeological Site of Ancient Ishanapura",Cambodia,Pre-Angkorian / Chenla Period Khmer Architecture (including octagonal temples reflecting flying octagonal palaces / Vimana Trivishtapa); nan,Internal (DS/OUV),,Late 6th and early 7th centuries AD (with repairs/modifications from 7th to 11th century),Internal (DS/OUV),,Chenla Empire / Kingdom,Internal (DS/OUV),,"(ii) to exhibit an important interchange of human values, over a span of time or within a cultural area of the world, on developments in architecture or technology, monumental arts, town-planning or landscape design; | (iii) to bear a unique or at least exceptional testimony to a cultural tradition or to a civilization which is living or which has disappeared; | (vi) to be directly or tangibly associated with events or living traditions, with ideas, or with beliefs, with artistic and literary works of outstanding universal significance;",Internal (DS/OUV),,"Sandstone, Fired Brick, Laterite",Laterite,Laterite,Sedimentary,Internal (DS/OUV),,,,,,,,,,,,,,,,,,,,,,,,,,,,,,,,,,,,,,,,"Fired brick and/or laterite for enclosure walls, central towers, and surrounding structures",Internal (DS/OUV),,"Sandstone used for decorative details (lintels, pediments, colonnades, and sculptures)",Internal (DS/OUV),,Brick construction with sandstone detailing and sympathetic brickwork restoration using traditional techniques,Internal (DS/OUV),,"Degradation caused by ravages of time, vagaries of climate, forest encroachment, decay, and recent historical conflict/war zone",Internal (DS/OUV),,Sympathetic restoration to damaged brickwork using old/traditional bricks,Internal (DS/OUV),,"Reversible, minor reconstruction focused on ensuring structural stability without hypothetical reconstruction",Internal (DS/OUV),,Poor,Internal (DS/OUV),,Yes,,,,Tier 9: Unflagged,
1599,Krzemionki Prehistoric Striped Flint Mining Region,Poland,"Monastery, Pilgrimage Centre, Ecclesiastical Complex (Churches, Baptistery, Basilicas, Hostels/Rest Houses, Public Baths, Workshops); nan",Internal (DS/OUV),,4th to 7th centuries AD (A.D. 296 – 7th Century AD),Internal (DS/OUV),,Early Christian / Coptic,Internal (DS/OUV),,"(iii) to bear a unique or at least exceptional testimony to a cultural tradition or to a civilization which is living or which has disappeared; | (iv) to be an outstanding example of a type of building, architectural or technological ensemble or landscape which illustrates (a) significant stage(s) in human history;",Internal (DS/OUV),,"Limestone, Marble",Limestone,Limestone,Sedimentary,Internal (DS/OUV),,Internal (DS/OUV),,,,,,,,"Limestone, Marble",Internal (DS/OUV),,,,,,,,,,,,,,,,,,,,,,,,,,,,,Ashlar masonry for main buildings / wall construction,Internal (DS/OUV),,"Columns (made of Marble), Mosaics, fine lime plaster",Internal (DS/OUV),,Ashlar masonry set in lime mortar; Mud bricks covered with fine lime plaster for simpler buildings,Internal (DS/OUV),,"Risks from heavy rains, winds, humidity, fires, and rising underground water related to agricultural irrigation",Internal (DS/OUV),,,,,Ongoing periodic maintenance and active dewatering project to lower underground water table,Internal (DS/OUV),,Moderate,,,Yes,,,,Tier 9: Unflagged,
240,Khajuraho Group of Monuments,India,Nagara-style temple architecture; nan,Internal (DS/OUV),,10th and 11th centuries CE (950–1050 CE),Internal (DS/OUV),,Chandella dynasty,Internal (DS/OUV),,(i) to represent a masterpiece of human creative genius; | (iii) to bear a unique or at least exceptional testimony to a cultural tradition or to a civilization which is living or which has disappeared;,Internal (DS/OUV),,Sandstone,Sandstone,Sandstone,Sedimentary,Internal (DS/OUV),,,,,,,,,,,,,,,,,,,,,,,,,,,,,,,,,,,,,,,,"Elevated terraced platform (jagati), body (jangha), sanctum (garbhagriha), main hall (mandapa), entrance porch (ardhamandapa), vestibule (antarala), tower (shikhara), spires",Internal (DS/OUV),,"Sculpted surfaces depicting sacred/secular themes, anthropomorphic and non-anthropomorphic motifs, deities, amorous couples, dancers, and musicians",Internal (DS/OUV),,,,,Vibrations and dust particles from the nearby Khajuraho Airport identified as potential threats,Internal (DS/OUV),,,,,Managed under the Ancient Monuments and Archaeological Sites and Remains (AMASR) Act,Internal (DS/OUV),,Excellent,,,Yes,,,,Tier 9: Unflagged,
295,Byblos,Lebanon,"Building, Byzantine, Construction, Monument, Monumental, Ottoman, Plan, Structure; nan",Internal (DS/OUV),,"From Neolithic (8000 years ago/first settlement), Bronze Age, Persian, Roman, Byzantine, Crusade, to Ottoman period",Internal (DS/OUV),,"Phoenician, Persian, Roman, Byzantine, Crusader, Ottoman",Internal (DS/OUV),,"(iii) to bear a unique or at least exceptional testimony to a cultural tradition or to a civilization which is living or which has disappeared; | (iv) to be an outstanding example of a type of building, architectural or technological ensemble or landscape which illustrates (a) significant stage(s) in human history; | (vi) to be directly or tangibly associated with events or living traditions, with ideas, or with beliefs, with artistic and literary works of outstanding universal significance;",Internal (DS/OUV),,Sandstone,Sandstone,Sandstone,Sedimentary,Internal (DS/OUV),,Internal (DS/OUV),,,,,,,,,,,,,,,,,,,,,,,,,,,,,,,,Local (coastal cliff setting),Internal (DS/OUV),,,,,"Rampart walls, castle/citadel, donjon, cathedral, churches, mosque, temples, dwellings, Roman road",Internal (DS/OUV),,"Mosaics, Sarcophagus (carved sarcophagus of Ahiram)",Internal (DS/OUV),,,,,Climatic conditions causing erosion (especially affecting mosaics and archaeological elements),Internal (DS/OUV),,,,,Ongoing targeted conservation projects by the Directorate General of Antiquities (DGA); protection and enhancement plan being prepared,Internal (DS/OUV),,Moderate,,,Yes,,,,Tier 9: Unflagged,
1375,Santiniketan,India,"Architecture, Art Deco, Colonial, Renaissance, Traditional; nan",Internal (DS/OUV),,"Early 20th century (1901, 1921)",Internal (DS/OUV),,Pan-Asian / Modern Indian,Internal (DS/OUV),,"(iv) to be an outstanding example of a type of building, architectural or technological ensemble or landscape which illustrates (a) significant stage(s) in human history; | (vi) to be directly or tangibly associated with events or living traditions, with ideas, or with beliefs, with artistic and literary works of outstanding universal significance;",Internal (DS/OUV),,"Sandstone, Laterite",Sandstone,Sandstone,Sedimentary,Internal (DS/OUV),,Internal (DS/OUV),,"Coal (Coal tar), Mud, Brick, Glass, Cast Iron, Thatch, Timber, Precast Concrete, Reinforced Concrete",Internal (DS/OUV),,,,,,,,,,,,,,,,,,,,,,,,,,India (Inferred local/regional),Internal (DS/OUV),,Local / Indigenous,Internal (DS/OUV),,,,,"Historic buildings, pavilions, platforms",Internal (DS/OUV),,"Murals, frescos, wooden windows, furniture, artworks",Internal (DS/OUV),,"Experimental construction techniques combining brick, mud, coal tar, sandstone, laterite, thatch, timber, bamboo, and concrete",Internal (DS/OUV),,Deterioration of physical materials,Internal (DS/OUV),,,,,Ongoing conservation projects overseen by the Visva-Bharati Heritage Committee & Archaeological Survey of India (ASI),Internal (DS/OUV),,Good,,,Yes,,,,Tier 9: Unflagged,
1375,Santiniketan,India,"Architecture, Art Deco, Colonial, Renaissance, Traditional; nan",Internal (DS/OUV),,"Early 20th century (1901, 1921)",Internal (DS/OUV),,Pan-Asian / Modern Indian,Internal (DS/OUV),,"(iv) to be an outstanding example of a type of building, architectural or technological ensemble or landscape which illustrates (a) significant stage(s) in human history; | (vi) to be directly or tangibly associated with events or living traditions, with ideas, or with beliefs, with artistic and literary works of outstanding universal significance;",Internal (DS/OUV),,"Sandstone, Laterite",Laterite,Laterite,Sedimentary,Internal (DS/OUV),,Internal (DS/OUV),,"Coal (Coal tar), Mud, Brick, Glass, Cast Iron, Thatch, Timber, Precast Concrete, Reinforced Concrete",Internal (DS/OUV),,,,,,,,,,,,,,,,,,,,,,,,,,India (Inferred local/regional),Internal (DS/OUV),,Local / Indigenous,Internal (DS/OUV),,,,,"Historic buildings, pavilions, platforms",Internal (DS/OUV),,"Murals, frescos, wooden windows, furniture, artworks",Internal (DS/OUV),,"Experimental construction techniques combining brick, mud, coal tar, sandstone, laterite, thatch, timber, bamboo, and concrete",Internal (DS/OUV),,Deterioration of physical materials,Internal (DS/OUV),,,,,Ongoing conservation projects overseen by the Visva-Bharati Heritage Committee & Archaeological Survey of India (ASI),Internal (DS/OUV),,Good,,,Yes,,,,Tier 9: Unflagged,
1358,Citadel of the Ho Dynasty,Viet Nam,"Imperial city / Citadel composed of Inner Citadel, La Thanh Outer Wall, and Nam Giao Altar; nan",Internal (DS/OUV),,1397 (built in 1397; capital from 1398–1407),Internal (DS/OUV),,Ho Dynasty / Late 14th-century Viet Nam (Neo-Confucianism / Vietnamese culture),Internal (DS/OUV),,"(ii) to exhibit an important interchange of human values, over a span of time or within a cultural area of the world, on developments in architecture or technology, monumental arts, town-planning or landscape design; | (iv) to be an outstanding example of a type of building, architectural or technological ensemble or landscape which illustrates (a) significant stage(s) in human history;",,,Limestone,Limestone,Limestone,Sedimentary,Internal (DS/OUV),,Internal (DS/OUV),,,,,,,,Limestone,Internal (DS/OUV),,,,,,,,,,,,,,,,,,,,Viet Nam,Internal (DS/OUV),,,,,,,,Massive stone walls / Large blocks used for constructing the Inner Citadel walls,Internal (DS/OUV),,Architectural elements designed for space management and decoration,Internal (DS/OUV),,Large limestone blocks / massive stone walls,Internal (DS/OUV),,,,,,,,"Well-preserved / section of La Thanh Outer Wall protected, Nam Giao Altar archaeological remains preserved",Internal (DS/OUV),,Excellent,,,Yes,,,,Tier 9: Unflagged,
1433,"Birthplace of Jesus: Church of the Nativity and the Pilgrimage Route, Bethlehem",State of Palestine,Early Christian Basilica & Pilgrimage Route Ensemble; nan,Internal (DS/OUV),,4th–6th centuries AD (First completed AD 339; replaced/reconstructed mid-6th century AD),Internal (DS/OUV),,Roman Empire / Byzantine / Crusader,Internal (DS/OUV),,"(i) to represent a masterpiece of human creative genius; | (v) to be an outstanding example of a traditional human settlement, land-use, or sea-use which is representative of a culture (or cultures), or human interaction with the environment especially when it has become vulnerable under the impact of irreversible change; | (vi) to be directly or tangibly associated with events or living traditions, with ideas, or with beliefs, with artistic and literary works of outstanding universal significance;",Internal (DS/OUV),,Limestone (Yellow Limestone),Limestone (Yellow Limestone),Limestone,Sedimentary,Internal (DS/OUV),,Internal (DS/OUV),,,,,,,,,,,,,,,,,yellow,Internal (DS/OUV),,,,,,,,,,,,,,,,,,,,"Basilica walls, columns, and surrounding buildings along Star Street",Internal (DS/OUV),,"Floor Mosaics, Icon Painting on columns",Internal (DS/OUV),,Traditional urban fabric / masonry,Internal (DS/OUV),,Polluted environment negatively affecting stone façades,Internal (DS/OUV),,,,,Technical plan for roof restoration; ongoing urban conservation,Internal (DS/OUV),,Moderate,,,Yes,,,,Tier 9: Unflagged,
86,Memphis and its Necropolis – the Pyramid Fields from Giza to Dahshur,Egypt,"Rock tombs, ornate mastabas, temples, pyramids, palaces, craftsmen’s workshops, dockyards, arsenals, residential neighbourhoods; nan",Internal (DS/OUV),,"3000 BC (Old Kingdom through Middle, New, Late, and Ptolemaic Periods)",Internal (DS/OUV),,Ancient Egyptian / Pharaonic,Internal (DS/OUV),,"(i) to represent a masterpiece of human creative genius; | (iii) to bear a unique or at least exceptional testimony to a cultural tradition or to a civilization which is living or which has disappeared; | (vi) to be directly or tangibly associated with events or living traditions, with ideas, or with beliefs, with artistic and literary works of outstanding universal significance;",Internal (DS/OUV),,Limestone,Limestone,Limestone,Sedimentary,Internal (DS/OUV),,,,,,,,,,,,,,,,,,,,,,,,,,,,,,,Egypt,Internal (DS/OUV),,,,,,,,"Monumental stone building, pyramids (e.g., Step Pyramid of Djoser, Great Pyramid of Khufu), step pyramids, temples, tombs",Internal (DS/OUV),,,,,"Rock-cut tombs, mastaba, pyramid constructions",Internal (DS/OUV),,"Damage from natural forces through time, causing surface detail vulnerabilities",Internal (DS/OUV),,,,,Principles of restoration applied respecting legibility and reversibility (Ministry of Antiquities projects),Internal (DS/OUV),,Good,,,Yes,,,,Tier 9: Unflagged,
1363,Prehistoric Pile Dwellings around the Alps,"Austria,France,Germany,Italy,Slovenia,Switzerland",Pile-dwelling (stilt house) settlements; nan,Internal (DS/OUV),,5000 to 500 B.C. (Neolithic and Bronze Age),Internal (DS/OUV),,Prehistoric early agrarian lake shore communities (~30 cultural groups),Internal (DS/OUV),,"(iv) to be an outstanding example of a type of building, architectural or technological ensemble or landscape which illustrates (a) significant stage(s) in human history; | (v) to be an outstanding example of a traditional human settlement, land-use, or sea-use which is representative of a culture (or cultures), or human interaction with the environment especially when it has become vulnerable under the impact of irreversible change;",Internal (DS/OUV),,"Amber, Flint",Flint,Flint,Sedimentary,,,,,,,,,,,,,,,,,,,,,,,,,,,,,,,,,,,Imported / Traded across trade routes,Internal (DS/OUV),,,,,Wood/Organic materials used for piles/houses; Stones not used structurally,Internal (DS/OUV),,Amber and Shells (Trade items / Personal ornaments),Internal (DS/OUV),,NA (Organic waterlogged construction; no stone masonry),Internal (DS/OUV),,"Vulnerable to lake uses, intensification of agriculture, and development",Internal (DS/OUV),,,,,,,,Excellent,,,Yes,,,,Tier 9: Unflagged,
848,Choirokoitia,Cyprus,Circular houses / Aceramic Neolithic proto-urban settlement; nan,Internal (DS/OUV),,7th to 4th millennium B.C. (Aceramic Neolithic),Internal (DS/OUV),,Aceramic Neolithic of Cyprus (Near East origins),Internal (DS/OUV),,"(ii) to exhibit an important interchange of human values, over a span of time or within a cultural area of the world, on developments in architecture or technology, monumental arts, town-planning or landscape design; | (iii) to bear a unique or at least exceptional testimony to a cultural tradition or to a civilization which is living or which has disappeared; | (iv) to be an outstanding example of a type of building, architectural or technological ensemble or landscape which illustrates (a) significant stage(s) in human history;",Internal (DS/OUV),,"Flint; Mudbrick and Stone (general stone walling, rammed earthen floors)",Flint,Flint,Sedimentary,Internal (DS/OUV),,,,Flint (used for tools),,,,,,,,,,,,,,,,,,,,,,,,,,,,,,Local (Maroni River valley vicinity mentioned for setting),Internal (DS/OUV),,,,,"Circular houses, protective/defence enclosures, and perimeter walls",Internal (DS/OUV),,Anthropomorphic figurines in stone,Internal (DS/OUV),,Circular dry-stone and mudbrick walling with rammed earthen floors,Internal (DS/OUV),,,,,,,,Consolidation of construction materials; temporary shelters erected for protection; off-site reconstruction of 5 houses and a defence wall section.,Internal (DS/OUV),,Excellent,,,Yes,,,,Tier 9: Unflagged,
826,"Portovenere, Cinque Terre, and the Islands (Palmaria, Tino and Tinetto)",Italy,"Layout, disposition of small towns, terraces, compact settlements, medieval castles, religious buildings, fortified centre, drystone walls, tiny stone huts, Doria Castle; nan",Internal (DS/OUV),,"12th century (terraces), Later Middle Ages (main 5 villages), Roman period (Portovenere archaeological remains)",Internal (DS/OUV),,"Roman, Medieval / Traditional Ligurian Community",Internal (DS/OUV),,"(ii) to exhibit an important interchange of human values, over a span of time or within a cultural area of the world, on developments in architecture or technology, monumental arts, town-planning or landscape design; | (iv) to be an outstanding example of a type of building, architectural or technological ensemble or landscape which illustrates (a) significant stage(s) in human history; | (v) to be an outstanding example of a traditional human settlement, land-use, or sea-use which is representative of a culture (or cultures), or human interaction with the environment especially when it has become vulnerable under the impact of irreversible change;",Internal (DS/OUV),,"Sandstone, Limestone",Sandstone,Sandstone,Sedimentary,Internal (DS/OUV),,Internal (DS/OUV),,Pebbles,Internal (DS/OUV),,,,,"Sandstone rough blocks, pebbles",Internal (DS/OUV),,,,,,,,,,,Rough (rough blocks),Internal (DS/OUV),,,,,,,,,,,"Local (pebbles removed from the ground, settlements erected directly on the rock)",Internal (DS/OUV),,,,,"Drystone terraced walls, house construction, roofing, tiny stone huts, castle, fortified walls",Internal (DS/OUV),,,,,Carefully constructed drystone walls of rough blocks bonded with pebbles removed from the ground; traditional craftsmanship,Internal (DS/OUV),,Abandoned terraces vulnerable to landslides; damage suffered from floods and natural disasters,Internal (DS/OUV),,,,,"Urgent reconstruction of drystone walls; recovery/reclamation of terraced landscape; systematic restoration campaigns for protected monuments (churches of St Peter, St Venerius, Doria Castle)",Internal (DS/OUV),,Moderate,Internal (DS/OUV),,,,,,Tier 9: Unflagged,
826,"Portovenere, Cinque Terre, and the Islands (Palmaria, Tino and Tinetto)",Italy,"Layout, disposition of small towns, terraces, compact settlements, medieval castles, religious buildings, fortified centre, drystone walls, tiny stone huts, Doria Castle; nan",Internal (DS/OUV),,"12th century (terraces), Later Middle Ages (main 5 villages), Roman period (Portovenere archaeological remains)",Internal (DS/OUV),,"Roman, Medieval / Traditional Ligurian Community",Internal (DS/OUV),,"(ii) to exhibit an important interchange of human values, over a span of time or within a cultural area of the world, on developments in architecture or technology, monumental arts, town-planning or landscape design; | (iv) to be an outstanding example of a type of building, architectural or technological ensemble or landscape which illustrates (a) significant stage(s) in human history; | (v) to be an outstanding example of a traditional human settlement, land-use, or sea-use which is representative of a culture (or cultures), or human interaction with the environment especially when it has become vulnerable under the impact of irreversible change;",Internal (DS/OUV),,"Sandstone, Limestone",Limestone,Limestone,Sedimentary,Internal (DS/OUV),,Internal (DS/OUV),,Pebbles,Internal (DS/OUV),,,,,"Sandstone rough blocks, pebbles",Internal (DS/OUV),,,,,,,,,,,Rough (rough blocks),Internal (DS/OUV),,,,,,,,,,,"Local (pebbles removed from the ground, settlements erected directly on the rock)",Internal (DS/OUV),,,,,"Drystone terraced walls, house construction, roofing, tiny stone huts, castle, fortified walls",Internal (DS/OUV),,,,,Carefully constructed drystone walls of rough blocks bonded with pebbles removed from the ground; traditional craftsmanship,Internal (DS/OUV),,Abandoned terraces vulnerable to landslides; damage suffered from floods and natural disasters,Internal (DS/OUV),,,,,"Urgent reconstruction of drystone walls; recovery/reclamation of terraced landscape; systematic restoration campaigns for protected monuments (churches of St Peter, St Venerius, Doria Castle)",Internal (DS/OUV),,Moderate,Internal (DS/OUV),,,,,,Tier 9: Unflagged,
194,Timgad,Algeria,"Roman town planning / Roman military colony / Defensive system, public conveniences, spectacles, religious complex; nan",Internal (DS/OUV),,Founded 100 A.D. (Trajan period); expansions in Severan period; modifications in Byzantine period (539 A.D.),Internal (DS/OUV),,Roman / Byzantine,Internal (DS/OUV),,"(ii) to exhibit an important interchange of human values, over a span of time or within a cultural area of the world, on developments in architecture or technology, monumental arts, town-planning or landscape design; | (iii) to bear a unique or at least exceptional testimony to a cultural tradition or to a civilization which is living or which has disappeared; | (iv) to be an outstanding example of a type of building, architectural or technological ensemble or landscape which illustrates (a) significant stage(s) in human history;",Internal (DS/OUV),,"Limestone, Marble",Limestone,Limestone,Sedimentary,Internal (DS/OUV),,Internal (DS/OUV),,,,,Local (Inferred for limestone); Precious marbles absent (mosaics used to offset absence),Internal (DS/OUV),,,,,,,,,,,,,,,,,,,,,,,,,,,,,,,,Entire buildings constructed of stone; streets paved with large rectangular limestone slabs; reused blocks in Byzantine fortress,Internal (DS/OUV),,Sumptuous mosaics (offsetting absence of precious marbles),Internal (DS/OUV),,Orthogonal block / Ashlar / Reused Roman blocks in later Byzantine fortification,Internal (DS/OUV),,"Fragile structures affected by climbing, trampling, graffiti, and vehicle pressure during annual cultural festivals",Internal (DS/OUV),,,,,Reused blocks removed from Roman monuments for Byzantine fortress (539 AD); restoration along with ongoing excavations (1881–1960),Internal (DS/OUV),,Excellent,Internal (DS/OUV),,Yes,,,,Tier 9: Unflagged,
933,The Loire Valley between Sully-sur-Loire and Chalonnes,France,"Châteaux, Benedictine abbeys, medieval fortresses, country houses, troglodyte dwellings, bridges, dyke systems, ogival and Romanesque churches; nan",Internal (DS/OUV),,"Gallo-Roman times to 19th century (specifically Middle Ages, Renaissance, 15th–16th centuries)",Internal (DS/OUV),,"Gallo-Roman, Medieval French, Renaissance Western European",Internal (DS/OUV),,"(i) to represent a masterpiece of human creative genius; | (ii) to exhibit an important interchange of human values, over a span of time or within a cultural area of the world, on developments in architecture or technology, monumental arts, town-planning or landscape design; | (iv) to be an outstanding example of a type of building, architectural or technological ensemble or landscape which illustrates (a) significant stage(s) in human history;",Internal (DS/OUV),,Tufa and Slate,Tufa,Limestone,Sedimentary,Internal (DS/OUV),,,,,,,Tufa (Tuffeau),Internal (DS/OUV),,,,,,,,,,,,,,,,,,,,Troglodyte sites (extracted local troglodyte cavities/quarries),Internal (DS/OUV),,France,Internal (DS/OUV),,Local,,,,,,"Building walls of châteaux, fortresses, abbeys, urban dwellings, ports, dyke systems",Internal (DS/OUV),,Architectural embellishments and Renaissance country house features,Internal (DS/OUV),,"Stonework (dykes/ports), troglodyte excavation, dressed stone masonry",Internal (DS/OUV),,,,,,,,"Regular maintenance, ongoing conservation works under Heritage Code",Internal (DS/OUV),,Excellent,,,Yes,,,,Tier 9: Unflagged,
1503,Nan Madol: Ceremonial Centre of Eastern Micronesia,Micronesia (Federated States of),"Remains of stone palaces, temples, tombs, mortuaries, domestic and residential domains, and seawalls / megalithic ceremonial centre; nan",Internal (DS/OUV),,1200–1500 CE (with ceremonial centre roots from ~1000 years ago),Internal (DS/OUV),,Saudeleur dynasty,Internal (DS/OUV),,"(i) to represent a masterpiece of human creative genius; | (iii) to bear a unique or at least exceptional testimony to a cultural tradition or to a civilization which is living or which has disappeared; | (iv) to be an outstanding example of a type of building, architectural or technological ensemble or landscape which illustrates (a) significant stage(s) in human history; | (vi) to be directly or tangibly associated with events or living traditions, with ideas, or with beliefs, with artistic and literary works of outstanding universal significance;",Internal (DS/OUV),,"Basalt, Columnar Basalt, Coral Boulders",Coral Boulders,Coral Stone,Sedimentary,Internal (DS/OUV),,Internal (DS/OUV),,Coral boulders,Internal (DS/OUV),,,,,Basalt / Columnar Basalt,Internal (DS/OUV),,,,,,,,,,,Columnar structure,Internal (DS/OUV),,,,,Quarries elsewhere on Pohnpei Island,Internal (DS/OUV),,Micronesia (Federated States of) / Pohnpei Island,Internal (DS/OUV),,Local (transported from elsewhere on the island of Pohnpei),Internal (DS/OUV),,,,,"Islet perimeter walls, megalithic structures, temples, palaces, tombs, residential domains",Internal (DS/OUV),,,,,Massive columnar basalt stones laid using a distinctive 'header-stretcher technique',Internal (DS/OUV),,"Siltation of waterways, overgrowth of vegetation, mangrove encroachment, storm surge effects, stonework collapse",Internal (DS/OUV),,,,,No reconstructions of original elements (restoration/conservation management under development),Internal (DS/OUV),,Moderate,,,Yes,,,,Tier 9: Unflagged,
949,My Son Sanctuary,Viet Nam,Tower-temples (Religious and political capital of the Champa Kingdom); Architectural ensemble; nan,Internal (DS/OUV),,4th to 13th centuries CE,Internal (DS/OUV),,Champa Kingdom (Cham civilization / Dua Clan),Internal (DS/OUV),,"(ii) to exhibit an important interchange of human values, over a span of time or within a cultural area of the world, on developments in architecture or technology, monumental arts, town-planning or landscape design; | (iii) to bear a unique or at least exceptional testimony to a cultural tradition or to a civilization which is living or which has disappeared;",Internal (DS/OUV),,Sandstone (used for pillars and carved bas-reliefs),Sandstone (used for pillars,Sandstone,Sedimentary,Internal (DS/OUV),,,,,,,,,,,,,,,,,,,,,,,,,,,,,,,,,,,,,,,,"Fired brick (main construction), Stone pillars",Internal (DS/OUV),,"Sandstone bas-reliefs (depicting scenes from Hindu mythology), Intricate carved-brick decorations",Internal (DS/OUV),,Brick construction with stone elements,Internal (DS/OUV),,Severe climatic conditions (flooding and high humidity),Internal (DS/OUV),,,,,Historical interventions under French and Polish expert guidance; Ongoing conservation by national and international teams,Internal (DS/OUV),,Moderate,,,Yes,,,,Tier 9: Unflagged,
757,Sceilg Mhichíl,Ireland,Indigenous dry stone masonry / Monastic settlement architecture; nan,Internal (DS/OUV),,Early Medieval (Monastery dedicated to St Michael between 950 and 1050; roots in 5th–6th century Christian monasticism),Internal (DS/OUV),,Early Medieval Irish Christian Monasticism,Internal (DS/OUV),,"(iii) to bear a unique or at least exceptional testimony to a cultural tradition or to a civilization which is living or which has disappeared; | (iv) to be an outstanding example of a type of building, architectural or technological ensemble or landscape which illustrates (a) significant stage(s) in human history;",Internal (DS/OUV),,Sandstone,Sandstone,Sandstone,Sedimentary,Internal (DS/OUV),,Internal (DS/OUV),,,,,,,,Sandstone (Devonian sandstone mentioned in notes/OUV),Internal (DS/OUV),,Devonian,Internal (DS/OUV),,,,,,,,,,,,,,,,,,,,Local / Indigenous,Internal (DS/OUV),,,,,"Cells, oratories, South Peak Hermitage, retaining walls, terraces, foundations, steps, paved areas",Internal (DS/OUV),,,,,Dry stone masonry (evolution of dry stone masonry techniques),Internal (DS/OUV),,Deeply eroded and weathered owing to exposed oceanic position; almost frost-free environment,Internal (DS/OUV),,,,,"Program of conservation works, structural consolidation, repair, and stabilization of steps/retaining walls since the late 1970s; rebuilding of upper retaining wall along St Michael's Church in 1880s",Internal (DS/OUV),,Excellent,,,Yes,,,,Tier 9: Unflagged,
1006,Neolithic Flint Mines at Spiennes (Mons),Belgium,"Building, Monument, Plan, Structure; nan",,,Neolithic (from the last third of the 5th millennium until the first half of the 3rd millennium),Internal (DS/OUV),,Michelsberg culture,Internal (DS/OUV),,"(i) to represent a masterpiece of human creative genius; | (iii) to bear a unique or at least exceptional testimony to a cultural tradition or to a civilization which is living or which has disappeared; | (iv) to be an outstanding example of a type of building, architectural or technological ensemble or landscape which illustrates (a) significant stage(s) in human history;",Internal (DS/OUV),,"Chalk, Flint",Chalk,Chalk,Sedimentary,Internal (DS/OUV),,,,,,,Flint,Internal (DS/OUV),,Flint nodules within chalk plateaux,Internal (DS/OUV),,Neolithic / Cretaceous chalk formations,Internal (DS/OUV),,Chalk plateaux to the south-east of the city of Mons,Internal (DS/OUV),,,,,,,,,,,Neolithic Flint Mines at Spiennes (Petit Spiennes / Camp à Cayaux),Internal (DS/OUV),,Belgium,Internal (DS/OUV),,Local,Internal (DS/OUV),,,,,"Production of tools, long blades, and axes to fell trees; underground galleries and vertical shafts",Internal (DS/OUV),,,,,"'Striking' technique (freeing from below with support of a central chalk wall, shoring up, and lowering)",Internal (DS/OUV),,,,,,,,Modern installations for comfort and security,Internal (DS/OUV),,Excellent,,,Yes,,,,Tier 9: Unflagged,
1006,Neolithic Flint Mines at Spiennes (Mons),Belgium,"Building, Monument, Plan, Structure; nan",,,Neolithic (from the last third of the 5th millennium until the first half of the 3rd millennium),Internal (DS/OUV),,Michelsberg culture,Internal (DS/OUV),,"(i) to represent a masterpiece of human creative genius; | (iii) to bear a unique or at least exceptional testimony to a cultural tradition or to a civilization which is living or which has disappeared; | (iv) to be an outstanding example of a type of building, architectural or technological ensemble or landscape which illustrates (a) significant stage(s) in human history;",Internal (DS/OUV),,"Chalk, Flint",Flint,Flint,Sedimentary,Internal (DS/OUV),,,,,,,Flint,Internal (DS/OUV),,Flint nodules within chalk plateaux,Internal (DS/OUV),,Neolithic / Cretaceous chalk formations,Internal (DS/OUV),,Chalk plateaux to the south-east of the city of Mons,Internal (DS/OUV),,,,,,,,,,,Neolithic Flint Mines at Spiennes (Petit Spiennes / Camp à Cayaux),Internal (DS/OUV),,Belgium,Internal (DS/OUV),,Local,Internal (DS/OUV),,,,,"Production of tools, long blades, and axes to fell trees; underground galleries and vertical shafts",Internal (DS/OUV),,,,,"'Striking' technique (freeing from below with support of a central chalk wall, shoring up, and lowering)",Internal (DS/OUV),,,,,,,,Modern installations for comfort and security,Internal (DS/OUV),,Excellent,,,Yes,,,,Tier 9: Unflagged,
689,As-Salt - The Place of Tolerance and Urban Hospitality,Jordan,"Residential, Public Buildings, Vernacular, Ottoman, Art Nouveau, Neo-Colonial; nan",Internal (DS/OUV),,Late Ottoman Period / Golden Age (1860s to 1920s),Internal (DS/OUV),,Ottoman Transjordanian / Levant,Internal (DS/OUV),,"(ii) to exhibit an important interchange of human values, over a span of time or within a cultural area of the world, on developments in architecture or technology, monumental arts, town-planning or landscape design; | (iii) to bear a unique or at least exceptional testimony to a cultural tradition or to a civilization which is living or which has disappeared;",Internal (DS/OUV),,Limestone,Limestone,Limestone,Sedimentary,Internal (DS/OUV),,Internal (DS/OUV),,,,,Yellow Stone / Yellow Limestone,Internal (DS/OUV),,limestone,Internal (DS/OUV),,,,,,,,yellow,Internal (DS/OUV),,,,,,,,,,,Jordan,Internal (DS/OUV),,local,Internal (DS/OUV),,,,,"Public buildings and family residences (masonry walls, three-bay structures)",Internal (DS/OUV),,,,,"Skilled craftsmanship, central hallway and three-bay construction",Internal (DS/OUV),,,,,,,,Adaptive reuse projects and site-specific conservation plans for 22 historic buildings,Internal (DS/OUV),,Good,,,Yes,,,,Tier 9: Unflagged,
984,Blaenavon Industrial Landscape,United Kingdom of Great Britain and Northern Ireland,"Industrial Landscape (Coal & iron mines, quarries, primitive railway system, furnaces, casting houses, workers' housing, water balance tower, church, workmen's hall, school); nan",Internal (DS/OUV),,"Late 18th Century to 19th Century (Furnaces c. 1789, St. Peter's Church 1804, Water Balance Tower 1839, Workmen's Hall 1894, Big Pit closed 1980)",Internal (DS/OUV),,British / Industrial Revolution (South Wales Industrial Era),Internal (DS/OUV),,"(iii) to bear a unique or at least exceptional testimony to a cultural tradition or to a civilization which is living or which has disappeared; | (iv) to be an outstanding example of a type of building, architectural or technological ensemble or landscape which illustrates (a) significant stage(s) in human history;",Internal (DS/OUV),,"Coal, Limestone, Fireclay, Iron Ore",Coal,Coal,Sedimentary,Internal (DS/OUV),,,,"Fireclay, Iron Ore",Internal (DS/OUV),,,,,,,,,,,,,,,,,,,,,,,Mentioned local quarries in the surrounding landscape/valley,Internal (DS/OUV),,united kingdom,Internal (DS/OUV),,Local,Internal (DS/OUV),,,,,"Base of massive chimney, cast-iron pillars, water balance tower, furnaces, kilns, workers' housing, church, school, workmen's hall",Internal (DS/OUV),,,,,,,,,,,,,,"Extensive conservation work undertaken at Ironworks, Big Pit, town settlement, and landscape; St. Peter's School restored as WHS Interpretation Centre",Internal (DS/OUV),,Excellent,,,Yes,,,,Tier 9: Unflagged,
984,Blaenavon Industrial Landscape,United Kingdom of Great Britain and Northern Ireland,"Industrial Landscape (Coal & iron mines, quarries, primitive railway system, furnaces, casting houses, workers' housing, water balance tower, church, workmen's hall, school); nan",Internal (DS/OUV),,"Late 18th Century to 19th Century (Furnaces c. 1789, St. Peter's Church 1804, Water Balance Tower 1839, Workmen's Hall 1894, Big Pit closed 1980)",Internal (DS/OUV),,British / Industrial Revolution (South Wales Industrial Era),Internal (DS/OUV),,"(iii) to bear a unique or at least exceptional testimony to a cultural tradition or to a civilization which is living or which has disappeared; | (iv) to be an outstanding example of a type of building, architectural or technological ensemble or landscape which illustrates (a) significant stage(s) in human history;",Internal (DS/OUV),,"Coal, Limestone, Fireclay, Iron Ore",Limestone,Limestone,Sedimentary,Internal (DS/OUV),,,,"Fireclay, Iron Ore",Internal (DS/OUV),,,,,,,,,,,,,,,,,,,,,,,Mentioned local quarries in the surrounding landscape/valley,Internal (DS/OUV),,united kingdom,Internal (DS/OUV),,Local,Internal (DS/OUV),,,,,"Base of massive chimney, cast-iron pillars, water balance tower, furnaces, kilns, workers' housing, church, school, workmen's hall",Internal (DS/OUV),,,,,,,,,,,,,,"Extensive conservation work undertaken at Ironworks, Big Pit, town settlement, and landscape; St. Peter's School restored as WHS Interpretation Centre",Internal (DS/OUV),,Excellent,,,Yes,,,,Tier 9: Unflagged,
984,Blaenavon Industrial Landscape,United Kingdom of Great Britain and Northern Ireland,"Industrial Landscape (Coal & iron mines, quarries, primitive railway system, furnaces, casting houses, workers' housing, water balance tower, church, workmen's hall, school); nan",Internal (DS/OUV),,"Late 18th Century to 19th Century (Furnaces c. 1789, St. Peter's Church 1804, Water Balance Tower 1839, Workmen's Hall 1894, Big Pit closed 1980)",Internal (DS/OUV),,British / Industrial Revolution (South Wales Industrial Era),Internal (DS/OUV),,"(iii) to bear a unique or at least exceptional testimony to a cultural tradition or to a civilization which is living or which has disappeared; | (iv) to be an outstanding example of a type of building, architectural or technological ensemble or landscape which illustrates (a) significant stage(s) in human history;",Internal (DS/OUV),,"Coal, Limestone, Fireclay, Iron Ore",Fireclay,Fireclay,Sedimentary,Internal (DS/OUV),,,,"Fireclay, Iron Ore",Internal (DS/OUV),,,,,,,,,,,,,,,,,,,,,,,Mentioned local quarries in the surrounding landscape/valley,Internal (DS/OUV),,united kingdom,Internal (DS/OUV),,Local,Internal (DS/OUV),,,,,"Base of massive chimney, cast-iron pillars, water balance tower, furnaces, kilns, workers' housing, church, school, workmen's hall",Internal (DS/OUV),,,,,,,,,,,,,,"Extensive conservation work undertaken at Ironworks, Big Pit, town settlement, and landscape; St. Peter's School restored as WHS Interpretation Centre",Internal (DS/OUV),,Excellent,,,Yes,,,,Tier 9: Unflagged,
267,Old City of Berne,Switzerland,"Baroque, Late Baroque, Medieval urban structure, Arcades, Fountains, Bridges, Cathedral; nan",Internal (DS/OUV),,12th century to 19th century (Founding: 12th century; extensions: 12th–14th; restorations/fountains: 16th century; patrician houses: 17th century; major transformations: 18th century; public monuments: 19th century),Internal (DS/OUV),,European High Middle Ages / Swiss,Internal (DS/OUV),,(iii) to bear a unique or at least exceptional testimony to a cultural tradition or to a civilization which is living or which has disappeared;,Internal (DS/OUV),,Sandy limestone,Sandy limestone,Limestone,Sedimentary,Internal (DS/OUV),,Internal (DS/OUV),,,,,,,,Sandy limestone,Internal (DS/OUV),,,,,,,,,,,,,,,,,,,,,,,Local (implied by regional geographic setting on the Swiss plateau),,,,,,"Arcades, house facades, patrician houses, public monuments, foundations, arches, bridges, towers, walls, cathedral",Internal (DS/OUV),,"Picturesque fountains, arcades, facades",Internal (DS/OUV),,"Arcades supported by arches, structured stone construction",Internal (DS/OUV),,,,,,,,"Restoration carried out on towers, walls, and continuous renewal of built substance respecting original plan",Internal (DS/OUV),,Good,,,Yes,,,,Tier 9: Unflagged,
1610,Ombilin Coal Mining Heritage of Sawahlunto,Indonesia,"Colonial, Regency, Traditional Javanese, Purpose-built Industrial Mining Town; nan",Internal (DS/OUV),,Late 19th century to early 20th century,Internal (DS/OUV),,Netherlands East Indies / Colonial Indonesia,Internal (DS/OUV),,"(ii) to exhibit an important interchange of human values, over a span of time or within a cultural area of the world, on developments in architecture or technology, monumental arts, town-planning or landscape design; | (iv) to be an outstanding example of a type of building, architectural or technological ensemble or landscape which illustrates (a) significant stage(s) in human history;",Internal (DS/OUV),,Coal (industrial / strategic resource),Coal (industrial / strategic resource),Coal,Sedimentary,Internal (DS/OUV),,,,,,,,,,High-quality / Industrial-grade Bituminous Coal,Internal (DS/OUV),,Tertiary (Eocene to Miocene Ombilin Formation),Internal (DS/OUV),,Ombilin Formation,Internal (DS/OUV),,,,,,,,,,,Ombilin Basin Open-Pit Mines and Underground Tunnels (Sawahlunto),Internal (DS/OUV),,Indonesia (West Sumatra),Internal (DS/OUV),,Local geological resource extraction,Internal (DS/OUV),,155 km mountain rack railway linking Sawahlunto to Emmahaven Seaport,Internal (DS/OUV),,"Shaft and tunnel mine structures, railway bridges, tunnels, harbour silos, company town buildings",Internal (DS/OUV),,,,,"Rock-blast tunneling, inclined rail bridge construction, deep-bore vertical tunneling",Internal (DS/OUV),,Tropical conditions and rapid growth of vegetation causing degradation,Internal (DS/OUV),,,,,Revitalisation of the historic railway route and adaptive reuse of historic structures,Internal (DS/OUV),,Good,,,Yes,,,,Tier 9: Unflagged,
1484,"Sites of Japan’s Meiji Industrial Revolution: Iron and Steel, Shipbuilding and Coal Mining",Japan,"iron and steel, shipbuilding and coal mining, particularly to meet defence needs; Edo Period, Building, Plan, Structure, Traditional; nan",Internal (DS/OUV),,Middle of the 19th century to early 20th century (1850s to 1910s),Internal (DS/OUV),,Late Edo / Bakumatsu to Meiji Era Japan,Internal (DS/OUV),,"(ii) to exhibit an important interchange of human values, over a span of time or within a cultural area of the world, on developments in architecture or technology, monumental arts, town-planning or landscape design; | (iv) to be an outstanding example of a type of building, architectural or technological ensemble or landscape which illustrates (a) significant stage(s) in human history;",Internal (DS/OUV),,Coal (Note: Coal is a sedimentary rock/fossil fuel cited under general stones),Coal (Note: Coal is a sedimentary rock/fossil fuel cited under general stones),Coal,Sedimentary,Internal (DS/OUV),,Internal (DS/OUV),,,,,,,,,,,,,,,,,,,,,,,,,,,,,,,,Local materials (and Western technology adapted to local materials),Internal (DS/OUV),,,,,,,,,,,,,,"Deterioration / poor condition at specific component sites (e.g., Hashima Coal Mine, Miike Coal Mine and Miike Port, Repair shop at Imperial Steel Works)",Internal (DS/OUV),,,,,Temporary measures in place at the Repair shop at Imperial Steel Works; Conservation management plans developed for components,,,Poor,,,Yes,,,,Tier 9: Unflagged,
4,L’Anse aux Meadows National Historic Site,Canada,skipped;; nan,,,,,,,,,"(vi) to be directly or tangibly associated with events or living traditions, with ideas, or with beliefs, with artistic and literary works of outstanding universal significance;",,,peat bog,peat bog,Peat Bog,Sedimentary,,,,,,,,,,,,,,,,,,,,,,,,,,,,,,,,,,,,,,,,,,,,,,,,,,,,,,,,,,,,,,Yes,,,,Tier 9: Unflagged,
675,Joya de Cerén Archaeological Site,El Salvador,"Civic, religious, household buildings, storehouses, kitchen, sweat bath (sauna), public buildings, plaza; nan",Internal (DS/OUV),,Late Classic Period (c. AD 500 – AD 600 / 7th Century AD),Internal (DS/OUV),,Maya (Pre-Hispanic Mesoamerican farming community),Internal (DS/OUV),,"(iii) to bear a unique or at least exceptional testimony to a cultural tradition or to a civilization which is living or which has disappeared; | (iv) to be an outstanding example of a type of building, architectural or technological ensemble or landscape which illustrates (a) significant stage(s) in human history;",Internal (DS/OUV),,"Volcanic Ash (Note: Main building materials are earth, clay, rammed earth, and wattle & daub)",clay,Clay,Sedimentary,Internal (DS/OUV),,Internal (DS/OUV),,,,,,,,Volcanic ash deposits / Pyroclastic tephra (Loma Caldera / Ilopango eruptions),Internal (DS/OUV),,Quaternary / Holocene,,,Laguna Caldera / Loma Caldera volcanic ash layers & Ilopango volcanic deposits,Internal (DS/OUV),,,,,,,,,,,El Salvador,Internal (DS/OUV),,,,,Local earthen materials and weathered volcanic ash soil,Internal (DS/OUV),,,,,"Earthen structures, clay-built walls, rammed earth for public buildings/sauna, wattle & daub for household structures",Internal (DS/OUV),,,,,Rammed earth (tapia) and Wattle & Daub (earthquakes resistant),Internal (DS/OUV),,"Degradation due to tropical conditions, fragile earthen fabric requiring protective roofing/shelters",Internal (DS/OUV),,,,,"Construction of protective shelters, roofing, and continuous conservation interventions by the Archaeology Department",Internal (DS/OUV),,Excellent,,,No,,,,Tier 9: Unflagged,
1066,Upper Middle Rhine Valley,Germany,"Building, Monument, Plan, Structure, Traditional; Castle, Fort, Fortress, Gate, Terrace; nan",Internal (DS/OUV),,"Over 2,000 years (fortresses/castles erected over ~1,000 years)",Internal (DS/OUV),,Western European / Roman & Medieval Germanic settlements,Internal (DS/OUV),,"(ii) to exhibit an important interchange of human values, over a span of time or within a cultural area of the world, on developments in architecture or technology, monumental arts, town-planning or landscape design; | (iv) to be an outstanding example of a type of building, architectural or technological ensemble or landscape which illustrates (a) significant stage(s) in human history; | (v) to be an outstanding example of a traditional human settlement, land-use, or sea-use which is representative of a culture (or cultures), or human interaction with the environment especially when it has become vulnerable under the impact of irreversible change;",Internal (DS/OUV),,"Slate, Sandstone",Sandstone,Sandstone,Sedimentary,Internal (DS/OUV),,Internal (DS/OUV),,Clay-slates,Internal (DS/OUV),,,,,"Clay-slates, hard sandstone, slate",Internal (DS/OUV),,,,,Rhenish Slate Mountains,Internal (DS/OUV),,,,,,,,,,,,,,,,,Local (River cut through regional Rhenish Slate formations),Internal (DS/OUV),,,,,"Castles, fortresses, town walls, vineyard terracing, building construction",Internal (DS/OUV),,,,,"Terracing, hillside fortification masonry",Internal (DS/OUV),,,,,,,,19th-century Romantic movement restorations/reconstructions,Internal (DS/OUV),,Good,,,No,,,,Tier 9: Unflagged,
1111,Cultural Landscape of Honghe Hani Rice Terraces,China,"Traditional, Vernacular; nan",Internal (DS/OUV),,"Over the past 1,300 years (at least a millennium)",Internal (DS/OUV),,Hani People,Internal (DS/OUV),,"(iii) to bear a unique or at least exceptional testimony to a cultural tradition or to a civilization which is living or which has disappeared; | (v) to be an outstanding example of a traditional human settlement, land-use, or sea-use which is representative of a culture (or cultures), or human interaction with the environment especially when it has become vulnerable under the impact of irreversible change;",Internal (DS/OUV),,"Sandstone, Granite, Adobe",Sandstone,Sandstone,Sedimentary,Internal (DS/OUV),,Internal (DS/OUV),,Earth and Stone (mixed masonry),Internal (DS/OUV),,,,,,,,,,,Ailao Mountains / Mountainous terrain,Internal (DS/OUV),,Red (referring to red rice soil/earth); specific stone colors NA,Internal (DS/OUV),,,,,,,,,,,China,,,Local (sourced beneath and within the Ailao Mountains),Internal (DS/OUV),,,,,"Terraces, wall construction, base backdrop for water entrapment/springs, and house walls",Internal (DS/OUV),,,,,Earth and stone walls; rammed earth; adobe bricks,Internal (DS/OUV),,Landslides (due to 25% average slopes),Internal (DS/OUV),,Concrete bricks (replacing traditional adobe/stone materials),Internal (DS/OUV),,"Guidelines for Conservation, Renovation and Environmental Treatment of Traditional Hani Residences",Internal (DS/OUV),,Good,,,Yes,,,,Tier 9: Unflagged,
883,Fuerte de Samaipata,Bolivia (Plurinational State of),"Urban settlement, ceremonial centre, administrative/residential district; nan",Internal (DS/OUV),,AD 300 to 16th Century,Internal (DS/OUV),,"Mojocoyas culture, Inca, Spanish Colonial",Internal (DS/OUV),,"(ii) to exhibit an important interchange of human values, over a span of time or within a cultural area of the world, on developments in architecture or technology, monumental arts, town-planning or landscape design; | (iii) to bear a unique or at least exceptional testimony to a cultural tradition or to a civilization which is living or which has disappeared;",Internal (DS/OUV),,Sandstone,Sandstone,Sandstone,Sedimentary,Internal (DS/OUV),,,,,,,,,,Sandstone,Internal (DS/OUV),,,,,,,,red,Internal (DS/OUV),,,,,,,,,,,,,,Local (Carved directly into the rock outcrop/hill),Internal (DS/OUV),,,,,"Base, Wall, Public Buildings, Temples, Terraces, Platform, Courtyard",Internal (DS/OUV),,"Relief carvings (felines, parallel channels/zigzag ""El Dorso de la Serpiente"", geometric shapes, niches, canals)",Internal (DS/OUV),,"High-relief carving on live rock, dry stone masonry (lower walls of Casa Colonial & Inca walls)",Internal (DS/OUV),,"Environmental factors, natural degradation, weathering",Internal (DS/OUV),,,,,Systematic restoration of archaeological warehouses & rock surface treatment definition,Internal (DS/OUV),,Excellent,,,Yes,,,,Tier 9: Unflagged,
1465,"Champagne Hillsides, Houses and Cellars",France,"Prestigious architecture, town planning, functional / showcase spaces, underground cellars, vendangeoirs (grape pressing sites), and historic houses.; nan",Internal (DS/OUV),,Early 17th century to 19th century (industrialization); 18th & 19th centuries expansion.,Internal (DS/OUV),,French / European (Franco-German influences).,Internal (DS/OUV),,"(iii) to bear a unique or at least exceptional testimony to a cultural tradition or to a civilization which is living or which has disappeared; | (iv) to be an outstanding example of a type of building, architectural or technological ensemble or landscape which illustrates (a) significant stage(s) in human history; | (vi) to be directly or tangibly associated with events or living traditions, with ideas, or with beliefs, with artistic and literary works of outstanding universal significance;",Internal (DS/OUV),,Chalk,Chalk,Chalk,Sedimentary,Internal (DS/OUV),,Internal (DS/OUV),,,,,,,,Chalk / Chalky substratum,Internal (DS/OUV),,,,,,,,,,,,,,,,,Underground chalk quarries (Gallo-Roman and medieval chalk quarries in Reims).,Internal (DS/OUV),,France,Internal (DS/OUV),,Local,Internal (DS/OUV),,,,,"Underground cellars, networks, and subterranean production spaces hollowed directly out of the chalk substratum.",Internal (DS/OUV),,Architectural decor and furniture in Champagne Houses.,Internal (DS/OUV),,Quarry-cellar digging / hollowing out soft chalk substratum.,Internal (DS/OUV),,,,,,,,Saint-Nicaise Hill restored after First World War bombardments.,Internal (DS/OUV),,Good,,,Yes,,,,Tier 9: Unflagged,
1003,Longmen Grottoes,China,"Layout, Plan, Tang Dynasty, Traditional; nan",Internal (DS/OUV),,Late 5th century to mid-8th century (Late Northern Wei & Tang Dynasties),Internal (DS/OUV),,Late Northern Wei Dynasty and Tang Dynasty,Internal (DS/OUV),,"(i) to represent a masterpiece of human creative genius; | (ii) to exhibit an important interchange of human values, over a span of time or within a cultural area of the world, on developments in architecture or technology, monumental arts, town-planning or landscape design; | (iii) to bear a unique or at least exceptional testimony to a cultural tradition or to a civilization which is living or which has disappeared;",Internal (DS/OUV),,Limestone,Limestone,Limestone,Sedimentary,Internal (DS/OUV),,,,,,,,,,,,,,,,,,,,,,,,,,,,,,,,,,Local (Carved directly into steep limestone cliffs on-site),Internal (DS/OUV),,,,,"Rock-cut caves, niches, and stupas carved into steep cliffs",Internal (DS/OUV),,"Relief carvings, stone statues, steles, and inscriptions",Internal (DS/OUV),,Stone carving / Rock-cut architecture,Internal (DS/OUV),,,,,,,,"Environmental monitoring, conservation materials, and deterioration control measures under ""The Conservation Plan of the Longmen Grottoes""",Internal (DS/OUV),,Good,,,Yes,,,,Tier 9: Unflagged,
1442,Silk Roads: the Routes Network of Chang'an-Tianshan Corridor,"China,Kazakhstan,Kyrgyzstan","Capital cities, palace complexes, Buddhist cave temples, posthouses, passes, beacon towers, sections of the Great Wall, fortifications, tombs, stupas/pagodas, caravanserai, semi-underground buildings; nan",Internal (DS/OUV),,2nd century BC to 16th century AD (flourished 6th to 14th century AD),Internal (DS/OUV),,"Han and Tang Dynasties (China), Sogdians, Turks, Khan Kingdoms, Zhetysu region empires",Internal (DS/OUV),,"(ii) to exhibit an important interchange of human values, over a span of time or within a cultural area of the world, on developments in architecture or technology, monumental arts, town-planning or landscape design; | (iii) to bear a unique or at least exceptional testimony to a cultural tradition or to a civilization which is living or which has disappeared; | (v) to be an outstanding example of a traditional human settlement, land-use, or sea-use which is representative of a culture (or cultures), or human interaction with the environment especially when it has become vulnerable under the impact of irreversible change; | (vi) to be directly or tangibly associated with events or living traditions, with ideas, or with beliefs, with artistic and literary works of outstanding universal significance;",Internal (DS/OUV),,Loess; unbaked/exposed mud brick (in Zhetysu region),Loess,Loess,Sedimentary,Internal (DS/OUV),,Internal (DS/OUV),,,,,Loess,,,,,,Quaternary (Loess Plateau deposits),Internal (DS/OUV),,,,,,,,"Fine-grained, wind-blown silt (Loess)",Internal (DS/OUV),,,,,,,,"China, Kazakhstan, Kyrgyzstan",Internal (DS/OUV),,"Local (Loess plateau soils, clay/mud bricks sourced on-site)",Internal (DS/OUV),,,,,"Earthen walls, subterranean structures, cave temple excavations, beacon towers, earthen fortifications, foundations",Internal (DS/OUV),,Relief carvings and statues in Buddhist cave temples,Internal (DS/OUV),,"Rammed earth (hangtu), carved cave-temple rock-cut masonry, unbaked mud-brick masonry",Internal (DS/OUV),,"High vulnerability to water/wind erosion, severe atmospheric deterioration on exposed earth/brick structures",Internal (DS/OUV),,,,,Backfilling and earth covering of exposed brick structures (Zhetysu region); traditional-style screen wall interventions,Internal (DS/OUV),,Poor,,,Yes,,,,Tier 9: Unflagged,
1226,Stone Circles of Senegambia,"Gambia,Senegal","Building, Construction, Monument, Monumental, Plan, Traditional (Pillar); nan",Internal (DS/OUV),,3rd century BC to 16th century AD (burials dating between 1st and 2nd millennia AD / 927–1305 AD),Internal (DS/OUV),,"Prosperous, highly organized, and lasting West African society",Internal (DS/OUV),,(i) to represent a masterpiece of human creative genius; | (iii) to bear a unique or at least exceptional testimony to a cultural tradition or to a civilization which is living or which has disappeared;,Internal (DS/OUV),,Laterite,Laterite,Laterite,Sedimentary,Internal (DS/OUV),,,,,,,,,,"Laterite pillars / monoliths (cylindrical or polygonal, finely carved)",Internal (DS/OUV),,,,,,,,,,,"Finely carved, cylindrical or polygonal pillars",Internal (DS/OUV),,,,,Quarry located ~1 km east of Sine Ngayene (sources of around 150 stones traced),Internal (DS/OUV),,Senegal,Internal (DS/OUV),,Local (extracted from nearby quarries),Internal (DS/OUV),,~1 km (from nearby quarries),Internal (DS/OUV),,"Standing monoliths, pillars, circles, bifid/lyre frontal stones",Internal (DS/OUV),,Individual stones finely carved; ornamentation/cross-pieces,Internal (DS/OUV),,"Extracted using iron tools, skilfully shaped into cylindrical or polygonal pillars",Internal (DS/OUV),,Minimal disturbances; minimal human or natural interventions noted,Internal (DS/OUV),,,,,Excavated sites subsequently back-filled; minimal disturbance,Internal (DS/OUV),,Excellent,,,Yes,,,,Tier 9: Unflagged,
32,Wieliczka and Bochnia Royal Salt Mines,Poland,"Monument, Plan, Structure; nan",Internal (DS/OUV),,13th century to 20th century,Internal (DS/OUV),,Medieval to Modern Polish / European Industrial,Internal (DS/OUV),,"(iv) to be an outstanding example of a type of building, architectural or technological ensemble or landscape which illustrates (a) significant stage(s) in human history;",Internal (DS/OUV),,Rock Salt,Rock Salt,Rock Salt,Sedimentary,Internal (DS/OUV),,,,,,,,,,,,,,,,,,,,,,,,,Halite (Rock Salt),Internal (DS/OUV),,In-situ underground deposit (Wieliczka and Bochnia deposit),Internal (DS/OUV),,Poland,Internal (DS/OUV),,Local (Extracted directly on site),Internal (DS/OUV),,,,,"Underground galleries, shafts, chapels, workshops, storehouses, Saltworks Castle",Internal (DS/OUV),,"Altars, statues, and decorative elements sculpted directly into rock salt",Internal (DS/OUV),,Rock-cut subterranean excavation and salt sculpting,Internal (DS/OUV),,,,,,,,Long-term programme of stabilization of abandoned galleries and targeted gallery conservation,Internal (DS/OUV),,Good,,,Yes,,,,Tier 9: Unflagged,
353,Chaco Culture,United States of America,"Multi-storey ""great houses"", public and ceremonial buildings, kivas; nan",Internal (DS/OUV),,Mid-9th to early 13th centuries (Height: ~1020–1110),Internal (DS/OUV),,Pre-Columbian / Ancestral Pueblo (Chacoan society),Internal (DS/OUV),,(iii) to bear a unique or at least exceptional testimony to a cultural tradition or to a civilization which is living or which has disappeared;,Internal (DS/OUV),,Sandstone,Sandstone,Sandstone,Sedimentary,Internal (DS/OUV),,,,,,,,,,,,,,,,,,,,,,,,,,,,,,,,,,,,,,,,Walls standing more than five storeys tall,Internal (DS/OUV),,,,,Coursemasonry with sandstone and mud mortar,Internal (DS/OUV),,,,,,,,"Partial site reburial, fencing, patrolling, and stabilization",Internal (DS/OUV),,Good,,,Yes,,,,Tier 9: Unflagged,
398,Castel del Monte,Italy,"Medieval military architecture (a blend of classical antiquity, Islamic Orient, and north European Cistercian Gothic).; nan",Internal (DS/OUV),,Completed in 1240 (13th century).,Internal (DS/OUV),,Holy Roman Empire / Germanic Emperor (Emperor Frederick II of Hohenstaufen).,Internal (DS/OUV),,"(i) to represent a masterpiece of human creative genius; | (ii) to exhibit an important interchange of human values, over a span of time or within a cultural area of the world, on developments in architecture or technology, monumental arts, town-planning or landscape design; | (iii) to bear a unique or at least exceptional testimony to a cultural tradition or to a civilization which is living or which has disappeared;",Internal (DS/OUV),,"Limestone, Marble.",Limestone,Limestone,Sedimentary,Internal (DS/OUV),,Internal (DS/OUV),,Mosaic interior decorative elements (materials decayed/removed).,Internal (DS/OUV),,,,,"Limestone (exterior blocks), Marble (interior elements).",Internal (DS/OUV),,,,,,,,,,,,,,,,,,,,,,,,,,,,,"Exterior block construction (limestone), octagonal towers, walls, octagonal plan.",Internal (DS/OUV),,"Interior decorative elements, floorings/walls (marble and mosaic).",Internal (DS/OUV),,Exterior limestone block masonry construction.,Internal (DS/OUV),,Degradation and removal/decay of interior marble and mosaic decorations.,Internal (DS/OUV),,,,,Good quality conservation work consistent with Italian standards carried out since 1878.,Internal (DS/OUV),,Good,,,Yes,,,,Tier 9: Unflagged,
1426,"Decorated Cave of Pont d’Arc, known as Grotte Chauvet-Pont d’Arc, Ardèche",France,"Monument, Design, Plan, Cave/Subterranean Space; nan",Internal (DS/OUV),,"Aurignacian period (30,000–32,000 BP / Palaeolithic)",Internal (DS/OUV),,Aurignacian people (Early Upper Palaeolithic),Internal (DS/OUV),,(i) to represent a masterpiece of human creative genius; | (iii) to bear a unique or at least exceptional testimony to a cultural tradition or to a civilization which is living or which has disappeared;,Internal (DS/OUV),,Limestone,Limestone,Limestone,Sedimentary,Internal (DS/OUV),,Internal (DS/OUV),,,,,,,,Limestone,Internal (DS/OUV),,,,,,,,,,,,,,,,,,,,France,,,Local (In-situ natural cave formed within the local limestone plateau),Internal (DS/OUV),,,,,"Natural cavern walls, floor, and limestone plateau structure housing the drawings",Internal (DS/OUV),,"Rock art, drawings, and engravings on cave walls",Internal (DS/OUV),,,,,"Rockfall (~20,000 years BP sealed the cave); humidity/air composition variations identified as key threats",Internal (DS/OUV),,,,,Non-intervention policy inside the original cave; stainless steel bridging installed to prevent floor damage; full facsimile reconstruction created offsite (Espace de Restitution),Internal (DS/OUV),,Excellent,,,Yes,,,,Tier 9: Unflagged,
772,Fertö / Neusiedlersee Cultural Landscape,"Austria,Hungary","Rural architecture, 18th- and 19th-century palaces, vernacular architecture, domestic buildings, fortifications, settlements, urban architecture; nan",Internal (DS/OUV),,"16th century (refortification), 17th–19th centuries (domestic buildings and palaces), 12th–13th centuries (village networks), medieval times",Internal (DS/OUV),,"Hallstatt culture (Early Iron Age), Roman, Medieval Hungarian/European, Tatar, Turkish",Internal (DS/OUV),,"(v) to be an outstanding example of a traditional human settlement, land-use, or sea-use which is representative of a culture (or cultures), or human interaction with the environment especially when it has become vulnerable under the impact of irreversible change;",Internal (DS/OUV),,Limestone,Limestone,Limestone,Sedimentary,Internal (DS/OUV),,Internal (DS/OUV),,,,,Leitha limestone,Internal (DS/OUV),,Limestone,Internal (DS/OUV),,,,,,,,,,,,,,,,,Quarried near the lake,Internal (DS/OUV),,Austria / Hungary (Local region near Fertö/Neusiedlersee),Internal (DS/OUV),,Local,Internal (DS/OUV),,"Local settlements, Sopron, and Vienna",Internal (DS/OUV),,"Building stone for settlements, palaces, domestic buildings, fortifications, and walls",Internal (DS/OUV),,,,,Traditional building / vernacular construction,Internal (DS/OUV),,,,,,,,Erection and adaptation of domestic buildings; protection of historic areas,Internal (DS/OUV),,,,,Yes,,,,Tier 9: Unflagged,
975,Zollverein Coal Mine Industrial Complex in Essen,Germany,"Modern Movement, Expressionism, Cubism, Functionalism, Bauhaus; nan",Internal (DS/OUV),,"19th and 20th centuries (specifically between the two World Wars / ""Roaring Twenties"")",Internal (DS/OUV),,European primary heavy industry / Modern Industrial era,Internal (DS/OUV),,"(ii) to exhibit an important interchange of human values, over a span of time or within a cultural area of the world, on developments in architecture or technology, monumental arts, town-planning or landscape design; | (iii) to bear a unique or at least exceptional testimony to a cultural tradition or to a civilization which is living or which has disappeared;",Internal (DS/OUV),,coal mentioned but not as building stone,coal mentioned but not as building stone,Coal,Sedimentary,,,,,,,,,,,,,,,,,,,,,,,,,,,,,,,,,,,,,,,,,,,,,,,,,,,,,,,,,,,,,,No,,,,Tier 9: Unflagged,
1099,Mapungubwe Cultural Landscape,South Africa,"Palace sites, capital sites, satellite settlements; nan",Internal (DS/OUV),,AD 900–1300 (abandoned 14th century AD),Internal (DS/OUV),,,,,"(ii) to exhibit an important interchange of human values, over a span of time or within a cultural area of the world, on developments in architecture or technology, monumental arts, town-planning or landscape design; | (iii) to bear a unique or at least exceptional testimony to a cultural tradition or to a civilization which is living or which has disappeared; | (iv) to be an outstanding example of a type of building, architectural or technological ensemble or landscape which illustrates (a) significant stage(s) in human history; | (v) to be an outstanding example of a traditional human settlement, land-use, or sea-use which is representative of a culture (or cultures), or human interaction with the environment especially when it has become vulnerable under the impact of irreversible change;",,,coal,coal,Coal,Sedimentary,,,,,,,,,,,,,,,,,Geo-morphological formations of Limpopo/Shashe confluence,Internal (DS/OUV),,,,,,,,"Coal, Diamond, Gold",Internal (DS/OUV),,,,,,,,,,,,,,Remains of palace sites and capital settlements,Internal (DS/OUV),,"Gold, ivory, Chinese porcelain, Persian glass beads (Artifacts/Trade items)",Internal (DS/OUV),,,,,"Climatic forces, erosion of old excavations",Internal (DS/OUV),,,,,,,,Excellent,,,Yes,,,,Tier 9: Unflagged,
803,Las Médulas,Spain,"Indigenous, Vernacular, Monument; nan",Internal (DS/OUV),,1st century AD to early 3rd century AD (Roman Imperial period),Internal (DS/OUV),,Roman Imperial,Internal (DS/OUV),,"(i) to represent a masterpiece of human creative genius; | (ii) to exhibit an important interchange of human values, over a span of time or within a cultural area of the world, on developments in architecture or technology, monumental arts, town-planning or landscape design; | (iii) to bear a unique or at least exceptional testimony to a cultural tradition or to a civilization which is living or which has disappeared; | (v) to be an outstanding example of a traditional human settlement, land-use, or sea-use which is representative of a culture (or cultures), or human interaction with the environment especially when it has become vulnerable under the impact of irreversible change;",Internal (DS/OUV),,Conglomerate (Auriferous conglomerate),Conglomerate (Auriferous conglomerate),Conglomerate,Sedimentary,Internal (DS/OUV),,,,,,,,,,Auriferous / Friable conglomerate,Internal (DS/OUV),,,,,Sterile strata / Auriferous conglomerate layers,Internal (DS/OUV),,,,,Friable,Internal (DS/OUV),,Gold (auriferous deposits),Internal (DS/OUV),,In-situ mining site (Las Médulas main pit / La Frisga pit),Internal (DS/OUV),,Spain,Internal (DS/OUV),,Local,Internal (DS/OUV),,,,,"Foundation, Hydraulic canals / gravity canals, dams, galleries, conduits",Internal (DS/OUV),,,,,"Cut/carved gravity canals, hydraulic mining (ruina montium)",Internal (DS/OUV),,,,,,,,Short sections of water channels cleared; site conserved organically as a natural/historic monument,Internal (DS/OUV),,Excellent,,,Yes,,,,Tier 9: Unflagged,
27,Mesa Verde National Park,United States of America,"Cliff dwellings, mesa-top villages, pit-house settlements, masonry-walled villages; nan",Internal (DS/OUV),,6th to the 12th century (c. 450 to 1300),Internal (DS/OUV),,Ancestral Pueblo Indian / Native American,Internal (DS/OUV),,(iii) to bear a unique or at least exceptional testimony to a cultural tradition or to a civilization which is living or which has disappeared;,Internal (DS/OUV),,Sandstone,Sandstone,Sandstone,Sedimentary,Internal (DS/OUV),,,,,,,,,,,,,,,,,,,,,,,,,,,,,,,,,,Local (alcove/mesa plateau setting),Internal (DS/OUV),,,,,"Built of sandstone and mud mortar (multi-storey cliff dwellings, rooms, towers, balconies, walls)",Internal (DS/OUV),,Rock art,Internal (DS/OUV),,"Sandstone and mud mortar masonry, masonry-walled structures",Internal (DS/OUV),,Erosion following wildland fires,Internal (DS/OUV),,,Internal (DS/OUV),,"Stabilized, routine monitoring, condition assessment, and preservation treatment",Internal (DS/OUV),,Excellent,,,Yes,,,,Tier 9: Unflagged,
666,"Lumbini, the Birthplace of the Lord Buddha",Nepal,"Monument, Plan, Structure; temples; nan",Internal (DS/OUV),,3rd century BC to the present century (Maya Devi Temple / Brick structures); 3rd century BC to 5th century AD (Viharas); 3rd century BC to 15th century AD (Stupas); 249 BC (Asoka Pillar),Internal (DS/OUV),,Mauryan / Ancient & Medieval Indian–Nepalese Buddhist,Internal (DS/OUV),,"(iii) to bear a unique or at least exceptional testimony to a cultural tradition or to a civilization which is living or which has disappeared; | (vi) to be directly or tangibly associated with events or living traditions, with ideas, or with beliefs, with artistic and literary works of outstanding universal significance;",Internal (DS/OUV),,Sandstone,Sandstone,Sandstone,Sedimentary,Internal (DS/OUV),,Internal (DS/OUV),,Brick (Ceramic/burnt clay masonry),Internal (DS/OUV),,,,,Sandstone,Internal (DS/OUV),,,,,,,,,,,,,,,,,,,,,,,,,,,,,Sandstone Ashoka pillar; Brick cross-wall system in Maya Devi Temple; Monasteries (Viharas); Stupas (Shrines),Internal (DS/OUV),,Brahmi Pali Inscription on Ashoka Pillar,Internal (DS/OUV),,Cross-wall system (Brick),Internal (DS/OUV),,"Natural degradation, impact of humidity",Internal (DS/OUV),,,,,"Active conservation, monitoring, series of excavations since 1896 discovery",Internal (DS/OUV),,Excellent,,,No,,,,Tier 9: Unflagged,
310,Cave of Altamira and Paleolithic Cave Art of Northern Spain,Spain,Cave art; nan,Internal (DS/OUV),,"Upper Palaeolithic (35,000 – 11,000 BP / BC)",Internal (DS/OUV),,Aurignacian to Magdalenian period (Homo sapiens / Upper Palaeolithic Hunter-gatherers),Internal (DS/OUV),,(i) to represent a masterpiece of human creative genius; | (iii) to bear a unique or at least exceptional testimony to a cultural tradition or to a civilization which is living or which has disappeared;,Internal (DS/OUV),,Flint (used as a tool),Flint (used as a tool),Flint,Sedimentary,,,,,,,,,,,Karst caves / limestone cavities (implied by karst environment),Internal (DS/OUV),,Upper Palaeolithic (Quaternary),Internal (DS/OUV),,,,,,,,,,,"Iron oxides, Manganese oxides",,,Direct originating from the immediate environment,Internal (DS/OUV),,Spain,Internal (DS/OUV),,Local (materials directly originating from the immediate environment),Internal (DS/OUV),,,,,"Ceiling, Foundation, Gallery, Wall",Internal (DS/OUV),,"Rock / Cave Art (painting, engraving, carving, sculpture)",Internal (DS/OUV),,,,,"Natural causes, water run-off, external climatic influences, microbiological activities",Internal (DS/OUV),,,,,No restoration has ever been carried out on Palaeolithic works of art,Internal (DS/OUV),,Good,,,Yes,,,,Tier 9: Unflagged,
840,Viñales Valley,Cuba,"Colonial architecture, Vernacular architecture; nan",Internal (DS/OUV),,Colonised at the beginning of the 19th century,Internal (DS/OUV),,"Multi-ethnic / Multi-cultural society (Synthesis of indigenous peoples, Spanish conquerors, and African slaves)",Internal (DS/OUV),,"(iv) to be an outstanding example of a type of building, architectural or technological ensemble or landscape which illustrates (a) significant stage(s) in human history;",Internal (DS/OUV),,Limestone,Limestone,Limestone,Sedimentary,Internal (DS/OUV),,Internal (DS/OUV),,,,,,,,Karst / Limestone mogotes,Internal (DS/OUV),,,,,Sierra de los Organos,Internal (DS/OUV),,,,,,,,,,,,,,,,,Local and natural materials,Internal (DS/OUV),,,,,"Homes, family farms, tobacco drying barns / sheds, single-storey wooden houses",Internal (DS/OUV),,,,,Vernacular / Wood construction,Internal (DS/OUV),,Karst weathering / Hurricanes / Natural disasters,Internal (DS/OUV),,,,,,,,Good,,,Yes,,,,Tier 9: Unflagged,
1453,Precolumbian Chiefdom Settlements with Stone Spheres of the Diquís,Costa Rica,"Settlement structures, artificial mounds, paved areas, burial sites, linear arrangements, stone spheres, residential areas, subordinate/principal centres; nan",Internal (DS/OUV),,AD 500–1500 (Precolumbian period),Internal (DS/OUV),,Precolumbian hierarchical chiefdom societies (Diquís Delta chiefdoms),Internal (DS/OUV),,(iii) to bear a unique or at least exceptional testimony to a cultural tradition or to a civilization which is living or which has disappeared;,,,Limestone (specifically noted at Grijalba-2 site; Stone Spheres,Limestone (specifically noted at Grijalba-2 site,Limestone,Sedimentary,Internal (DS/OUV),,Internal (DS/OUV),,,,,,,,Limestone,,,,,,,,,,,,,,,,,,,,,,,,,,,,,,"Mounds, paved areas, residential areas, subordinate centre structures, linear arrangements",Internal (DS/OUV),,"Stone spheres (placed in original positions, linear arrangements, or residential areas as artistic/symbolic/power markers)",Internal (DS/OUV),,Spherical stone crafting/sculpting (0.7 m to 2.57 m diameter); paved areas,Internal (DS/OUV),,,,,,,,Reburied excavation pits following recording; re-presentation/indication needed for relocated spheres,Internal (DS/OUV),,Moderate,,,Yes,,,,Tier 9: Unflagged,
1370,Caves of Maresha and Bet-Guvrin in the Judean Lowlands as a Microcosm of the Land of the Caves,Israel,"Underground chambers / artificial cave complexes (cisterns, oil presses, baths, columbaria, stables, hideaways, tombs, places of worship); nan",Internal (DS/OUV),,"8th century BCE (Iron Age) to the Crusades (spanning ~2,000 years)",Internal (DS/OUV),,"Judean / Hellenistic, Roman, Byzantine, and Crusader cultures",Internal (DS/OUV),,,Internal (DS/OUV),,Chalk,Chalk,Chalk,Sedimentary,Internal (DS/OUV),,Internal (DS/OUV),,,,,,,,Thick and homogeneous soft chalk,Internal (DS/OUV),,Lower Judea formation (Sub-strata),Internal (DS/OUV),,,,,,,,"Homogeneous, soft",Internal (DS/OUV),,,,,Excavated / quarried directly in-situ underneath the ancient towns,Internal (DS/OUV),,Israel,Internal (DS/OUV),,Local (Subsurface bedrock),Internal (DS/OUV),,,,,"Subterranean chamber walls, vaulted arches, supporting pillars, underground channels",Internal (DS/OUV),,,,,Rock-cut / Hand-carved underground excavation,Internal (DS/OUV),,Risk of water infiltration leading to potential vault collapse; rock instability,Internal (DS/OUV),,,,,"Policy of low-key restoration, avoiding over-interpretation/reconstruction; technical consolidation of cave walls and vaults",Internal (DS/OUV),,Excellent,,,Yes,,,,Tier 9: Unflagged,
1222,Bisotun,Iran (Islamic Republic of),Relief / Inscription / Monumental bas-relief; nan,Internal (DS/OUV),,521 BC (Achaemenid Period),Internal (DS/OUV),,Achaemenid (Persian Empire),Internal (DS/OUV),,"(ii) to exhibit an important interchange of human values, over a span of time or within a cultural area of the world, on developments in architecture or technology, monumental arts, town-planning or landscape design; | (iii) to bear a unique or at least exceptional testimony to a cultural tradition or to a civilization which is living or which has disappeared;",Internal (DS/OUV),,Limestone,Limestone,Limestone,Sedimentary,Internal (DS/OUV),,Internal (DS/OUV),,,,,,,,Limestone,Internal (DS/OUV),,,,,,,,,,,,,,,,,,,,Iran (Islamic Republic of),Internal (DS/OUV),,Local (carved into Mt. Bisotun cliff),Internal (DS/OUV),,,,,Mountain cliff face / Monumental Inscription,Internal (DS/OUV),,Bas-relief carving,Internal (DS/OUV),,Rock-relief carving / Cuneiform incision,Internal (DS/OUV),,"Erosion, Water infiltration behind the bas-relief",Internal (DS/OUV),,Emergency actions taken to counteract water infiltration effects,Internal (DS/OUV),,Threatened by water infiltration,Internal (DS/OUV),,Moderate,,,Yes,,,,Tier 9: Unflagged,
352,Rock Art of Alta,Norway,cave art; nan,Internal (DS/OUV),,c. 5000 B.C. to c. A.D. 0 (Year 0) / c. 4200 to 500 B.C.,Internal (DS/OUV),,Prehistoric Hunter-Gatherers / Circumpolar Prehistoric Societies,Internal (DS/OUV),,(iii) to bear a unique or at least exceptional testimony to a cultural tradition or to a civilization which is living or which has disappeared;,Internal (DS/OUV),,"Sandstone,",Sandstone,Sandstone,Sedimentary,Internal (DS/OUV),,Internal (DS/OUV),,"Red Slate, Slate; Quartz-rich Sandstone, Red Ochre Clay (pigment)",Internal (DS/OUV),,,,,"Quartz-rich Sandstone, Slates",Internal (DS/OUV),,,,,Post-glacial raised shoreline / Bedrock panels,Internal (DS/OUV),,Red (Slate & Ochre pigment),Internal (DS/OUV),,"Very hard, fine-grained",Internal (DS/OUV),,Quartz,Internal (DS/OUV),,In situ bedrock (No quarrying; carved directly into bedrock panels and loose boulders),Internal (DS/OUV),,Norway,Internal (DS/OUV),,Local (In situ bedrock),Internal (DS/OUV),,,,,Substrate / Canvas (Petroglyphs and rock paintings inscribed onto rock faces/slabs),Internal (DS/OUV),,"Engravings, Chiselled petroglyphs, Painted rock art",Internal (DS/OUV),,Chiselling / Hammering / Painting with red ochre clay and animal fat,Internal (DS/OUV),,"Natural erosion, vegetation, frost weathering, cracking, lichen growth",Internal (DS/OUV),,,,,Lichen removal/cleaning techniques; Red paint repainting on carved tracks for visitor visibility,Internal (DS/OUV),,Good,,,Yes,,,,Tier 9: Unflagged,
1225,Ruins of Loropéni,Burkina Faso,Fortress / Walled Settlement / Monument; nan,Internal (DS/OUV),,≥ 11th century AD (apogee 14th–17th centuries),Internal (DS/OUV),,Lohron or Koulango peoples,Internal (DS/OUV),,(iii) to bear a unique or at least exceptional testimony to a cultural tradition or to a civilization which is living or which has disappeared;,Internal (DS/OUV),,"Laterite, Laterite stone",Laterite,Laterite,Sedimentary,Internal (DS/OUV),,,,,,,,,,,,,,,,,,,,,,,,,,,,,,,,,,,,,,,,Perimeter walls (up to 6 metres in height),Internal (DS/OUV),,,,,,,,,,,,,,,,,Poor,,,Yes,,,,Tier 9: Unflagged,
1225,Ruins of Loropéni,Burkina Faso,Fortress / Walled Settlement / Monument; nan,Internal (DS/OUV),,≥ 11th century AD (apogee 14th–17th centuries),Internal (DS/OUV),,Lohron or Koulango peoples,Internal (DS/OUV),,(iii) to bear a unique or at least exceptional testimony to a cultural tradition or to a civilization which is living or which has disappeared;,Internal (DS/OUV),,"Laterite, Laterite stone",Laterite stone,Laterite,Sedimentary,Internal (DS/OUV),,,,,,,,,,,,,,,,,,,,,,,,,,,,,,,,,,,,,,,,Perimeter walls (up to 6 metres in height),Internal (DS/OUV),,,,,,,,,,,,,,,,,Poor,,,Yes,,,,Tier 9: Unflagged,
968,Agricultural Landscape of Southern Öland,Sweden,"Agrarian landscape, villages, stone walls; nan",Internal (DS/OUV),,"~5,000 years (Prehistoric, Iron Age, Medieval, 18th/19th centuries)",Internal (DS/OUV),,Öland farmers / Agrarian settlement,Internal (DS/OUV),,"(iv) to be an outstanding example of a type of building, architectural or technological ensemble or landscape which illustrates (a) significant stage(s) in human history; | (v) to be an outstanding example of a traditional human settlement, land-use, or sea-use which is representative of a culture (or cultures), or human interaction with the environment especially when it has become vulnerable under the impact of irreversible change;",Internal (DS/OUV),,Limestone,Limestone,Limestone,Sedimentary,Internal (DS/OUV),,,,,,,,,,Limestone (bedrock/plateau),Internal (DS/OUV),,,,,,,,,,,,,,,,,,,,,,,Local (Derived from local limestone bedrock),Internal (DS/OUV),,,,,,,,,,,,,,,,,,,,,,,Excellent,,,Yes,,,,Tier 9: Unflagged,
1425,"The Climats, terroirs of Burgundy",France,"Palace, Wall, Hospices, Chateau, Enclosures; nan",Internal (DS/OUV),,High Middle Ages / Almost two millennia,Internal (DS/OUV),,"Benedictine and Cistercian monastic orders, Valois Dukes of Burgundy",Internal (DS/OUV),,"(iii) to bear a unique or at least exceptional testimony to a cultural tradition or to a civilization which is living or which has disappeared; | (v) to be an outstanding example of a traditional human settlement, land-use, or sea-use which is representative of a culture (or cultures), or human interaction with the environment especially when it has become vulnerable under the impact of irreversible change;",Internal (DS/OUV),,Limestone,Limestone,Limestone,Sedimentary,,,Internal (DS/OUV),,,,,,,,Clay-limestone (soils),Internal (DS/OUV),,,,,,,,,,,,,,,,,,,,,,,,,,,,,"Stone walls, enclosures, stone-piles (meurgers), edifices of power",Internal (DS/OUV),,,,,,,,,,,,,,,,,Good,,,Yes,,,,Tier 9: Unflagged,
449,Peking Man Site at Zhoukoudian,China,Natural limestone caves; nan,Internal (DS/OUV),,Middle Pleistocene to Palaeolithic,Internal (DS/OUV),,Prehistoric human societies / Early humans,Internal (DS/OUV),,"(iii) to bear a unique or at least exceptional testimony to a cultural tradition or to a civilization which is living or which has disappeared; | (vi) to be directly or tangibly associated with events or living traditions, with ideas, or with beliefs, with artistic and literary works of outstanding universal significance;",Internal (DS/OUV),,Limestone,Limestone,Limestone,Sedimentary,Internal (DS/OUV),,,,,,,,,,,,,Middle Pleistocene (Era of hominid habitation),Internal (DS/OUV),,,,,,,,,,,,,,,,,,,,"Local (""natural limestone caves in this area"")",Internal (DS/OUV),,,,,Natural caves used as a survival environment,Internal (DS/OUV),,,,,,,,,,,,,,,,,Excellent,,,Yes,,,,Tier 9: Unflagged,
1471,Necropolis of Bet She’arim: A Landmark of Jewish Renewal,Israel,Catacombs / Necropolis; nan,Internal (DS/OUV),,2nd to 4th centuries AD,Internal (DS/OUV),,Ancient Judaism (Roman/Greco-Roman influence),Internal (DS/OUV),,"(ii) to exhibit an important interchange of human values, over a span of time or within a cultural area of the world, on developments in architecture or technology, monumental arts, town-planning or landscape design; | (iii) to bear a unique or at least exceptional testimony to a cultural tradition or to a civilization which is living or which has disappeared;",Internal (DS/OUV),,Limestone,Limestone,Limestone,Sedimentary,Internal (DS/OUV),,Internal (DS/OUV),,,,,,,,Limestone,Internal (DS/OUV),,,,,,,,,,,,,,,,,,,,,,,Local (Hewed directly into the slopes / in-situ),Internal (DS/OUV),,,,,Hewed into slopes to create subterranean catacombs,Internal (DS/OUV),,"Carved artworks, human images, multi-language inscriptions, decorative details",Internal (DS/OUV),,Hewed (man-made excavation into bedrock),Internal (DS/OUV),,,,,,,,,,,Good,,,Yes,,,,Tier 9: Unflagged,
1293,Hegra Archaeological Site (al-Hijr / Madā ͐ in Ṣāliḥ),Saudi Arabia,"Monumental tombs with decorated facades, water wells; nan",Internal (DS/OUV),,1st century BC to 1st century AD,Internal (DS/OUV),,Nabataean,Internal (DS/OUV),,"(ii) to exhibit an important interchange of human values, over a span of time or within a cultural area of the world, on developments in architecture or technology, monumental arts, town-planning or landscape design; | (iii) to bear a unique or at least exceptional testimony to a cultural tradition or to a civilization which is living or which has disappeared;",Internal (DS/OUV),,Sandstone,Sandstone,Sandstone,Sedimentary,Internal (DS/OUV),,,,,,,,,,,,,,,,,,,,,,,,,,,,In-situ (directly cut into the rock/ground),Internal (DS/OUV),,,,,,,,,,,Monuments and artificial water wells,Internal (DS/OUV),,Decorated facades and decorative motifs,Internal (DS/OUV),,Directly cut/sunk into the rock and sandstone,Internal (DS/OUV),,,,,,,,,,,Excellent,,,Yes,,,,Tier 9: Unflagged,
1695,Zagori Cultural Landscape,Greece,"Traditional, Vernacular (Byzantine and Ottoman influences); nan",Internal (DS/OUV),,18th and 19th centuries,Internal (DS/OUV),,Greek / Byzantine and Ottoman,Internal (DS/OUV),,"(v) to be an outstanding example of a traditional human settlement, land-use, or sea-use which is representative of a culture (or cultures), or human interaction with the environment especially when it has become vulnerable under the impact of irreversible change;",Internal (DS/OUV),,Limestone,Limestone,Limestone,Sedimentary,Internal (DS/OUV),,,,,,,,,,,,,,,,,,,,,,,,,,,,,,,,,,"Local (""sustainable management of natural resources"" from the environment)",Internal (DS/OUV),,,,,"Stone-arched bridges, traditional buildings, cobbled paths, staircases",Internal (DS/OUV),,,,,"Limestone masonry, drystone walling",Internal (DS/OUV),,Vulnerable due to socio-cultural and environmental pressures,Internal (DS/OUV),,,,,"Continued use of traditional craftsmanship, authentic techniques, and materials",Internal (DS/OUV),,Excellent,,,Yes,,,,Tier 9: Unflagged,
1527,Caves and Ice Age Art in the Swabian Jura,Germany,Caves (natural structures used as dwellings/sites); nan,Internal (DS/OUV),,"43,000 to 33,000 years ago (Aurignacian layers)",Internal (DS/OUV),,First modern humans in Europe / Neanderthals,Internal (DS/OUV),,(iii) to bear a unique or at least exceptional testimony to a cultural tradition or to a civilization which is living or which has disappeared;,,,Limestone,Limestone,Limestone,Sedimentary,Internal (DS/OUV),,,,,,,,,,,,,,,,,,,,,,,,,,,,,,,,,,,,,,,,Natural cliffs and caves (protecting archaeological deposits),Internal (DS/OUV),,,,,,,,,,,,,,,,,Good,,,No,,,,Tier 9: Unflagged,
1597,Writing-on-Stone / Áísínai’pi,Canada,"Indigenous, Plan, Traditional (Element: Wall); nan",Internal (DS/OUV),,"ca. 4,500 BP - 3,500 years BP and the Contact Period (1,000 years BP to mid-nineteenth century; oldest art possibly ca. 3,000 years BP).",Internal (DS/OUV),,Blackfoot Confederacy (Siksikáíítsitapi) / Indigenous peoples,Internal (DS/OUV),,(iii) to bear a unique or at least exceptional testimony to a cultural tradition or to a civilization which is living or which has disappeared;,Internal (DS/OUV),,Sandstone,Sandstone,Sandstone,Sedimentary,Internal (DS/OUV),,Internal (DS/OUV),,,,,,Internal (DS/OUV),,Sandstone,Internal (DS/OUV),,,,,Hoodoos (columns of rock sculpted by erosion),Internal (DS/OUV),,,,,,,,,,,,,,Canada,Internal (DS/OUV),,Local (in situ archaeological remains),Internal (DS/OUV),,,,,Walls (Natural landscape features),Internal (DS/OUV),,Engravings and paintings (thousands of rock art images),Internal (DS/OUV),,,,,Erosion (sculpted the hoodoos),Internal (DS/OUV),,,,,,,,Excellent,,,Yes,,,,Tier 9: Unflagged,
915,Fossil Hominid Sites of South Africa,South Africa,"Paleontological site; Plan, Structure, Pinnacle, Caves, Rocky Outcrops; nan",Internal (DS/OUV),,4.5 million to 1 million years ago (Hominid occupation era),Internal (DS/OUV),,"Early hominids (Australopithecus africanus, Paranthropus)",Internal (DS/OUV),,,Internal (DS/OUV),,"Breccia, Dolomitic Limestone, Limestone",Breccia,Breccia,Sedimentary,Internal (DS/OUV),,,,,,,,,,,,,Pliocene (Faunal evolution predating hominid occupation),Internal (DS/OUV),,,,,,,,,,,,,,Limestone quarry at Dart Pinnacle,Internal (DS/OUV),,South Africa,Internal (DS/OUV),,Local (natural settings and caves),Internal (DS/OUV),,,,,Natural caves and cave fillings preserving fossils,Internal (DS/OUV),,,,,,,,,,,,,,,,,Good,,,No,,,,Tier 9: Unflagged,
915,Fossil Hominid Sites of South Africa,South Africa,"Paleontological site; Plan, Structure, Pinnacle, Caves, Rocky Outcrops; nan",Internal (DS/OUV),,4.5 million to 1 million years ago (Hominid occupation era),Internal (DS/OUV),,"Early hominids (Australopithecus africanus, Paranthropus)",Internal (DS/OUV),,,Internal (DS/OUV),,"Breccia, Dolomitic Limestone, Limestone",Dolomitic Limestone,Limestone,Sedimentary,Internal (DS/OUV),,,,,,,,,,,,,Pliocene (Faunal evolution predating hominid occupation),Internal (DS/OUV),,,,,,,,,,,,,,Limestone quarry at Dart Pinnacle,Internal (DS/OUV),,South Africa,Internal (DS/OUV),,Local (natural settings and caves),Internal (DS/OUV),,,,,Natural caves and cave fillings preserving fossils,Internal (DS/OUV),,,,,,,,,,,,,,,,,Good,,,No,,,,Tier 9: Unflagged,
915,Fossil Hominid Sites of South Africa,South Africa,"Paleontological site; Plan, Structure, Pinnacle, Caves, Rocky Outcrops; nan",Internal (DS/OUV),,4.5 million to 1 million years ago (Hominid occupation era),Internal (DS/OUV),,"Early hominids (Australopithecus africanus, Paranthropus)",Internal (DS/OUV),,,Internal (DS/OUV),,"Breccia, Dolomitic Limestone, Limestone",Limestone,Limestone,Sedimentary,Internal (DS/OUV),,,,,,,,,,,,,Pliocene (Faunal evolution predating hominid occupation),Internal (DS/OUV),,,,,,,,,,,,,,Limestone quarry at Dart Pinnacle,Internal (DS/OUV),,South Africa,Internal (DS/OUV),,Local (natural settings and caves),Internal (DS/OUV),,,,,Natural caves and cave fillings preserving fossils,Internal (DS/OUV),,,,,,,,,,,,,,,,,Good,,,No,,,,Tier 9: Unflagged,
231,Red Fort Complex,India,"Fort, Palace (Islamic, Persian, Timurid, and Hindu traditions; Mughal Architecture); nan",Internal (DS/OUV),,"1546 (Salimgarh), 1526 AD (Mughal initiated), Shah Jahan era",Internal (DS/OUV),,Mughal Empire,Internal (DS/OUV),,"(ii) to exhibit an important interchange of human values, over a span of time or within a cultural area of the world, on developments in architecture or technology, monumental arts, town-planning or landscape design; | (iii) to bear a unique or at least exceptional testimony to a cultural tradition or to a civilization which is living or which has disappeared; | (vi) to be directly or tangibly associated with events or living traditions, with ideas, or with beliefs, with artistic and literary works of outstanding universal significance;",,,Red sandstone,Red sandstone,Sandstone,Sedimentary,Internal (DS/OUV),,,,,,,,,,,,,,,,,,,,,,,,,,,,,,,,,,,,,,,,Massive enclosing walls,Internal (DS/OUV),,,,,,,,,,,,,,,,,Good,,,Yes,,,,Tier 9: Unflagged,
1743,Rock Paintings of Shulgan-Tash Cave,Russian Federation,"Karst massif / Cave system (features large halls, galleries, steep passages, interconnected siphons)",Internal (DS/OUV),,"Late Palaeolithic (created between 20,600 and 16,500 calibrated years BP; paintings are over 14,500 years old)",Internal (DS/OUV),,Upper Palaeolithic inhabitants / Prehistoric humans (Holds sacral importance for Indigenous Bashkir people),Internal (DS/OUV),,(iii) to bear a unique or at least exceptional testimony to a cultural tradition or to a civilization which is living or which has disappeared;,Internal (DS/OUV),,"Karst massif, Speleothems, Dripstones",Speleothems,Speleothems,Sedimentary,Internal (DS/OUV),,,,,,,,,,,,,,,,,,,,,,,,,,,,,,,,,,,,,,,,Natural karst massif providing deep chambers and halls,Internal (DS/OUV),,"Cave walls used as surfaces for extensive rock paintings (depicting fauna, anthropomorphic figures, and geometric patterns)",Internal (DS/OUV),,,,,"Vulnerable to condensation, cyclic CO2 fluctuations, impacts from visitor numbers, and past defacement by graffiti",Internal (DS/OUV),,,,,,,,Good,,,Yes,,,,,
1743,Rock Paintings of Shulgan-Tash Cave,Russian Federation,"Karst massif / Cave system (features large halls, galleries, steep passages, interconnected siphons)",Internal (DS/OUV),,"Late Palaeolithic (created between 20,600 and 16,500 calibrated years BP; paintings are over 14,500 years old)",Internal (DS/OUV),,Upper Palaeolithic inhabitants / Prehistoric humans (Holds sacral importance for Indigenous Bashkir people),Internal (DS/OUV),,(iii) to bear a unique or at least exceptional testimony to a cultural tradition or to a civilization which is living or which has disappeared;,Internal (DS/OUV),,"Karst massif, Speleothems, Dripstones",Dripstones,Dripstones,Sedimentary,Internal (DS/OUV),,,,,,,,,,,,,,,,,,,,,,,,,,,,,,,,,,,,,,,,Natural karst massif providing deep chambers and halls,Internal (DS/OUV),,"Cave walls used as surfaces for extensive rock paintings (depicting fauna, anthropomorphic figures, and geometric patterns)",Internal (DS/OUV),,,,,"Vulnerable to condensation, cyclic CO2 fluctuations, impacts from visitor numbers, and past defacement by graffiti",Internal (DS/OUV),,,,,,,,Good,,,Yes,,,,,
17,Lower Valley of the Omo,Ethiopia,,Internal (DS/OUV),,,Internal (DS/OUV),,,Internal (DS/OUV),,"(iii) to bear a unique or at least exceptional testimony to a cultural tradition or to a civilization which is living or which has disappeared; | (iv) to be an outstanding example of a type of building, architectural or technological ensemble or landscape which illustrates (a) significant stage(s) in human history;",Internal (DS/OUV),,sedimentary deposits,sedimentary deposits,Sedimentary Deposits,Sedimentary,,,,,,,,,,,,,,,,,,,,,,,,,,,,,,,,,,,,,,,,,,,,,,,,,,,,,,,,,,,,,,Yes,,,,,
1014,The Archaeological Heritage of Niah National Park’s Caves Complex,Malaysia,"Cave complex, archaeological sites, rock paintings, and boat-shaped burials",Internal (DS/OUV),,"Pleistocene to Mid-Holocene (approx. 50,000 years ago)",Internal (DS/OUV),,"Prehistoric humans (foragers, rice farmers, two disconnected populations)",Internal (DS/OUV),,"(iii) to bear a unique or at least exceptional testimony to a cultural tradition or to a civilization which is living or which has disappeared; | (v) to be an outstanding example of a traditional human settlement, land-use, or sea-use which is representative of a culture (or cultures), or human interaction with the environment especially when it has become vulnerable under the impact of irreversible change;",Internal (DS/OUV),,Limestone,Limestone,Limestone,Sedimentary,Internal (DS/OUV),,,,,,,,,,,,,,,,,,,,,,,,,,,,,,,,,,,,,,,,,,,,,,,,,,,,,,,,,,Moderate,,,Yes,,,,,
1500,Gorham's Cave Complex,United Kingdom of Great Britain and Northern Ireland,Four caves (Cave Complex),Internal (DS/OUV),,"Span of approximately 120,000 years",Internal (DS/OUV),,Neanderthal and early modern human populations,Internal (DS/OUV),,(iii) to bear a unique or at least exceptional testimony to a cultural tradition or to a civilization which is living or which has disappeared;,,,Limestone,Limestone,Limestone,Sedimentary,Internal (DS/OUV),,Internal (DS/OUV),,,,,,,,"Limestone cliffs, fossil sand dunes, fossil beaches, scree slopes",Internal (DS/OUV),,,,,,,,,,,,,,,,,,,,,,,,,,,,,,,,,,,,,,,,,,,,,,,Moderate,,,Yes,,,,,
